"2013-11-28 13:28:56", "2013-11-28 13:34:51", nobike
"2013-11-28 13:46:45", "2013-11-28 14:22:48", nobike
"2013-11-29 03:46:47", "2013-11-29 03:49:46", nospace
"2013-11-29 03:52:45", "2013-11-29 05:19:44", nospace
"2013-11-29 08:31:52", "2013-11-29 08:52:50", nospace
"2013-11-29 09:44:00", "2013-11-29 09:46:59", nospace
"2013-11-29 15:31:54", "2013-11-29 15:40:53", nobike
"2013-11-29 15:49:53", "2013-11-29 15:52:53", nobike
"2013-11-29 16:07:52", "2013-11-29 16:31:53", nobike
"2013-11-30 07:01:48", "2013-11-30 07:22:59", nospace
"2013-11-30 07:29:02", "2013-11-30 07:55:49", nospace
"2013-11-30 08:25:50", "2013-11-30 08:40:57", nospace
"2013-11-30 08:47:02", "2013-11-30 08:50:02", nospace
"2013-11-30 08:56:05", "2013-11-30 08:58:45", nospace
"2013-11-30 09:01:47", "2013-11-30 09:04:49", nospace
"2013-12-01 03:11:07", "2013-12-01 03:16:52", nospace
"2013-12-01 03:58:51", "2013-12-01 04:19:50", nospace
"2013-12-01 05:50:03", "2013-12-01 05:58:54", nospace
"2013-12-01 06:08:04", "2013-12-01 06:13:48", nospace
"2013-12-01 06:16:51", "2013-12-01 06:19:54", nospace
"2013-12-01 06:43:47", "2013-12-01 06:49:57", nospace
"2013-12-01 06:56:04", "2013-12-01 07:29:02", nospace
"2013-12-01 08:13:57", "2013-12-01 08:31:53", nospace
"2013-12-01 08:34:57", "2013-12-01 08:41:03", nospace
"2013-12-02 00:59:03", "2013-12-02 01:34:51", nospace
"2013-12-02 01:41:01", "2013-12-02 02:19:54", nospace
"2013-12-02 02:41:08", "2013-12-02 03:10:54", nospace
"2013-12-02 03:49:54", "2013-12-02 04:04:54", nospace
"2013-12-02 04:19:55", "2013-12-02 05:11:01", nospace
"2013-12-02 05:31:52", "2013-12-02 05:43:50", nospace
"2013-12-02 06:02:01", "2013-12-02 06:20:09", nospace
"2013-12-02 06:29:02", "2013-12-02 06:37:56", nospace
"2013-12-02 06:41:02", "2013-12-02 07:22:52", nospace
"2013-12-02 07:29:05", "2013-12-02 07:37:58", nospace
"2013-12-02 07:41:03", "2013-12-02 07:49:56", nospace
"2013-12-02 07:53:03", "2013-12-02 08:17:06", nospace
"2013-12-02 08:29:07", "2013-12-02 08:32:12", nospace
"2013-12-02 12:26:10", "2013-12-02 12:38:09", nobike
"2013-12-03 04:44:11", "2013-12-03 04:53:07", nospace
"2013-12-03 10:20:00", "2013-12-03 10:23:07", nobike
"2013-12-03 10:32:06", "2013-12-03 10:37:58", nobike
"2013-12-03 23:13:58", "2013-12-03 23:47:16", nospace
"2013-12-03 23:53:10", "2013-12-04 00:04:56", nospace
"2013-12-04 14:14:02", "2013-12-04 14:32:11", nobike
"2013-12-04 23:26:19", "2013-12-04 23:29:06", nospace
"2013-12-04 23:35:02", "2013-12-04 23:44:08", nospace
"2013-12-05 00:05:01", "2013-12-05 00:14:06", nospace
"2013-12-05 00:44:10", "2013-12-05 00:56:01", nospace
"2013-12-05 01:11:02", "2013-12-05 01:29:17", nospace
"2013-12-05 03:11:12", "2013-12-05 03:26:16", nospace
"2013-12-05 03:41:00", "2013-12-05 04:17:09", nospace
"2013-12-05 08:17:08", "2013-12-05 08:35:14", nospace
"2013-12-07 04:38:22", "2013-12-07 04:44:13", nospace
"2013-12-07 05:02:11", "2013-12-07 05:05:30", nospace
"2013-12-07 05:11:19", "2013-12-07 06:11:27", nospace
"2013-12-07 06:26:08", "2013-12-07 07:05:35", nospace
"2013-12-07 07:32:20", "2013-12-07 07:35:15", nospace
"2013-12-07 07:41:30", "2013-12-07 08:11:10", nospace
"2013-12-07 12:50:26", "2013-12-07 12:53:23", nospace
"2013-12-07 15:05:29", "2013-12-07 15:11:22", nobike
"2013-12-08 03:41:21", "2013-12-08 03:50:30", nospace
"2013-12-08 04:20:13", "2013-12-08 04:26:25", nospace
"2013-12-08 05:29:28", "2013-12-08 05:53:36", nospace
"2013-12-08 06:11:19", "2013-12-08 06:35:57", nospace
"2013-12-08 06:44:27", "2013-12-08 06:59:11", nospace
"2013-12-08 07:02:19", "2013-12-08 07:29:35", nospace
"2013-12-08 07:32:15", "2013-12-08 07:36:03", nospace
"2013-12-08 07:44:33", "2013-12-08 08:17:31", nospace
"2013-12-08 08:23:28", "2013-12-08 08:50:29", nospace
"2013-12-08 09:23:35", "2013-12-08 09:29:37", nospace
"2013-12-09 11:14:29", "2013-12-09 11:35:42", nobike
"2013-12-10 15:05:19", "2013-12-10 15:08:43", nobike
"2013-12-10 15:23:42", "2013-12-10 15:50:26", nobike
"2013-12-11 08:17:25", "2013-12-11 08:20:32", nobike
"2013-12-11 10:26:38", "2013-12-11 10:50:49", nobike
"2013-12-12 09:38:37", "2013-12-12 09:41:52", nobike
"2013-12-12 12:20:45", "2013-12-12 12:26:47", nobike
"2013-12-12 23:14:54", "2013-12-12 23:26:48", nospace
"2013-12-12 23:29:26", "2013-12-13 00:05:43", nospace
"2013-12-13 10:27:09", "2013-12-13 11:35:47", nobike
"2013-12-13 13:44:31", "2013-12-13 13:50:39", nobike
"2013-12-13 14:03:01", "2013-12-13 14:18:06", nobike
"2013-12-15 13:14:54", "2013-12-15 14:06:03", nobike
"2013-12-18 07:50:51", "2013-12-18 07:57:28", nospace
"2013-12-18 08:57:17", "2013-12-18 09:14:52", nospace
"2013-12-19 11:27:20", "2013-12-19 11:29:51", nobike
"2013-12-19 11:39:09", "2013-12-19 12:00:15", nobike
"2013-12-19 12:06:09", "2013-12-19 12:09:30", nobike
"2013-12-19 15:06:25", "2013-12-19 16:08:59", nobike
"2013-12-28 04:43:08", "2013-12-28 05:18:56", nospace
"2013-12-29 08:01:18", "2013-12-29 08:03:28", nospace
"2013-12-30 06:12:33", "2013-12-30 06:15:51", nospace
"2013-12-30 06:52:27", "2013-12-30 08:06:32", nospace
"2013-12-30 14:21:49", "2013-12-30 15:30:42", nobike
"2013-12-31 09:36:57", "2013-12-31 09:40:19", nobike
"2013-12-31 09:42:35", "2013-12-31 09:45:56", nobike
"2013-12-31 09:49:17", "2013-12-31 10:25:08", nobike
"2013-12-31 10:46:25", "2013-12-31 10:52:02", nobike
"2013-12-31 14:52:24", "2013-12-31 15:12:36", nospace
"2014-01-01 03:00:51", "2014-01-01 03:09:52", nospace
"2014-01-01 04:30:53", "2014-01-01 05:21:44", nospace
"2014-01-01 05:58:10", "2014-01-01 06:43:02", nospace
"2014-01-01 06:46:27", "2014-01-01 06:54:53", nospace
"2014-01-01 06:58:21", "2014-01-01 07:04:09", nospace
"2014-01-01 07:15:41", "2014-01-01 07:19:10", nospace
"2014-01-01 07:24:58", "2014-01-01 07:45:51", nospace
"2014-01-01 07:48:41", "2014-01-01 07:51:34", nospace
"2014-01-01 08:04:29", "2014-01-01 08:42:47", nospace
"2014-01-01 08:49:41", "2014-01-01 08:52:00", nospace
"2014-01-02 05:46:25", "2014-01-02 06:34:20", nospace
"2014-01-02 06:39:48", "2014-01-02 07:01:31", nospace
"2014-01-02 07:13:10", "2014-01-02 07:16:39", nospace
"2014-01-02 07:22:27", "2014-01-02 07:55:33", nospace
"2014-01-02 07:57:52", "2014-01-02 08:03:39", nospace
"2014-01-02 08:10:38", "2014-01-02 08:25:30", nospace
"2014-01-03 00:25:21", "2014-01-03 00:31:12", nospace
"2014-01-03 00:42:57", "2014-01-03 00:52:20", nospace
"2014-01-03 04:42:56", "2014-01-03 05:28:16", nospace
"2014-01-03 05:34:09", "2014-01-03 05:49:25", nospace
"2014-01-03 06:07:03", "2014-01-03 06:28:18", nospace
"2014-01-03 06:40:46", "2014-01-03 06:42:52", nospace
"2014-01-03 06:46:24", "2014-01-03 07:31:20", nospace
"2014-01-03 07:45:55", "2014-01-03 07:49:28", nospace
"2014-01-03 08:07:13", "2014-01-03 08:18:40", nospace
"2014-01-03 12:51:47", "2014-01-03 12:57:44", nobike
"2014-01-03 13:01:20", "2014-01-03 13:36:43", nobike
"2014-01-04 00:06:43", "2014-01-04 00:19:44", nobike
"2014-01-04 02:33:53", "2014-01-04 03:16:52", nospace
"2014-01-04 03:22:51", "2014-01-04 03:40:45", nospace
"2014-01-04 06:31:41", "2014-01-04 06:34:05", nospace
"2014-01-04 06:49:04", "2014-01-04 06:51:50", nospace
"2014-01-04 07:01:37", "2014-01-04 07:18:43", nospace
"2014-01-04 07:22:22", "2014-01-04 07:55:09", nospace
"2014-01-05 03:31:51", "2014-01-05 03:54:55", nospace
"2014-01-05 05:07:40", "2014-01-05 05:13:45", nospace
"2014-01-05 08:01:51", "2014-01-05 08:04:17", nospace
"2014-01-05 09:48:52", "2014-01-05 10:25:47", nobike
"2014-01-05 10:36:48", "2014-01-05 10:49:05", nobike
"2014-01-05 11:22:22", "2014-01-05 11:30:59", nobike
"2014-01-05 11:37:09", "2014-01-05 12:28:55", nobike
"2014-01-05 12:49:51", "2014-01-05 13:00:57", nobike
"2014-01-05 13:18:48", "2014-01-05 13:58:05", nobike
"2014-01-05 14:01:18", "2014-01-05 14:04:14", nobike
"2014-01-05 14:07:51", "2014-01-05 14:09:49", nobike
"2014-01-06 02:15:51", "2014-01-06 02:31:58", nospace
"2014-01-06 04:46:31", "2014-01-06 04:55:10", nospace
"2014-01-07 07:40:20", "2014-01-07 07:44:07", nospace
"2014-01-07 07:55:30", "2014-01-07 07:58:02", nospace
"2014-01-07 08:01:48", "2014-01-07 08:08:05", nospace
"2014-01-07 08:16:54", "2014-01-07 08:28:16", nospace
"2014-01-07 12:59:09", "2014-01-07 13:04:11", nobike
"2014-01-07 13:10:28", "2014-01-07 13:23:02", nobike
"2014-01-07 13:25:35", "2014-01-07 13:40:02", nobike
"2014-01-10 14:49:29", "2014-01-10 15:10:38", nobike
"2014-01-11 07:31:38", "2014-01-11 07:34:20", nospace
"2014-01-11 07:41:04", "2014-01-11 08:01:10", nospace
"2014-01-11 08:10:36", "2014-01-11 08:34:48", nospace
"2014-01-11 08:40:12", "2014-01-11 08:52:16", nospace
"2014-01-11 09:04:11", "2014-01-11 09:26:00", nospace
"2014-01-12 12:40:12", "2014-01-12 12:55:58", nobike
"2014-01-12 13:22:30", "2014-01-12 13:43:11", nobike
"2014-01-14 08:56:35", "2014-01-14 09:31:18", nobike
"2014-01-15 14:35:10", "2014-01-15 14:37:58", nobike
"2014-01-15 14:46:23", "2014-01-15 15:32:17", nobike
"2014-01-16 09:55:47", "2014-01-16 10:14:16", nobike
"2014-01-16 10:17:06", "2014-01-16 10:19:56", nobike
"2014-01-17 00:16:35", "2014-01-17 00:29:57", nospace
"2014-01-17 00:37:48", "2014-01-17 00:55:32", nospace
"2014-01-17 01:20:12", "2014-01-17 01:52:50", nospace
"2014-01-17 02:19:54", "2014-01-17 02:38:24", nospace
"2014-01-17 02:41:15", "2014-01-17 03:26:03", nospace
"2014-01-17 03:34:32", "2014-01-17 03:40:41", nospace
"2014-01-17 03:47:50", "2014-01-17 03:59:11", nospace
"2014-01-17 07:29:46", "2014-01-17 07:46:53", nospace
"2014-01-17 08:08:48", "2014-01-17 08:14:32", nospace
"2014-01-17 08:46:03", "2014-01-17 09:00:06", nospace
"2014-01-17 15:32:41", "2014-01-17 16:05:40", nobike
"2014-01-18 01:32:43", "2014-01-18 01:41:10", nospace
"2014-01-18 06:37:52", "2014-01-18 06:46:57", nospace
"2014-01-18 06:50:40", "2014-01-18 06:53:34", nospace
"2014-01-18 07:13:39", "2014-01-18 07:25:53", nospace
"2014-01-18 07:35:19", "2014-01-18 07:41:05", nospace
"2014-01-18 08:31:39", "2014-01-18 08:58:59", nospace
"2014-01-18 09:01:55", "2014-01-18 09:04:48", nospace
"2014-01-19 05:14:14", "2014-01-19 05:20:02", nospace
"2014-01-19 05:50:43", "2014-01-19 05:53:39", nospace
"2014-01-19 05:59:28", "2014-01-19 06:36:01", nospace
"2014-01-19 06:44:48", "2014-01-19 06:56:42", nospace
"2014-01-19 07:47:40", "2014-01-19 08:11:09", nospace
"2014-01-19 09:11:19", "2014-01-19 09:20:09", nospace
"2014-01-19 09:34:58", "2014-01-19 09:37:56", nospace
"2014-01-19 10:23:44", "2014-01-19 10:35:34", nobike
"2014-01-20 07:29:18", "2014-01-20 07:44:14", nospace
"2014-01-20 07:50:12", "2014-01-20 07:56:11", nospace
"2014-01-20 12:49:43", "2014-01-20 12:52:46", nobike
"2014-01-20 13:05:47", "2014-01-20 13:29:38", nobike
"2014-01-20 13:32:37", "2014-01-20 13:35:35", nobike
"2014-01-21 05:47:03", "2014-01-21 05:50:27", nospace
"2014-01-21 06:05:19", "2014-01-21 06:08:17", nospace
"2014-01-21 06:20:09", "2014-01-21 07:05:03", nospace
"2014-01-21 07:47:05", "2014-01-21 08:05:02", nospace
"2014-01-21 09:41:49", "2014-01-21 09:47:16", nospace
"2014-01-21 09:55:46", "2014-01-21 10:02:27", nospace
"2014-01-21 10:13:49", "2014-01-21 10:16:56", nospace
"2014-01-22 02:40:01", "2014-01-22 02:59:31", nospace
"2014-01-22 03:18:49", "2014-01-22 03:33:49", nospace
"2014-01-22 05:33:55", "2014-01-22 05:35:24", nospace
"2014-01-23 01:29:41", "2014-01-23 01:32:44", nospace
"2014-01-23 01:54:01", "2014-01-23 02:21:56", nospace
"2014-01-23 02:34:33", "2014-01-23 02:43:40", nospace
"2014-01-23 07:04:42", "2014-01-23 07:11:57", nospace
"2014-01-23 07:21:10", "2014-01-23 07:25:47", nospace
"2014-01-23 07:50:20", "2014-01-23 07:56:31", nospace
"2014-01-23 08:02:37", "2014-01-23 08:07:13", nospace
"2014-01-23 08:20:56", "2014-01-23 08:28:34", nospace
"2014-01-23 09:17:48", "2014-01-23 09:20:51", nospace
"2014-01-23 09:23:56", "2014-01-23 09:31:35", nospace
"2014-01-25 05:58:37", "2014-01-25 06:11:03", nospace
"2014-01-25 08:11:40", "2014-01-25 08:19:31", nospace
"2014-01-25 08:22:38", "2014-01-25 08:35:09", nospace
"2014-01-25 08:38:15", "2014-01-25 08:39:48", nospace
"2014-01-25 08:42:56", "2014-01-25 08:49:11", nospace
"2014-01-25 08:58:38", "2014-01-25 09:22:06", nospace
"2014-01-25 09:23:40", "2014-01-25 09:29:56", nospace
"2014-01-25 09:31:29", "2014-01-25 09:34:37", nospace
"2014-01-26 10:41:55", "2014-01-26 10:42:37", nobike
"2014-01-26 10:44:43", "2014-01-26 10:59:13", nobike
"2014-01-27 02:51:39", "2014-01-27 02:59:37", nospace
"2014-01-27 03:52:01", "2014-01-27 04:20:33", nospace
"2014-01-27 04:26:56", "2014-01-27 04:41:31", nospace
"2014-01-27 05:38:21", "2014-01-27 05:44:41", nospace
"2014-01-27 05:55:49", "2014-01-27 06:02:11", nospace
"2014-01-27 06:39:56", "2014-01-27 06:47:49", nospace
"2014-01-27 06:55:18", "2014-01-27 07:56:51", nospace
"2014-01-27 08:28:49", "2014-01-27 08:44:48", nospace
"2014-01-27 09:02:25", "2014-01-27 09:05:37", nospace
"2014-01-27 14:16:21", "2014-01-27 14:17:58", nobike
"2014-01-28 07:11:07", "2014-01-28 07:12:44", nospace
"2014-01-28 07:18:54", "2014-01-28 07:49:35", nospace
"2014-01-28 07:57:38", "2014-01-28 08:13:48", nospace
"2014-01-28 08:17:01", "2014-01-28 08:20:14", nospace
"2014-01-28 08:21:51", "2014-01-28 08:23:27", nospace
"2014-01-28 08:25:04", "2014-01-28 08:33:52", nospace
"2014-01-28 13:48:58", "2014-01-28 13:50:33", nobike
"2014-01-28 14:09:56", "2014-01-28 14:13:14", nobike
"2014-01-29 01:38:03", "2014-01-29 01:44:31", nospace
"2014-01-29 02:12:40", "2014-01-29 02:19:38", nospace
"2014-01-29 02:21:46", "2014-01-29 02:24:10", nospace
"2014-01-29 10:16:50", "2014-01-29 10:24:59", nobike
"2014-01-29 10:29:52", "2014-01-29 10:34:45", nobike
"2014-01-29 10:41:11", "2014-01-29 10:46:04", nobike
"2014-01-31 06:57:54", "2014-01-31 07:02:32", nospace
"2014-01-31 07:11:44", "2014-01-31 08:36:03", nospace
"2014-01-31 08:37:42", "2014-01-31 08:47:39", nospace
"2014-01-31 08:52:36", "2014-01-31 09:00:07", nospace
"2014-01-31 11:03:00", "2014-01-31 11:04:39", nospace
"2014-01-31 15:03:40", "2014-01-31 15:06:58", nobike
"2014-01-31 15:58:59", "2014-01-31 16:53:34", nobike
"2014-02-01 05:54:21", "2014-02-01 05:55:39", nospace
"2014-02-01 06:22:52", "2014-02-01 06:49:38", nospace
"2014-02-01 07:17:16", "2014-02-01 07:26:36", nospace
"2014-02-01 07:40:21", "2014-02-01 07:44:46", nospace
"2014-02-01 08:02:42", "2014-02-01 08:08:36", nospace
"2014-02-01 08:16:16", "2014-02-01 08:23:10", nospace
"2014-02-01 08:25:22", "2014-02-01 08:50:12", nospace
"2014-02-01 09:19:48", "2014-02-01 09:24:16", nospace
"2014-02-01 09:44:27", "2014-02-01 09:48:47", nospace
"2014-02-01 13:41:02", "2014-02-01 14:01:06", nobike
"2014-02-01 14:02:47", "2014-02-01 14:17:51", nobike
"2014-02-02 03:06:06", "2014-02-02 03:16:12", nospace
"2014-02-02 03:26:09", "2014-02-02 03:27:50", nospace
"2014-02-02 04:03:10", "2014-02-02 04:13:17", nospace
"2014-02-02 04:33:49", "2014-02-02 04:42:45", nospace
"2014-02-02 04:53:57", "2014-02-02 04:55:48", nospace
"2014-02-02 06:48:52", "2014-02-02 06:56:27", nospace
"2014-02-02 06:58:48", "2014-02-02 07:11:51", nospace
"2014-02-02 07:14:05", "2014-02-02 07:23:30", nospace
"2014-02-02 07:32:41", "2014-02-02 08:02:26", nospace
"2014-02-02 08:09:20", "2014-02-02 08:27:06", nospace
"2014-02-02 08:38:37", "2014-02-02 08:41:09", nospace
"2014-02-02 08:43:22", "2014-02-02 09:15:14", nospace
"2014-02-02 09:33:12", "2014-02-02 09:43:54", nospace
"2014-02-02 12:35:09", "2014-02-02 12:55:18", nospace
"2014-02-03 02:06:02", "2014-02-03 02:12:48", nospace
"2014-02-03 02:28:00", "2014-02-03 02:29:42", nospace
"2014-02-03 02:41:34", "2014-02-03 02:46:44", nospace
"2014-02-03 02:48:58", "2014-02-03 03:00:12", nospace
"2014-02-03 03:13:06", "2014-02-03 03:14:54", nospace
"2014-02-03 07:00:49", "2014-02-03 07:10:19", nospace
"2014-02-03 07:16:24", "2014-02-03 07:17:31", nospace
"2014-02-03 07:19:48", "2014-02-03 08:04:58", nospace
"2014-02-03 08:16:31", "2014-02-03 08:30:18", nospace
"2014-02-03 08:40:35", "2014-02-03 08:59:22", nospace
"2014-02-03 09:09:40", "2014-02-03 09:14:53", nospace
"2014-02-03 09:19:06", "2014-02-03 09:23:51", nospace
"2014-02-03 09:32:35", "2014-02-03 09:34:51", nospace
"2014-02-03 09:37:06", "2014-02-03 09:49:22", nospace
"2014-02-03 10:23:13", "2014-02-03 10:25:26", nospace
"2014-02-06 03:48:47", "2014-02-06 04:16:36", nospace
"2014-02-06 04:43:39", "2014-02-06 04:48:30", nospace
"2014-02-06 05:18:41", "2014-02-06 05:30:20", nospace
"2014-02-06 05:46:48", "2014-02-06 05:55:59", nospace
"2014-02-06 06:16:54", "2014-02-06 06:45:24", nospace
"2014-02-06 06:59:57", "2014-02-06 07:01:43", nospace
"2014-02-06 07:08:44", "2014-02-06 07:33:57", nospace
"2014-02-08 08:54:51", "2014-02-08 09:03:24", nospace
"2014-02-11 00:35:56", "2014-02-11 02:35:49", nospace
"2014-02-15 05:56:12", "2014-02-15 05:58:04", nospace
"2014-02-15 05:59:58", "2014-02-15 06:01:52", nospace
"2014-02-15 13:55:35", "2014-02-15 14:16:23", nobike
"2014-02-16 05:40:32", "2014-02-16 05:47:12", nospace
"2014-02-16 05:49:38", "2014-02-16 05:50:24", nospace
"2014-02-16 07:19:47", "2014-02-16 07:21:43", nospace
"2014-02-16 07:25:32", "2014-02-16 07:29:22", nospace
"2014-02-16 07:31:17", "2014-02-16 07:33:11", nospace
"2014-02-16 07:35:07", "2014-02-16 07:38:56", nospace
"2014-02-16 08:17:08", "2014-02-16 08:24:49", nospace
"2014-02-16 08:30:30", "2014-02-16 08:34:18", nospace
"2014-02-16 08:57:02", "2014-02-16 08:58:56", nospace
"2014-02-16 09:02:45", "2014-02-16 09:08:30", nospace
"2014-02-16 09:12:19", "2014-02-16 09:21:29", nospace
"2014-02-16 09:35:29", "2014-02-16 09:38:10", nospace
"2014-02-17 08:33:32", "2014-02-17 08:37:22", nospace
"2014-02-17 13:37:24", "2014-02-17 14:15:25", nobike
"2014-02-17 23:54:08", "2014-02-17 23:58:01", nospace
"2014-02-18 00:01:53", "2014-02-18 00:21:13", nospace
"2014-02-18 00:49:31", "2014-02-18 01:16:22", nospace
"2014-02-18 02:56:15", "2014-02-18 03:04:02", nospace
"2014-02-18 03:33:36", "2014-02-18 03:35:47", nospace
"2014-02-18 03:43:04", "2014-02-18 04:15:03", nospace
"2014-02-18 04:32:11", "2014-02-18 04:45:17", nospace
"2014-02-18 06:05:47", "2014-02-18 06:34:54", nospace
"2014-02-19 15:58:57", "2014-02-19 16:26:26", nobike
"2014-02-20 03:32:28", "2014-02-20 03:36:15", nospace
"2014-02-20 03:40:13", "2014-02-20 04:07:50", nospace
"2014-02-20 10:17:27", "2014-02-20 10:21:23", nobike
"2014-02-20 10:27:17", "2014-02-20 10:50:55", nobike
"2014-02-20 10:56:50", "2014-02-20 11:00:47", nobike
"2014-02-20 13:45:04", "2014-02-20 14:20:35", nobike
"2014-02-21 01:59:53", "2014-02-21 02:03:15", nospace
"2014-02-21 10:19:34", "2014-02-21 10:21:34", nobike
"2014-02-21 10:27:29", "2014-02-21 10:41:23", nobike
"2014-02-22 02:53:25", "2014-02-22 02:59:24", nospace
"2014-02-22 03:09:24", "2014-02-22 03:13:20", nospace
"2014-02-22 03:27:18", "2014-02-22 03:39:19", nospace
"2014-02-22 03:45:18", "2014-02-22 03:58:35", nospace
"2014-02-22 04:50:43", "2014-02-22 04:56:43", nospace
"2014-02-22 05:02:43", "2014-02-22 09:01:58", nospace
"2014-02-22 09:01:58", "2014-02-22 09:05:54", nobike
"2014-02-22 10:25:13", "2014-02-22 10:29:44", nobike
"2014-02-22 10:32:15", "2014-02-22 10:41:58", nobike
"2014-02-23 01:42:09", "2014-02-23 01:44:09", nospace
"2014-02-23 01:48:10", "2014-02-23 02:12:10", nospace
"2014-02-23 06:30:20", "2014-02-23 06:51:01", nospace
"2014-02-23 06:59:03", "2014-02-23 07:17:09", nospace
"2014-02-23 07:19:10", "2014-02-23 07:38:21", nospace
"2014-02-23 07:39:29", "2014-02-23 07:57:11", nospace
"2014-02-23 08:07:14", "2014-02-23 08:09:17", nospace
"2014-02-23 08:17:22", "2014-02-23 08:25:26", nospace
"2014-02-23 08:31:28", "2014-02-23 08:53:43", nospace
"2014-02-23 09:15:55", "2014-02-23 09:17:59", nospace
"2014-02-23 09:24:05", "2014-02-23 09:26:06", nospace
"2014-02-23 09:30:10", "2014-02-23 09:42:16", nospace
"2014-02-23 13:50:06", "2014-02-23 14:12:16", nobike
"2014-02-23 23:35:22", "2014-02-23 23:41:26", nospace
"2014-02-23 23:54:49", "2014-02-23 23:59:09", nospace
"2014-02-24 01:26:16", "2014-02-24 01:34:22", nospace
"2014-02-24 12:38:08", "2014-02-24 12:40:10", nobike
"2014-02-24 14:55:30", "2014-02-24 15:09:47", nobike
"2014-02-24 23:59:06", "2014-02-25 00:01:08", nospace
"2014-02-25 00:23:37", "2014-02-25 00:25:39", nospace
"2014-02-25 00:27:40", "2014-02-25 00:29:43", nospace
"2014-02-25 03:39:18", "2014-02-25 04:12:03", nospace
"2014-02-25 10:17:50", "2014-02-25 10:19:54", nobike
"2014-02-25 10:21:59", "2014-02-25 10:34:19", nobike
"2014-02-25 13:51:20", "2014-02-25 13:53:54", nobike
"2014-02-25 14:18:30", "2014-02-25 14:31:46", nobike
"2014-02-26 13:52:06", "2014-02-26 13:54:38", nobike
"2014-02-28 01:26:24", "2014-02-28 01:30:33", nospace
"2014-02-28 01:40:57", "2014-02-28 02:03:39", nospace
"2014-02-28 02:18:10", "2014-02-28 02:26:28", nospace
"2014-02-28 06:03:26", "2014-02-28 06:09:41", nospace
"2014-02-28 06:11:45", "2014-02-28 06:24:14", nospace
"2014-02-28 06:38:17", "2014-02-28 06:50:15", nospace
"2014-02-28 07:00:18", "2014-02-28 07:10:42", nospace
"2014-02-28 07:27:24", "2014-02-28 07:44:01", nospace
"2014-02-28 07:56:34", "2014-02-28 08:00:45", nospace
"2014-02-28 08:04:55", "2014-02-28 08:13:14", nospace
"2014-02-28 08:34:02", "2014-02-28 08:48:38", nospace
"2014-02-28 09:18:48", "2014-02-28 09:21:28", nospace
"2014-02-28 09:45:10", "2014-02-28 09:54:01", nospace
"2014-02-28 10:00:04", "2014-02-28 10:02:42", nospace
"2014-03-01 04:21:20", "2014-03-01 04:38:04", nospace
"2014-03-01 04:40:09", "2014-03-01 04:48:31", nospace
"2014-03-01 05:15:43", "2014-03-01 05:20:08", nospace
"2014-03-01 06:07:57", "2014-03-01 06:17:46", nospace
"2014-03-01 06:33:38", "2014-03-01 06:54:09", nospace
"2014-03-01 07:03:57", "2014-03-01 07:26:06", nospace
"2014-03-01 07:28:45", "2014-03-01 07:50:22", nospace
"2014-03-01 07:53:00", "2014-03-01 08:04:36", nospace
"2014-03-01 08:13:36", "2014-03-01 08:40:30", nospace
"2014-03-01 08:49:31", "2014-03-01 08:52:11", nospace
"2014-03-01 08:54:46", "2014-03-01 08:55:27", nospace
"2014-03-01 09:26:58", "2014-03-01 09:29:02", nospace
"2014-03-01 09:43:36", "2014-03-01 09:47:10", nospace
"2014-03-03 03:43:05", "2014-03-03 03:57:16", nospace
"2014-03-03 04:23:07", "2014-03-03 04:38:14", nospace
"2014-03-03 04:53:14", "2014-03-03 04:55:23", nospace
"2014-03-03 05:06:11", "2014-03-03 05:16:56", nospace
"2014-03-03 05:21:15", "2014-03-03 05:27:41", nospace
"2014-03-03 05:31:59", "2014-03-03 05:34:10", nospace
"2014-03-03 05:36:18", "2014-03-03 05:52:54", nospace
"2014-03-03 11:15:19", "2014-03-03 11:25:01", nospace
"2014-03-03 11:28:57", "2014-03-03 11:31:36", nospace
"2014-03-04 00:06:01", "2014-03-04 00:43:22", nospace
"2014-03-05 04:22:54", "2014-03-05 04:29:47", nospace
"2014-03-05 06:43:04", "2014-03-05 07:08:38", nospace
"2014-03-05 13:47:03", "2014-03-05 14:14:40", nobike
"2014-03-05 14:19:17", "2014-03-05 14:21:35", nobike
"2014-03-09 02:32:06", "2014-03-09 02:34:27", nospace
"2014-03-09 02:36:48", "2014-03-09 02:57:59", nospace
"2014-03-09 03:12:04", "2014-03-09 03:14:24", nospace
"2014-03-09 03:21:28", "2014-03-09 03:40:21", nospace
"2014-03-09 03:52:07", "2014-03-09 04:52:48", nospace
"2014-03-09 04:56:50", "2014-03-09 05:01:59", nospace
"2014-03-09 05:06:05", "2014-03-09 05:11:06", nospace
"2014-03-09 05:20:12", "2014-03-09 05:29:19", nospace
"2014-03-09 07:18:26", "2014-03-09 07:53:04", nospace
"2014-03-09 09:19:14", "2014-03-09 09:30:00", nospace
"2014-03-09 23:46:08", "2014-03-10 00:26:17", nospace
"2014-03-10 03:28:46", "2014-03-10 03:31:07", nospace
"2014-03-10 23:57:01", "2014-03-11 00:28:28", nospace
"2014-03-11 00:30:50", "2014-03-11 00:40:21", nospace
"2014-03-11 03:41:01", "2014-03-11 03:45:47", nospace
"2014-03-11 04:14:17", "2014-03-11 04:43:23", nospace
"2014-03-11 07:52:19", "2014-03-11 07:54:41", nospace
"2014-03-11 14:08:08", "2014-03-11 14:15:38", nobike
"2014-03-12 01:49:56", "2014-03-12 01:54:42", nospace
"2014-03-13 12:14:51", "2014-03-13 12:22:04", nobike
"2014-03-14 01:50:32", "2014-03-14 02:00:07", nospace
"2014-03-14 06:15:24", "2014-03-14 06:37:14", nospace
"2014-03-15 02:54:25", "2014-03-15 03:24:32", nospace
"2014-03-15 03:41:49", "2014-03-15 03:55:39", nospace
"2014-03-15 04:11:50", "2014-03-15 04:17:20", nospace
"2014-03-15 05:05:51", "2014-03-15 05:15:46", nospace
"2014-03-15 06:08:45", "2014-03-15 06:16:03", nospace
"2014-03-15 06:18:29", "2014-03-15 06:25:49", nospace
"2014-03-15 06:50:28", "2014-03-15 07:09:59", nospace
"2014-03-15 07:17:19", "2014-03-15 07:39:13", nospace
"2014-03-15 07:56:13", "2014-03-15 08:25:25", nospace
"2014-03-15 08:30:22", "2014-03-15 08:32:47", nospace
"2014-03-15 08:47:24", "2014-03-15 08:52:15", nospace
"2014-03-16 03:40:34", "2014-03-16 03:50:21", nospace
"2014-03-16 03:57:43", "2014-03-16 04:09:53", nospace
"2014-03-16 04:12:21", "2014-03-16 04:29:26", nospace
"2014-03-16 04:39:12", "2014-03-16 04:44:03", nospace
"2014-03-16 05:43:25", "2014-03-16 05:50:46", nospace
"2014-03-16 05:53:11", "2014-03-16 05:55:38", nospace
"2014-03-16 06:07:51", "2014-03-16 06:12:44", nospace
"2014-03-16 06:54:11", "2014-03-16 07:05:11", nospace
"2014-03-16 07:09:42", "2014-03-16 07:18:36", nospace
"2014-03-16 07:25:18", "2014-03-16 07:32:39", nospace
"2014-03-16 07:35:05", "2014-03-16 07:39:59", nospace
"2014-03-16 07:42:24", "2014-03-16 07:44:52", nospace
"2014-03-16 08:14:11", "2014-03-16 08:19:05", nospace
"2014-03-16 08:21:30", "2014-03-16 09:00:30", nospace
"2014-03-16 09:05:24", "2014-03-16 09:15:09", nospace
"2014-03-16 13:37:01", "2014-03-16 13:39:26", nobike
"2014-03-16 13:44:21", "2014-03-16 13:56:36", nobike
"2014-03-16 14:03:56", "2014-03-16 14:06:24", nobike
"2014-03-17 23:31:22", "2014-03-17 23:48:36", nospace
"2014-03-17 23:51:05", "2014-03-17 23:53:32", nospace
"2014-03-18 07:17:19", "2014-03-18 07:22:15", nospace
"2014-03-18 07:34:33", "2014-03-18 07:54:20", nospace
"2014-03-18 07:56:49", "2014-03-18 08:01:45", nospace
"2014-03-18 13:28:01", "2014-03-18 13:50:17", nobike
"2014-03-18 23:47:13", "2014-03-18 23:59:36", nospace
"2014-03-19 01:57:50", "2014-03-19 02:15:11", nospace
"2014-03-19 08:33:13", "2014-03-19 08:49:34", nospace
"2014-03-19 09:02:17", "2014-03-19 09:14:02", nospace
"2014-03-19 09:16:31", "2014-03-19 09:36:25", nospace
"2014-03-21 00:53:59", "2014-03-21 01:06:31", nospace
"2014-03-21 11:07:13", "2014-03-21 11:09:44", nobike
"2014-03-22 03:43:31", "2014-03-22 03:46:02", nospace
"2014-03-22 03:53:36", "2014-03-22 03:58:37", nospace
"2014-03-22 04:13:42", "2014-03-22 04:28:51", nospace
"2014-03-22 05:09:06", "2014-03-22 05:29:13", nospace
"2014-03-22 05:34:14", "2014-03-22 05:39:18", nospace
"2014-03-22 05:44:23", "2014-03-22 05:52:02", nospace
"2014-03-22 07:06:33", "2014-03-22 07:11:35", nospace
"2014-03-23 03:09:40", "2014-03-23 03:37:27", nospace
"2014-03-23 03:47:33", "2014-03-23 04:02:45", nospace
"2014-03-23 04:42:41", "2014-03-23 04:45:19", nospace
"2014-03-23 05:23:13", "2014-03-23 05:33:19", nospace
"2014-03-23 05:43:17", "2014-03-23 05:52:53", nospace
"2014-03-23 07:14:13", "2014-03-23 07:19:14", nospace
"2014-03-23 07:24:18", "2014-03-23 07:44:34", nospace
"2014-03-23 07:57:15", "2014-03-23 08:27:37", nospace
"2014-03-23 08:40:18", "2014-03-23 08:45:23", nospace
"2014-03-23 08:47:54", "2014-03-23 09:03:05", nospace
"2014-03-23 09:33:31", "2014-03-23 09:43:38", nospace
"2014-03-23 09:54:42", "2014-03-23 09:57:14", nospace
"2014-03-23 23:19:37", "2014-03-23 23:27:13", nospace
"2014-03-23 23:57:42", "2014-03-24 01:01:11", nospace
"2014-03-24 01:21:28", "2014-03-24 01:44:21", nospace
"2014-03-24 01:46:54", "2014-03-24 02:00:40", nospace
"2014-03-24 02:23:27", "2014-03-24 02:31:03", nospace
"2014-03-24 11:10:13", "2014-03-24 11:20:25", nobike
"2014-03-24 11:22:59", "2014-03-24 11:33:10", nobike
"2014-03-25 07:17:38", "2014-03-25 07:58:27", nospace
"2014-03-25 08:03:33", "2014-03-25 08:06:07", nospace
"2014-03-25 08:16:22", "2014-03-25 08:31:43", nospace
"2014-03-25 10:51:22", "2014-03-25 11:42:32", nobike
"2014-03-25 16:21:01", "2014-03-25 16:26:08", nobike
"2014-03-26 00:11:15", "2014-03-26 00:13:49", nospace
"2014-03-26 08:04:17", "2014-03-26 08:06:50", nospace
"2014-03-26 08:11:57", "2014-03-26 08:19:38", nospace
"2014-03-26 08:50:26", "2014-03-26 09:03:17", nospace
"2014-03-26 09:05:50", "2014-03-26 09:13:30", nospace
"2014-03-26 09:30:12", "2014-03-26 09:32:13", nospace
"2014-03-27 00:54:33", "2014-03-27 01:07:29", nospace
"2014-03-27 01:12:36", "2014-03-27 01:28:04", nospace
"2014-03-27 02:01:32", "2014-03-27 02:24:44", nospace
"2014-03-27 22:24:23", "2014-03-27 22:31:47", nospace
"2014-03-27 23:05:24", "2014-03-27 23:55:35", nospace
"2014-03-29 07:04:48", "2014-03-29 07:12:37", nospace
"2014-03-29 07:23:02", "2014-03-29 07:33:24", nospace
"2014-03-29 07:41:12", "2014-03-29 07:51:36", nospace
"2014-03-29 08:03:07", "2014-03-29 08:23:57", nospace
"2014-03-29 08:29:09", "2014-03-29 08:31:46", nospace
"2014-03-29 08:48:32", "2014-03-29 09:01:31", nospace
"2014-03-29 09:35:23", "2014-03-29 09:38:00", nospace
"2014-03-30 04:26:26", "2014-03-30 04:29:24", nospace
"2014-03-30 07:22:15", "2014-03-30 07:27:29", nospace
"2014-03-30 07:32:41", "2014-03-30 07:40:34", nospace
"2014-03-30 09:02:50", "2014-03-30 09:05:27", nospace
"2014-03-30 12:55:33", "2014-03-30 13:00:46", nobike
"2014-03-31 06:11:34", "2014-03-31 06:16:48", nospace
"2014-03-31 09:30:02", "2014-03-31 09:32:40", nospace
"2014-04-02 01:06:31", "2014-04-02 01:09:08", nospace
"2014-04-02 23:06:59", "2014-04-03 00:02:45", nospace
"2014-04-03 00:05:25", "2014-04-03 00:29:19", nospace
"2014-04-03 00:34:38", "2014-04-03 01:03:49", nospace
"2014-04-03 01:06:28", "2014-04-03 01:31:35", nospace
"2014-04-04 07:05:34", "2014-04-04 07:24:15", nospace
"2014-04-04 07:26:55", "2014-04-04 07:29:36", nospace
"2014-04-04 07:40:19", "2014-04-04 07:45:40", nospace
"2014-04-04 07:48:19", "2014-04-04 08:09:40", nospace
"2014-04-04 08:12:21", "2014-04-04 08:23:06", nospace
"2014-04-04 08:28:27", "2014-04-04 08:31:08", nospace
"2014-04-04 08:33:48", "2014-04-04 08:49:52", nospace
"2014-04-04 09:05:48", "2014-04-04 09:27:11", nospace
"2014-04-04 14:02:42", "2014-04-04 14:08:01", nospace
"2014-04-04 14:10:42", "2014-04-04 14:24:05", nospace
"2014-04-05 07:17:13", "2014-04-05 07:28:00", nospace
"2014-04-05 07:30:42", "2014-04-05 07:33:23", nospace
"2014-04-05 07:41:26", "2014-04-05 08:24:22", nospace
"2014-04-05 08:27:02", "2014-04-05 08:35:04", nospace
"2014-04-05 08:37:46", "2014-04-05 09:04:35", nospace
"2014-04-05 09:12:39", "2014-04-05 09:31:26", nospace
"2014-04-05 09:58:19", "2014-04-05 10:03:40", nospace
"2014-04-05 10:25:07", "2014-04-05 10:27:49", nospace
"2014-04-05 15:03:21", "2014-04-05 15:16:47", nobike
"2014-04-06 05:42:07", "2014-04-06 05:55:35", nospace
"2014-04-06 06:17:15", "2014-04-06 06:22:43", nospace
"2014-04-06 06:27:52", "2014-04-06 06:33:36", nospace
"2014-04-06 06:55:25", "2014-04-06 07:03:31", nospace
"2014-04-06 07:08:54", "2014-04-06 07:30:22", nospace
"2014-04-06 11:12:56", "2014-04-06 11:21:01", nospace
"2014-04-06 11:23:42", "2014-04-06 11:26:23", nospace
"2014-04-07 17:02:17", "2014-04-07 21:38:43", nospace
"2014-04-07 23:28:10", "2014-04-07 23:33:35", nospace
"2014-04-07 23:41:42", "2014-04-07 23:50:22", nospace
"2014-04-08 00:02:55", "2014-04-08 00:34:43", nospace
"2014-04-08 01:15:27", "2014-04-08 01:45:19", nospace
"2014-04-08 01:53:27", "2014-04-08 02:07:08", nospace
"2014-04-08 02:13:04", "2014-04-08 02:15:48", nospace
"2014-04-08 06:50:43", "2014-04-08 06:58:41", nospace
"2014-04-09 01:56:25", "2014-04-09 02:06:05", nospace
"2014-04-09 02:38:44", "2014-04-09 03:00:30", nospace
"2014-04-09 04:05:51", "2014-04-09 04:35:47", nospace
"2014-04-09 04:46:40", "2014-04-09 05:53:54", nospace
"2014-04-09 06:12:57", "2014-04-09 06:15:41", nospace
"2014-04-09 08:51:20", "2014-04-09 09:26:46", nospace
"2014-04-10 04:42:40", "2014-04-10 05:29:07", nospace
"2014-04-10 06:10:06", "2014-04-10 06:12:51", nospace
"2014-04-10 06:15:35", "2014-04-10 06:34:50", nospace
"2014-04-10 07:15:00", "2014-04-10 07:20:28", nospace
"2014-04-10 07:23:13", "2014-04-10 08:26:01", nospace
"2014-04-10 08:31:24", "2014-04-10 08:44:26", nospace
"2014-04-10 14:19:48", "2014-04-10 14:29:21", nospace
"2014-04-11 01:25:01", "2014-04-11 01:43:24", nospace
"2014-04-11 01:46:08", "2014-04-11 01:51:36", nospace
"2014-04-11 01:54:21", "2014-04-11 02:02:36", nospace
"2014-04-11 02:32:45", "2014-04-11 03:27:29", nospace
"2014-04-11 03:32:33", "2014-04-11 04:18:22", nospace
"2014-04-11 04:26:37", "2014-04-11 04:51:16", nospace
"2014-04-11 05:58:40", "2014-04-11 06:45:48", nospace
"2014-04-11 07:10:28", "2014-04-11 07:13:13", nospace
"2014-04-11 07:21:27", "2014-04-11 08:02:32", nospace
"2014-04-12 02:17:43", "2014-04-12 02:20:27", nospace
"2014-04-12 02:23:12", "2014-04-12 02:25:59", nospace
"2014-04-12 02:39:43", "2014-04-12 03:37:30", nospace
"2014-04-12 04:39:39", "2014-04-12 04:50:41", nospace
"2014-04-12 06:05:03", "2014-04-12 06:27:15", nospace
"2014-04-12 06:33:28", "2014-04-12 06:40:21", nospace
"2014-04-12 07:15:54", "2014-04-12 07:24:10", nospace
"2014-04-12 07:35:11", "2014-04-12 07:51:41", nospace
"2014-04-12 08:02:43", "2014-04-12 08:16:28", nospace
"2014-04-12 08:22:00", "2014-04-12 08:49:33", nospace
"2014-04-12 08:52:17", "2014-04-12 09:06:05", nospace
"2014-04-12 09:20:17", "2014-04-12 09:54:33", nospace
"2014-04-12 09:57:18", "2014-04-12 10:14:22", nospace
"2014-04-12 10:17:29", "2014-04-12 10:22:13", nospace
"2014-04-12 12:37:06", "2014-04-12 12:40:09", nospace
"2014-04-13 08:51:38", "2014-04-13 09:34:01", nospace
"2014-04-13 09:40:48", "2014-04-13 09:48:39", nospace
"2014-04-13 09:51:24", "2014-04-13 10:08:01", nospace
"2014-04-14 00:10:55", "2014-04-14 00:22:00", nospace
"2014-04-14 00:38:39", "2014-04-14 00:44:10", nospace
"2014-04-14 00:46:56", "2014-04-14 00:55:16", nospace
"2014-04-14 02:10:56", "2014-04-14 03:56:17", nospace
"2014-04-14 06:05:37", "2014-04-14 06:22:16", nospace
"2014-04-14 13:56:21", "2014-04-14 14:01:56", nospace
"2014-04-14 14:07:28", "2014-04-14 14:13:03", nospace
"2014-04-15 00:03:56", "2014-04-15 00:07:01", nospace
"2014-04-15 00:10:03", "2014-04-15 00:21:25", nospace
"2014-04-15 00:27:50", "2014-04-15 00:30:37", nospace
"2014-04-15 07:17:08", "2014-04-15 07:31:03", nospace
"2014-04-16 23:22:34", "2014-04-16 23:25:23", nospace
"2014-04-16 23:33:47", "2014-04-16 23:44:59", nospace
"2014-04-17 08:22:11", "2014-04-17 08:25:15", nospace
"2014-04-17 08:27:09", "2014-04-17 08:29:35", nospace
"2014-04-17 08:49:16", "2014-04-17 08:54:52", nospace
"2014-04-17 22:52:28", "2014-04-17 23:26:18", nospace
"2014-04-19 02:48:41", "2014-04-19 02:51:27", nospace
"2014-04-19 07:45:18", "2014-04-19 07:59:29", nospace
"2014-04-19 08:00:27", "2014-04-19 08:18:39", nospace
"2014-04-19 08:21:14", "2014-04-19 08:38:16", nospace
"2014-04-19 08:55:14", "2014-04-19 09:12:15", nospace
"2014-04-19 09:26:41", "2014-04-19 09:33:31", nospace
"2014-04-19 12:25:47", "2014-04-19 12:28:36", nospace
"2014-04-19 12:31:26", "2014-04-19 12:45:36", nospace
"2014-04-19 12:48:26", "2014-04-19 12:51:16", nospace
"2014-04-19 13:02:42", "2014-04-19 13:08:25", nospace
"2014-04-19 13:33:55", "2014-04-19 13:42:24", nospace
"2014-04-19 14:02:13", "2014-04-19 14:07:51", nospace
"2014-04-20 07:20:54", "2014-04-20 07:23:45", nospace
"2014-04-20 07:43:38", "2014-04-20 07:45:58", nospace
"2014-04-20 08:02:32", "2014-04-20 08:25:16", nospace
"2014-04-20 08:28:07", "2014-04-20 08:32:47", nospace
"2014-04-20 08:41:17", "2014-04-20 09:01:10", nospace
"2014-04-20 09:09:41", "2014-04-20 09:15:53", nospace
"2014-04-20 09:20:48", "2014-04-20 09:34:17", nospace
"2014-04-21 04:09:03", "2014-04-21 04:14:44", nospace
"2014-04-21 08:19:13", "2014-04-21 08:23:29", nospace
"2014-04-21 14:34:32", "2014-04-21 14:40:15", nospace
"2014-04-21 14:48:44", "2014-04-21 14:54:28", nospace
"2014-04-22 03:20:42", "2014-04-22 03:29:17", nospace
"2014-04-22 03:37:58", "2014-04-22 05:35:13", nospace
"2014-04-23 02:07:42", "2014-04-23 02:15:01", nospace
"2014-04-23 07:15:43", "2014-04-23 07:18:35", nospace
"2014-04-23 09:06:50", "2014-04-23 09:15:28", nospace
"2014-04-23 13:55:40", "2014-04-23 13:58:45", nospace
"2014-04-24 10:46:28", "2014-04-24 10:49:20", nospace
"2014-04-24 14:34:22", "2014-04-24 14:40:09", nospace
"2014-04-25 07:41:01", "2014-04-25 07:46:46", nospace
"2014-04-25 07:58:19", "2014-04-25 08:12:47", nospace
"2014-04-25 08:33:59", "2014-04-25 08:43:57", nospace
"2014-04-25 08:52:15", "2014-04-25 08:54:18", nospace
"2014-04-25 09:00:44", "2014-04-25 09:10:04", nospace
"2014-04-25 09:11:53", "2014-04-25 09:14:48", nospace
"2014-04-25 13:03:31", "2014-04-25 13:32:27", nobike
"2014-04-26 07:07:55", "2014-04-26 07:12:42", nospace
"2014-04-26 07:17:57", "2014-04-26 07:39:02", nospace
"2014-04-27 07:04:34", "2014-04-27 07:19:07", nospace
"2014-04-27 07:28:22", "2014-04-27 07:37:15", nospace
"2014-04-27 07:39:07", "2014-04-27 07:50:15", nospace
"2014-04-27 07:53:11", "2014-04-27 08:10:41", nospace
"2014-04-27 08:13:35", "2014-04-27 08:22:19", nospace
"2014-04-27 08:33:59", "2014-04-27 09:03:10", nospace
"2014-04-27 09:38:08", "2014-04-27 09:58:34", nospace
"2014-04-27 16:14:17", "2014-04-27 16:23:05", nobike
"2014-04-28 00:42:58", "2014-04-28 01:26:46", nospace
"2014-04-28 01:29:40", "2014-04-28 01:32:36", nospace
"2014-04-28 02:01:01", "2014-04-28 02:41:59", nospace
"2014-04-28 03:46:16", "2014-04-28 03:55:01", nospace
"2014-04-28 04:30:04", "2014-04-28 04:35:53", nospace
"2014-04-28 04:38:48", "2014-04-28 04:56:19", nospace
"2014-04-28 05:02:10", "2014-04-28 05:05:05", nospace
"2014-04-28 06:37:46", "2014-04-28 06:43:37", nospace
"2014-04-28 06:46:52", "2014-04-28 06:52:45", nospace
"2014-04-28 06:58:34", "2014-04-28 07:10:14", nospace
"2014-04-28 07:46:49", "2014-04-28 07:56:27", nospace
"2014-04-28 08:02:00", "2014-04-28 08:28:21", nospace
"2014-04-28 14:16:56", "2014-04-28 14:46:05", nospace
"2014-04-28 14:49:00", "2014-04-28 14:54:50", nospace
"2014-04-28 23:33:04", "2014-04-28 23:42:26", nospace
"2014-04-28 23:58:35", "2014-04-29 00:27:55", nospace
"2014-04-29 01:22:45", "2014-04-29 01:46:11", nospace
"2014-04-29 01:51:27", "2014-04-29 02:09:22", nospace
"2014-04-29 08:38:29", "2014-04-29 08:50:12", nospace
"2014-04-30 00:06:34", "2014-04-30 00:12:27", nospace
"2014-05-01 13:58:05", "2014-05-01 14:03:34", nospace
"2014-05-01 14:06:49", "2014-05-01 14:09:44", nospace
"2014-05-01 14:36:21", "2014-05-01 15:05:08", nospace
"2014-05-02 00:51:08", "2014-05-02 01:00:00", nospace
"2014-05-02 01:02:58", "2014-05-02 01:32:34", nospace
"2014-05-02 01:59:12", "2014-05-02 02:25:49", nospace
"2014-05-02 02:37:39", "2014-05-02 03:33:06", nospace
"2014-05-02 03:56:45", "2014-05-02 04:05:36", nospace
"2014-05-02 06:26:16", "2014-05-02 07:17:01", nospace
"2014-05-02 07:19:58", "2014-05-02 07:34:48", nospace
"2014-05-02 07:55:32", "2014-05-02 08:07:25", nospace
"2014-05-02 08:16:16", "2014-05-02 08:19:15", nospace
"2014-05-02 08:57:51", "2014-05-02 09:09:41", nospace
"2014-05-02 09:12:39", "2014-05-02 09:24:31", nospace
"2014-05-02 12:10:18", "2014-05-02 12:13:18", nospace
"2014-05-03 06:15:16", "2014-05-03 06:21:14", nospace
"2014-05-03 06:24:12", "2014-05-03 06:30:13", nospace
"2014-05-03 06:51:23", "2014-05-03 07:24:31", nospace
"2014-05-03 07:31:22", "2014-05-03 07:33:19", nospace
"2014-05-03 07:56:02", "2014-05-03 08:07:12", nospace
"2014-05-03 08:19:17", "2014-05-03 08:22:14", nospace
"2014-05-03 08:52:01", "2014-05-03 08:54:59", nospace
"2014-05-03 09:00:56", "2014-05-03 09:06:54", nospace
"2014-05-03 09:21:48", "2014-05-03 09:30:44", nospace
"2014-05-03 09:33:41", "2014-05-03 09:36:41", nospace
"2014-05-04 05:02:55", "2014-05-04 05:21:27", nospace
"2014-05-04 08:15:49", "2014-05-04 08:42:38", nospace
"2014-05-05 07:36:10", "2014-05-05 07:45:09", nospace
"2014-05-05 07:54:09", "2014-05-05 07:57:08", nospace
"2014-05-07 13:54:33", "2014-05-07 14:00:33", nospace
"2014-05-08 05:32:43", "2014-05-08 05:50:50", nospace
"2014-05-08 06:02:55", "2014-05-08 06:38:42", nospace
"2014-05-08 13:25:27", "2014-05-08 13:31:29", nobike
"2014-05-08 13:34:29", "2014-05-08 13:43:34", nobike
