"2014-01-29 16:17:52", "2014-01-29 17:15:00", nospace
"2014-01-30 06:54:14", "2014-01-30 06:55:53", nospace
"2014-01-30 07:25:33", "2014-01-30 07:48:25", nospace
"2014-01-30 07:58:36", "2014-01-30 08:02:58", nospace
"2014-01-31 05:17:30", "2014-01-31 06:05:23", nospace
"2014-01-31 06:13:41", "2014-01-31 06:30:03", nospace
"2014-01-31 07:11:44", "2014-01-31 07:13:09", nospace
"2014-01-31 07:21:33", "2014-01-31 07:31:59", nospace
"2014-01-31 07:41:05", "2014-01-31 07:48:22", nospace
"2014-01-31 07:55:32", "2014-01-31 08:14:34", nospace
"2014-01-31 08:17:54", "2014-01-31 08:20:07", nospace
"2014-01-31 08:26:10", "2014-01-31 08:27:49", nospace
"2014-02-02 06:23:18", "2014-02-02 06:32:41", nospace
"2014-02-02 06:41:42", "2014-02-02 06:44:00", nospace
"2014-02-02 06:46:12", "2014-02-02 07:09:39", nospace
"2014-02-02 07:21:14", "2014-02-02 07:37:26", nospace
"2014-02-02 14:26:35", "2014-02-02 14:40:12", nobike
"2014-02-02 14:46:49", "2014-02-02 14:48:24", nobike
"2014-02-02 16:02:45", "2014-02-02 16:17:44", nobike
"2014-02-03 04:14:59", "2014-02-03 04:18:21", nospace
"2014-02-03 04:20:03", "2014-02-03 05:00:39", nospace
"2014-02-03 05:21:00", "2014-02-03 05:27:49", nospace
"2014-02-03 05:31:14", "2014-02-03 05:43:03", nospace
"2014-02-03 05:44:44", "2014-02-03 06:11:52", nospace
"2014-02-03 06:16:57", "2014-02-03 06:47:45", nospace
"2014-02-03 06:56:21", "2014-02-03 07:00:49", nospace
"2014-02-03 07:05:19", "2014-02-03 07:08:04", nospace
"2014-02-03 09:28:29", "2014-02-03 09:32:35", nospace
"2014-02-03 15:33:05", "2014-02-03 15:46:45", nobike
"2014-02-04 04:34:53", "2014-02-04 04:38:30", nospace
"2014-02-04 07:03:35", "2014-02-04 07:08:04", nospace
"2014-02-04 07:24:12", "2014-02-04 07:26:24", nospace
"2014-02-04 08:00:43", "2014-02-04 08:05:09", nospace
"2014-02-04 08:08:10", "2014-02-04 08:17:18", nospace
"2014-02-04 08:19:01", "2014-02-04 08:20:44", nospace
"2014-02-05 16:27:25", "2014-02-05 16:34:22", nobike
"2014-02-06 05:46:48", "2014-02-06 05:49:02", nospace
"2014-02-06 05:53:45", "2014-02-06 06:05:31", nospace
"2014-02-06 09:50:40", "2014-02-06 09:55:24", nospace
"2014-02-07 03:43:45", "2014-02-07 03:48:14", nospace
"2014-02-07 04:22:29", "2014-02-07 04:33:52", nospace
"2014-02-07 04:49:56", "2014-02-07 05:01:15", nospace
"2014-02-07 05:12:42", "2014-02-07 05:21:58", nospace
"2014-02-07 05:28:53", "2014-02-07 05:31:05", nospace
"2014-02-07 10:04:39", "2014-02-07 10:06:25", nospace
"2014-02-08 09:44:50", "2014-02-08 09:49:01", nospace
"2014-02-08 11:01:14", "2014-02-08 11:03:49", nospace
"2014-02-08 11:14:26", "2014-02-08 11:18:01", nospace
"2014-02-10 14:21:29", "2014-02-10 14:57:44", nobike
"2014-02-15 03:40:27", "2014-02-15 03:46:08", nospace
"2014-02-15 04:49:21", "2014-02-15 04:53:07", nospace
"2014-02-15 05:28:05", "2014-02-15 05:29:59", nospace
"2014-02-15 06:18:52", "2014-02-15 06:24:32", nospace
"2014-02-15 06:39:03", "2014-02-15 06:41:25", nospace
"2014-02-15 06:43:48", "2014-02-15 06:57:19", nospace
"2014-02-15 07:04:55", "2014-02-15 07:14:52", nospace
"2014-02-15 07:23:06", "2014-02-15 07:25:28", nospace
"2014-02-15 07:32:28", "2014-02-15 07:51:26", nospace
"2014-02-15 07:53:20", "2014-02-15 08:10:26", nospace
"2014-02-15 08:16:07", "2014-02-15 08:35:01", nospace
"2014-02-15 08:55:53", "2014-02-15 08:57:46", nospace
"2014-02-16 05:55:57", "2014-02-16 06:08:33", nospace
"2014-02-16 06:10:28", "2014-02-16 06:21:53", nospace
"2014-02-16 06:31:38", "2014-02-16 06:40:20", nospace
"2014-02-16 06:56:48", "2014-02-16 07:08:18", nospace
"2014-02-16 07:15:55", "2014-02-16 07:23:38", nospace
"2014-02-16 07:33:11", "2014-02-16 07:37:01", nospace
"2014-02-16 07:56:07", "2014-02-16 07:58:02", nospace
"2014-02-16 07:59:57", "2014-02-16 08:03:47", nospace
"2014-02-16 08:09:31", "2014-02-16 08:19:03", nospace
"2014-02-16 08:32:24", "2014-02-16 08:34:18", nospace
"2014-02-16 08:37:59", "2014-02-16 09:14:55", nospace
"2014-02-16 09:26:13", "2014-02-16 09:32:17", nospace
"2014-02-17 12:22:04", "2014-02-17 12:27:51", nobike
"2014-02-17 12:29:47", "2014-02-17 12:37:31", nobike
"2014-02-17 14:51:50", "2014-02-17 15:22:12", nobike
"2014-02-18 04:03:27", "2014-02-18 04:20:54", nospace
"2014-02-18 04:32:50", "2014-02-18 04:43:20", nospace
"2014-02-18 04:55:00", "2014-02-18 05:06:38", nospace
"2014-02-18 05:14:24", "2014-02-18 05:29:54", nospace
"2014-02-18 13:11:24", "2014-02-18 13:24:59", nobike
"2014-02-18 13:26:55", "2014-02-18 14:53:04", nobike
"2014-02-18 15:13:01", "2014-02-18 15:43:36", nobike
"2014-02-22 02:43:28", "2014-02-22 03:11:22", nospace
"2014-02-22 03:50:33", "2014-02-22 04:00:35", nospace
"2014-02-22 04:08:33", "2014-02-22 04:14:33", nospace
"2014-02-22 04:44:07", "2014-02-22 04:47:00", nospace
"2014-02-22 04:50:43", "2014-02-22 04:56:43", nospace
"2014-02-22 04:58:43", "2014-02-22 05:02:43", nospace
"2014-02-22 05:04:41", "2014-02-22 05:12:40", nospace
"2014-02-22 05:14:41", "2014-02-22 05:20:38", nospace
"2014-02-22 05:24:38", "2014-02-22 05:28:39", nospace
"2014-02-22 05:32:40", "2014-02-22 05:36:39", nospace
"2014-02-22 05:38:37", "2014-02-22 05:46:38", nospace
"2014-02-22 05:48:35", "2014-02-22 05:56:35", nospace
"2014-02-22 06:02:34", "2014-02-22 06:06:34", nospace
"2014-02-22 06:08:34", "2014-02-22 06:18:35", nospace
"2014-02-22 06:22:35", "2014-02-22 06:54:33", nospace
"2014-02-22 06:56:33", "2014-02-22 07:22:36", nospace
"2014-02-22 07:32:45", "2014-02-22 07:42:49", nospace
"2014-02-22 07:44:50", "2014-02-22 07:50:52", nospace
"2014-02-22 07:54:55", "2014-02-22 08:04:54", nospace
"2014-02-22 08:11:58", "2014-02-22 08:20:14", nospace
"2014-02-22 08:22:14", "2014-02-22 08:40:18", nospace
"2014-02-22 08:42:19", "2014-02-22 08:47:53", nospace
"2014-02-22 09:03:55", "2014-02-22 09:05:54", nospace
"2014-02-22 09:07:55", "2014-02-22 09:23:54", nospace
"2014-02-22 09:29:56", "2014-02-22 09:39:58", nospace
"2014-02-22 10:07:47", "2014-02-22 10:09:47", nospace
"2014-02-22 15:49:32", "2014-02-22 15:52:02", nobike
"2014-02-22 15:59:17", "2014-02-22 16:12:59", nobike
"2014-02-22 16:19:02", "2014-02-22 16:23:02", nobike
"2014-02-23 03:57:52", "2014-02-23 04:05:24", nospace
"2014-02-23 04:07:58", "2014-02-23 04:10:30", nospace
"2014-02-23 04:53:49", "2014-02-23 04:59:49", nospace
"2014-02-23 05:25:54", "2014-02-23 05:29:55", nospace
"2014-02-23 05:49:57", "2014-02-23 06:00:01", nospace
"2014-02-23 06:02:03", "2014-02-23 06:04:03", nospace
"2014-02-23 06:12:08", "2014-02-23 06:42:52", nospace
"2014-02-23 06:59:03", "2014-02-23 07:01:03", nospace
"2014-02-23 07:30:37", "2014-02-23 08:01:12", nospace
"2014-02-23 08:25:26", "2014-02-23 08:33:32", nospace
"2014-02-23 08:47:40", "2014-02-23 08:49:41", nospace
"2014-02-23 09:01:49", "2014-02-23 09:05:52", nospace
"2014-02-23 09:07:52", "2014-02-23 09:22:04", nospace
"2014-02-23 15:10:50", "2014-02-23 16:02:44", nobike
"2014-02-24 04:53:26", "2014-02-24 05:15:45", nospace
"2014-02-24 11:16:56", "2014-02-24 11:25:03", nobike
"2014-02-24 11:33:13", "2014-02-24 11:45:24", nobike
"2014-02-24 15:05:43", "2014-02-24 15:13:52", nobike
"2014-02-25 10:38:25", "2014-02-25 10:44:35", nobike
"2014-02-25 10:46:39", "2014-02-25 11:27:32", nobike
"2014-02-25 13:20:20", "2014-02-25 13:30:36", nobike
"2014-02-25 13:34:42", "2014-02-25 13:38:48", nobike
"2014-02-25 13:40:57", "2014-02-25 13:48:41", nobike
"2014-02-25 13:49:21", "2014-02-25 13:56:27", nobike
"2014-02-25 14:02:09", "2014-02-25 14:09:38", nobike
"2014-02-25 14:10:48", "2014-02-25 14:13:22", nobike
"2014-02-26 04:45:41", "2014-02-26 04:49:48", nospace
"2014-02-26 04:51:54", "2014-02-26 05:00:06", nospace
"2014-02-26 14:17:57", "2014-02-26 14:23:07", nobike
"2014-02-26 14:25:27", "2014-02-26 14:54:05", nobike
"2014-02-26 14:55:31", "2014-02-26 14:58:46", nobike
"2014-02-27 02:46:45", "2014-02-27 03:07:33", nospace
"2014-02-27 15:25:10", "2014-02-27 15:27:15", nobike
"2014-02-28 02:47:12", "2014-02-28 02:51:23", nospace
"2014-02-28 06:28:29", "2014-02-28 06:35:19", nospace
"2014-02-28 06:47:49", "2014-02-28 06:50:15", nospace
"2014-02-28 07:04:27", "2014-02-28 07:12:47", nospace
"2014-02-28 07:16:59", "2014-02-28 07:29:29", nospace
"2014-02-28 07:41:56", "2014-02-28 07:44:01", nospace
"2014-02-28 07:50:16", "2014-02-28 07:52:22", nospace
"2014-02-28 08:04:55", "2014-02-28 08:09:03", nospace
"2014-02-28 08:11:09", "2014-02-28 08:17:24", nospace
"2014-02-28 09:07:21", "2014-02-28 09:11:32", nospace
"2014-02-28 09:54:01", "2014-02-28 10:00:04", nospace
"2014-02-28 14:13:11", "2014-02-28 14:23:38", nobike
"2014-03-01 05:56:08", "2014-03-01 05:58:12", nospace
"2014-03-01 05:59:47", "2014-03-01 06:12:43", nospace
"2014-03-01 06:15:21", "2014-03-01 06:26:51", nospace
"2014-03-01 06:28:11", "2014-03-01 06:33:38", nospace
"2014-03-01 06:35:58", "2014-03-01 06:45:02", nospace
"2014-03-01 06:54:09", "2014-03-01 07:03:57", nospace
"2014-03-01 07:08:02", "2014-03-01 07:19:40", nospace
"2014-03-01 07:35:05", "2014-03-01 07:55:40", nospace
"2014-03-01 07:58:18", "2014-03-01 08:07:19", nospace
"2014-03-01 08:27:36", "2014-03-01 08:28:49", nospace
"2014-03-01 08:36:41", "2014-03-01 08:40:30", nospace
"2014-03-01 08:43:10", "2014-03-01 08:57:34", nospace
"2014-03-01 08:58:14", "2014-03-01 08:58:56", nospace
"2014-03-01 09:10:03", "2014-03-01 09:24:50", nospace
"2014-03-01 09:26:58", "2014-03-01 09:29:02", nospace
"2014-03-01 09:33:13", "2014-03-01 09:35:19", nospace
"2014-03-01 14:04:18", "2014-03-01 14:28:12", nobike
"2014-03-01 14:30:54", "2014-03-01 14:55:13", nobike
"2014-03-01 14:59:25", "2014-03-01 15:12:00", nobike
"2014-03-01 15:14:07", "2014-03-01 15:28:50", nobike
"2014-03-01 15:30:56", "2014-03-01 15:37:14", nobike
"2014-03-02 10:45:09", "2014-03-02 10:47:14", nobike
"2014-03-03 11:15:19", "2014-03-03 11:16:02", nobike
"2014-03-03 11:20:11", "2014-03-03 11:35:17", nobike
"2014-03-05 01:12:06", "2014-03-05 01:42:09", nospace
"2014-03-05 01:51:15", "2014-03-05 02:02:45", nospace
"2014-03-05 02:27:58", "2014-03-05 02:32:34", nospace
"2014-03-05 02:41:45", "2014-03-05 03:11:45", nospace
"2014-03-05 05:06:43", "2014-03-05 05:12:01", nospace
"2014-03-05 05:25:02", "2014-03-05 05:50:15", nospace
"2014-03-05 07:06:23", "2014-03-05 07:10:55", nospace
"2014-03-05 07:15:30", "2014-03-05 07:17:47", nospace
"2014-03-05 07:38:25", "2014-03-05 07:43:01", nospace
"2014-03-07 02:43:16", "2014-03-07 03:06:07", nospace
"2014-03-07 05:23:21", "2014-03-07 05:32:37", nospace
"2014-03-07 05:37:16", "2014-03-07 05:44:15", nospace
"2014-03-07 05:51:13", "2014-03-07 05:58:12", nospace
"2014-03-07 06:49:47", "2014-03-07 06:59:05", nospace
"2014-03-07 07:01:25", "2014-03-07 07:17:42", nospace
"2014-03-07 07:20:01", "2014-03-07 07:22:21", nospace
"2014-03-09 02:50:55", "2014-03-09 03:14:24", nospace
"2014-03-09 04:27:22", "2014-03-09 04:36:43", nospace
"2014-03-09 04:39:05", "2014-03-09 04:48:29", nospace
"2014-03-09 05:06:05", "2014-03-09 05:15:08", nospace
"2014-03-09 05:24:20", "2014-03-09 05:33:25", nospace
"2014-03-09 05:42:35", "2014-03-09 06:00:42", nospace
"2014-03-09 06:56:02", "2014-03-09 06:58:23", nospace
"2014-03-09 07:05:29", "2014-03-09 07:18:26", nospace
"2014-03-09 07:41:20", "2014-03-09 07:46:01", nospace
"2014-03-09 07:48:21", "2014-03-09 07:50:42", nospace
"2014-03-09 08:02:29", "2014-03-09 08:09:32", nospace
"2014-03-09 08:42:30", "2014-03-09 08:54:16", nospace
"2014-03-09 09:01:18", "2014-03-09 09:03:39", nospace
"2014-03-09 09:15:25", "2014-03-09 09:17:44", nospace
"2014-03-11 02:22:32", "2014-03-11 02:24:55", nospace
"2014-03-15 05:52:20", "2014-03-15 05:53:51", nospace
"2014-03-15 06:06:19", "2014-03-15 06:08:45", nospace
"2014-03-15 06:18:29", "2014-03-15 06:28:14", nospace
"2014-03-15 06:33:10", "2014-03-15 06:55:20", nospace
"2014-03-15 07:00:13", "2014-03-15 07:09:59", nospace
"2014-03-15 07:17:19", "2014-03-15 07:31:55", nospace
"2014-03-15 07:39:13", "2014-03-15 08:20:34", nospace
"2014-03-15 08:22:59", "2014-03-15 08:54:41", nospace
"2014-03-15 08:57:09", "2014-03-15 09:06:52", nospace
"2014-03-15 09:09:16", "2014-03-15 09:14:08", nospace
"2014-03-15 09:16:33", "2014-03-15 09:28:43", nospace
"2014-03-15 09:31:06", "2014-03-15 09:35:58", nospace
"2014-03-15 12:21:30", "2014-03-15 12:33:41", nospace
"2014-03-15 12:36:07", "2014-03-15 12:48:18", nospace
"2014-03-15 13:17:34", "2014-03-15 13:27:23", nospace
"2014-03-16 03:17:53", "2014-03-16 03:27:38", nospace
"2014-03-16 03:30:05", "2014-03-16 03:32:15", nospace
"2014-03-16 03:40:34", "2014-03-16 03:47:53", nospace
"2014-03-16 04:09:53", "2014-03-16 04:17:12", nospace
"2014-03-16 04:19:41", "2014-03-16 04:24:32", nospace
"2014-03-16 04:39:12", "2014-03-16 04:41:36", nospace
"2014-03-16 04:44:03", "2014-03-16 04:56:17", nospace
"2014-03-16 04:58:43", "2014-03-16 05:10:57", nospace
"2014-03-16 05:18:19", "2014-03-16 05:41:33", nospace
"2014-03-16 05:43:25", "2014-03-16 05:45:51", nospace
"2014-03-16 05:48:18", "2014-03-16 06:15:11", nospace
"2014-03-16 06:22:31", "2014-03-16 06:25:12", nospace
"2014-03-16 06:28:53", "2014-03-16 06:41:09", nospace
"2014-03-16 06:43:36", "2014-03-16 06:48:48", nospace
"2014-03-16 07:59:31", "2014-03-16 08:01:57", nospace
"2014-03-16 08:11:45", "2014-03-16 08:36:07", nospace
"2014-03-16 08:41:00", "2014-03-16 08:43:27", nospace
"2014-03-16 08:45:53", "2014-03-16 08:48:20", nospace
"2014-03-17 01:37:29", "2014-03-17 02:14:19", nospace
"2014-03-17 10:57:48", "2014-03-17 11:07:39", nobike
"2014-03-19 14:50:23", "2014-03-19 15:00:18", nobike
"2014-03-21 01:36:32", "2014-03-21 01:44:02", nospace
"2014-03-21 01:51:33", "2014-03-21 01:54:03", nospace
"2014-03-22 03:26:15", "2014-03-22 03:28:27", nospace
"2014-03-22 03:33:28", "2014-03-22 03:43:31", nospace
"2014-03-22 03:58:37", "2014-03-22 04:06:10", nospace
"2014-03-22 04:08:41", "2014-03-22 04:18:45", nospace
"2014-03-22 04:21:15", "2014-03-22 04:23:47", nospace
"2014-03-22 04:38:54", "2014-03-22 04:51:28", nospace
"2014-03-22 05:54:35", "2014-03-22 05:57:07", nospace
"2014-03-22 06:08:21", "2014-03-22 06:26:04", nospace
"2014-03-22 06:28:35", "2014-03-22 06:31:05", nospace
"2014-03-22 06:38:55", "2014-03-22 06:43:56", nospace
"2014-03-22 06:46:27", "2014-03-22 06:51:28", nospace
"2014-03-22 06:53:59", "2014-03-22 07:11:35", nospace
"2014-03-22 07:26:41", "2014-03-22 07:31:42", nospace
"2014-03-22 08:04:26", "2014-03-22 08:06:56", nospace
"2014-03-22 08:14:31", "2014-03-22 08:22:05", nospace
"2014-03-22 08:43:37", "2014-03-22 08:48:48", nospace
"2014-03-22 08:58:52", "2014-03-22 09:05:59", nospace
"2014-03-22 09:13:25", "2014-03-22 09:18:28", nospace
"2014-03-22 09:23:30", "2014-03-22 09:26:01", nospace
"2014-03-22 09:31:04", "2014-03-22 09:32:07", nospace
"2014-03-22 09:41:24", "2014-03-22 09:43:43", nospace
"2014-03-22 15:07:37", "2014-03-22 15:27:46", nobike
"2014-03-23 04:15:23", "2014-03-23 04:17:56", nospace
"2014-03-23 04:42:41", "2014-03-23 04:56:10", nospace
"2014-03-23 05:16:26", "2014-03-23 05:48:24", nospace
"2014-03-23 05:50:23", "2014-03-23 06:00:28", nospace
"2014-03-23 06:28:23", "2014-03-23 08:58:02", nospace
"2014-03-23 09:05:36", "2014-03-23 09:08:07", nospace
"2014-03-23 09:10:40", "2014-03-23 09:20:52", nospace
"2014-03-23 09:23:25", "2014-03-23 09:33:31", nospace
"2014-03-25 00:44:08", "2014-03-25 00:56:52", nospace
"2014-03-25 00:59:26", "2014-03-25 01:04:32", nospace
"2014-03-25 04:06:00", "2014-03-25 04:15:33", nospace
"2014-03-25 04:25:44", "2014-03-25 04:28:16", nospace
"2014-03-25 04:56:40", "2014-03-25 05:04:20", nospace
"2014-03-25 05:47:42", "2014-03-25 05:52:48", nospace
"2014-03-25 05:55:21", "2014-03-25 06:52:05", nospace
"2014-03-26 00:55:54", "2014-03-26 01:11:16", nospace
"2014-03-26 01:16:23", "2014-03-26 01:31:47", nospace
"2014-03-26 01:44:36", "2014-03-26 01:47:10", nospace
"2014-03-26 08:09:24", "2014-03-26 08:22:12", nospace
"2014-03-26 08:27:20", "2014-03-26 08:32:28", nospace
"2014-03-26 08:37:36", "2014-03-26 08:40:11", nospace
"2014-03-26 08:42:45", "2014-03-26 08:45:19", nospace
"2014-03-26 08:50:26", "2014-03-26 08:53:01", nospace
"2014-03-26 08:55:34", "2014-03-26 09:00:42", nospace
"2014-03-26 09:10:56", "2014-03-26 09:21:12", nospace
"2014-03-26 09:22:56", "2014-03-26 09:32:59", nospace
"2014-03-26 13:18:06", "2014-03-26 13:20:41", nospace
"2014-03-26 13:28:24", "2014-03-26 13:31:00", nospace
"2014-03-27 00:46:52", "2014-03-27 00:49:24", nospace
"2014-03-27 00:54:33", "2014-03-27 01:04:54", nospace
"2014-03-27 16:44:46", "2014-03-27 16:57:38", nobike
"2014-03-28 08:25:33", "2014-03-28 08:30:46", nospace
"2014-03-28 08:41:12", "2014-03-28 08:48:57", nospace
"2014-03-28 09:35:33", "2014-03-28 09:38:09", nospace
"2014-03-29 06:46:21", "2014-03-29 07:10:01", nospace
"2014-03-29 07:46:24", "2014-03-29 08:00:31", nospace
"2014-03-29 08:16:07", "2014-03-29 08:26:33", nospace
"2014-03-29 08:51:08", "2014-03-29 08:53:43", nospace
"2014-03-29 09:01:31", "2014-03-29 09:09:21", nospace
"2014-03-29 09:11:58", "2014-03-29 09:14:35", nospace
"2014-03-29 09:17:10", "2014-03-29 09:22:22", nospace
"2014-03-29 09:25:00", "2014-03-29 09:38:00", nospace
"2014-03-29 09:48:24", "2014-03-29 09:53:37", nospace
"2014-03-30 02:49:08", "2014-03-30 03:07:24", nospace
"2014-03-30 03:10:00", "2014-03-30 03:25:42", nospace
"2014-03-30 03:30:55", "2014-03-30 03:33:30", nospace
"2014-03-30 03:41:21", "2014-03-30 03:49:09", nospace
"2014-03-30 04:10:02", "2014-03-30 04:32:42", nospace
"2014-03-30 05:23:02", "2014-03-30 05:28:13", nospace
"2014-03-30 06:02:12", "2014-03-30 06:07:26", nospace
"2014-03-30 06:17:53", "2014-03-30 06:20:28", nospace
"2014-03-30 06:34:36", "2014-03-30 06:44:34", nospace
"2014-03-30 06:46:17", "2014-03-30 06:56:06", nospace
"2014-03-30 07:03:55", "2014-03-30 07:14:22", nospace
"2014-03-30 07:17:00", "2014-03-30 07:19:38", nospace
"2014-03-30 07:57:56", "2014-03-30 08:00:53", nospace
"2014-03-30 08:15:43", "2014-03-30 08:55:01", nospace
"2014-03-30 09:23:45", "2014-03-30 09:25:26", nospace
"2014-03-30 09:27:34", "2014-03-30 09:30:12", nospace
"2014-03-30 09:38:04", "2014-03-30 09:40:41", nospace
"2014-03-31 02:11:51", "2014-03-31 02:17:06", nospace
"2014-03-31 02:22:20", "2014-03-31 02:29:51", nospace
"2014-03-31 02:42:03", "2014-03-31 02:42:51", nospace
"2014-03-31 04:21:36", "2014-03-31 04:32:05", nospace
"2014-03-31 04:51:35", "2014-03-31 04:56:51", nospace
"2014-03-31 05:04:43", "2014-03-31 05:12:35", nospace
"2014-03-31 05:16:05", "2014-03-31 05:40:05", nospace
"2014-04-01 05:08:44", "2014-04-01 05:24:33", nospace
"2014-04-01 05:27:11", "2014-04-01 05:38:18", nospace
"2014-04-01 05:43:29", "2014-04-01 05:51:09", nospace
"2014-04-01 07:16:48", "2014-04-01 07:19:27", nospace
"2014-04-01 07:24:43", "2014-04-01 07:27:22", nospace
"2014-04-01 07:42:12", "2014-04-01 07:47:27", nospace
"2014-04-01 08:34:52", "2014-04-01 08:48:03", nospace
"2014-04-01 08:55:58", "2014-04-01 09:06:33", nospace
"2014-04-01 12:52:59", "2014-04-01 12:55:52", nospace
"2014-04-02 00:11:01", "2014-04-02 00:26:52", nospace
"2014-04-02 00:29:31", "2014-04-02 01:19:42", nospace
"2014-04-02 01:56:43", "2014-04-02 02:17:53", nospace
"2014-04-02 02:31:06", "2014-04-02 03:10:48", nospace
"2014-04-02 03:18:46", "2014-04-02 03:24:02", nospace
"2014-04-02 03:26:41", "2014-04-02 03:53:09", nospace
"2014-04-02 04:03:45", "2014-04-02 04:17:27", nospace
"2014-04-02 04:20:23", "2014-04-02 04:22:29", nospace
"2014-04-02 05:14:08", "2014-04-02 05:28:31", nospace
"2014-04-02 05:33:50", "2014-04-02 05:44:26", nospace
"2014-04-02 05:47:05", "2014-04-02 05:49:44", nospace
"2014-04-02 06:13:33", "2014-04-02 06:21:29", nospace
"2014-04-02 06:33:48", "2014-04-02 06:43:33", nospace
"2014-04-02 06:44:34", "2014-04-02 06:54:29", nospace
"2014-04-02 07:19:17", "2014-04-02 07:53:28", nospace
"2014-04-02 08:06:45", "2014-04-02 08:14:42", nospace
"2014-04-03 00:50:32", "2014-04-03 00:58:30", nospace
"2014-04-03 01:01:08", "2014-04-03 01:06:28", nospace
"2014-04-03 01:09:07", "2014-04-03 01:21:00", nospace
"2014-04-03 01:23:39", "2014-04-03 01:39:35", nospace
"2014-04-03 07:06:53", "2014-04-03 07:09:32", nospace
"2014-04-03 15:49:06", "2014-04-03 16:07:41", nobike
"2014-04-04 04:08:29", "2014-04-04 04:31:12", nospace
"2014-04-04 04:34:38", "2014-04-04 04:47:32", nospace
"2014-04-04 04:50:12", "2014-04-04 05:00:52", nospace
"2014-04-04 06:13:03", "2014-04-04 06:36:38", nospace
"2014-04-04 07:02:54", "2014-04-04 07:16:15", nospace
"2014-04-04 07:18:55", "2014-04-04 07:21:35", nospace
"2014-04-04 07:56:20", "2014-04-04 08:01:40", nospace
"2014-04-04 08:07:00", "2014-04-04 08:28:27", nospace
"2014-04-04 08:47:11", "2014-04-04 08:55:10", nospace
"2014-04-04 09:00:30", "2014-04-04 09:03:10", nospace
"2014-04-04 09:05:48", "2014-04-04 09:13:48", nospace
"2014-04-05 05:35:27", "2014-04-05 05:46:12", nospace
"2014-04-05 05:48:53", "2014-04-05 05:54:14", nospace
"2014-04-05 06:26:48", "2014-04-05 06:32:08", nospace
"2014-04-05 06:33:56", "2014-04-05 06:39:20", nospace
"2014-04-05 06:48:30", "2014-04-05 06:59:03", nospace
"2014-04-05 07:04:46", "2014-04-05 07:13:14", nospace
"2014-04-05 07:19:54", "2014-04-05 07:22:36", nospace
"2014-04-05 07:33:23", "2014-04-05 07:36:04", nospace
"2014-04-05 07:38:45", "2014-04-05 07:52:07", nospace
"2014-04-05 08:00:09", "2014-04-05 08:18:58", nospace
"2014-04-05 08:35:04", "2014-04-05 08:40:27", nospace
"2014-04-05 08:43:08", "2014-04-05 08:53:50", nospace
"2014-04-05 09:36:48", "2014-04-05 09:39:31", nospace
"2014-04-05 09:44:52", "2014-04-05 09:52:55", nospace
"2014-04-05 09:55:37", "2014-04-05 10:14:21", nospace
"2014-04-05 10:17:03", "2014-04-05 10:22:27", nospace
"2014-04-05 10:38:36", "2014-04-05 10:46:38", nospace
"2014-04-05 10:49:19", "2014-04-05 10:52:00", nospace
"2014-04-05 15:11:27", "2014-04-05 15:19:28", nobike
"2014-04-06 06:13:21", "2014-04-06 06:14:13", nospace
"2014-04-06 06:41:54", "2014-04-06 06:44:36", nospace
"2014-04-06 07:34:30", "2014-04-06 07:50:39", nospace
"2014-04-06 07:53:21", "2014-04-06 08:02:49", nospace
"2014-04-07 16:59:34", "2014-04-07 21:53:09", nospace
"2014-04-08 01:34:28", "2014-04-08 02:03:55", nospace
"2014-04-08 02:13:04", "2014-04-08 02:15:01", nospace
"2014-04-09 14:46:41", "2014-04-09 15:11:13", nobike
"2014-04-10 01:42:08", "2014-04-10 01:50:19", nospace
"2014-04-10 02:01:15", "2014-04-10 02:03:58", nospace
"2014-04-11 06:01:25", "2014-04-11 06:04:10", nospace
"2014-04-11 06:17:53", "2014-04-11 06:20:37", nospace
"2014-04-11 07:54:19", "2014-04-11 07:59:48", nospace
"2014-04-11 08:43:41", "2014-04-11 08:46:25", nospace
"2014-04-11 09:16:37", "2014-04-11 09:22:07", nospace
"2014-04-11 21:24:35", "2014-04-11 21:46:37", nobike
"2014-04-12 07:59:57", "2014-04-12 08:05:28", nospace
"2014-04-12 08:13:42", "2014-04-12 08:35:47", nospace
"2014-04-12 08:46:48", "2014-04-12 08:57:48", nospace
"2014-04-12 09:03:20", "2014-04-12 09:08:51", nospace
"2014-04-12 09:11:36", "2014-04-12 09:26:32", nospace
"2014-04-12 09:28:00", "2014-04-12 09:40:45", nospace
"2014-04-12 09:43:31", "2014-04-12 09:51:46", nospace
"2014-04-12 09:54:33", "2014-04-12 10:05:46", nospace
"2014-04-12 16:14:35", "2014-04-12 16:17:19", nobike
"2014-04-12 17:05:48", "2014-04-12 17:14:04", nobike
"2014-04-13 05:12:20", "2014-04-13 05:15:07", nospace
"2014-04-13 05:17:53", "2014-04-13 05:20:39", nospace
"2014-04-13 05:31:43", "2014-04-13 05:42:46", nospace
"2014-04-13 05:47:06", "2014-04-13 05:51:08", nospace
"2014-04-13 05:56:37", "2014-04-13 06:06:06", nospace
"2014-04-13 07:12:07", "2014-04-13 07:14:53", nospace
"2014-04-13 07:25:56", "2014-04-13 07:28:42", nospace
"2014-04-13 07:39:44", "2014-04-13 07:59:03", nospace
"2014-04-13 08:15:40", "2014-04-13 08:59:56", nospace
"2014-04-13 09:11:01", "2014-04-13 09:27:24", nospace
"2014-04-13 09:35:14", "2014-04-13 09:43:55", nospace
"2014-04-13 09:48:39", "2014-04-13 09:59:44", nospace
"2014-04-13 10:19:05", "2014-04-13 10:35:38", nospace
"2014-04-14 14:15:50", "2014-04-14 14:21:23", nobike
"2014-04-15 00:39:00", "2014-04-15 00:52:55", nospace
"2014-04-15 06:32:13", "2014-04-15 06:38:07", nospace
"2014-04-15 06:43:42", "2014-04-15 07:00:24", nospace
"2014-04-15 07:08:46", "2014-04-15 07:11:34", nospace
"2014-04-15 07:31:03", "2014-04-15 07:33:49", nospace
"2014-04-15 07:42:10", "2014-04-15 07:47:45", nospace
"2014-04-15 07:53:19", "2014-04-15 08:04:27", nospace
"2014-04-15 08:07:15", "2014-04-15 08:12:50", nospace
"2014-04-16 00:35:27", "2014-04-16 00:43:49", nospace
"2014-04-16 01:03:21", "2014-04-16 01:06:09", nospace
"2014-04-16 01:25:43", "2014-04-16 01:31:17", nospace
"2014-04-16 01:34:05", "2014-04-16 01:36:52", nospace
"2014-04-16 01:39:40", "2014-04-16 01:48:04", nospace
"2014-04-16 02:24:23", "2014-04-16 02:52:20", nospace
"2014-04-17 01:22:08", "2014-04-17 01:24:57", nospace
"2014-04-17 01:27:45", "2014-04-17 01:30:34", nospace
"2014-04-17 01:33:22", "2014-04-17 01:44:34", nospace
"2014-04-18 01:39:26", "2014-04-18 02:01:39", nospace
"2014-04-18 02:12:17", "2014-04-18 02:15:06", nospace
"2014-04-18 02:17:55", "2014-04-18 02:46:06", nospace
"2014-04-19 04:30:01", "2014-04-19 05:25:05", nospace
"2014-04-19 05:42:45", "2014-04-19 05:58:12", nospace
"2014-04-19 06:01:02", "2014-04-19 06:08:48", nospace
"2014-04-19 06:17:09", "2014-04-19 06:25:44", nospace
"2014-04-19 06:28:34", "2014-04-19 06:34:30", nospace
"2014-04-19 06:37:24", "2014-04-19 06:40:13", nospace
"2014-04-19 06:43:02", "2014-04-19 06:51:30", nospace
"2014-04-19 06:57:09", "2014-04-19 07:02:48", nospace
"2014-04-19 07:05:38", "2014-04-19 07:14:09", nospace
"2014-04-19 07:22:38", "2014-04-19 07:31:07", nospace
"2014-04-19 07:33:57", "2014-04-19 07:42:27", nospace
"2014-04-19 08:16:32", "2014-04-19 08:21:14", nospace
"2014-04-19 08:24:06", "2014-04-19 08:29:45", nospace
"2014-04-19 08:46:47", "2014-04-19 08:58:04", nospace
"2014-04-19 09:00:54", "2014-04-19 09:03:45", nospace
"2014-04-19 09:17:55", "2014-04-19 09:20:20", nospace
"2014-04-19 09:23:30", "2014-04-19 09:30:16", nospace
"2014-04-19 09:39:51", "2014-04-19 09:51:11", nospace
"2014-04-19 09:54:02", "2014-04-19 09:56:52", nospace
"2014-04-19 16:57:44", "2014-04-19 17:14:44", nobike
"2014-04-20 05:29:42", "2014-04-20 05:38:14", nospace
"2014-04-20 06:29:23", "2014-04-20 06:32:13", nospace
"2014-04-20 07:47:37", "2014-04-20 07:50:48", nospace
"2014-04-20 07:59:41", "2014-04-20 08:02:32", nospace
"2014-04-20 08:22:24", "2014-04-20 08:41:17", nospace
"2014-04-20 08:44:07", "2014-04-20 09:01:10", nospace
"2014-04-20 09:28:37", "2014-04-20 09:31:27", nospace
"2014-04-20 09:34:17", "2014-04-20 09:39:57", nospace
"2014-04-22 23:56:43", "2014-04-23 00:02:26", nospace
"2014-04-23 00:11:02", "2014-04-23 00:28:14", nospace
"2014-04-23 03:00:54", "2014-04-23 03:12:21", nospace
"2014-04-23 03:21:49", "2014-04-23 03:23:25", nospace
"2014-04-25 10:35:54", "2014-04-25 10:50:23", nobike
"2014-04-26 02:08:27", "2014-04-26 02:15:11", nospace
"2014-04-26 02:25:03", "2014-04-26 02:36:39", nospace
"2014-04-26 02:42:27", "2014-04-26 02:54:00", nospace
"2014-04-26 02:56:53", "2014-04-26 03:08:27", nospace
"2014-04-26 03:59:20", "2014-04-26 04:02:41", nospace
"2014-04-26 04:25:53", "2014-04-26 04:34:33", nospace
"2014-04-26 05:16:15", "2014-04-26 05:28:48", nospace
"2014-04-26 05:52:02", "2014-04-26 06:06:31", nospace
"2014-04-26 06:15:13", "2014-04-26 06:26:55", nospace
"2014-04-26 06:29:49", "2014-04-26 06:32:43", nospace
"2014-04-26 06:35:58", "2014-04-26 06:44:43", nospace
"2014-04-26 07:10:50", "2014-04-26 07:14:44", nospace
"2014-04-26 07:17:57", "2014-04-26 07:24:45", nospace
"2014-04-26 07:41:56", "2014-04-26 07:44:49", nospace
"2014-04-26 07:53:32", "2014-04-26 07:56:26", nospace
"2014-04-26 15:13:19", "2014-04-26 15:25:18", nobike
"2014-04-27 03:24:34", "2014-04-27 03:39:06", nospace
"2014-04-27 03:42:00", "2014-04-27 03:50:45", nospace
"2014-04-27 04:14:00", "2014-04-27 04:16:54", nospace
"2014-04-27 04:45:06", "2014-04-27 04:48:00", nospace
"2014-04-27 04:53:49", "2014-04-27 04:59:38", nospace
"2014-04-27 08:31:04", "2014-04-27 08:33:59", nospace
"2014-04-27 08:39:49", "2014-04-27 08:51:31", nospace
"2014-04-27 08:54:27", "2014-04-27 09:00:15", nospace
"2014-04-27 15:30:33", "2014-04-27 15:36:24", nobike
"2014-04-27 15:45:08", "2014-04-27 15:53:54", nobike
"2014-04-28 01:47:13", "2014-04-28 02:15:37", nospace
"2014-04-28 02:30:19", "2014-04-28 03:05:21", nospace
"2014-04-28 14:17:47", "2014-04-28 14:26:19", nobike
"2014-04-29 00:27:55", "2014-04-29 00:30:51", nospace
"2014-04-30 00:24:14", "2014-04-30 00:38:57", nospace
"2014-05-02 00:36:24", "2014-05-02 00:51:08", nospace
"2014-05-03 04:40:50", "2014-05-03 04:43:48", nospace
"2014-05-03 07:59:00", "2014-05-03 08:01:58", nospace
"2014-05-03 08:11:45", "2014-05-03 08:13:54", nospace
"2014-05-03 08:16:18", "2014-05-03 08:19:17", nospace
"2014-05-03 08:28:11", "2014-05-03 08:37:08", nospace
"2014-05-03 08:40:06", "2014-05-03 09:12:51", nospace
"2014-05-03 14:30:17", "2014-05-03 14:45:11", nobike
"2014-05-03 16:05:32", "2014-05-03 16:08:31", nobike
"2014-05-03 16:11:29", "2014-05-03 16:23:24", nobike
"2014-05-05 09:53:47", "2014-05-05 10:29:39", nobike
"2014-05-06 11:03:49", "2014-05-06 11:09:48", nobike
"2014-05-08 02:53:19", "2014-05-08 02:56:20", nospace
"2014-05-08 03:02:22", "2014-05-08 03:20:30", nospace
"2014-05-08 03:29:33", "2014-05-08 03:41:38", nospace
"2014-05-08 03:44:38", "2014-05-08 03:50:41", nospace
"2014-05-08 03:59:45", "2014-05-08 04:02:46", nospace
"2014-05-08 04:08:47", "2014-05-08 04:14:50", nospace
"2014-05-08 04:38:19", "2014-05-08 04:47:23", nospace
"2014-05-08 05:14:35", "2014-05-08 05:47:49", nospace
"2014-05-08 07:29:51", "2014-05-08 07:44:55", nospace
"2014-05-08 08:27:10", "2014-05-08 08:42:15", nospace
"2014-05-08 08:51:18", "2014-05-08 08:57:21", nospace
