"2013-11-28 05:28:55", "2013-11-28 05:31:52", nospace
"2013-11-28 06:22:53", "2013-11-28 06:28:48", nospace
"2013-11-28 10:10:46", "2013-11-28 10:16:41", nobike
"2013-11-28 10:22:59", "2013-11-28 10:25:57", nobike
"2013-11-28 10:31:53", "2013-11-28 10:46:40", nobike
"2013-11-28 11:46:43", "2013-11-28 12:07:48", nobike
"2013-11-28 12:43:46", "2013-11-28 12:46:43", nospace
"2013-11-28 23:16:44", "2013-11-29 00:13:46", nospace
"2013-11-29 00:16:45", "2013-11-29 00:19:43", nospace
"2013-11-29 00:37:56", "2013-11-29 00:40:54", nospace
"2013-11-29 00:52:52", "2013-11-29 00:55:51", nospace
"2013-11-29 00:58:51", "2013-11-29 01:07:50", nospace
"2013-11-29 01:13:50", "2013-11-29 01:19:51", nospace
"2013-11-29 01:25:51", "2013-11-29 01:28:50", nospace
"2013-11-29 01:37:49", "2013-11-29 01:43:49", nospace
"2013-11-29 01:46:48", "2013-11-29 01:58:46", nospace
"2013-11-29 02:10:42", "2013-11-29 02:40:59", nospace
"2013-11-29 03:19:52", "2013-11-29 03:28:52", nospace
"2013-11-29 03:34:51", "2013-11-29 03:49:46", nospace
"2013-11-29 03:55:43", "2013-11-29 04:13:58", nospace
"2013-11-29 04:16:57", "2013-11-29 04:19:56", nospace
"2013-11-29 04:22:55", "2013-11-29 04:28:53", nospace
"2013-11-29 04:40:51", "2013-11-29 04:46:49", nospace
"2013-11-29 04:52:49", "2013-11-29 05:01:47", nospace
"2013-11-29 05:04:47", "2013-11-29 05:19:44", nospace
"2013-11-29 05:46:58", "2013-11-29 05:52:56", nospace
"2013-11-29 06:04:52", "2013-11-29 06:10:49", nospace
"2013-11-29 06:52:53", "2013-11-29 07:01:51", nospace
"2013-11-29 07:04:49", "2013-11-29 07:13:48", nospace
"2013-11-29 08:37:51", "2013-11-29 08:40:51", nospace
"2013-11-29 13:10:46", "2013-11-29 13:31:44", nobike
"2013-11-29 13:37:44", "2013-11-29 13:40:44", nobike
"2013-11-29 13:46:43", "2013-11-29 13:55:42", nobike
"2013-11-29 14:07:41", "2013-11-29 14:11:01", nobike
"2013-11-29 14:26:01", "2013-11-29 14:35:00", nobike
"2013-11-30 01:38:02", "2013-11-30 01:52:44", nospace
"2013-11-30 01:55:44", "2013-11-30 02:04:48", nospace
"2013-11-30 02:10:50", "2013-11-30 02:13:51", nospace
"2013-11-30 02:25:53", "2013-11-30 02:46:59", nospace
"2013-11-30 05:41:03", "2013-11-30 05:52:47", nospace
"2013-11-30 06:01:52", "2013-11-30 06:04:53", nospace
"2013-11-30 07:52:47", "2013-11-30 07:55:49", nospace
"2013-11-30 08:16:47", "2013-11-30 08:19:48", nospace
"2013-11-30 09:58:54", "2013-11-30 10:11:00", nobike
"2013-11-30 10:23:04", "2013-11-30 10:26:05", nobike
"2013-11-30 10:32:05", "2013-11-30 10:34:43", nobike
"2013-11-30 10:37:44", "2013-11-30 11:01:56", nobike
"2013-11-30 11:17:02", "2013-11-30 11:31:45", nospace
"2013-11-30 11:34:48", "2013-11-30 12:10:44", nospace
"2013-11-30 12:13:46", "2013-11-30 12:16:47", nospace
"2013-11-30 14:34:47", "2013-11-30 14:37:48", nobike
"2013-11-30 14:40:49", "2013-11-30 14:46:52", nobike
"2013-12-01 01:38:00", "2013-12-01 01:44:05", nospace
"2013-12-01 04:19:50", "2013-12-01 04:28:59", nospace
"2013-12-01 04:32:01", "2013-12-01 04:35:05", nospace
"2013-12-01 04:46:58", "2013-12-01 04:58:47", nospace
"2013-12-01 05:01:52", "2013-12-01 05:28:57", nospace
"2013-12-01 06:16:51", "2013-12-01 06:29:08", nospace
"2013-12-01 06:41:07", "2013-12-01 06:49:57", nospace
"2013-12-01 07:01:50", "2013-12-01 07:14:05", nospace
"2013-12-01 07:22:54", "2013-12-01 08:07:48", nospace
"2013-12-01 08:10:53", "2013-12-01 08:20:03", nospace
"2013-12-01 08:23:06", "2013-12-01 08:26:09", nospace
"2013-12-01 08:46:48", "2013-12-01 08:49:50", nospace
"2013-12-01 09:02:05", "2013-12-01 09:07:49", nospace
"2013-12-01 10:22:48", "2013-12-01 10:38:03", nobike
"2013-12-01 12:22:59", "2013-12-01 12:26:02", nobike
"2013-12-01 13:58:50", "2013-12-01 14:01:54", nobike
"2013-12-01 14:08:01", "2013-12-01 14:11:04", nobike
"2013-12-02 13:35:03", "2013-12-02 14:02:07", nobike
"2013-12-03 01:32:13", "2013-12-03 01:53:11", nospace
"2013-12-03 02:23:12", "2013-12-03 02:56:15", nospace
"2013-12-03 03:53:12", "2013-12-03 04:37:54", nospace
"2013-12-03 05:07:57", "2013-12-03 05:25:56", nospace
"2013-12-03 05:29:05", "2013-12-03 05:50:10", nospace
"2013-12-03 05:52:54", "2013-12-03 06:08:12", nospace
"2013-12-03 06:10:55", "2013-12-03 06:14:04", nospace
"2013-12-03 06:32:07", "2013-12-03 07:13:54", nospace
"2013-12-03 13:50:07", "2013-12-03 13:59:05", nobike
"2013-12-03 14:02:12", "2013-12-03 14:29:13", nobike
"2013-12-04 00:38:15", "2013-12-04 00:44:07", nospace
"2013-12-04 00:53:06", "2013-12-04 00:56:15", nospace
"2013-12-04 00:58:59", "2013-12-04 01:05:16", nospace
"2013-12-04 01:11:10", "2013-12-04 01:38:13", nospace
"2013-12-04 02:11:12", "2013-12-04 02:23:03", nospace
"2013-12-04 02:26:11", "2013-12-04 02:35:14", nospace
"2013-12-04 02:41:07", "2013-12-04 02:56:00", nospace
"2013-12-04 03:05:04", "2013-12-04 03:17:13", nospace
"2013-12-04 04:14:19", "2013-12-04 04:17:06", nospace
"2013-12-04 04:20:16", "2013-12-04 04:37:59", nospace
"2013-12-04 05:56:13", "2013-12-04 06:05:17", nospace
"2013-12-04 06:11:12", "2013-12-04 06:41:19", nospace
"2013-12-04 07:05:16", "2013-12-04 07:17:04", nospace
"2013-12-04 07:20:13", "2013-12-04 07:32:00", nospace
"2013-12-04 07:35:09", "2013-12-04 07:41:06", nospace
"2013-12-04 07:44:15", "2013-12-04 07:59:12", nospace
"2013-12-04 08:02:19", "2013-12-04 08:10:57", nospace
"2013-12-04 08:14:06", "2013-12-04 08:17:16", nospace
"2013-12-04 08:20:02", "2013-12-04 08:23:11", nospace
"2013-12-04 08:32:13", "2013-12-04 08:35:00", nospace
"2013-12-04 10:17:00", "2013-12-04 10:22:58", nobike
"2013-12-04 10:26:07", "2013-12-04 10:41:03", nobike
"2013-12-04 10:44:12", "2013-12-04 10:59:11", nobike
"2013-12-05 05:05:14", "2013-12-05 05:20:02", nospace
"2013-12-05 05:44:01", "2013-12-05 05:59:16", nospace
"2013-12-05 06:02:04", "2013-12-05 06:20:06", nospace
"2013-12-05 07:08:18", "2013-12-05 07:17:05", nospace
"2013-12-05 07:20:16", "2013-12-05 07:26:14", nospace
"2013-12-05 07:50:01", "2013-12-05 07:56:20", nospace
"2013-12-05 08:08:21", "2013-12-05 08:17:08", nospace
"2013-12-05 14:17:04", "2013-12-05 14:32:21", nobike
"2013-12-05 23:29:18", "2013-12-05 23:32:07", nospace
"2013-12-05 23:35:21", "2013-12-05 23:38:11", nospace
"2013-12-05 23:41:25", "2013-12-05 23:59:19", nospace
"2013-12-06 00:02:09", "2013-12-06 00:08:17", nospace
"2013-12-06 00:41:09", "2013-12-06 01:11:16", nospace
"2013-12-06 01:38:10", "2013-12-06 01:47:09", nospace
"2013-12-06 01:50:24", "2013-12-06 02:08:24", nospace
"2013-12-06 02:11:15", "2013-12-06 02:23:13", nospace
"2013-12-06 02:26:05", "2013-12-06 02:32:13", nospace
"2013-12-06 03:56:21", "2013-12-06 04:02:06", nospace
"2013-12-06 06:11:22", "2013-12-06 06:14:15", nospace
"2013-12-06 06:50:12", "2013-12-06 06:59:19", nospace
"2013-12-06 10:35:18", "2013-12-06 10:47:11", nobike
"2013-12-06 10:50:26", "2013-12-06 11:23:10", nobike
"2013-12-06 11:56:23", "2013-12-06 11:59:16", nospace
"2013-12-06 14:38:17", "2013-12-06 14:47:21", nobike
"2013-12-07 00:11:14", "2013-12-07 00:23:14", nospace
"2013-12-07 00:26:09", "2013-12-07 00:44:25", nospace
"2013-12-07 00:47:22", "2013-12-07 00:56:08", nospace
"2013-12-07 01:29:29", "2013-12-07 01:41:08", nospace
"2013-12-07 02:05:16", "2013-12-07 02:11:30", nospace
"2013-12-07 05:05:30", "2013-12-07 05:08:26", nospace
"2013-12-07 06:47:26", "2013-12-07 06:50:20", nospace
"2013-12-07 06:53:32", "2013-12-07 06:59:25", nospace
"2013-12-07 07:02:21", "2013-12-07 07:17:19", nospace
"2013-12-07 07:20:15", "2013-12-07 07:23:10", nospace
"2013-12-07 07:26:27", "2013-12-07 07:38:11", nospace
"2013-12-07 07:41:30", "2013-12-07 08:11:10", nospace
"2013-12-07 08:14:30", "2013-12-07 08:26:08", nospace
"2013-12-07 08:59:31", "2013-12-07 09:02:24", nospace
"2013-12-07 10:53:23", "2013-12-07 10:56:17", nobike
"2013-12-07 11:02:31", "2013-12-07 11:05:27", nobike
"2013-12-07 11:26:19", "2013-12-07 11:32:09", nobike
"2013-12-08 01:20:18", "2013-12-08 01:26:26", nospace
"2013-12-08 01:29:31", "2013-12-08 01:38:19", nospace
"2013-12-08 01:53:10", "2013-12-08 02:11:29", nospace
"2013-12-08 03:26:17", "2013-12-08 03:35:35", nospace
"2013-12-08 03:59:19", "2013-12-08 04:08:33", nospace
"2013-12-08 04:11:32", "2013-12-08 04:17:11", nospace
"2013-12-08 04:35:35", "2013-12-08 04:47:30", nospace
"2013-12-08 04:53:15", "2013-12-08 05:02:28", nospace
"2013-12-08 05:05:32", "2013-12-08 05:08:12", nospace
"2013-12-08 05:20:35", "2013-12-08 05:35:35", nospace
"2013-12-08 05:38:11", "2013-12-08 05:47:22", nospace
"2013-12-08 05:50:29", "2013-12-08 05:56:17", nospace
"2013-12-08 05:59:22", "2013-12-08 06:02:24", nospace
"2013-12-08 06:05:30", "2013-12-08 06:35:57", nospace
"2013-12-08 06:38:37", "2013-12-08 07:05:27", nospace
"2013-12-08 07:32:15", "2013-12-08 07:56:12", nospace
"2013-12-08 08:05:31", "2013-12-08 08:14:17", nospace
"2013-12-08 08:20:19", "2013-12-08 09:02:26", nospace
"2013-12-08 09:05:13", "2013-12-08 09:26:22", nospace
"2013-12-08 09:32:21", "2013-12-08 09:44:13", nospace
"2013-12-08 11:02:29", "2013-12-08 11:08:19", nospace
"2013-12-08 11:11:24", "2013-12-08 11:23:34", nospace
"2013-12-08 11:26:13", "2013-12-08 11:38:20", nospace
"2013-12-08 11:59:32", "2013-12-08 12:02:13", nospace
"2013-12-08 12:08:28", "2013-12-08 12:14:22", nospace
"2013-12-08 12:53:17", "2013-12-08 12:56:26", nospace
"2013-12-08 23:50:37", "2013-12-08 23:53:20", nospace
"2013-12-08 23:56:30", "2013-12-09 00:08:25", nospace
"2013-12-09 01:20:29", "2013-12-09 01:23:34", nospace
"2013-12-09 01:26:20", "2013-12-09 01:50:39", nospace
"2013-12-09 02:59:17", "2013-12-09 03:11:25", nospace
"2013-12-09 03:26:26", "2013-12-09 04:05:35", nospace
"2013-12-09 04:08:15", "2013-12-09 04:32:38", nospace
"2013-12-09 05:08:30", "2013-12-09 05:14:23", nospace
"2013-12-09 05:26:36", "2013-12-09 05:32:33", nospace
"2013-12-09 05:56:15", "2013-12-09 05:59:27", nospace
"2013-12-09 06:02:37", "2013-12-09 06:05:21", nospace
"2013-12-09 06:08:32", "2013-12-09 06:32:37", nospace
"2013-12-09 08:11:34", "2013-12-09 08:14:40", nospace
"2013-12-09 08:17:35", "2013-12-09 08:20:20", nospace
"2013-12-09 08:23:40", "2013-12-09 08:26:28", nospace
"2013-12-09 11:23:17", "2013-12-09 11:32:36", nobike
"2013-12-09 11:44:31", "2013-12-09 11:50:44", nospace
"2013-12-09 14:17:37", "2013-12-09 14:47:42", nobike
"2013-12-10 01:50:34", "2013-12-10 02:11:47", nospace
"2013-12-10 02:17:36", "2013-12-10 02:26:31", nospace
"2013-12-10 02:29:42", "2013-12-10 02:38:38", nospace
"2013-12-10 02:41:48", "2013-12-10 02:44:26", nospace
"2013-12-10 03:17:46", "2013-12-10 03:23:36", nospace
"2013-12-10 03:53:46", "2013-12-10 04:08:36", nospace
"2013-12-10 04:44:26", "2013-12-10 04:53:40", nospace
"2013-12-10 05:17:37", "2013-12-10 05:38:20", nospace
"2013-12-10 05:53:49", "2013-12-10 05:56:29", nospace
"2013-12-10 10:26:50", "2013-12-10 10:29:39", nobike
"2013-12-10 10:32:29", "2013-12-10 10:38:40", nobike
"2013-12-10 11:08:18", "2013-12-10 11:11:31", nospace
"2013-12-10 11:14:45", "2013-12-10 11:26:44", nospace
"2013-12-10 13:29:24", "2013-12-10 13:32:47", nobike
"2013-12-11 05:53:44", "2013-12-11 06:02:25", nospace
"2013-12-11 06:20:45", "2013-12-11 06:23:38", nospace
"2013-12-11 06:29:36", "2013-12-11 06:35:34", nospace
"2013-12-11 07:20:56", "2013-12-11 07:35:58", nospace
"2013-12-11 11:50:31", "2013-12-11 12:11:39", nobike
"2013-12-11 12:17:53", "2013-12-11 12:20:57", nospace
"2013-12-11 12:26:33", "2013-12-11 12:29:40", nospace
"2013-12-11 12:38:25", "2013-12-11 12:41:31", nospace
"2013-12-11 12:53:56", "2013-12-11 12:56:26", nospace
"2013-12-12 02:11:42", "2013-12-12 02:20:33", nospace
"2013-12-12 02:23:40", "2013-12-12 02:50:39", nospace
"2013-12-12 03:47:25", "2013-12-12 03:53:43", nospace
"2013-12-12 04:08:52", "2013-12-12 04:17:42", nospace
"2013-12-12 04:26:31", "2013-12-12 04:36:01", nospace
"2013-12-12 04:41:39", "2013-12-12 04:59:58", nospace
"2013-12-12 05:11:58", "2013-12-12 05:17:40", nospace
"2013-12-12 05:41:35", "2013-12-12 05:44:43", nospace
"2013-12-12 05:47:52", "2013-12-12 05:50:59", nospace
"2013-12-12 05:53:30", "2013-12-12 06:05:34", nospace
"2013-12-12 07:14:42", "2013-12-12 07:17:56", nospace
"2013-12-12 07:20:32", "2013-12-12 07:23:47", nospace
"2013-12-12 07:44:41", "2013-12-12 07:56:25", nospace
"2013-12-12 07:59:40", "2013-12-12 08:08:48", nospace
"2013-12-12 08:38:44", "2013-12-12 08:47:49", nospace
"2013-12-12 08:56:48", "2013-12-12 08:59:46", nospace
"2013-12-12 10:50:52", "2013-12-12 11:11:41", nobike
"2013-12-12 11:14:55", "2013-12-12 11:20:47", nobike
"2013-12-12 13:32:29", "2013-12-12 14:20:50", nobike
"2013-12-12 14:24:03", "2013-12-12 14:29:55", nobike
"2013-12-13 09:30:03", "2013-12-13 10:11:47", nobike
"2013-12-13 14:11:54", "2013-12-13 14:14:39", nobike
"2013-12-13 14:18:06", "2013-12-13 14:27:01", nobike
"2013-12-13 14:32:29", "2013-12-13 14:38:38", nobike
"2013-12-14 07:57:07", "2013-12-14 08:06:12", nospace
"2013-12-14 08:09:00", "2013-12-14 08:14:38", nospace
"2013-12-15 14:44:40", "2013-12-15 14:47:42", nospace
"2013-12-15 14:53:45", "2013-12-15 14:56:42", nospace
"2013-12-15 16:03:16", "2013-12-15 16:32:53", nospace
"2013-12-15 16:38:48", "2013-12-15 16:41:46", nospace
"2013-12-15 19:02:41", "2013-12-15 21:32:48", nospace
"2013-12-15 21:41:44", "2013-12-15 22:15:16", nospace
"2013-12-15 22:17:48", "2013-12-15 22:23:46", nospace
"2013-12-15 23:42:19", "2013-12-16 00:00:12", nospace
"2013-12-16 00:06:09", "2013-12-16 00:09:07", nospace
"2013-12-16 00:18:04", "2013-12-16 00:30:00", nospace
"2013-12-16 00:38:56", "2013-12-16 00:44:53", nospace
"2013-12-16 00:53:49", "2013-12-16 00:59:46", nospace
"2013-12-16 01:11:40", "2013-12-16 01:17:38", nospace
"2013-12-16 01:20:57", "2013-12-16 01:39:16", nospace
"2013-12-16 01:48:14", "2013-12-16 01:54:12", nospace
"2013-12-16 02:06:11", "2013-12-16 02:12:09", nospace
"2013-12-16 02:18:07", "2013-12-16 02:30:04", nospace
"2013-12-16 03:45:01", "2013-12-16 03:50:59", nospace
"2013-12-16 04:02:57", "2013-12-16 04:05:57", nospace
"2013-12-16 04:14:56", "2013-12-16 04:32:51", nospace
"2013-12-16 04:47:44", "2013-12-16 04:53:56", nospace
"2013-12-16 04:56:56", "2013-12-16 05:05:55", nospace
"2013-12-16 05:08:57", "2013-12-16 05:32:49", nospace
"2013-12-16 05:35:48", "2013-12-16 05:44:47", nospace
"2013-12-16 10:03:20", "2013-12-16 10:05:39", nobike
"2013-12-17 23:21:18", "2013-12-17 23:38:48", nospace
"2013-12-17 23:41:57", "2013-12-17 23:48:20", nospace
"2013-12-17 23:57:03", "2013-12-18 00:15:24", nospace
"2013-12-18 00:17:47", "2013-12-18 00:27:21", nospace
"2013-12-18 00:32:55", "2013-12-18 00:39:10", nospace
"2013-12-18 00:42:22", "2013-12-18 00:59:58", nospace
"2013-12-18 01:02:48", "2013-12-18 01:11:54", nospace
"2013-12-18 01:15:19", "2013-12-18 01:24:13", nospace
"2013-12-18 01:33:06", "2013-12-18 01:48:25", nospace
"2013-12-18 01:57:16", "2013-12-18 02:14:57", nospace
"2013-12-18 02:23:49", "2013-12-18 02:42:20", nospace
"2013-12-18 02:56:47", "2013-12-18 03:03:07", nospace
"2013-12-18 03:15:13", "2013-12-18 03:48:09", nospace
"2013-12-18 05:38:58", "2013-12-18 05:42:13", nospace
"2013-12-18 06:08:49", "2013-12-18 06:18:30", nospace
"2013-12-19 10:14:53", "2013-12-19 10:18:15", nobike
"2013-12-19 10:27:32", "2013-12-19 10:41:49", nobike
"2013-12-19 10:45:10", "2013-12-19 10:48:34", nobike
"2013-12-19 10:51:05", "2013-12-19 10:57:00", nobike
"2013-12-19 14:53:51", "2013-12-19 14:57:09", nobike
"2013-12-19 15:00:28", "2013-12-19 15:03:01", nobike
"2013-12-22 04:48:23", "2013-12-22 05:06:48", nospace
"2013-12-22 05:15:12", "2013-12-22 05:39:26", nospace
"2013-12-22 05:42:14", "2013-12-22 06:00:36", nospace
"2013-12-22 06:12:39", "2013-12-22 06:21:00", nospace
"2013-12-22 06:27:34", "2013-12-22 06:39:41", nospace
"2013-12-22 06:48:15", "2013-12-22 06:53:59", nospace
"2013-12-22 07:00:31", "2013-12-22 07:15:20", nospace
"2013-12-22 07:24:38", "2013-12-22 07:36:43", nospace
"2013-12-22 07:54:25", "2013-12-22 07:57:12", nospace
"2013-12-22 08:09:17", "2013-12-22 08:15:49", nospace
"2013-12-22 08:33:29", "2013-12-22 08:39:05", nospace
"2013-12-22 09:24:06", "2013-12-22 09:30:29", nospace
"2013-12-22 12:48:33", "2013-12-22 12:51:21", nobike
"2013-12-25 11:03:30", "2013-12-25 11:09:25", nobike
"2013-12-26 10:54:47", "2013-12-26 11:24:50", nobike
"2013-12-26 11:27:58", "2013-12-26 12:15:17", nobike
"2013-12-27 04:16:06", "2013-12-27 04:21:16", nospace
"2013-12-27 04:24:23", "2013-12-27 04:36:50", nospace
"2013-12-27 04:48:18", "2013-12-27 04:52:07", nospace
"2013-12-27 10:15:25", "2013-12-27 10:45:29", nobike
"2013-12-27 10:48:38", "2013-12-27 11:04:12", nobike
"2013-12-27 15:24:57", "2013-12-27 15:28:00", nobike
"2013-12-28 10:15:50", "2013-12-28 10:19:02", nobike
"2013-12-28 10:22:08", "2013-12-28 10:25:21", nobike
"2013-12-28 10:30:43", "2013-12-28 10:37:12", nobike
"2013-12-28 10:42:33", "2013-12-28 10:49:00", nobike
"2013-12-28 11:15:48", "2013-12-28 11:27:37", nospace
"2013-12-29 06:36:26", "2013-12-29 06:42:56", nospace
"2013-12-29 06:51:36", "2013-12-29 07:10:26", nospace
"2013-12-29 12:09:23", "2013-12-29 12:22:22", nospace
"2013-12-29 12:31:03", "2013-12-29 12:36:26", nospace
"2013-12-29 23:54:44", "2013-12-30 00:01:16", nospace
"2013-12-30 00:24:54", "2013-12-30 00:36:28", nospace
"2013-12-30 00:39:45", "2013-12-30 00:48:28", nospace
"2013-12-30 01:36:31", "2013-12-30 01:39:47", nospace
"2013-12-30 01:55:01", "2013-12-30 02:39:37", nospace
"2013-12-30 10:16:24", "2013-12-30 10:18:36", nobike
"2013-12-30 10:25:13", "2013-12-30 10:30:43", nobike
"2013-12-30 10:34:00", "2013-12-30 11:01:19", nobike
"2013-12-30 11:49:19", "2013-12-30 11:51:30", nospace
"2013-12-30 14:07:24", "2013-12-30 14:16:16", nobike
"2013-12-30 14:18:29", "2013-12-30 14:28:28", nobike
"2013-12-30 14:30:42", "2013-12-30 14:34:01", nobike
"2013-12-30 14:37:20", "2013-12-30 14:51:37", nobike
"2013-12-31 02:04:23", "2013-12-31 02:06:37", nospace
"2013-12-31 02:15:33", "2013-12-31 02:25:24", nospace
"2013-12-31 11:58:17", "2013-12-31 12:00:32", nospace
"2013-12-31 12:09:51", "2013-12-31 12:34:12", nospace
"2013-12-31 15:21:36", "2013-12-31 15:48:40", nospace
"2013-12-31 17:15:42", "2013-12-31 17:24:39", nospace
"2013-12-31 18:37:05", "2013-12-31 18:49:31", nobike
"2014-01-01 03:42:47", "2014-01-01 03:54:34", nospace
"2014-01-01 03:57:59", "2014-01-01 04:16:06", nospace
"2014-01-01 04:21:48", "2014-01-01 04:28:38", nospace
"2014-01-01 04:30:53", "2014-01-01 04:48:59", nospace
"2014-01-01 05:03:40", "2014-01-01 05:28:31", nospace
"2014-01-01 05:30:47", "2014-01-01 06:13:06", nospace
"2014-01-01 06:15:45", "2014-01-01 06:24:50", nospace
"2014-01-01 06:52:35", "2014-01-01 06:54:53", nospace
"2014-01-01 07:07:37", "2014-01-01 07:13:24", nospace
"2014-01-01 07:19:10", "2014-01-01 07:22:39", nospace
"2014-01-01 07:24:58", "2014-01-01 07:30:47", nospace
"2014-01-01 07:40:04", "2014-01-01 07:45:51", nospace
"2014-01-01 07:51:34", "2014-01-01 08:01:00", nospace
"2014-01-01 08:06:48", "2014-01-01 08:10:17", nospace
"2014-01-01 10:54:46", "2014-01-01 11:00:53", nobike
"2014-01-01 11:04:01", "2014-01-01 11:07:28", nobike
"2014-01-01 11:13:15", "2014-01-01 11:19:03", nobike
"2014-01-01 11:28:18", "2014-01-01 11:34:03", nospace
"2014-01-01 11:37:30", "2014-01-01 11:45:35", nospace
"2014-01-01 12:07:29", "2014-01-01 12:09:47", nospace
"2014-01-02 11:07:11", "2014-01-02 11:49:36", nobike
"2014-01-03 01:57:59", "2014-01-03 02:01:29", nospace
"2014-01-03 02:24:58", "2014-01-03 02:30:47", nospace
"2014-01-03 03:07:06", "2014-01-03 03:12:59", nospace
"2014-01-03 03:31:45", "2014-01-03 03:49:18", nospace
"2014-01-03 03:51:41", "2014-01-03 04:01:03", nospace
"2014-01-03 04:04:34", "2014-01-03 04:06:54", nospace
"2014-01-03 04:49:37", "2014-01-03 04:51:58", nospace
"2014-01-03 04:55:29", "2014-01-03 04:57:44", nospace
"2014-01-03 05:04:47", "2014-01-03 05:07:10", nospace
"2014-01-03 05:22:25", "2014-01-03 05:43:33", nospace
"2014-01-03 05:51:46", "2014-01-03 06:04:41", nospace
"2014-01-03 11:37:17", "2014-01-03 11:49:07", nobike
"2014-01-03 14:37:22", "2014-01-03 14:43:18", nobike
"2014-01-04 01:52:07", "2014-01-04 01:55:42", nospace
"2014-01-04 01:58:04", "2014-01-04 02:01:39", nospace
"2014-01-04 03:57:45", "2014-01-04 04:21:58", nospace
"2014-01-04 04:27:59", "2014-01-04 04:37:32", nospace
"2014-01-04 05:34:49", "2014-01-04 06:16:08", nospace
"2014-01-04 08:33:53", "2014-01-04 08:39:56", nospace
"2014-01-04 10:07:11", "2014-01-04 10:10:48", nobike
"2014-01-04 10:16:51", "2014-01-04 10:22:54", nobike
"2014-01-04 10:25:19", "2014-01-04 10:55:47", nobike
"2014-01-04 10:57:52", "2014-01-04 11:07:33", nobike
"2014-01-04 23:36:59", "2014-01-04 23:40:38", nospace
"2014-01-04 23:55:15", "2014-01-05 00:25:09", nospace
"2014-01-05 04:16:34", "2014-01-05 04:19:01", nospace
"2014-01-05 04:45:48", "2014-01-05 04:55:28", nospace
"2014-01-05 04:57:54", "2014-01-05 05:19:50", nospace
"2014-01-05 05:40:34", "2014-01-05 06:12:49", nospace
"2014-01-05 06:16:29", "2014-01-05 06:25:02", nospace
"2014-01-05 06:40:16", "2014-01-05 06:44:00", nospace
"2014-01-05 06:46:28", "2014-01-05 07:10:02", nospace
"2014-01-05 07:16:11", "2014-01-05 07:22:24", nospace
"2014-01-05 07:34:45", "2014-01-05 07:37:14", nospace
"2014-01-05 07:43:23", "2014-01-05 07:52:00", nospace
"2014-01-05 08:01:51", "2014-01-05 08:04:17", nospace
"2014-01-05 13:40:57", "2014-01-05 13:45:54", nobike
"2014-01-06 11:34:58", "2014-01-06 11:37:27", nobike
"2014-01-06 11:52:30", "2014-01-06 11:58:46", nospace
"2014-01-06 12:01:20", "2014-01-06 13:10:02", nospace
"2014-01-07 05:52:52", "2014-01-07 06:01:37", nospace
"2014-01-07 06:58:43", "2014-01-07 07:01:17", nospace
"2014-01-07 07:05:02", "2014-01-07 07:16:24", nospace
"2014-01-07 13:58:03", "2014-01-07 14:04:21", nobike
"2014-01-07 14:16:58", "2014-01-07 14:28:26", nobike
"2014-01-07 14:34:18", "2014-01-07 14:55:35", nobike
"2014-01-08 00:34:19", "2014-01-08 00:49:32", nospace
"2014-01-08 01:19:58", "2014-01-08 01:22:30", nospace
"2014-01-08 01:25:02", "2014-01-08 01:52:56", nospace
"2014-01-08 01:55:28", "2014-01-08 02:04:22", nospace
"2014-01-08 02:10:41", "2014-01-08 02:17:02", nospace
"2014-01-08 02:22:06", "2014-01-08 02:28:22", nospace
"2014-01-08 03:01:18", "2014-01-08 03:07:39", nospace
"2014-01-08 03:47:01", "2014-01-08 03:49:33", nospace
"2014-01-08 03:52:06", "2014-01-08 03:55:54", nospace
"2014-01-08 05:55:16", "2014-01-08 06:04:12", nospace
"2014-01-09 12:01:25", "2014-01-09 12:17:02", nobike
"2014-01-10 00:56:13", "2014-01-10 00:58:48", nospace
"2014-01-10 01:01:26", "2014-01-10 01:35:08", nospace
"2014-01-10 01:40:19", "2014-01-10 02:01:03", nospace
"2014-01-10 02:04:56", "2014-01-10 02:14:01", nospace
"2014-01-10 02:34:46", "2014-01-10 02:37:23", nospace
"2014-01-10 02:46:29", "2014-01-10 03:07:17", nospace
"2014-01-10 03:13:48", "2014-01-10 03:16:24", nospace
"2014-01-10 03:28:23", "2014-01-10 03:37:14", nospace
"2014-01-10 03:50:13", "2014-01-10 03:59:18", nospace
"2014-01-10 04:34:24", "2014-01-10 04:43:31", nospace
"2014-01-10 04:46:08", "2014-01-10 04:52:36", nospace
"2014-01-10 05:04:18", "2014-01-10 05:17:08", nospace
"2014-01-10 05:22:20", "2014-01-10 05:31:27", nospace
"2014-01-10 05:43:09", "2014-01-10 05:52:14", nospace
"2014-01-10 11:10:35", "2014-01-10 11:17:10", nobike
"2014-01-10 11:19:50", "2014-01-10 11:40:56", nobike
"2014-01-10 13:55:22", "2014-01-10 14:13:49", nobike
"2014-01-10 14:16:28", "2014-01-10 14:22:10", nobike
"2014-01-10 14:28:14", "2014-01-10 14:40:14", nobike
"2014-01-11 01:01:39", "2014-01-11 01:16:16", nospace
"2014-01-11 01:25:34", "2014-01-11 01:34:51", nospace
"2014-01-11 01:40:13", "2014-01-11 01:56:04", nospace
"2014-01-11 03:31:28", "2014-01-11 03:47:20", nospace
"2014-01-11 04:49:55", "2014-01-11 04:52:34", nospace
"2014-01-11 05:55:11", "2014-01-11 05:59:11", nospace
"2014-01-11 06:20:24", "2014-01-11 06:32:22", nospace
"2014-01-11 06:44:17", "2014-01-11 06:49:35", nospace
"2014-01-11 06:55:20", "2014-01-11 06:59:22", nospace
"2014-01-11 07:22:14", "2014-01-11 07:43:42", nospace
"2014-01-11 07:46:23", "2014-01-11 07:53:06", nospace
"2014-01-11 08:05:13", "2014-01-11 08:07:55", nospace
"2014-01-11 08:17:20", "2014-01-11 08:20:01", nospace
"2014-01-11 08:25:24", "2014-01-11 08:34:48", nospace
"2014-01-11 08:37:30", "2014-01-11 08:40:12", nospace
"2014-01-11 08:44:13", "2014-01-11 09:26:00", nospace
"2014-01-11 10:25:12", "2014-01-11 10:34:36", nobike
"2014-01-11 11:22:31", "2014-01-11 11:25:12", nospace
"2014-01-11 13:47:11", "2014-01-11 13:52:35", nobike
"2014-01-12 02:07:17", "2014-01-12 02:11:17", nospace
"2014-01-12 02:19:19", "2014-01-12 02:23:20", nospace
"2014-01-12 02:35:22", "2014-01-12 02:58:14", nospace
"2014-01-12 03:37:10", "2014-01-12 03:43:51", nospace
"2014-01-12 04:16:16", "2014-01-12 04:28:21", nospace
"2014-01-12 04:32:22", "2014-01-12 04:40:25", nospace
"2014-01-12 04:44:24", "2014-01-12 04:47:06", nospace
"2014-01-12 06:19:46", "2014-01-12 06:22:29", nospace
"2014-01-12 06:31:55", "2014-01-12 06:34:35", nospace
"2014-01-12 06:47:11", "2014-01-12 07:02:09", nospace
"2014-01-12 07:04:39", "2014-01-12 07:07:39", nospace
"2014-01-12 07:10:10", "2014-01-12 07:16:27", nospace
"2014-01-12 08:37:19", "2014-01-12 08:44:07", nospace
"2014-01-12 10:16:39", "2014-01-12 10:28:54", nobike
"2014-01-12 10:31:35", "2014-01-12 10:41:06", nobike
"2014-01-12 11:47:01", "2014-01-12 12:26:42", nospace
"2014-01-13 01:46:17", "2014-01-13 02:16:32", nospace
"2014-01-13 02:46:18", "2014-01-13 03:02:15", nospace
"2014-01-13 04:07:43", "2014-01-13 04:14:29", nospace
"2014-01-13 10:05:26", "2014-01-13 10:10:58", nobike
"2014-01-13 10:41:20", "2014-01-13 10:44:05", nobike
"2014-01-14 10:32:32", "2014-01-14 11:11:20", nobike
"2014-01-14 11:19:37", "2014-01-14 11:29:19", nobike
"2014-01-14 11:34:52", "2014-01-14 11:44:34", nobike
"2014-01-14 13:59:08", "2014-01-14 14:14:05", nobike
"2014-01-14 14:16:45", "2014-01-14 14:21:10", nobike
"2014-01-14 14:23:06", "2014-01-14 14:35:24", nobike
"2014-01-14 14:38:10", "2014-01-14 14:40:57", nobike
"2014-01-15 11:16:48", "2014-01-15 11:31:26", nobike
"2014-01-15 11:35:34", "2014-01-15 11:38:24", nobike
"2014-01-15 12:22:25", "2014-01-15 12:32:18", nospace
"2014-01-16 10:17:06", "2014-01-16 10:22:46", nobike
"2014-01-16 10:28:27", "2014-01-16 10:41:04", nobike
"2014-01-16 11:20:33", "2014-01-16 11:23:24", nospace
"2014-01-16 14:04:54", "2014-01-16 14:10:35", nobike
"2014-01-16 14:13:25", "2014-01-16 14:26:13", nobike
"2014-01-16 23:50:03", "2014-01-16 23:52:54", nospace
"2014-01-16 23:59:42", "2014-01-17 00:14:13", nospace
"2014-01-17 00:21:09", "2014-01-17 00:32:06", nospace
"2014-01-17 00:41:20", "2014-01-17 00:44:10", nospace
"2014-01-17 01:20:12", "2014-01-17 01:25:53", nospace
"2014-01-17 05:49:46", "2014-01-17 05:52:49", nospace
"2014-01-17 06:47:57", "2014-01-17 06:49:52", nospace
"2014-01-17 10:05:26", "2014-01-17 10:19:55", nobike
"2014-01-17 10:22:35", "2014-01-17 10:25:47", nobike
"2014-01-17 10:29:45", "2014-01-17 10:41:13", nobike
"2014-01-17 10:46:56", "2014-01-17 10:52:41", nobike
"2014-01-17 14:44:47", "2014-01-17 14:53:25", nobike
"2014-01-17 14:56:18", "2014-01-17 15:07:32", nobike
"2014-01-18 06:26:04", "2014-01-18 06:28:32", nospace
"2014-01-18 06:59:24", "2014-01-18 07:05:14", nospace
"2014-01-18 07:10:36", "2014-01-18 07:18:17", nospace
"2014-01-18 07:29:34", "2014-01-18 07:35:19", nospace
"2014-01-18 07:38:11", "2014-01-18 07:49:48", nospace
"2014-01-18 08:38:54", "2014-01-18 08:41:48", nospace
"2014-01-18 10:28:38", "2014-01-18 10:35:52", nobike
"2014-01-18 11:14:21", "2014-01-18 11:23:01", nospace
"2014-01-19 04:32:24", "2014-01-19 04:35:19", nospace
"2014-01-19 04:47:02", "2014-01-19 04:49:57", nospace
"2014-01-19 05:07:36", "2014-01-19 05:39:01", nospace
"2014-01-19 05:44:52", "2014-01-19 06:05:16", nospace
"2014-01-19 06:11:08", "2014-01-19 06:41:52", nospace
"2014-01-19 07:10:47", "2014-01-19 07:13:43", nospace
"2014-01-19 08:11:09", "2014-01-19 08:31:49", nospace
"2014-01-19 08:34:46", "2014-01-19 08:37:41", nospace
"2014-01-19 08:41:40", "2014-01-19 08:43:40", nospace
"2014-01-19 08:50:39", "2014-01-19 08:56:35", nospace
"2014-01-19 09:05:25", "2014-01-19 09:08:23", nospace
"2014-01-19 14:02:58", "2014-01-19 14:17:43", nobike
"2014-01-20 05:02:06", "2014-01-20 05:25:39", nospace
"2014-01-20 05:53:41", "2014-01-20 06:02:33", nospace
"2014-01-20 06:08:26", "2014-01-20 06:35:11", nospace
"2014-01-20 06:50:31", "2014-01-20 07:02:29", nospace
"2014-01-20 09:35:27", "2014-01-20 09:38:25", nobike
"2014-01-20 10:14:21", "2014-01-20 10:35:11", nobike
"2014-01-20 10:38:09", "2014-01-20 10:41:06", nobike
"2014-01-20 11:42:00", "2014-01-20 11:58:49", nospace
"2014-01-21 01:00:02", "2014-01-21 01:14:54", nospace
"2014-01-21 01:20:50", "2014-01-21 01:26:46", nospace
"2014-01-21 01:38:40", "2014-01-21 01:50:34", nospace
"2014-01-21 01:59:26", "2014-01-21 02:12:08", nospace
"2014-01-21 02:19:58", "2014-01-21 02:38:11", nospace
"2014-01-21 02:53:14", "2014-01-21 02:56:11", nospace
"2014-01-21 03:22:55", "2014-01-21 03:28:52", nospace
"2014-01-21 04:11:51", "2014-01-21 04:17:07", nospace
"2014-01-21 04:22:55", "2014-01-21 04:26:25", nospace
"2014-01-21 04:55:52", "2014-01-21 04:58:49", nospace
"2014-01-21 05:07:43", "2014-01-21 05:11:03", nospace
"2014-01-21 07:53:06", "2014-01-21 07:56:05", nospace
"2014-01-21 08:26:03", "2014-01-21 08:29:03", nospace
"2014-01-21 08:52:59", "2014-01-21 08:58:59", nospace
"2014-01-22 00:34:49", "2014-01-22 00:39:19", nospace
"2014-01-22 00:40:49", "2014-01-22 00:43:49", nospace
"2014-01-22 00:54:04", "2014-01-22 00:55:34", nospace
"2014-01-22 02:19:03", "2014-01-22 02:29:32", nospace
"2014-01-22 02:31:02", "2014-01-22 02:34:02", nospace
"2014-01-22 02:37:01", "2014-01-22 03:06:48", nospace
"2014-01-22 03:38:18", "2014-01-22 03:50:18", nospace
"2014-01-22 03:51:48", "2014-01-22 03:57:47", nospace
"2014-01-22 04:08:17", "2014-01-22 04:09:47", nospace
"2014-01-22 04:12:48", "2014-01-22 04:20:17", nospace
"2014-01-22 05:29:23", "2014-01-22 05:35:24", nospace
"2014-01-22 05:59:26", "2014-01-22 06:00:56", nospace
"2014-01-22 06:02:26", "2014-01-22 06:11:26", nospace
"2014-01-22 06:12:56", "2014-01-22 06:15:56", nospace
"2014-01-22 06:37:03", "2014-01-22 06:38:33", nospace
"2014-01-22 06:54:05", "2014-01-22 07:00:42", nospace
"2014-01-22 07:04:46", "2014-01-22 07:25:18", nospace
"2014-01-22 07:26:49", "2014-01-22 07:32:55", nospace
"2014-01-22 07:45:06", "2014-01-22 07:57:13", nospace
"2014-01-22 08:02:18", "2014-01-22 08:09:53", nospace
"2014-01-22 08:15:57", "2014-01-22 08:26:34", nospace
"2014-01-22 08:29:36", "2014-01-22 08:34:10", nospace
"2014-01-22 08:35:41", "2014-01-22 08:41:45", nospace
"2014-01-22 13:27:28", "2014-01-22 13:38:02", nobike
"2014-01-22 13:47:09", "2014-01-22 13:48:41", nobike
"2014-01-22 13:50:12", "2014-01-22 13:57:48", nobike
"2014-01-23 07:18:05", "2014-01-23 07:31:56", nospace
"2014-01-23 07:39:37", "2014-01-23 07:45:45", nospace
"2014-01-23 07:59:33", "2014-01-23 08:05:40", nospace
"2014-01-23 13:26:47", "2014-01-23 13:43:28", nobike
"2014-01-23 13:45:00", "2014-01-23 14:00:21", nobike
"2014-01-23 14:04:57", "2014-01-23 14:06:29", nobike
"2014-01-23 14:08:00", "2014-01-23 14:21:48", nobike
"2014-01-23 14:23:20", "2014-01-23 14:24:52", nobike
"2014-01-24 00:01:39", "2014-01-24 00:03:11", nospace
"2014-01-24 00:06:14", "2014-01-24 00:10:50", nospace
"2014-01-24 00:13:54", "2014-01-24 00:21:36", nospace
"2014-01-24 00:23:07", "2014-01-24 00:33:51", nospace
"2014-01-24 03:28:55", "2014-01-24 03:30:47", nospace
"2014-01-24 03:32:01", "2014-01-24 03:37:43", nospace
"2014-01-24 04:37:34", "2014-01-24 04:43:32", nospace
"2014-01-24 04:46:35", "2014-01-24 05:11:04", nospace
"2014-01-24 05:12:36", "2014-01-24 05:15:40", nospace
"2014-01-24 05:17:12", "2014-01-24 05:27:55", nospace
"2014-01-24 07:00:40", "2014-01-24 07:08:25", nospace
"2014-01-24 07:11:31", "2014-01-24 07:14:38", nospace
"2014-01-24 07:17:43", "2014-01-24 07:25:25", nospace
"2014-01-24 07:56:40", "2014-01-24 07:58:43", nospace
"2014-01-24 07:59:54", "2014-01-24 08:00:45", nospace
"2014-01-24 08:08:50", "2014-01-24 08:11:28", nospace
"2014-01-24 08:17:38", "2014-01-24 08:22:16", nospace
"2014-01-24 13:09:31", "2014-01-24 13:33:29", nobike
"2014-01-24 13:36:17", "2014-01-24 13:43:01", nobike
"2014-01-24 13:43:37", "2014-01-24 13:50:31", nobike
"2014-01-25 01:10:14", "2014-01-25 01:13:20", nospace
"2014-01-25 01:25:44", "2014-01-25 01:28:49", nospace
"2014-01-25 01:44:20", "2014-01-25 01:49:01", nospace
"2014-01-25 02:17:03", "2014-01-25 02:18:36", nospace
"2014-01-25 02:23:16", "2014-01-25 02:24:49", nospace
"2014-01-25 02:29:28", "2014-01-25 02:34:08", nospace
"2014-01-25 02:35:41", "2014-01-25 02:37:14", nospace
"2014-01-25 02:38:46", "2014-01-25 02:41:52", nospace
"2014-01-25 06:19:49", "2014-01-25 06:26:34", nospace
"2014-01-25 06:31:48", "2014-01-25 06:40:26", nospace
"2014-01-25 06:42:40", "2014-01-25 06:56:48", nospace
"2014-01-25 07:02:46", "2014-01-25 07:05:56", nospace
"2014-01-25 07:09:03", "2014-01-25 07:10:37", nospace
"2014-01-25 07:34:05", "2014-01-25 07:35:41", nospace
"2014-01-25 07:38:48", "2014-01-25 07:45:04", nospace
"2014-01-25 07:48:11", "2014-01-25 07:52:55", nospace
"2014-01-25 07:57:33", "2014-01-25 07:59:05", nospace
"2014-01-25 08:08:32", "2014-01-25 08:28:53", nospace
"2014-01-25 08:33:35", "2014-01-25 08:39:48", nospace
"2014-01-25 09:31:29", "2014-01-25 09:42:26", nospace
"2014-01-25 09:47:09", "2014-01-25 10:00:02", nospace
"2014-01-25 10:02:05", "2014-01-25 10:04:17", nospace
"2014-01-25 13:21:32", "2014-01-25 13:35:39", nobike
"2014-01-26 06:10:02", "2014-01-26 06:10:39", nospace
"2014-01-26 06:29:15", "2014-01-26 06:35:26", nospace
"2014-01-26 06:41:38", "2014-01-26 07:17:20", nospace
"2014-01-26 07:18:54", "2014-01-26 07:20:28", nospace
"2014-01-26 07:36:13", "2014-01-26 07:37:48", nospace
"2014-01-26 07:38:33", "2014-01-26 07:44:48", nospace
"2014-01-26 07:47:37", "2014-01-26 07:52:26", nospace
"2014-01-26 08:04:32", "2014-01-26 08:08:32", nospace
"2014-01-26 13:10:55", "2014-01-26 13:15:39", nobike
"2014-01-27 00:16:04", "2014-01-27 00:20:50", nospace
"2014-01-27 00:44:37", "2014-01-27 00:52:33", nospace
"2014-01-27 00:54:07", "2014-01-27 01:06:47", nospace
"2014-01-27 01:24:13", "2014-01-27 01:28:59", nospace
"2014-01-27 01:30:34", "2014-01-27 01:35:20", nospace
"2014-01-27 01:36:55", "2014-01-27 01:50:07", nospace
"2014-01-27 02:00:15", "2014-01-27 02:06:14", nospace
"2014-01-27 02:07:30", "2014-01-27 02:12:00", nospace
"2014-01-27 02:13:36", "2014-01-27 02:16:46", nospace
"2014-01-27 02:23:07", "2014-01-27 02:35:48", nospace
"2014-01-27 02:37:24", "2014-01-27 02:45:19", nospace
"2014-01-27 03:06:01", "2014-01-27 03:21:52", nospace
"2014-01-27 03:36:08", "2014-01-27 03:44:04", nospace
"2014-01-27 04:12:39", "2014-01-27 04:15:50", nospace
"2014-01-27 04:18:58", "2014-01-27 04:22:08", nospace
"2014-01-27 04:26:56", "2014-01-27 05:08:09", nospace
"2014-01-27 05:09:44", "2014-01-27 05:17:41", nospace
"2014-01-27 05:20:50", "2014-01-27 05:28:49", nospace
"2014-01-27 05:44:41", "2014-01-27 05:46:17", nospace
"2014-01-27 06:10:46", "2014-01-27 06:35:08", nospace
"2014-01-27 06:36:43", "2014-01-27 06:53:02", nospace
"2014-01-27 06:55:18", "2014-01-27 07:05:51", nospace
"2014-01-27 10:50:52", "2014-01-27 10:57:17", nospace
"2014-01-27 11:00:31", "2014-01-27 11:05:18", nospace
"2014-01-27 13:28:35", "2014-01-27 13:34:59", nobike
"2014-01-27 13:36:35", "2014-01-27 13:41:23", nobike
"2014-01-27 13:47:46", "2014-01-27 13:50:58", nobike
"2014-01-27 13:52:35", "2014-01-27 14:10:07", nobike
"2014-01-28 01:25:36", "2014-01-28 01:38:17", nospace
"2014-01-28 01:43:05", "2014-01-28 02:00:38", nospace
"2014-01-28 02:07:02", "2014-01-28 02:08:38", nospace
"2014-01-28 02:39:00", "2014-01-28 02:42:11", nospace
"2014-01-28 02:49:48", "2014-01-28 02:53:00", nospace
"2014-01-28 14:03:28", "2014-01-28 14:05:05", nobike
"2014-01-28 14:06:41", "2014-01-28 14:09:56", nobike
"2014-01-28 14:11:36", "2014-01-28 14:46:41", nobike
"2014-01-28 14:50:26", "2014-01-28 14:51:04", nobike
"2014-01-29 06:21:58", "2014-01-29 06:25:11", nospace
"2014-01-29 06:26:52", "2014-01-29 06:28:29", nospace
"2014-01-29 06:43:22", "2014-01-29 06:44:49", nospace
"2014-01-30 06:59:13", "2014-01-30 07:02:30", nospace
"2014-01-30 07:35:03", "2014-01-30 07:56:28", nospace
"2014-01-30 08:00:43", "2014-01-30 08:07:14", nospace
"2014-01-30 09:56:38", "2014-01-30 09:58:16", nobike
"2014-01-30 09:59:56", "2014-01-30 10:32:51", nobike
"2014-01-30 10:36:09", "2014-01-30 10:41:05", nobike
"2014-01-31 02:06:49", "2014-01-31 02:15:52", nospace
"2014-01-31 02:17:07", "2014-01-31 02:25:19", nospace
"2014-01-31 02:28:22", "2014-01-31 02:32:50", nospace
"2014-01-31 02:40:00", "2014-01-31 02:44:29", nospace
"2014-01-31 02:48:03", "2014-01-31 02:52:50", nospace
"2014-01-31 02:55:02", "2014-01-31 03:04:26", nospace
"2014-01-31 03:10:35", "2014-01-31 03:18:50", nospace
"2014-01-31 03:33:27", "2014-01-31 03:48:20", nospace
"2014-01-31 03:50:01", "2014-01-31 03:58:15", nospace
"2014-01-31 04:14:48", "2014-01-31 04:19:45", nospace
"2014-01-31 05:07:35", "2014-01-31 05:10:53", nospace
"2014-01-31 05:12:33", "2014-01-31 05:15:50", nospace
"2014-01-31 05:17:30", "2014-01-31 05:34:02", nospace
"2014-01-31 05:38:57", "2014-01-31 05:42:17", nospace
"2014-01-31 05:43:56", "2014-01-31 05:45:35", nospace
"2014-01-31 05:47:14", "2014-01-31 05:50:31", nospace
"2014-01-31 06:05:23", "2014-01-31 06:07:03", nospace
"2014-01-31 06:13:41", "2014-01-31 06:51:00", nospace
"2014-01-31 06:57:54", "2014-01-31 07:02:32", nospace
"2014-01-31 07:04:45", "2014-01-31 07:28:03", nospace
"2014-01-31 07:42:56", "2014-01-31 07:46:10", nospace
"2014-01-31 07:57:43", "2014-01-31 08:21:13", nospace
"2014-01-31 08:42:41", "2014-01-31 08:47:39", nospace
"2014-01-31 08:57:04", "2014-01-31 09:06:10", nospace
"2014-01-31 09:26:06", "2014-01-31 09:30:41", nospace
"2014-01-31 11:59:06", "2014-01-31 12:06:40", nobike
"2014-01-31 12:39:59", "2014-01-31 12:40:36", nobike
"2014-02-01 02:46:56", "2014-02-01 03:07:02", nospace
"2014-02-01 03:37:51", "2014-02-01 03:43:58", nospace
"2014-02-01 06:04:43", "2014-02-01 06:05:34", nospace
"2014-02-01 06:13:48", "2014-02-01 06:21:07", nospace
"2014-02-01 06:22:52", "2014-02-01 06:30:16", nospace
"2014-02-01 06:32:24", "2014-02-01 06:42:51", nospace
"2014-02-01 06:43:46", "2014-02-01 06:49:38", nospace
"2014-02-01 07:03:59", "2014-02-01 07:08:24", nospace
"2014-02-01 07:35:46", "2014-02-01 07:42:34", nospace
"2014-02-01 07:46:54", "2014-02-01 07:57:42", nospace
"2014-02-01 07:58:55", "2014-02-01 08:02:42", nospace
"2014-02-01 08:34:19", "2014-02-01 08:36:51", nospace
"2014-02-01 09:08:21", "2014-02-01 09:12:17", nospace
"2014-02-01 09:15:26", "2014-02-01 09:21:24", nospace
"2014-02-01 10:43:11", "2014-02-01 10:44:52", nobike
"2014-02-01 11:06:41", "2014-02-01 11:18:23", nobike
"2014-02-01 15:05:39", "2014-02-01 15:07:35", nobike
"2014-02-01 15:12:20", "2014-02-01 15:16:51", nobike
"2014-02-01 15:18:03", "2014-02-01 15:25:07", nobike
"2014-02-01 15:39:53", "2014-02-01 15:45:33", nobike
"2014-02-02 02:50:59", "2014-02-02 02:52:40", nospace
"2014-02-02 03:44:39", "2014-02-02 03:46:20", nospace
"2014-02-02 03:54:44", "2014-02-02 04:04:51", nospace
"2014-02-02 04:11:35", "2014-02-02 04:36:01", nospace
"2014-02-02 05:09:55", "2014-02-02 05:12:05", nospace
"2014-02-02 05:19:13", "2014-02-02 05:30:37", nospace
"2014-02-02 05:55:51", "2014-02-02 06:00:15", nospace
"2014-02-02 07:39:39", "2014-02-02 07:41:51", nospace
"2014-02-02 07:44:08", "2014-02-02 08:09:20", nospace
"2014-02-02 08:11:35", "2014-02-02 08:15:58", nospace
"2014-02-02 08:18:12", "2014-02-02 08:29:19", nospace
"2014-02-02 08:31:06", "2014-02-02 08:38:37", nospace
"2014-02-02 08:43:22", "2014-02-02 08:45:35", nospace
"2014-02-02 08:47:47", "2014-02-02 08:56:52", nospace
"2014-02-02 08:59:16", "2014-02-02 09:08:35", nospace
"2014-02-02 09:13:02", "2014-02-02 09:15:14", nospace
"2014-02-02 09:24:18", "2014-02-02 09:33:12", nospace
"2014-02-02 09:51:12", "2014-02-02 09:52:59", nospace
"2014-02-02 10:02:04", "2014-02-02 10:09:15", nospace
"2014-02-02 10:13:44", "2014-02-02 10:25:01", nospace
"2014-02-02 10:31:49", "2014-02-02 10:50:52", nospace
"2014-02-02 14:35:33", "2014-02-02 14:42:23", nobike
"2014-02-02 14:53:40", "2014-02-02 15:18:11", nobike
"2014-02-03 03:02:24", "2014-02-03 03:13:06", nospace
"2014-02-03 03:18:31", "2014-02-03 03:33:49", nospace
"2014-02-03 03:37:09", "2014-02-03 03:39:23", nospace
"2014-02-03 04:53:52", "2014-02-03 05:02:21", nospace
"2014-02-03 05:34:35", "2014-02-03 05:53:12", nospace
"2014-02-03 06:10:10", "2014-02-03 06:21:06", nospace
"2014-02-03 06:23:20", "2014-02-03 06:49:13", nospace
"2014-02-03 07:05:19", "2014-02-03 07:19:48", nospace
"2014-02-03 07:24:18", "2014-02-03 07:31:39", nospace
"2014-02-03 07:33:58", "2014-02-03 07:38:44", nospace
"2014-02-03 07:54:15", "2014-02-03 08:03:24", nospace
"2014-02-03 08:07:13", "2014-02-03 08:16:31", nospace
"2014-02-03 08:22:29", "2014-02-03 08:25:03", nospace
"2014-02-03 08:28:35", "2014-02-03 08:33:45", nospace
"2014-02-03 08:35:27", "2014-02-03 08:40:35", nospace
"2014-02-03 08:43:58", "2014-02-03 08:47:24", nospace
"2014-02-03 08:49:09", "2014-02-03 08:54:16", nospace
"2014-02-03 09:02:47", "2014-02-03 09:21:33", nospace
"2014-02-03 09:23:51", "2014-02-03 09:32:35", nospace
"2014-02-03 09:45:44", "2014-02-03 09:48:00", nospace
"2014-02-03 09:50:22", "2014-02-03 09:52:36", nospace
"2014-02-04 01:21:39", "2014-02-04 01:35:17", nospace
"2014-02-04 01:38:42", "2014-02-04 01:42:06", nospace
"2014-02-04 01:43:49", "2014-02-04 01:50:40", nospace
"2014-02-04 02:50:22", "2014-02-04 02:55:29", nospace
"2014-02-04 03:18:10", "2014-02-04 03:25:33", nospace
"2014-02-04 03:29:59", "2014-02-04 04:16:32", nospace
"2014-02-04 07:42:47", "2014-02-04 07:49:47", nospace
"2014-02-04 07:57:50", "2014-02-04 08:02:58", nospace
"2014-02-04 08:20:44", "2014-02-04 08:37:57", nospace
"2014-02-04 09:19:19", "2014-02-04 09:21:02", nospace
"2014-02-04 10:56:57", "2014-02-04 11:06:07", nospace
"2014-02-04 11:08:19", "2014-02-04 11:18:52", nospace
"2014-02-04 11:37:20", "2014-02-04 11:54:46", nospace
"2014-02-04 12:25:55", "2014-02-04 12:30:25", nospace
"2014-02-05 05:17:35", "2014-02-05 06:23:10", nospace
"2014-02-05 06:24:53", "2014-02-05 06:26:40", nospace
"2014-02-05 09:43:03", "2014-02-05 09:52:49", nospace
"2014-02-05 12:05:46", "2014-02-05 12:24:00", nobike
"2014-02-05 12:29:34", "2014-02-05 12:42:54", nobike
"2014-02-05 12:43:57", "2014-02-05 12:50:41", nobike
"2014-02-05 13:42:45", "2014-02-05 13:49:42", nospace
"2014-02-06 03:15:41", "2014-02-06 03:20:54", nospace
"2014-02-06 03:53:58", "2014-02-06 03:59:10", nospace
"2014-02-06 04:00:54", "2014-02-06 04:14:52", nospace
"2014-02-06 04:16:36", "2014-02-06 04:18:21", nospace
"2014-02-06 04:21:50", "2014-02-06 04:25:20", nospace
"2014-02-06 04:32:19", "2014-02-06 04:35:31", nospace
"2014-02-06 04:41:24", "2014-02-06 04:43:39", nospace
"2014-02-06 04:48:30", "2014-02-06 04:57:43", nospace
"2014-02-06 05:49:02", "2014-02-06 05:59:34", nospace
"2014-02-06 06:23:59", "2014-02-06 06:26:19", nospace
"2014-02-06 06:28:32", "2014-02-06 06:34:53", nospace
"2014-02-06 06:49:24", "2014-02-06 06:59:57", nospace
"2014-02-06 07:01:43", "2014-02-06 07:06:58", nospace
"2014-02-06 07:08:44", "2014-02-06 07:10:31", nospace
"2014-02-06 07:32:12", "2014-02-06 07:35:42", nospace
"2014-02-06 09:19:18", "2014-02-06 09:25:01", nospace
"2014-02-06 09:25:38", "2014-02-06 09:31:03", nospace
"2014-02-06 09:33:19", "2014-02-06 09:38:16", nospace
"2014-02-06 15:39:02", "2014-02-06 16:01:13", nobike
"2014-02-10 08:29:04", "2014-02-10 08:30:57", nospace
"2014-02-10 08:34:11", "2014-02-10 08:38:45", nospace
"2014-02-15 09:58:34", "2014-02-15 10:00:13", nobike
"2014-02-15 10:00:52", "2014-02-15 10:12:56", nobike
"2014-02-15 10:18:36", "2014-02-15 10:20:31", nobike
"2014-02-15 11:18:21", "2014-02-15 11:25:56", nobike
"2014-02-15 11:49:05", "2014-02-15 11:52:32", nospace
"2014-02-15 11:54:26", "2014-02-15 12:02:02", nospace
"2014-02-16 01:23:47", "2014-02-16 01:28:23", nospace
"2014-02-16 02:21:35", "2014-02-16 02:23:30", nospace
"2014-02-16 02:27:19", "2014-02-16 02:36:48", nospace
"2014-02-16 02:41:33", "2014-02-16 02:52:56", nospace
"2014-02-16 02:56:43", "2014-02-16 03:10:00", nospace
"2014-02-16 03:25:17", "2014-02-16 03:50:02", nospace
"2014-02-16 03:51:56", "2014-02-16 03:55:45", nospace
"2014-02-16 03:57:39", "2014-02-16 04:03:22", nospace
"2014-02-16 04:38:17", "2014-02-16 04:55:05", nospace
"2014-02-16 05:07:18", "2014-02-16 05:13:56", nospace
"2014-02-16 05:29:12", "2014-02-16 05:34:54", nospace
"2014-02-16 05:40:32", "2014-02-16 06:23:48", nospace
"2014-02-16 06:25:45", "2014-02-16 06:34:02", nospace
"2014-02-16 06:47:14", "2014-02-16 07:04:28", nospace
"2014-02-16 07:17:51", "2014-02-16 07:50:22", nospace
"2014-02-16 07:52:17", "2014-02-16 08:07:38", nospace
"2014-02-16 08:13:20", "2014-02-16 08:20:58", nospace
"2014-02-16 08:24:49", "2014-02-16 08:36:03", nospace
"2014-02-16 08:39:53", "2014-02-16 09:00:51", nospace
"2014-02-16 09:02:45", "2014-02-16 09:08:30", nospace
"2014-02-16 09:12:19", "2014-02-16 09:16:39", nospace
"2014-02-16 09:19:05", "2014-02-16 09:23:58", nospace
"2014-02-16 09:24:56", "2014-02-16 09:34:45", nospace
"2014-02-16 09:35:29", "2014-02-16 09:36:16", nospace
"2014-02-16 10:12:24", "2014-02-16 10:14:19", nospace
"2014-02-16 14:16:07", "2014-02-16 14:18:03", nobike
"2014-02-17 01:15:35", "2014-02-17 01:40:33", nospace
"2014-02-17 01:46:18", "2014-02-17 02:01:36", nospace
"2014-02-17 02:03:31", "2014-02-17 02:11:12", nospace
"2014-02-17 03:50:53", "2014-02-17 03:56:40", nospace
"2014-02-17 03:58:35", "2014-02-17 04:04:20", nospace
"2014-02-17 05:25:21", "2014-02-17 05:28:29", nospace
"2014-02-17 05:47:42", "2014-02-17 05:49:38", nospace
"2014-02-17 05:53:30", "2014-02-17 06:03:06", nospace
"2014-02-17 06:10:40", "2014-02-17 06:39:32", nospace
"2014-02-17 08:50:50", "2014-02-17 08:52:10", nospace
"2014-02-17 09:00:11", "2014-02-17 09:01:31", nospace
"2014-02-17 09:02:11", "2014-02-17 09:05:52", nospace
"2014-02-17 09:10:46", "2014-02-17 09:14:57", nospace
"2014-02-17 09:16:49", "2014-02-17 09:22:36", nospace
"2014-02-17 13:39:21", "2014-02-17 13:56:42", nobike
"2014-02-17 14:58:53", "2014-02-17 15:03:38", nobike
"2014-02-18 00:30:08", "2014-02-18 00:57:18", nospace
"2014-02-18 00:59:13", "2014-02-18 01:06:41", nospace
"2014-02-18 01:29:53", "2014-02-18 01:42:38", nospace
"2014-02-18 01:50:24", "2014-02-18 01:52:20", nospace
"2014-02-18 02:07:50", "2014-02-18 02:09:47", nospace
"2014-02-18 02:54:19", "2014-02-18 02:58:10", nospace
"2014-02-18 04:13:07", "2014-02-18 04:22:51", nospace
"2014-02-18 04:39:28", "2014-02-18 04:51:07", nospace
"2014-02-18 05:00:49", "2014-02-18 05:02:45", nospace
"2014-02-18 05:04:41", "2014-02-18 05:10:32", nospace
"2014-02-18 05:12:28", "2014-02-18 05:20:14", nospace
"2014-02-18 08:36:32", "2014-02-18 08:38:30", nospace
"2014-02-20 00:10:19", "2014-02-20 00:28:05", nospace
"2014-02-20 00:41:52", "2014-02-20 00:49:45", nospace
"2014-02-20 01:09:26", "2014-02-20 01:23:22", nospace
"2014-02-20 01:36:55", "2014-02-20 01:48:48", nospace
"2014-02-20 01:56:40", "2014-02-20 02:06:30", nospace
"2014-02-20 02:14:22", "2014-02-20 02:18:18", nospace
"2014-02-20 02:20:17", "2014-02-20 02:26:11", nospace
"2014-02-20 03:42:11", "2014-02-20 03:48:05", nospace
"2014-02-20 04:09:48", "2014-02-20 04:16:37", nospace
"2014-02-20 10:23:21", "2014-02-20 10:31:11", nobike
"2014-02-20 10:33:10", "2014-02-20 10:41:05", nobike
"2014-02-20 11:21:22", "2014-02-20 11:22:03", nospace
"2014-02-20 11:29:53", "2014-02-20 11:31:52", nospace
"2014-02-21 00:11:11", "2014-02-21 01:10:08", nospace
"2014-02-21 01:16:02", "2014-02-21 01:31:52", nospace
"2014-02-21 03:21:37", "2014-02-21 03:29:21", nospace
"2014-02-21 03:37:16", "2014-02-21 03:39:15", nospace
"2014-02-21 04:32:47", "2014-02-21 04:36:43", nospace
"2014-02-21 05:56:06", "2014-02-21 06:07:59", nospace
"2014-02-21 06:32:34", "2014-02-21 06:35:31", nospace
"2014-02-21 07:17:24", "2014-02-21 07:19:25", nospace
"2014-02-21 09:26:00", "2014-02-21 09:27:57", nobike
"2014-02-21 10:03:41", "2014-02-21 10:07:40", nobike
"2014-02-21 10:11:37", "2014-02-21 10:17:34", nobike
"2014-02-21 10:31:29", "2014-02-21 10:43:21", nobike
"2014-02-21 10:47:21", "2014-02-21 10:49:19", nobike
"2014-02-21 13:05:13", "2014-02-21 13:07:13", nobike
"2014-02-21 13:09:13", "2014-02-21 13:13:10", nobike
"2014-02-21 13:25:04", "2014-02-21 13:27:03", nobike
"2014-02-21 13:33:01", "2014-02-21 13:35:00", nobike
"2014-02-21 13:39:00", "2014-02-21 13:41:00", nobike
"2014-02-21 13:42:59", "2014-02-21 13:50:56", nobike
"2014-02-21 13:52:56", "2014-02-21 14:02:52", nobike
"2014-02-21 14:20:48", "2014-02-21 14:26:42", nobike
"2014-02-21 15:54:25", "2014-02-21 16:04:20", nospace
"2014-02-22 00:46:00", "2014-02-22 00:49:58", nospace
"2014-02-22 05:38:37", "2014-02-22 05:40:39", nospace
"2014-02-22 11:37:24", "2014-02-22 11:39:24", nospace
"2014-02-22 15:29:21", "2014-02-22 15:30:49", nobike
"2014-02-22 15:33:23", "2014-02-22 15:45:00", nobike
"2014-02-23 01:16:03", "2014-02-23 01:28:06", nospace
"2014-02-23 01:34:07", "2014-02-23 01:54:11", nospace
"2014-02-23 01:56:11", "2014-02-23 02:00:10", nospace
"2014-02-23 02:06:10", "2014-02-23 02:08:10", nospace
"2014-02-23 02:22:14", "2014-02-23 02:28:15", nospace
"2014-02-23 02:40:09", "2014-02-23 02:48:10", nospace
"2014-02-23 03:35:49", "2014-02-23 03:39:50", nospace
"2014-02-23 03:43:07", "2014-02-23 03:44:02", nospace
"2014-02-23 03:51:48", "2014-02-23 03:57:52", nospace
"2014-02-23 05:21:54", "2014-02-23 05:29:55", nospace
"2014-02-23 05:31:56", "2014-02-23 05:39:55", nospace
"2014-02-23 05:41:56", "2014-02-23 05:43:57", nospace
"2014-02-23 05:47:57", "2014-02-23 05:53:59", nospace
"2014-02-23 06:02:03", "2014-02-23 06:06:05", nospace
"2014-02-23 06:20:11", "2014-02-23 06:36:52", nospace
"2014-02-23 06:55:02", "2014-02-23 07:33:17", nospace
"2014-02-23 07:35:50", "2014-02-23 07:59:11", nospace
"2014-02-23 08:01:12", "2014-02-23 08:03:12", nospace
"2014-02-23 08:05:14", "2014-02-23 08:15:20", nospace
"2014-02-23 08:17:22", "2014-02-23 08:43:38", nospace
"2014-02-23 08:45:39", "2014-02-23 08:49:41", nospace
"2014-02-23 08:55:43", "2014-02-23 08:59:48", nospace
"2014-02-23 09:07:52", "2014-02-23 09:11:54", nospace
"2014-02-23 23:45:30", "2014-02-23 23:47:32", nospace
"2014-02-24 00:03:11", "2014-02-24 00:15:21", nospace
"2014-02-24 07:28:57", "2014-02-24 07:33:00", nospace
"2014-02-24 07:41:07", "2014-02-24 07:43:09", nospace
"2014-02-24 08:13:37", "2014-02-24 08:17:42", nospace
"2014-02-24 08:21:46", "2014-02-24 08:23:48", nospace
"2014-02-24 08:25:50", "2014-02-24 08:27:52", nospace
"2014-02-24 08:40:03", "2014-02-24 08:42:04", nospace
"2014-02-24 10:44:52", "2014-02-24 10:46:55", nobike
"2014-02-24 13:29:06", "2014-02-24 13:42:38", nobike
"2014-02-24 13:50:12", "2014-02-24 13:51:08", nobike
"2014-02-24 13:53:00", "2014-02-24 14:03:15", nobike
"2014-02-25 00:11:22", "2014-02-25 00:35:51", nospace
"2014-02-25 00:41:59", "2014-02-25 00:51:41", nospace
"2014-02-25 00:52:23", "2014-02-25 01:01:52", nospace
"2014-02-25 01:08:00", "2014-02-25 01:28:25", nospace
"2014-02-25 02:43:58", "2014-02-25 02:56:16", nospace
"2014-02-25 03:00:23", "2014-02-25 03:29:03", nospace
"2014-02-25 03:49:32", "2014-02-25 03:51:35", nospace
"2014-02-25 04:10:00", "2014-02-25 04:30:30", nospace
"2014-02-25 06:33:28", "2014-02-25 06:52:15", nospace
"2014-02-25 06:58:45", "2014-02-25 07:09:42", nospace
"2014-02-25 13:07:58", "2014-02-25 13:18:17", nobike
"2014-02-25 14:22:40", "2014-02-25 14:27:51", nobike
"2014-02-25 14:28:48", "2014-02-25 14:37:56", nobike
"2014-02-25 14:39:59", "2014-02-25 15:00:32", nobike
"2014-02-26 00:48:15", "2014-02-26 01:10:14", nospace
"2014-02-26 01:32:35", "2014-02-26 01:34:38", nospace
"2014-02-26 01:59:24", "2014-02-26 02:25:59", nospace
"2014-02-26 10:15:44", "2014-02-26 10:30:12", nobike
"2014-02-26 10:32:16", "2014-02-26 10:52:30", nobike
"2014-02-26 13:38:11", "2014-02-26 14:25:27", nobike
"2014-02-27 01:01:30", "2014-02-27 01:04:03", nospace
"2014-02-27 01:40:18", "2014-02-27 01:42:23", nospace
"2014-02-27 01:44:26", "2014-02-27 01:46:31", nospace
"2014-02-27 01:57:01", "2014-02-27 02:17:39", nospace
"2014-02-27 02:23:53", "2014-02-27 02:30:07", nospace
"2014-02-27 05:38:56", "2014-02-27 05:45:11", nospace
"2014-02-27 05:55:34", "2014-02-27 06:14:19", nospace
"2014-02-27 06:16:23", "2014-02-27 06:29:23", nospace
"2014-02-27 10:51:57", "2014-02-27 10:57:56", nobike
"2014-02-27 11:00:30", "2014-02-27 11:05:45", nobike
"2014-02-27 11:06:30", "2014-02-27 11:23:15", nobike
"2014-02-27 11:24:02", "2014-02-27 11:33:18", nobike
"2014-02-27 11:39:55", "2014-02-27 11:44:04", nobike
"2014-02-27 12:12:35", "2014-02-27 12:14:40", nospace
"2014-02-27 12:29:10", "2014-02-27 12:33:19", nospace
"2014-02-27 13:27:03", "2014-02-27 13:39:27", nobike
"2014-02-27 13:41:32", "2014-02-27 13:45:40", nobike
"2014-02-27 13:51:54", "2014-02-27 13:53:57", nobike
"2014-02-27 13:58:06", "2014-02-27 14:00:10", nobike
"2014-02-28 00:23:21", "2014-02-28 00:25:26", nospace
"2014-02-28 02:32:42", "2014-02-28 02:34:46", nospace
"2014-02-28 02:40:59", "2014-02-28 02:43:03", nospace
"2014-02-28 02:55:32", "2014-02-28 03:03:49", nospace
"2014-02-28 03:07:57", "2014-02-28 03:18:21", nospace
"2014-02-28 03:20:27", "2014-02-28 03:32:34", nospace
"2014-02-28 04:37:18", "2014-02-28 04:47:11", nospace
"2014-02-28 05:01:03", "2014-02-28 05:13:30", nospace
"2014-02-28 05:16:09", "2014-02-28 05:18:44", nospace
"2014-02-28 05:21:12", "2014-02-28 05:22:02", nospace
"2014-02-28 05:25:57", "2014-02-28 05:48:53", nospace
"2014-02-28 05:50:57", "2014-02-28 05:55:07", nospace
"2014-02-28 05:57:11", "2014-02-28 06:07:37", nospace
"2014-02-28 06:11:45", "2014-02-28 06:13:50", nospace
"2014-02-28 06:26:24", "2014-02-28 06:45:45", nospace
"2014-02-28 06:50:15", "2014-02-28 06:52:00", nospace
"2014-02-28 06:56:09", "2014-02-28 06:58:14", nospace
"2014-02-28 07:04:27", "2014-02-28 07:08:37", nospace
"2014-02-28 07:12:47", "2014-02-28 07:16:59", nospace
"2014-02-28 07:21:10", "2014-02-28 08:27:48", nospace
"2014-02-28 08:29:51", "2014-02-28 08:44:28", nospace
"2014-02-28 08:46:33", "2014-02-28 08:56:57", nospace
"2014-02-28 08:59:02", "2014-02-28 09:05:17", nospace
"2014-02-28 09:07:21", "2014-02-28 09:11:32", nospace
"2014-02-28 09:13:36", "2014-02-28 09:18:48", nospace
"2014-02-28 09:21:28", "2014-02-28 09:26:47", nospace
"2014-02-28 09:54:01", "2014-02-28 09:56:35", nospace
"2014-02-28 09:57:23", "2014-02-28 10:10:22", nospace
"2014-02-28 10:13:00", "2014-02-28 10:15:16", nospace
"2014-02-28 10:26:12", "2014-02-28 10:28:19", nospace
"2014-02-28 10:30:20", "2014-02-28 10:32:25", nospace
"2014-02-28 10:38:39", "2014-02-28 10:40:44", nospace
"2014-02-28 12:45:06", "2014-02-28 12:51:22", nospace
"2014-02-28 13:09:57", "2014-02-28 13:12:39", nospace
"2014-02-28 13:27:14", "2014-02-28 13:31:25", nospace
"2014-03-01 01:15:00", "2014-03-01 01:17:07", nospace
"2014-03-01 01:19:14", "2014-03-01 01:31:45", nospace
"2014-03-01 01:33:50", "2014-03-01 01:42:15", nospace
"2014-03-01 01:44:23", "2014-03-01 01:48:34", nospace
"2014-03-01 01:50:39", "2014-03-01 02:01:06", nospace
"2014-03-01 02:09:28", "2014-03-01 02:11:33", nospace
"2014-03-01 03:01:39", "2014-03-01 03:28:54", nospace
"2014-03-01 03:30:59", "2014-03-01 03:51:58", nospace
"2014-03-01 04:00:21", "2014-03-01 04:02:27", nospace
"2014-03-01 04:04:34", "2014-03-01 04:12:57", nospace
"2014-03-01 04:19:14", "2014-03-01 04:50:36", nospace
"2014-03-01 04:58:57", "2014-03-01 05:11:31", nospace
"2014-03-01 05:13:37", "2014-03-01 05:29:07", nospace
"2014-03-01 05:33:14", "2014-03-01 06:07:17", nospace
"2014-03-01 06:17:46", "2014-03-01 06:18:57", nospace
"2014-03-01 06:33:38", "2014-03-01 06:35:58", nospace
"2014-03-01 07:46:47", "2014-03-01 07:53:00", nospace
"2014-03-01 07:58:59", "2014-03-01 08:00:25", nospace
"2014-03-01 08:18:31", "2014-03-01 08:19:51", nospace
"2014-03-01 08:22:33", "2014-03-01 08:27:36", nospace
"2014-03-01 08:28:49", "2014-03-01 08:31:31", nospace
"2014-03-01 08:43:10", "2014-03-01 08:45:46", nospace
"2014-03-01 08:58:56", "2014-03-01 09:14:16", nospace
"2014-03-01 09:18:30", "2014-03-01 09:26:58", nospace
"2014-03-01 09:29:02", "2014-03-01 09:31:07", nospace
"2014-03-01 09:37:25", "2014-03-01 09:41:37", nospace
"2014-03-01 10:19:48", "2014-03-01 10:28:10", nospace
"2014-03-02 02:52:25", "2014-03-02 02:56:36", nospace
"2014-03-02 03:05:07", "2014-03-02 03:07:13", nospace
"2014-03-02 03:09:20", "2014-03-02 03:13:35", nospace
"2014-03-02 03:29:49", "2014-03-02 03:32:00", nospace
"2014-03-02 03:35:59", "2014-03-02 03:49:48", nospace
"2014-03-02 03:51:25", "2014-03-02 03:57:46", nospace
"2014-03-02 08:22:06", "2014-03-02 08:32:43", nospace
"2014-03-02 08:33:26", "2014-03-02 08:37:00", nospace
"2014-03-02 08:39:07", "2014-03-02 08:41:14", nospace
"2014-03-02 11:04:13", "2014-03-02 11:06:20", nospace
"2014-03-02 11:12:41", "2014-03-02 11:21:13", nospace
"2014-03-02 12:58:42", "2014-03-02 13:00:50", nospace
"2014-03-02 13:02:58", "2014-03-02 13:07:15", nospace
"2014-03-02 13:22:08", "2014-03-02 13:24:16", nospace
"2014-03-02 13:30:40", "2014-03-02 13:32:47", nospace
"2014-03-03 14:01:56", "2014-03-03 14:08:26", nobike
"2014-03-04 01:56:48", "2014-03-04 02:19:33", nospace
"2014-03-04 02:58:00", "2014-03-04 03:13:36", nospace
"2014-03-05 00:16:53", "2014-03-05 00:30:39", nospace
"2014-03-05 00:32:27", "2014-03-05 00:39:52", nospace
"2014-03-05 00:42:22", "2014-03-05 00:43:24", nospace
"2014-03-05 00:46:02", "2014-03-05 00:48:38", nospace
"2014-03-05 00:51:12", "2014-03-05 00:56:03", nospace
"2014-03-05 00:58:21", "2014-03-05 01:05:14", nospace
"2014-03-05 01:12:06", "2014-03-05 01:18:29", nospace
"2014-03-05 01:19:12", "2014-03-05 01:23:47", nospace
"2014-03-05 01:26:05", "2014-03-05 01:30:39", nospace
"2014-03-05 01:51:15", "2014-03-05 02:16:31", nospace
"2014-03-05 02:18:49", "2014-03-05 02:23:23", nospace
"2014-03-05 02:32:34", "2014-03-05 02:39:27", nospace
"2014-03-05 02:44:02", "2014-03-05 03:09:27", nospace
"2014-03-05 03:16:21", "2014-03-05 03:25:32", nospace
"2014-03-05 03:50:46", "2014-03-05 03:59:57", nospace
"2014-03-05 04:02:15", "2014-03-05 04:18:19", nospace
"2014-03-05 06:54:55", "2014-03-05 06:59:30", nospace
"2014-03-05 07:06:23", "2014-03-05 07:13:13", nospace
"2014-03-05 07:15:30", "2014-03-05 07:20:04", nospace
"2014-03-05 07:36:09", "2014-03-05 07:43:01", nospace
"2014-03-05 09:03:29", "2014-03-05 09:08:06", nospace
"2014-03-05 09:09:48", "2014-03-05 09:18:55", nospace
"2014-03-05 11:20:05", "2014-03-05 11:27:00", nobike
"2014-03-05 11:59:11", "2014-03-05 12:01:29", nospace
"2014-03-05 14:33:04", "2014-03-05 14:35:21", nobike
"2014-03-07 06:12:09", "2014-03-07 06:31:11", nospace
"2014-03-07 07:45:35", "2014-03-07 07:51:00", nospace
"2014-03-08 00:23:08", "2014-03-08 00:30:15", nospace
"2014-03-09 00:51:10", "2014-03-09 00:58:13", nospace
"2014-03-09 01:02:54", "2014-03-09 01:05:15", nospace
"2014-03-09 09:23:24", "2014-03-09 09:26:13", nospace
"2014-03-09 23:57:57", "2014-03-10 00:12:06", nospace
"2014-03-10 00:16:50", "2014-03-10 00:23:54", nospace
"2014-03-10 00:26:17", "2014-03-10 00:31:00", nospace
"2014-03-10 00:33:22", "2014-03-10 00:46:16", nospace
"2014-03-10 00:50:25", "2014-03-10 00:53:08", nospace
"2014-03-10 01:00:29", "2014-03-10 01:18:50", nospace
"2014-03-10 01:28:18", "2014-03-10 01:30:39", nospace
"2014-03-10 01:35:21", "2014-03-10 01:49:32", nospace
"2014-03-10 01:51:53", "2014-03-10 02:01:22", nospace
"2014-03-10 02:08:27", "2014-03-10 02:13:10", nospace
"2014-03-10 03:05:09", "2014-03-10 03:14:36", nospace
"2014-03-10 03:45:15", "2014-03-10 03:54:44", nospace
"2014-03-10 04:01:50", "2014-03-10 04:08:55", nospace
"2014-03-10 04:49:09", "2014-03-10 04:58:35", nospace
"2014-03-10 05:00:59", "2014-03-10 05:08:03", nospace
"2014-03-10 05:22:15", "2014-03-10 05:38:46", nospace
"2014-03-10 05:43:31", "2014-03-10 05:52:59", nospace
"2014-03-10 06:07:11", "2014-03-10 06:16:39", nospace
"2014-03-10 06:35:59", "2014-03-10 06:50:09", nospace
"2014-03-10 07:16:10", "2014-03-10 07:25:40", nospace
"2014-03-10 11:08:46", "2014-03-10 11:10:46", nospace
"2014-03-10 23:59:24", "2014-03-11 00:18:58", nospace
"2014-03-11 00:23:43", "2014-03-11 00:40:21", nospace
"2014-03-11 01:18:21", "2014-03-11 01:27:52", nospace
"2014-03-11 01:35:00", "2014-03-11 01:39:45", nospace
"2014-03-11 03:48:10", "2014-03-11 03:55:16", nospace
"2014-03-11 04:00:02", "2014-03-11 04:02:23", nospace
"2014-03-11 04:16:39", "2014-03-11 04:19:02", nospace
"2014-03-11 04:36:11", "2014-03-11 04:41:00", nospace
"2014-03-11 06:28:41", "2014-03-11 06:50:28", nospace
"2014-03-11 07:14:14", "2014-03-11 07:19:01", nospace
"2014-03-11 10:35:12", "2014-03-11 10:49:30", nobike
"2014-03-12 00:28:37", "2014-03-12 00:33:25", nospace
"2014-03-12 00:35:49", "2014-03-12 00:40:36", nospace
"2014-03-12 00:45:24", "2014-03-12 00:47:46", nospace
"2014-03-12 00:50:10", "2014-03-12 01:02:09", nospace
"2014-03-12 01:06:55", "2014-03-12 01:28:26", nospace
"2014-03-12 01:33:13", "2014-03-12 01:40:23", nospace
"2014-03-12 01:42:46", "2014-03-12 01:52:19", nospace
"2014-03-12 02:16:12", "2014-03-12 02:25:46", nospace
"2014-03-12 05:45:24", "2014-03-12 05:52:34", nospace
"2014-03-12 05:57:21", "2014-03-12 06:02:10", nospace
"2014-03-12 06:36:06", "2014-03-12 06:38:47", nospace
"2014-03-12 06:48:20", "2014-03-12 06:57:54", nospace
"2014-03-12 07:48:11", "2014-03-12 07:52:58", nospace
"2014-03-12 09:55:00", "2014-03-12 10:05:16", nobike
"2014-03-12 10:07:56", "2014-03-12 10:17:03", nobike
"2014-03-14 00:12:45", "2014-03-14 00:20:01", nospace
"2014-03-14 00:29:42", "2014-03-14 00:32:08", nospace
"2014-03-14 00:50:30", "2014-03-14 01:04:50", nospace
"2014-03-14 01:25:37", "2014-03-14 01:53:12", nospace
"2014-03-14 02:23:25", "2014-03-14 02:29:42", nospace
"2014-03-14 03:18:37", "2014-03-14 03:21:02", nospace
"2014-03-14 03:28:17", "2014-03-14 03:33:49", nospace
"2014-03-14 04:50:58", "2014-03-14 05:03:02", nospace
"2014-03-14 05:51:20", "2014-03-14 05:56:08", nospace
"2014-03-14 06:03:22", "2014-03-14 06:05:46", nospace
"2014-03-14 08:43:53", "2014-03-14 08:46:19", nobike
"2014-03-14 08:53:35", "2014-03-14 08:55:59", nobike
"2014-03-14 09:34:38", "2014-03-14 09:49:07", nobike
"2014-03-14 09:51:32", "2014-03-14 09:53:57", nobike
"2014-03-14 12:41:09", "2014-03-14 12:46:00", nobike
"2014-03-15 01:17:38", "2014-03-15 01:20:25", nospace
"2014-03-15 01:38:49", "2014-03-15 01:48:31", nospace
"2014-03-15 02:47:09", "2014-03-15 02:48:46", nospace
"2014-03-15 03:07:41", "2014-03-15 03:09:58", nospace
"2014-03-15 03:17:13", "2014-03-15 03:29:23", nospace
"2014-03-15 03:32:39", "2014-03-15 03:34:26", nospace
"2014-03-15 03:46:21", "2014-03-15 03:51:49", nospace
"2014-03-15 05:47:29", "2014-03-15 05:50:13", nospace
"2014-03-15 06:01:28", "2014-03-15 06:13:37", nospace
"2014-03-15 06:18:29", "2014-03-15 06:23:20", nospace
"2014-03-15 06:45:33", "2014-03-15 06:47:59", nospace
"2014-03-15 07:41:39", "2014-03-15 07:44:05", nospace
"2014-03-15 07:53:48", "2014-03-15 07:56:13", nospace
"2014-03-15 07:58:39", "2014-03-15 08:03:30", nospace
"2014-03-15 08:05:56", "2014-03-15 08:10:47", nospace
"2014-03-15 08:42:33", "2014-03-15 08:57:09", nospace
"2014-03-15 10:07:30", "2014-03-15 10:34:19", nobike
"2014-03-16 01:32:46", "2014-03-16 01:35:14", nospace
"2014-03-16 01:37:40", "2014-03-16 01:44:59", nospace
"2014-03-16 01:59:37", "2014-03-16 02:02:05", nospace
"2014-03-16 02:04:32", "2014-03-16 02:09:25", nospace
"2014-03-16 02:11:51", "2014-03-16 02:14:18", nospace
"2014-03-16 02:19:10", "2014-03-16 02:24:05", nospace
"2014-03-16 02:43:42", "2014-03-16 02:46:08", nospace
"2014-03-16 03:47:53", "2014-03-16 03:50:21", nospace
"2014-03-16 04:19:41", "2014-03-16 04:29:26", nospace
"2014-03-16 04:34:18", "2014-03-16 04:36:46", nospace
"2014-03-16 04:39:12", "2014-03-16 04:44:03", nospace
"2014-03-16 05:13:23", "2014-03-16 05:30:32", nospace
"2014-03-16 05:40:50", "2014-03-16 06:00:31", nospace
"2014-03-16 06:02:58", "2014-03-16 06:12:44", nospace
"2014-03-16 06:17:38", "2014-03-16 06:28:53", nospace
"2014-03-16 06:41:09", "2014-03-16 06:43:36", nospace
"2014-03-16 06:51:37", "2014-03-16 07:01:32", nospace
"2014-03-16 07:02:16", "2014-03-16 07:05:11", nospace
"2014-03-16 07:07:37", "2014-03-16 07:09:42", nospace
"2014-03-16 07:10:29", "2014-03-16 07:15:45", nospace
"2014-03-16 07:20:25", "2014-03-16 07:21:09", nospace
"2014-03-16 07:22:52", "2014-03-16 07:32:39", nospace
"2014-03-16 07:35:05", "2014-03-16 07:37:32", nospace
"2014-03-16 07:59:31", "2014-03-16 08:19:05", nospace
"2014-03-16 08:26:23", "2014-03-16 08:33:41", nospace
"2014-03-16 08:43:27", "2014-03-16 08:45:53", nospace
"2014-03-16 08:48:20", "2014-03-16 08:53:12", nospace
"2014-03-16 08:58:04", "2014-03-16 09:00:30", nospace
"2014-03-16 10:34:08", "2014-03-16 10:41:27", nobike
"2014-03-17 00:21:28", "2014-03-17 00:30:45", nospace
"2014-03-17 00:46:43", "2014-03-17 00:55:49", nospace
"2014-03-17 00:58:16", "2014-03-17 01:00:43", nospace
"2014-03-17 01:25:14", "2014-03-17 01:39:56", nospace
"2014-03-17 02:33:55", "2014-03-17 02:43:41", nospace
"2014-03-17 03:25:28", "2014-03-17 03:27:55", nospace
"2014-03-18 01:18:09", "2014-03-18 01:47:31", nospace
"2014-03-18 03:13:52", "2014-03-18 03:21:18", nospace
"2014-03-18 04:24:59", "2014-03-18 04:26:31", nospace
"2014-03-18 04:27:34", "2014-03-18 04:33:06", nospace
"2014-03-18 04:35:42", "2014-03-18 05:07:33", nospace
"2014-03-18 12:26:07", "2014-03-18 12:45:55", nobike
"2014-03-19 00:09:29", "2014-03-19 00:11:58", nospace
"2014-03-19 00:19:27", "2014-03-19 00:24:23", nospace
"2014-03-19 00:26:52", "2014-03-19 00:42:52", nospace
"2014-03-19 00:53:37", "2014-03-19 00:54:57", nospace
"2014-03-19 01:00:32", "2014-03-19 01:22:08", nospace
"2014-03-19 01:27:04", "2014-03-19 01:32:02", nospace
"2014-03-19 01:39:26", "2014-03-19 02:00:35", nospace
"2014-03-19 02:07:07", "2014-03-19 02:09:54", nospace
"2014-03-19 02:12:38", "2014-03-19 02:19:24", nospace
"2014-03-19 02:24:25", "2014-03-19 02:27:20", nospace
"2014-03-19 02:32:19", "2014-03-19 02:48:14", nospace
"2014-03-19 02:51:03", "2014-03-19 03:05:36", nospace
"2014-03-19 03:08:04", "2014-03-19 03:10:33", nospace
"2014-03-19 03:15:31", "2014-03-19 03:18:00", nospace
"2014-03-19 03:29:06", "2014-03-19 04:01:44", nospace
"2014-03-19 05:19:14", "2014-03-19 05:24:12", nospace
"2014-03-19 05:34:11", "2014-03-19 05:39:08", nospace
"2014-03-19 06:23:14", "2014-03-19 06:29:38", nospace
"2014-03-19 06:34:35", "2014-03-19 06:46:59", nospace
"2014-03-19 06:52:14", "2014-03-19 06:59:40", nospace
"2014-03-19 07:13:30", "2014-03-19 07:15:35", nospace
"2014-03-19 07:23:34", "2014-03-19 07:32:41", nospace
"2014-03-19 08:07:13", "2014-03-19 08:09:11", nospace
"2014-03-20 01:45:07", "2014-03-20 01:52:37", nospace
"2014-03-20 01:55:05", "2014-03-20 02:15:00", nospace
"2014-03-20 02:17:30", "2014-03-20 02:34:57", nospace
"2014-03-21 01:31:32", "2014-03-21 02:11:40", nospace
"2014-03-21 02:30:00", "2014-03-21 02:42:31", nospace
"2014-03-21 02:50:03", "2014-03-21 03:07:31", nospace
"2014-03-21 03:57:35", "2014-03-21 04:02:36", nospace
"2014-03-21 05:10:10", "2014-03-21 05:12:43", nospace
"2014-03-21 05:16:02", "2014-03-21 05:33:31", nospace
"2014-03-21 05:58:34", "2014-03-21 06:11:04", nospace
"2014-03-21 10:12:06", "2014-03-21 10:17:08", nobike
"2014-03-21 10:27:10", "2014-03-21 10:52:33", nobike
"2014-03-21 10:54:43", "2014-03-21 11:09:44", nobike
"2014-03-21 12:33:30", "2014-03-21 12:41:02", nobike
"2014-03-22 01:29:23", "2014-03-22 01:49:31", nospace
"2014-03-22 01:54:33", "2014-03-22 02:04:36", nospace
"2014-03-22 02:57:21", "2014-03-22 02:59:52", nospace
"2014-03-22 03:18:49", "2014-03-22 03:24:39", nospace
"2014-03-22 03:26:15", "2014-03-22 03:30:57", nospace
"2014-03-22 03:33:28", "2014-03-22 03:40:59", nospace
"2014-03-22 03:43:31", "2014-03-22 03:48:33", nospace
"2014-03-22 04:46:26", "2014-03-22 04:51:28", nospace
"2014-03-22 04:53:59", "2014-03-22 04:56:30", nospace
"2014-03-22 05:24:11", "2014-03-22 05:26:42", nospace
"2014-03-22 05:29:13", "2014-03-22 05:34:14", nospace
"2014-03-22 05:39:18", "2014-03-22 05:46:56", nospace
"2014-03-22 05:49:29", "2014-03-22 06:02:05", nospace
"2014-03-22 06:02:55", "2014-03-22 06:05:50", nospace
"2014-03-22 06:23:29", "2014-03-22 06:38:55", nospace
"2014-03-22 06:46:27", "2014-03-22 06:51:28", nospace
"2014-03-22 06:59:01", "2014-03-22 07:01:32", nospace
"2014-03-22 07:06:33", "2014-03-22 07:16:37", nospace
"2014-03-22 07:24:09", "2014-03-22 07:26:41", nospace
"2014-03-22 09:54:38", "2014-03-22 10:02:12", nobike
"2014-03-22 10:04:44", "2014-03-22 10:09:45", nobike
"2014-03-22 10:12:15", "2014-03-22 10:14:47", nobike
"2014-03-22 10:24:53", "2014-03-22 10:42:30", nobike
"2014-03-23 02:13:16", "2014-03-23 02:18:19", nospace
"2014-03-23 02:31:52", "2014-03-23 02:34:24", nospace
"2014-03-23 03:07:09", "2014-03-23 03:19:47", nospace
"2014-03-23 03:24:50", "2014-03-23 03:39:59", nospace
"2014-03-23 03:42:30", "2014-03-23 03:52:36", nospace
"2014-03-23 04:39:48", "2014-03-23 04:42:41", nospace
"2014-03-23 05:16:26", "2014-03-23 05:20:18", nospace
"2014-03-23 05:23:13", "2014-03-23 05:33:19", nospace
"2014-03-23 05:52:53", "2014-03-23 06:08:04", nospace
"2014-03-23 06:10:37", "2014-03-23 06:13:08", nospace
"2014-03-23 06:15:41", "2014-03-23 06:18:14", nospace
"2014-03-23 06:20:45", "2014-03-23 06:33:26", nospace
"2014-03-23 06:35:59", "2014-03-23 06:46:06", nospace
"2014-03-23 07:06:36", "2014-03-23 07:16:44", nospace
"2014-03-23 07:47:06", "2014-03-23 07:57:15", nospace
"2014-03-23 08:02:20", "2014-03-23 08:07:23", nospace
"2014-03-23 08:17:30", "2014-03-23 08:30:11", nospace
"2014-03-23 08:32:42", "2014-03-23 08:35:13", nospace
"2014-03-23 08:37:46", "2014-03-23 08:40:18", nospace
"2014-03-23 09:13:13", "2014-03-23 09:15:46", nospace
"2014-03-23 09:31:00", "2014-03-23 09:33:31", nospace
"2014-03-23 09:36:04", "2014-03-23 09:38:35", nospace
"2014-03-23 09:45:45", "2014-03-23 09:47:17", nospace
"2014-03-23 09:49:39", "2014-03-23 09:57:14", nospace
"2014-03-23 23:32:18", "2014-03-23 23:34:49", nospace
"2014-03-23 23:52:35", "2014-03-24 00:05:17", nospace
"2014-03-24 00:10:21", "2014-03-24 00:15:25", nospace
"2014-03-24 02:18:22", "2014-03-24 02:46:18", nospace
"2014-03-24 02:51:24", "2014-03-24 03:26:59", nospace
"2014-03-24 03:29:31", "2014-03-24 03:42:11", nospace
"2014-03-24 07:49:52", "2014-03-24 07:57:29", nospace
"2014-03-25 00:16:04", "2014-03-25 00:18:38", nospace
"2014-03-25 00:26:17", "2014-03-25 00:36:30", nospace
"2014-03-25 00:39:02", "2014-03-25 00:41:35", nospace
"2014-03-25 00:46:41", "2014-03-25 00:51:47", nospace
"2014-03-25 00:56:52", "2014-03-25 00:59:26", nospace
"2014-03-25 03:37:44", "2014-03-25 03:40:37", nospace
"2014-03-25 05:04:20", "2014-03-25 05:19:39", nospace
"2014-03-25 09:02:26", "2014-03-25 09:04:59", nospace
"2014-03-25 09:07:31", "2014-03-25 09:15:13", nospace
"2014-03-25 09:20:20", "2014-03-25 09:34:30", nospace
"2014-03-25 11:06:45", "2014-03-25 11:14:24", nobike
"2014-03-25 12:18:21", "2014-03-25 12:20:55", nospace
"2014-03-25 23:55:53", "2014-03-26 00:13:49", nospace
"2014-03-26 00:16:23", "2014-03-26 00:31:46", nospace
"2014-03-26 00:37:31", "2014-03-26 00:50:44", nospace
"2014-03-26 01:06:08", "2014-03-26 01:08:42", nospace
"2014-03-26 01:31:47", "2014-03-26 01:44:36", nospace
"2014-03-26 01:49:44", "2014-03-26 01:52:18", nospace
"2014-03-26 02:07:41", "2014-03-26 02:12:49", nospace
"2014-03-26 06:02:19", "2014-03-26 06:12:35", nospace
"2014-03-26 06:17:44", "2014-03-26 06:20:17", nospace
"2014-03-26 06:28:00", "2014-03-26 06:29:41", nospace
"2014-03-26 06:36:15", "2014-03-26 06:52:26", nospace
"2014-03-26 07:05:14", "2014-03-26 07:07:46", nospace
"2014-03-26 09:35:07", "2014-03-26 09:40:14", nobike
"2014-03-26 10:08:30", "2014-03-26 10:13:41", nobike
"2014-03-26 10:16:15", "2014-03-26 10:21:23", nobike
"2014-03-26 10:23:59", "2014-03-26 10:52:45", nobike
"2014-03-26 23:59:29", "2014-03-27 00:09:45", nospace
"2014-03-27 00:14:55", "2014-03-27 00:30:21", nospace
"2014-03-27 00:41:36", "2014-03-27 00:49:24", nospace
"2014-03-27 01:35:49", "2014-03-27 02:01:32", nospace
"2014-03-27 04:16:37", "2014-03-27 04:19:11", nospace
"2014-03-27 05:12:05", "2014-03-27 05:19:06", nospace
"2014-03-27 06:04:33", "2014-03-27 06:14:51", nospace
"2014-03-27 06:32:55", "2014-03-27 06:50:56", nospace
"2014-03-27 07:20:54", "2014-03-27 07:33:49", nospace
"2014-03-27 07:41:34", "2014-03-27 07:49:17", nospace
"2014-03-27 07:59:35", "2014-03-27 08:09:54", nospace
"2014-03-27 08:30:28", "2014-03-27 08:33:02", nospace
"2014-03-27 08:40:44", "2014-03-27 08:48:27", nospace
"2014-03-27 08:51:02", "2014-03-27 08:53:37", nospace
"2014-03-27 09:16:46", "2014-03-27 09:19:22", nospace
"2014-03-27 13:39:08", "2014-03-27 13:41:42", nobike
"2014-03-28 00:00:45", "2014-03-28 00:03:20", nospace
"2014-03-28 01:29:31", "2014-03-28 01:32:29", nospace
"2014-03-28 01:37:50", "2014-03-28 01:40:48", nospace
"2014-03-28 01:43:41", "2014-03-28 01:55:34", nospace
"2014-03-28 02:29:13", "2014-03-28 02:31:47", nospace
"2014-03-28 02:34:23", "2014-03-28 02:39:32", nospace
"2014-03-28 03:04:36", "2014-03-28 03:17:04", nospace
"2014-03-28 03:19:39", "2014-03-28 03:22:14", nospace
"2014-03-28 03:24:49", "2014-03-28 03:30:01", nospace
"2014-03-28 03:45:32", "2014-03-28 04:06:13", nospace
"2014-03-28 04:13:58", "2014-03-28 04:15:30", nospace
"2014-03-28 14:19:07", "2014-03-28 14:21:44", nobike
"2014-03-29 01:21:52", "2014-03-29 01:24:27", nospace
"2014-03-29 01:29:39", "2014-03-29 01:45:11", nospace
"2014-03-29 01:47:46", "2014-03-29 01:50:23", nospace
"2014-03-29 01:55:33", "2014-03-29 02:00:30", nospace
"2014-03-29 02:01:28", "2014-03-29 02:04:23", nospace
"2014-03-29 02:25:19", "2014-03-29 02:43:30", nospace
"2014-03-29 04:01:26", "2014-03-29 04:09:15", nospace
"2014-03-29 04:18:41", "2014-03-29 04:25:58", nospace
"2014-03-29 04:59:42", "2014-03-29 05:04:54", nospace
"2014-03-29 05:23:04", "2014-03-29 05:28:16", nospace
"2014-03-29 05:30:52", "2014-03-29 05:33:27", nospace
"2014-03-29 05:46:29", "2014-03-29 05:51:42", nospace
"2014-03-29 06:25:33", "2014-03-29 06:33:20", nospace
"2014-03-29 06:35:56", "2014-03-29 06:38:33", nospace
"2014-03-29 06:46:21", "2014-03-29 07:02:12", nospace
"2014-03-29 07:07:23", "2014-03-29 07:15:14", nospace
"2014-03-29 07:20:26", "2014-03-29 07:30:48", nospace
"2014-03-29 07:33:24", "2014-03-29 07:51:36", nospace
"2014-03-29 08:03:07", "2014-03-29 08:05:42", nospace
"2014-03-29 09:22:22", "2014-03-29 09:27:35", nospace
"2014-03-29 09:30:11", "2014-03-29 09:32:48", nospace
"2014-03-29 10:46:45", "2014-03-29 10:57:08", nobike
"2014-03-30 00:42:16", "2014-03-30 00:45:08", nospace
"2014-03-30 01:25:28", "2014-03-30 01:30:43", nospace
"2014-03-30 01:38:34", "2014-03-30 01:43:46", nospace
"2014-03-30 01:46:23", "2014-03-30 01:56:51", nospace
"2014-03-30 02:07:18", "2014-03-30 02:15:08", nospace
"2014-03-30 02:28:12", "2014-03-30 02:30:50", nospace
"2014-03-30 03:38:44", "2014-03-30 03:51:45", nospace
"2014-03-30 04:12:39", "2014-03-30 04:19:33", nospace
"2014-03-30 04:29:24", "2014-03-30 04:56:47", nospace
"2014-03-30 05:04:50", "2014-03-30 05:07:36", nospace
"2014-03-30 05:12:34", "2014-03-30 05:20:26", nospace
"2014-03-30 05:23:02", "2014-03-30 05:33:27", nospace
"2014-03-30 05:36:03", "2014-03-30 05:38:40", nospace
"2014-03-30 05:41:18", "2014-03-30 05:49:08", nospace
"2014-03-30 05:59:35", "2014-03-30 06:04:48", nospace
"2014-03-30 06:10:02", "2014-03-30 06:12:39", nospace
"2014-03-30 06:17:53", "2014-03-30 06:46:17", nospace
"2014-03-30 06:58:43", "2014-03-30 07:03:55", nospace
"2014-03-30 07:14:22", "2014-03-30 07:35:18", nospace
"2014-03-30 07:37:54", "2014-03-30 07:45:49", nospace
"2014-03-30 07:48:27", "2014-03-30 08:03:10", nospace
"2014-03-30 08:14:02", "2014-03-30 08:28:48", nospace
"2014-03-30 09:27:34", "2014-03-30 09:30:12", nospace
"2014-03-30 09:43:17", "2014-03-30 09:45:55", nospace
"2014-03-30 23:57:00", "2014-03-31 00:25:08", nospace
"2014-03-31 00:27:37", "2014-03-31 01:03:42", nospace
"2014-03-31 01:22:05", "2014-03-31 01:27:20", nospace
"2014-03-31 01:32:34", "2014-03-31 01:43:03", nospace
"2014-03-31 01:45:41", "2014-03-31 01:50:55", nospace
"2014-03-31 01:53:32", "2014-03-31 02:03:59", nospace
"2014-03-31 02:06:36", "2014-03-31 02:11:51", nospace
"2014-03-31 04:32:05", "2014-03-31 04:36:58", nospace
"2014-03-31 05:25:02", "2014-03-31 05:40:05", nospace
"2014-03-31 05:42:42", "2014-03-31 06:03:41", nospace
"2014-03-31 06:06:19", "2014-03-31 06:16:48", nospace
"2014-03-31 09:45:46", "2014-03-31 10:04:05", nobike
"2014-03-31 10:06:41", "2014-03-31 10:30:21", nobike
"2014-03-31 12:10:05", "2014-03-31 12:20:37", nobike
"2014-03-31 12:44:14", "2014-03-31 12:49:30", nospace
"2014-03-31 12:52:09", "2014-03-31 12:54:47", nospace
"2014-03-31 13:02:41", "2014-03-31 13:13:13", nospace
"2014-04-01 10:20:22", "2014-04-01 10:23:01", nobike
"2014-04-01 10:28:18", "2014-04-01 10:54:40", nobike
"2014-04-01 13:59:14", "2014-04-01 14:01:51", nobike
"2014-04-02 00:32:09", "2014-04-02 00:37:25", nospace
"2014-04-02 00:42:44", "2014-04-02 00:53:18", nospace
"2014-04-02 02:39:04", "2014-04-02 02:44:21", nospace
"2014-04-02 02:46:59", "2014-04-02 03:05:31", nospace
"2014-04-02 03:10:48", "2014-04-02 03:24:02", nospace
"2014-04-02 03:34:38", "2014-04-02 03:55:49", nospace
"2014-04-02 04:03:45", "2014-04-02 04:06:23", nospace
"2014-04-02 04:13:14", "2014-04-02 04:40:12", nospace
"2014-04-02 04:52:35", "2014-04-02 04:57:47", nospace
"2014-04-02 11:01:50", "2014-04-02 11:06:03", nobike
"2014-04-02 11:09:01", "2014-04-02 11:21:32", nobike
"2014-04-02 23:49:29", "2014-04-03 00:02:45", nospace
"2014-04-03 00:13:23", "2014-04-03 00:29:19", nospace
"2014-04-03 00:31:57", "2014-04-03 00:39:55", nospace
"2014-04-03 01:01:08", "2014-04-03 01:03:49", nospace
"2014-04-03 01:06:28", "2014-04-03 01:18:21", nospace
"2014-04-03 01:21:00", "2014-04-03 01:23:39", nospace
"2014-04-03 01:47:34", "2014-04-03 01:50:14", nospace
"2014-04-03 02:03:31", "2014-04-03 02:14:07", nospace
"2014-04-03 03:03:14", "2014-04-03 03:32:31", nospace
"2014-04-03 04:01:44", "2014-04-03 04:12:23", nospace
"2014-04-03 04:20:22", "2014-04-03 04:23:02", nospace
"2014-04-03 04:46:56", "2014-04-03 04:52:15", nospace
"2014-04-03 05:05:34", "2014-04-03 05:16:11", nospace
"2014-04-03 05:18:51", "2014-04-03 05:24:10", nospace
"2014-04-03 05:26:50", "2014-04-03 05:29:29", nospace
"2014-04-03 06:48:18", "2014-04-03 06:50:57", nospace
"2014-04-03 06:53:37", "2014-04-03 06:56:15", nospace
"2014-04-03 07:20:12", "2014-04-03 07:22:51", nospace
"2014-04-03 07:33:30", "2014-04-03 07:38:48", nospace
"2014-04-03 07:44:07", "2014-04-03 07:49:27", nospace
"2014-04-03 23:54:24", "2014-04-04 00:05:05", nobike
"2014-04-04 03:18:45", "2014-04-04 03:21:24", nospace
"2014-04-04 03:26:43", "2014-04-04 03:36:56", nospace
"2014-04-04 03:42:09", "2014-04-04 04:08:29", nospace
"2014-04-04 04:15:29", "2014-04-04 04:23:13", nospace
"2014-04-04 04:25:23", "2014-04-04 04:47:32", nospace
"2014-04-04 05:11:35", "2014-04-04 05:19:37", nospace
"2014-04-04 05:43:43", "2014-04-04 05:57:01", nospace
"2014-04-04 06:10:22", "2014-04-04 07:18:55", nospace
"2014-04-04 07:21:35", "2014-04-04 07:26:55", nospace
"2014-04-04 07:34:56", "2014-04-04 07:43:00", nospace
"2014-04-04 07:50:59", "2014-04-04 08:15:02", nospace
"2014-04-04 08:17:43", "2014-04-04 08:23:06", nospace
"2014-04-04 08:25:47", "2014-04-04 08:33:48", nospace
"2014-04-04 08:44:31", "2014-04-04 08:57:50", nospace
"2014-04-04 13:39:57", "2014-04-04 13:42:36", nospace
"2014-04-05 03:42:26", "2014-04-05 03:50:28", nospace
"2014-04-05 03:53:09", "2014-04-05 04:01:11", nospace
"2014-04-05 04:03:51", "2014-04-05 04:16:41", nospace
"2014-04-05 04:34:59", "2014-04-05 04:48:26", nospace
"2014-04-05 05:59:36", "2014-04-05 06:16:50", nospace
"2014-04-05 06:22:05", "2014-04-05 06:51:31", nospace
"2014-04-05 06:54:31", "2014-04-05 07:22:36", nospace
"2014-04-05 07:30:42", "2014-04-05 07:44:07", nospace
"2014-04-05 07:46:47", "2014-04-05 08:00:09", nospace
"2014-04-05 08:05:32", "2014-04-05 08:13:36", nospace
"2014-04-05 08:16:17", "2014-04-05 08:37:46", nospace
"2014-04-05 08:40:27", "2014-04-05 08:48:30", nospace
"2014-04-05 08:51:11", "2014-04-05 09:04:35", nospace
"2014-04-05 09:15:19", "2014-04-05 09:18:02", nospace
"2014-04-05 09:20:43", "2014-04-05 09:23:25", nospace
"2014-04-05 09:26:03", "2014-04-05 09:28:44", nospace
"2014-04-05 09:34:07", "2014-04-05 10:00:59", nospace
"2014-04-05 10:03:40", "2014-04-05 10:06:21", nospace
"2014-04-05 10:17:03", "2014-04-05 10:22:27", nospace
"2014-04-05 11:29:37", "2014-04-05 11:40:23", nospace
"2014-04-05 11:51:05", "2014-04-05 11:53:47", nospace
"2014-04-05 12:19:49", "2014-04-05 12:22:45", nospace
"2014-04-05 12:46:26", "2014-04-05 12:49:07", nospace
"2014-04-06 01:13:01", "2014-04-06 01:21:06", nospace
"2014-04-06 01:26:30", "2014-04-06 01:39:53", nospace
"2014-04-06 01:47:57", "2014-04-06 01:56:04", nospace
"2014-04-06 01:58:45", "2014-04-06 02:01:25", nospace
"2014-04-06 02:17:32", "2014-04-06 02:20:14", nospace
"2014-04-06 02:28:18", "2014-04-06 02:31:00", nospace
"2014-04-06 02:41:43", "2014-04-06 02:48:57", nospace
"2014-04-06 03:15:23", "2014-04-06 03:18:06", nospace
"2014-04-06 03:23:27", "2014-04-06 03:28:50", nospace
"2014-04-06 04:57:39", "2014-04-06 05:04:06", nospace
"2014-04-06 05:09:32", "2014-04-06 05:11:26", nospace
"2014-04-06 05:17:22", "2014-04-06 05:23:16", nospace
"2014-04-06 06:32:04", "2014-04-06 06:44:36", nospace
"2014-04-06 06:47:18", "2014-04-06 07:10:46", nospace
"2014-04-06 07:14:51", "2014-04-06 07:30:22", nospace
"2014-04-06 07:37:12", "2014-04-06 07:45:16", nospace
"2014-04-06 07:47:58", "2014-04-06 07:53:21", nospace
"2014-04-06 07:55:57", "2014-04-06 07:57:25", nospace
"2014-04-06 08:00:08", "2014-04-06 08:05:31", nospace
"2014-04-06 08:24:22", "2014-04-06 08:27:03", nospace
"2014-04-06 08:40:32", "2014-04-06 08:43:13", nospace
"2014-04-06 08:54:00", "2014-04-06 08:56:42", nospace
"2014-04-07 17:07:44", "2014-04-07 21:38:43", nospace
"2014-04-08 00:15:44", "2014-04-08 00:34:43", nospace
"2014-04-08 00:37:26", "2014-04-08 00:45:35", nospace
"2014-04-08 00:59:09", "2014-04-08 01:01:51", nospace
"2014-04-08 01:50:44", "2014-04-08 02:03:55", nospace
"2014-04-08 02:17:20", "2014-04-08 02:23:27", nospace
"2014-04-08 02:33:50", "2014-04-08 02:54:55", nospace
"2014-04-08 03:13:51", "2014-04-08 03:54:31", nospace
"2014-04-08 03:59:58", "2014-04-08 04:28:34", nospace
"2014-04-08 04:47:35", "2014-04-08 04:58:29", nospace
"2014-04-08 05:54:14", "2014-04-08 06:15:57", nospace
"2014-04-08 07:24:38", "2014-04-08 07:27:22", nospace
"2014-04-08 10:15:42", "2014-04-08 10:18:44", nobike
"2014-04-08 10:21:46", "2014-04-08 10:33:57", nobike
"2014-04-08 10:36:40", "2014-04-08 10:54:28", nobike
"2014-04-08 10:59:54", "2014-04-08 11:02:37", nobike
"2014-04-08 11:35:11", "2014-04-08 11:46:02", nobike
"2014-04-08 11:48:44", "2014-04-08 11:59:36", nobike
"2014-04-08 12:26:50", "2014-04-08 12:32:15", nobike
"2014-04-09 00:26:27", "2014-04-09 00:30:39", nospace
"2014-04-09 00:36:06", "2014-04-09 00:41:32", nospace
"2014-04-09 01:22:03", "2014-04-09 01:24:40", nospace
"2014-04-09 01:30:48", "2014-04-09 01:45:31", nospace
"2014-04-09 01:50:57", "2014-04-09 02:11:32", nospace
"2014-04-09 02:14:16", "2014-04-09 02:19:42", nospace
"2014-04-09 09:40:23", "2014-04-09 09:48:33", nobike
"2014-04-09 09:51:18", "2014-04-09 10:04:54", nobike
"2014-04-09 10:07:37", "2014-04-09 10:10:18", nobike
"2014-04-09 11:41:48", "2014-04-09 11:52:40", nobike
"2014-04-09 23:52:50", "2014-04-10 00:31:05", nospace
"2014-04-10 01:44:52", "2014-04-10 01:47:36", nospace
"2014-04-10 01:53:03", "2014-04-10 02:01:15", nospace
"2014-04-10 08:15:07", "2014-04-10 08:20:34", nospace
"2014-04-10 10:40:47", "2014-04-10 10:49:01", nobike
"2014-04-10 23:16:41", "2014-04-10 23:46:49", nospace
"2014-04-10 23:49:33", "2014-04-11 00:41:36", nospace
"2014-04-11 02:08:05", "2014-04-11 02:16:18", nospace
"2014-04-11 02:21:48", "2014-04-11 03:13:50", nospace
"2014-04-11 03:27:29", "2014-04-11 03:48:27", nospace
"2014-04-11 03:50:39", "2014-04-11 04:05:23", nospace
"2014-04-11 04:12:53", "2014-04-11 04:15:38", nospace
"2014-04-11 04:26:37", "2014-04-11 04:32:06", nospace
"2014-04-11 05:42:14", "2014-04-11 05:44:59", nospace
"2014-04-11 06:15:08", "2014-04-11 06:20:37", nospace
"2014-04-11 06:26:09", "2014-04-11 06:40:14", nospace
"2014-04-11 09:53:53", "2014-04-11 09:56:39", nobike
"2014-04-11 10:27:53", "2014-04-11 10:50:26", nobike
"2014-04-11 12:39:24", "2014-04-11 12:44:53", nospace
"2014-04-11 12:47:38", "2014-04-11 12:53:09", nospace
"2014-04-11 13:23:03", "2014-04-11 13:26:14", nospace
"2014-04-11 13:29:22", "2014-04-11 13:33:06", nospace
"2014-04-12 01:32:46", "2014-04-12 01:45:46", nospace
"2014-04-12 01:47:47", "2014-04-12 01:52:18", nospace
"2014-04-12 02:04:34", "2014-04-12 02:09:27", nospace
"2014-04-12 06:10:35", "2014-04-12 06:24:22", nospace
"2014-04-12 07:04:51", "2014-04-12 07:10:23", nospace
"2014-04-12 07:24:10", "2014-04-12 07:29:42", nospace
"2014-04-12 07:43:27", "2014-04-12 07:51:41", nospace
"2014-04-12 08:55:02", "2014-04-12 09:11:36", nospace
"2014-04-12 09:14:20", "2014-04-12 09:17:19", nospace
"2014-04-12 09:18:13", "2014-04-12 09:20:17", nospace
"2014-04-12 09:23:25", "2014-04-12 09:26:32", nospace
"2014-04-12 09:31:09", "2014-04-12 09:36:17", nospace
"2014-04-12 09:46:16", "2014-04-12 09:54:33", nospace
"2014-04-13 01:39:07", "2014-04-13 02:04:00", nospace
"2014-04-13 02:06:46", "2014-04-13 02:09:30", nospace
"2014-04-13 07:25:56", "2014-04-13 07:34:13", nospace
"2014-04-13 07:36:59", "2014-04-13 07:59:03", nospace
"2014-04-13 08:04:34", "2014-04-13 08:18:26", nospace
"2014-04-13 08:21:11", "2014-04-13 08:29:31", nospace
"2014-04-13 08:43:19", "2014-04-13 08:46:05", nospace
"2014-04-13 08:48:52", "2014-04-13 08:57:09", nospace
"2014-04-13 08:59:56", "2014-04-13 09:02:42", nospace
"2014-04-13 09:08:16", "2014-04-13 09:16:34", nospace
"2014-04-13 09:30:53", "2014-04-13 09:36:05", nospace
"2014-04-13 09:56:58", "2014-04-13 09:59:44", nospace
"2014-04-13 11:56:38", "2014-04-13 12:04:55", nospace
"2014-04-14 00:24:46", "2014-04-14 00:35:52", nospace
"2014-04-14 00:38:39", "2014-04-14 00:41:24", nospace
"2014-04-14 00:44:10", "2014-04-14 00:55:16", nospace
"2014-04-14 01:47:25", "2014-04-14 02:05:22", nospace
"2014-04-14 02:08:09", "2014-04-14 02:33:08", nospace
"2014-04-14 02:44:13", "2014-04-14 02:52:32", nospace
"2014-04-14 03:31:19", "2014-04-14 03:36:51", nospace
"2014-04-14 05:43:26", "2014-04-14 05:48:59", nospace
"2014-04-14 05:54:32", "2014-04-14 06:02:50", nospace
"2014-04-14 06:19:29", "2014-04-14 06:33:25", nospace
"2014-04-14 07:21:31", "2014-04-14 07:27:57", nospace
"2014-04-14 23:52:43", "2014-04-15 00:07:01", nospace
"2014-04-15 00:16:44", "2014-04-15 00:25:02", nospace
"2014-04-15 00:50:08", "2014-04-15 00:52:55", nospace
"2014-04-15 00:58:29", "2014-04-15 01:06:51", nospace
"2014-04-15 01:20:46", "2014-04-15 01:43:07", nospace
"2014-04-15 01:53:00", "2014-04-15 01:58:35", nospace
"2014-04-15 03:27:43", "2014-04-15 03:33:18", nospace
"2014-04-15 03:40:40", "2014-04-15 03:57:14", nospace
"2014-04-15 04:05:34", "2014-04-15 04:11:08", nospace
"2014-04-15 11:28:50", "2014-04-15 11:37:11", nobike
"2014-04-16 00:46:36", "2014-04-16 00:52:11", nospace
"2014-04-16 00:54:59", "2014-04-16 00:57:46", nospace
"2014-04-16 01:03:21", "2014-04-16 01:14:32", nospace
"2014-04-16 01:45:15", "2014-04-16 02:24:23", nospace
"2014-04-16 06:01:26", "2014-04-16 06:21:00", nospace
"2014-04-16 06:23:48", "2014-04-16 06:26:40", nospace
"2014-04-16 09:52:31", "2014-04-16 10:17:44", nobike
"2014-04-16 10:20:32", "2014-04-16 10:23:20", nobike
"2014-04-16 12:26:33", "2014-04-16 12:32:10", nospace
"2014-04-16 14:44:23", "2014-04-16 14:47:11", nospace
"2014-04-16 23:25:23", "2014-04-16 23:47:48", nospace
"2014-04-16 23:50:37", "2014-04-17 00:03:42", nospace
"2014-04-17 00:06:53", "2014-04-17 00:40:01", nospace
"2014-04-17 00:51:17", "2014-04-17 00:56:53", nospace
"2014-04-17 01:16:31", "2014-04-17 01:30:34", nospace
"2014-04-17 01:33:22", "2014-04-17 01:36:09", nospace
"2014-04-17 01:38:57", "2014-04-17 01:50:11", nospace
"2014-04-17 02:12:37", "2014-04-17 02:54:42", nospace
"2014-04-17 03:00:19", "2014-04-17 04:02:04", nospace
"2014-04-17 04:04:52", "2014-04-17 04:16:41", nospace
"2014-04-17 06:20:24", "2014-04-17 06:24:44", nospace
"2014-04-17 11:55:47", "2014-04-17 11:58:36", nobike
"2014-04-17 12:19:01", "2014-04-17 12:25:32", nospace
"2014-04-17 14:21:59", "2014-04-17 14:23:47", nobike
"2014-04-17 14:24:38", "2014-04-17 14:37:49", nobike
"2014-04-17 23:48:49", "2014-04-18 00:07:16", nospace
"2014-04-18 00:21:36", "2014-04-18 00:27:15", nospace
"2014-04-18 01:56:23", "2014-04-18 02:17:55", nospace
"2014-04-18 05:39:38", "2014-04-18 05:43:16", nospace
"2014-04-18 05:54:27", "2014-04-18 05:59:36", nospace
"2014-04-18 06:07:15", "2014-04-18 06:12:54", nospace
"2014-04-18 06:15:43", "2014-04-18 06:30:14", nospace
"2014-04-18 06:35:53", "2014-04-18 06:52:44", nospace
"2014-04-18 07:09:41", "2014-04-18 07:15:19", nospace
"2014-04-18 07:18:08", "2014-04-18 07:26:35", nospace
"2014-04-18 10:04:32", "2014-04-18 10:12:58", nospace
"2014-04-18 11:54:30", "2014-04-18 12:12:23", nospace
"2014-04-18 12:24:36", "2014-04-18 12:27:47", nospace
"2014-04-19 01:58:46", "2014-04-19 02:15:43", nospace
"2014-04-19 06:08:48", "2014-04-19 06:14:19", nospace
"2014-04-19 06:45:52", "2014-04-19 06:54:20", nospace
"2014-04-19 06:57:09", "2014-04-19 07:16:58", nospace
"2014-04-19 07:39:37", "2014-04-19 07:48:08", nospace
"2014-04-19 07:56:39", "2014-04-19 08:16:32", nospace
"2014-04-19 08:29:45", "2014-04-19 08:49:36", nospace
"2014-04-19 09:15:05", "2014-04-19 09:23:30", nospace
"2014-04-19 09:26:41", "2014-04-19 09:28:22", nospace
"2014-04-19 09:30:16", "2014-04-19 09:33:31", nospace
"2014-04-19 09:36:47", "2014-04-19 09:39:51", nospace
"2014-04-19 11:46:10", "2014-04-19 11:48:59", nospace
"2014-04-19 12:45:36", "2014-04-19 12:51:16", nospace
"2014-04-19 22:09:56", "2014-04-19 22:26:58", nobike
"2014-04-20 05:58:06", "2014-04-20 06:03:45", nospace
"2014-04-20 06:06:35", "2014-04-20 06:17:58", nospace
"2014-04-20 06:26:58", "2014-04-20 06:43:35", nospace
"2014-04-20 06:58:10", "2014-04-20 07:01:00", nospace
"2014-04-20 07:06:41", "2014-04-20 07:15:13", nospace
"2014-04-20 07:32:15", "2014-04-20 08:05:22", nospace
"2014-04-20 08:08:14", "2014-04-20 08:19:35", nospace
"2014-04-20 08:52:39", "2014-04-20 08:55:30", nospace
"2014-04-20 16:19:42", "2014-04-20 16:22:31", nospace
"2014-04-21 00:23:23", "2014-04-21 00:26:14", nospace
"2014-04-21 00:34:46", "2014-04-21 00:54:39", nospace
"2014-04-21 00:57:31", "2014-04-21 01:00:20", nospace
"2014-04-21 01:06:02", "2014-04-21 01:11:43", nospace
"2014-04-21 01:20:17", "2014-04-21 01:28:48", nospace
"2014-04-21 01:31:39", "2014-04-21 01:34:29", nospace
"2014-04-21 01:48:44", "2014-04-21 01:57:15", nospace
"2014-04-21 02:08:38", "2014-04-21 02:11:29", nospace
"2014-04-21 03:01:40", "2014-04-21 03:10:13", nospace
"2014-04-21 03:46:12", "2014-04-21 03:54:45", nospace
"2014-04-21 03:57:37", "2014-04-21 04:09:03", nospace
"2014-04-21 04:14:44", "2014-04-21 04:20:26", nospace
"2014-04-21 04:23:17", "2014-04-21 04:37:34", nospace
"2014-04-21 04:40:25", "2014-04-21 04:48:58", nospace
"2014-04-21 04:51:49", "2014-04-21 05:17:24", nospace
"2014-04-21 05:20:16", "2014-04-21 05:34:30", nospace
"2014-04-21 05:57:16", "2014-04-21 06:00:06", nospace
"2014-04-21 06:14:22", "2014-04-21 06:25:49", nospace
"2014-04-21 06:37:15", "2014-04-21 06:53:44", nospace
"2014-04-21 07:01:40", "2014-04-21 07:33:38", nospace
"2014-04-21 07:59:16", "2014-04-21 08:02:07", nospace
"2014-04-21 08:05:00", "2014-04-21 08:10:40", nospace
"2014-04-21 08:16:21", "2014-04-21 08:22:05", nospace
"2014-04-21 08:42:27", "2014-04-21 08:46:45", nospace
"2014-04-21 10:06:36", "2014-04-21 10:09:27", nospace
"2014-04-21 13:15:37", "2014-04-21 13:24:10", nospace
"2014-04-21 22:35:44", "2014-04-21 22:41:27", nobike
"2014-04-22 02:06:24", "2014-04-22 02:20:42", nospace
"2014-04-22 02:29:15", "2014-04-22 02:37:49", nospace
"2014-04-22 02:46:23", "2014-04-22 02:49:14", nospace
"2014-04-22 02:52:05", "2014-04-22 02:57:46", nospace
"2014-04-22 13:34:53", "2014-04-22 13:37:45", nospace
"2014-04-23 01:18:35", "2014-04-23 01:21:26", nospace
"2014-04-23 01:27:10", "2014-04-23 01:30:02", nospace
"2014-04-23 01:35:47", "2014-04-23 01:57:42", nospace
"2014-04-23 14:37:00", "2014-04-23 14:39:53", nobike
"2014-04-24 09:34:27", "2014-04-24 09:37:20", nobike
"2014-04-24 09:40:14", "2014-04-24 09:54:36", nobike
"2014-04-24 10:11:55", "2014-04-24 10:20:33", nobike
"2014-04-24 10:23:25", "2014-04-24 10:37:50", nobike
"2014-04-24 10:40:43", "2014-04-24 10:43:35", nobike
"2014-04-24 11:51:48", "2014-04-24 12:00:27", nospace
"2014-04-24 23:21:28", "2014-04-24 23:41:40", nospace
"2014-04-25 00:09:38", "2014-04-25 00:13:53", nospace
"2014-04-25 00:19:06", "2014-04-25 00:44:17", nospace
"2014-04-25 00:50:04", "2014-04-25 01:04:09", nospace
"2014-04-25 05:28:34", "2014-04-25 05:37:13", nospace
"2014-04-25 05:57:28", "2014-04-25 06:09:02", nospace
"2014-04-25 08:43:57", "2014-04-25 08:47:09", nospace
"2014-04-25 22:18:03", "2014-04-25 22:23:52", nobike
"2014-04-25 22:26:45", "2014-04-25 22:32:33", nobike
"2014-04-25 22:35:27", "2014-04-25 23:01:34", nobike
"2014-04-25 23:04:28", "2014-04-25 23:07:22", nobike
"2014-04-26 05:28:48", "2014-04-26 05:54:55", nospace
"2014-04-26 06:00:44", "2014-04-26 06:09:25", nospace
"2014-04-26 06:15:13", "2014-04-26 06:18:07", nospace
"2014-04-26 07:24:45", "2014-04-26 07:50:37", nospace
"2014-04-26 07:53:32", "2014-04-26 07:56:26", nospace
"2014-04-26 07:59:20", "2014-04-26 08:05:08", nospace
"2014-04-26 08:08:03", "2014-04-26 08:19:38", nospace
"2014-04-26 08:22:31", "2014-04-26 08:25:25", nospace
"2014-04-27 03:10:01", "2014-04-27 03:27:28", nospace
"2014-04-27 03:56:32", "2014-04-27 03:59:26", nospace
"2014-04-27 04:05:15", "2014-04-27 04:08:10", nospace
"2014-04-27 04:35:08", "2014-04-27 04:45:06", nospace
"2014-04-27 04:48:00", "2014-04-27 04:50:54", nospace
"2014-04-27 05:11:16", "2014-04-27 05:14:09", nospace
"2014-04-27 05:19:59", "2014-04-27 05:40:21", nospace
"2014-04-27 05:52:00", "2014-04-27 06:17:24", nospace
"2014-04-27 06:29:07", "2014-04-27 07:13:18", nospace
"2014-04-27 07:16:12", "2014-04-27 08:07:45", nospace
"2014-04-27 08:16:29", "2014-04-27 08:51:31", nospace
"2014-04-27 09:26:31", "2014-04-27 09:29:24", nospace
"2014-04-27 09:32:19", "2014-04-27 09:46:53", nospace
"2014-04-27 09:55:39", "2014-04-27 09:58:34", nospace
"2014-04-27 10:10:13", "2014-04-27 10:13:08", nospace
"2014-04-27 10:18:59", "2014-04-27 10:33:58", nospace
"2014-04-27 10:50:26", "2014-04-27 10:53:21", nospace
"2014-04-28 00:05:02", "2014-04-28 00:31:18", nospace
"2014-04-28 00:34:13", "2014-04-28 00:37:07", nospace
"2014-04-28 00:40:03", "2014-04-28 00:45:53", nospace
"2014-04-28 00:48:48", "2014-04-28 00:51:43", nospace
"2014-04-28 01:12:09", "2014-04-28 01:26:46", nospace
"2014-04-28 01:29:40", "2014-04-28 01:55:09", nospace
"2014-04-28 02:01:01", "2014-04-28 02:06:51", nospace
"2014-04-28 02:27:21", "2014-04-28 02:33:15", nospace
"2014-04-28 02:44:54", "2014-04-28 02:59:31", nospace
"2014-04-28 04:06:41", "2014-04-28 04:18:22", nospace
"2014-04-28 06:34:51", "2014-04-28 06:46:52", nospace
"2014-04-28 06:55:40", "2014-04-28 07:07:19", nospace
"2014-04-28 09:00:31", "2014-04-28 09:18:06", nospace
"2014-04-29 00:04:27", "2014-04-29 00:16:11", nospace
"2014-04-29 00:24:58", "2014-04-29 00:33:46", nospace
"2014-04-29 02:23:30", "2014-04-29 02:29:24", nospace
"2014-04-29 03:03:45", "2014-04-29 03:36:02", nospace
"2014-04-29 05:04:02", "2014-04-29 05:15:45", nospace
"2014-04-29 11:06:36", "2014-04-29 11:12:29", nospace
"2014-04-29 13:00:14", "2014-04-29 13:03:09", nospace
"2014-04-29 22:47:59", "2014-04-29 22:56:49", nobike
"2014-04-30 01:17:37", "2014-04-30 01:23:32", nospace
"2014-05-01 01:03:26", "2014-05-01 01:12:17", nospace
"2014-05-01 01:15:15", "2014-05-01 01:24:08", nospace
"2014-05-01 23:46:49", "2014-05-02 00:19:23", nospace
"2014-05-02 00:28:14", "2014-05-02 00:34:08", nospace
"2014-05-02 00:40:44", "2014-05-02 00:44:00", nospace
"2014-05-02 02:34:42", "2014-05-02 02:43:32", nospace
"2014-05-02 04:31:28", "2014-05-02 04:34:26", nospace
"2014-05-02 05:15:46", "2014-05-02 05:21:05", nospace
"2014-05-02 06:08:24", "2014-05-02 06:11:22", nospace
"2014-05-02 06:20:15", "2014-05-02 06:23:13", nospace
"2014-05-02 06:38:29", "2014-05-02 07:02:13", nospace
"2014-05-02 07:05:09", "2014-05-02 07:28:51", nospace
"2014-05-02 12:40:08", "2014-05-02 12:43:06", nobike
"2014-05-02 13:09:14", "2014-05-02 13:12:13", nobike
"2014-05-03 00:37:55", "2014-05-03 00:55:26", nospace
"2014-05-03 00:58:42", "2014-05-03 01:03:55", nospace
"2014-05-03 01:07:12", "2014-05-03 01:10:28", nospace
"2014-05-03 01:12:30", "2014-05-03 01:13:35", nospace
"2014-05-03 01:21:49", "2014-05-03 01:24:47", nospace
"2014-05-03 03:11:42", "2014-05-03 03:20:37", nospace
"2014-05-03 05:54:27", "2014-05-03 06:24:12", nospace
"2014-05-03 06:33:11", "2014-05-03 06:45:25", nospace
"2014-05-03 06:48:24", "2014-05-03 06:54:20", nospace
"2014-05-03 07:03:14", "2014-05-03 07:14:36", nospace
"2014-05-03 07:19:14", "2014-05-03 07:28:01", nospace
"2014-05-03 10:21:14", "2014-05-03 10:30:09", nobike
"2014-05-03 11:56:18", "2014-05-03 11:59:18", nospace
"2014-05-03 12:02:17", "2014-05-03 12:29:01", nospace
"2014-05-04 01:29:11", "2014-05-04 01:47:03", nospace
"2014-05-04 01:50:02", "2014-05-04 02:13:50", nospace
"2014-05-04 05:30:01", "2014-05-04 05:40:58", nospace
"2014-05-04 05:46:55", "2014-05-04 05:55:52", nospace
"2014-05-04 05:58:50", "2014-05-04 06:14:05", nospace
"2014-05-04 06:17:23", "2014-05-04 06:19:16", nospace
"2014-05-04 06:22:35", "2014-05-04 06:33:57", nospace
"2014-05-04 06:52:24", "2014-05-04 07:01:19", nospace
"2014-05-04 07:37:02", "2014-05-04 07:57:54", nospace
"2014-05-04 08:03:52", "2014-05-04 08:12:49", nospace
"2014-05-04 08:15:49", "2014-05-04 08:24:45", nospace
"2014-05-04 08:27:43", "2014-05-04 08:30:41", nospace
"2014-05-04 08:45:37", "2014-05-04 09:00:28", nospace
"2014-05-04 09:03:27", "2014-05-04 09:06:27", nospace
"2014-05-04 09:09:27", "2014-05-04 09:12:26", nospace
"2014-05-04 10:29:17", "2014-05-04 10:32:15", nobike
"2014-05-05 10:17:41", "2014-05-05 10:23:41", nobike
"2014-05-05 10:29:39", "2014-05-05 10:32:39", nobike
"2014-05-05 14:45:27", "2014-05-05 15:03:27", nospace
"2014-05-06 14:00:56", "2014-05-06 14:09:56", nobike
"2014-05-06 22:47:28", "2014-05-06 23:01:02", nobike
"2014-05-07 01:12:45", "2014-05-07 01:27:46", nospace
"2014-05-07 02:03:51", "2014-05-07 02:15:55", nospace
"2014-05-07 02:21:57", "2014-05-07 02:24:57", nospace
"2014-05-08 00:52:34", "2014-05-08 01:01:39", nospace
"2014-05-08 01:25:48", "2014-05-08 01:28:48", nospace
"2014-05-08 01:40:52", "2014-05-08 02:26:06", nospace
"2014-05-08 02:29:09", "2014-05-08 02:38:13", nospace
"2014-05-08 02:53:19", "2014-05-08 02:56:20", nospace
"2014-05-08 02:59:21", "2014-05-08 03:14:26", nospace
"2014-05-08 07:14:43", "2014-05-08 07:32:52", nospace
"2014-05-08 08:18:07", "2014-05-08 08:21:08", nospace
"2014-05-08 10:36:22", "2014-05-08 10:39:23", nobike
