"2013-11-28 09:16:46", "2013-11-28 09:22:40", nospace
"2013-11-28 09:31:55", "2013-11-28 09:46:41", nospace
"2013-11-28 09:49:38", "2013-11-28 09:55:56", nospace
"2013-11-28 10:07:48", "2013-11-28 10:10:46", nospace
"2013-11-28 10:31:53", "2013-11-28 10:43:43", nospace
"2013-11-28 14:07:55", "2013-11-28 14:16:51", nobike
"2013-11-28 14:19:49", "2013-11-28 14:25:46", nobike
"2013-11-29 04:16:57", "2013-11-29 04:28:53", nospace
"2013-11-29 04:31:52", "2013-11-29 04:34:53", nospace
"2013-11-29 04:40:51", "2013-11-29 04:46:49", nospace
"2013-11-29 04:49:49", "2013-11-29 04:55:49", nospace
"2013-11-29 05:28:40", "2013-11-29 05:38:01", nospace
"2013-11-29 08:13:56", "2013-11-29 08:16:55", nospace
"2013-11-29 08:37:51", "2013-11-29 08:40:51", nospace
"2013-11-29 08:43:52", "2013-11-29 08:52:50", nospace
"2013-11-29 09:01:49", "2013-11-29 09:07:48", nospace
"2013-11-29 09:13:48", "2013-11-29 09:28:43", nospace
"2013-11-29 09:31:43", "2013-11-29 09:37:41", nospace
"2013-11-29 09:41:01", "2013-11-29 09:44:00", nospace
"2013-11-29 09:55:57", "2013-11-29 10:13:53", nospace
"2013-11-29 10:16:52", "2013-11-29 10:25:50", nospace
"2013-11-29 10:46:48", "2013-11-29 10:58:46", nospace
"2013-11-30 02:01:47", "2013-11-30 02:22:53", nospace
"2013-11-30 03:47:02", "2013-11-30 04:04:47", nospace
"2013-11-30 04:07:51", "2013-11-30 04:13:54", nospace
"2013-11-30 04:38:04", "2013-11-30 04:52:46", nospace
"2013-11-30 04:55:47", "2013-11-30 05:07:50", nospace
"2013-11-30 05:13:52", "2013-11-30 05:25:57", nospace
"2013-11-30 05:28:58", "2013-11-30 05:55:49", nospace
"2013-11-30 06:38:03", "2013-11-30 06:44:03", nospace
"2013-11-30 06:47:04", "2013-11-30 07:04:51", nospace
"2013-11-30 07:07:52", "2013-11-30 07:35:03", nospace
"2013-11-30 07:43:44", "2013-11-30 08:10:45", nospace
"2013-11-30 08:34:53", "2013-11-30 08:44:01", nospace
"2013-11-30 08:47:02", "2013-11-30 08:50:02", nospace
"2013-11-30 09:10:52", "2013-11-30 09:22:57", nospace
"2013-11-30 09:32:01", "2013-11-30 09:41:06", nospace
"2013-11-30 10:14:00", "2013-11-30 10:23:04", nospace
"2013-11-30 10:26:05", "2013-11-30 10:34:43", nospace
"2013-11-30 15:53:00", "2013-11-30 15:56:02", nobike
"2013-12-01 05:43:55", "2013-12-01 05:47:00", nospace
"2013-12-01 05:53:07", "2013-12-01 05:55:49", nospace
"2013-12-01 05:58:54", "2013-12-01 06:11:07", nospace
"2013-12-01 06:16:51", "2013-12-01 06:19:54", nospace
"2013-12-01 06:26:03", "2013-12-01 06:29:08", nospace
"2013-12-01 06:32:08", "2013-12-01 06:38:03", nospace
"2013-12-01 06:41:07", "2013-12-01 06:43:47", nospace
"2013-12-01 06:49:57", "2013-12-01 07:22:54", nospace
"2013-12-01 07:29:02", "2013-12-01 07:35:08", nospace
"2013-12-01 07:50:01", "2013-12-01 08:10:53", nospace
"2013-12-01 08:13:57", "2013-12-01 08:17:00", nospace
"2013-12-01 08:23:06", "2013-12-01 08:38:00", nospace
"2013-12-01 08:41:03", "2013-12-01 08:52:53", nospace
"2013-12-01 09:02:05", "2013-12-01 09:17:01", nospace
"2013-12-01 12:47:07", "2013-12-01 12:52:51", nobike
"2013-12-01 12:55:55", "2013-12-01 13:02:05", nobike
"2013-12-01 13:23:10", "2013-12-01 13:40:48", nobike
"2013-12-02 03:49:54", "2013-12-02 04:23:00", nospace
"2013-12-02 05:26:03", "2013-12-02 05:29:09", nospace
"2013-12-02 10:16:53", "2013-12-02 10:23:03", nospace
"2013-12-02 10:28:51", "2013-12-02 10:35:04", nospace
"2013-12-02 10:38:10", "2013-12-02 10:44:00", nospace
"2013-12-02 12:47:02", "2013-12-02 13:07:55", nobike
"2013-12-02 13:11:00", "2013-12-02 13:19:55", nobike
"2013-12-03 04:14:14", "2013-12-03 04:28:57", nospace
"2013-12-03 08:02:00", "2013-12-03 08:49:56", nospace
"2013-12-03 08:53:04", "2013-12-03 09:23:12", nospace
"2013-12-03 09:25:56", "2013-12-03 09:47:03", nospace
"2013-12-03 09:50:12", "2013-12-03 09:56:04", nospace
"2013-12-03 10:01:58", "2013-12-03 10:20:00", nospace
"2013-12-03 10:41:06", "2013-12-03 10:59:02", nospace
"2013-12-03 11:02:10", "2013-12-03 11:05:17", nospace
"2013-12-04 03:47:10", "2013-12-04 03:49:56", nospace
"2013-12-04 03:53:04", "2013-12-04 03:56:12", nospace
"2013-12-04 04:05:14", "2013-12-04 04:26:10", nospace
"2013-12-04 04:29:19", "2013-12-04 04:32:05", nospace
"2013-12-04 09:25:59", "2013-12-04 09:32:17", nospace
"2013-12-04 10:02:01", "2013-12-04 10:05:11", nospace
"2013-12-04 10:20:10", "2013-12-04 10:22:58", nospace
"2013-12-05 02:14:05", "2013-12-05 02:23:14", nospace
"2013-12-05 03:50:08", "2013-12-05 04:02:03", nospace
"2013-12-05 04:08:23", "2013-12-05 04:17:09", nospace
"2013-12-05 04:23:07", "2013-12-05 04:26:17", nospace
"2013-12-05 09:11:09", "2013-12-05 09:29:13", nospace
"2013-12-05 09:47:20", "2013-12-05 09:53:23", nospace
"2013-12-05 10:56:02", "2013-12-05 10:59:15", nospace
"2013-12-05 11:20:15", "2013-12-05 11:26:17", nospace
"2013-12-06 03:11:14", "2013-12-06 03:23:04", nospace
"2013-12-06 03:35:26", "2013-12-06 04:23:24", nospace
"2013-12-06 04:32:26", "2013-12-06 04:38:10", nospace
"2013-12-06 04:41:25", "2013-12-06 04:47:09", nospace
"2013-12-06 06:35:06", "2013-12-06 06:38:22", nospace
"2013-12-06 08:11:26", "2013-12-06 08:14:16", nospace
"2013-12-06 09:11:23", "2013-12-06 09:29:08", nospace
"2013-12-06 09:32:26", "2013-12-06 09:50:11", nospace
"2013-12-06 09:53:24", "2013-12-06 10:08:15", nospace
"2013-12-06 10:11:09", "2013-12-06 10:14:27", nospace
"2013-12-06 10:20:11", "2013-12-06 10:23:28", nospace
"2013-12-06 10:47:11", "2013-12-06 10:50:26", nospace
"2013-12-06 10:53:18", "2013-12-06 11:11:18", nospace
"2013-12-06 14:38:17", "2013-12-06 14:59:19", nobike
"2013-12-07 04:23:20", "2013-12-07 04:26:14", nospace
"2013-12-07 04:32:31", "2013-12-07 04:38:22", nospace
"2013-12-07 05:05:30", "2013-12-07 05:08:26", nospace
"2013-12-07 05:11:19", "2013-12-07 05:14:16", nospace
"2013-12-07 05:17:11", "2013-12-07 05:26:20", nospace
"2013-12-07 05:50:08", "2013-12-07 06:32:24", nospace
"2013-12-07 06:50:20", "2013-12-07 06:53:32", nospace
"2013-12-07 06:56:31", "2013-12-07 07:02:21", nospace
"2013-12-07 07:32:20", "2013-12-07 07:41:30", nospace
"2013-12-07 07:50:19", "2013-12-07 09:05:19", nospace
"2013-12-07 09:08:12", "2013-12-07 09:20:16", nospace
"2013-12-07 09:26:10", "2013-12-07 09:35:20", nospace
"2013-12-07 09:47:30", "2013-12-07 09:59:08", nospace
"2013-12-08 04:56:18", "2013-12-08 04:59:24", nospace
"2013-12-08 06:05:30", "2013-12-08 06:17:28", nospace
"2013-12-08 06:23:35", "2013-12-08 06:26:28", nospace
"2013-12-08 06:29:24", "2013-12-08 06:32:11", nospace
"2013-12-08 06:53:24", "2013-12-08 07:05:27", nospace
"2013-12-08 07:08:11", "2013-12-08 07:17:34", nospace
"2013-12-08 07:20:14", "2013-12-08 07:53:28", nospace
"2013-12-08 07:56:12", "2013-12-08 08:17:31", nospace
"2013-12-08 08:32:15", "2013-12-08 08:35:24", nospace
"2013-12-08 08:41:18", "2013-12-08 08:44:27", nospace
"2013-12-08 08:47:16", "2013-12-08 08:53:13", nospace
"2013-12-08 09:02:26", "2013-12-08 09:38:20", nospace
"2013-12-08 09:47:18", "2013-12-08 09:50:30", nospace
"2013-12-08 12:59:37", "2013-12-08 13:11:23", nobike
"2013-12-08 13:23:29", "2013-12-08 14:02:34", nobike
"2013-12-09 07:17:45", "2013-12-09 07:29:43", nospace
"2013-12-09 07:32:18", "2013-12-09 07:41:38", nospace
"2013-12-09 07:59:41", "2013-12-09 08:05:24", nospace
"2013-12-09 08:41:22", "2013-12-09 08:50:16", nospace
"2013-12-09 08:56:15", "2013-12-09 09:14:37", nospace
"2013-12-09 09:17:23", "2013-12-09 09:23:18", nospace
"2013-12-09 09:26:28", "2013-12-09 09:38:28", nospace
"2013-12-09 10:32:34", "2013-12-09 10:38:16", nospace
"2013-12-09 10:56:22", "2013-12-09 10:59:27", nospace
"2013-12-09 11:02:35", "2013-12-09 11:08:16", nospace
"2013-12-10 09:20:35", "2013-12-10 09:32:48", nospace
"2013-12-10 09:41:47", "2013-12-10 09:50:47", nospace
"2013-12-10 10:08:50", "2013-12-10 10:17:50", nospace
"2013-12-10 14:47:21", "2013-12-10 14:56:23", nobike
"2013-12-11 09:56:57", "2013-12-11 10:02:31", nospace
"2013-12-11 10:11:48", "2013-12-11 10:17:42", nospace
"2013-12-11 13:59:35", "2013-12-11 14:11:23", nobike
"2013-12-11 14:56:24", "2013-12-11 15:11:59", nobike
"2013-12-12 03:47:25", "2013-12-12 03:56:52", nospace
"2013-12-12 03:59:24", "2013-12-12 04:11:44", nospace
"2013-12-12 09:02:39", "2013-12-12 09:14:33", nospace
"2013-12-12 09:17:44", "2013-12-12 09:23:38", nospace
"2013-12-12 09:36:01", "2013-12-12 09:38:37", nospace
"2013-12-12 10:02:36", "2013-12-12 10:08:27", nobike
"2013-12-12 13:02:37", "2013-12-12 13:08:30", nobike
"2013-12-12 13:11:49", "2013-12-12 13:24:03", nobike
"2013-12-12 13:39:01", "2013-12-12 13:41:40", nobike
"2013-12-12 13:44:56", "2013-12-12 13:47:32", nobike
"2013-12-12 14:02:35", "2013-12-12 14:53:32", nobike
"2013-12-13 10:14:50", "2013-12-13 10:35:48", nospace
"2013-12-13 11:59:43", "2013-12-13 12:03:08", nobike
"2013-12-13 12:05:52", "2013-12-13 12:53:47", nobike
"2013-12-13 15:17:41", "2013-12-13 15:26:36", nobike
"2013-12-14 04:14:50", "2013-12-14 04:21:06", nospace
"2013-12-14 04:23:53", "2013-12-14 04:26:41", nospace
"2013-12-14 04:38:31", "2013-12-14 04:44:43", nospace
"2013-12-16 11:50:56", "2013-12-16 11:57:07", nobike
"2013-12-16 12:14:56", "2013-12-16 12:27:20", nobike
"2013-12-18 04:27:06", "2013-12-18 04:30:19", nospace
"2013-12-18 07:41:45", "2013-12-18 07:45:04", nobike
"2013-12-18 07:50:51", "2013-12-18 08:03:16", nobike
"2013-12-18 09:14:52", "2013-12-18 09:39:23", nobike
"2013-12-18 09:41:52", "2013-12-18 10:02:54", nobike
"2013-12-18 11:36:18", "2013-12-18 11:57:02", nobike
"2013-12-19 13:45:11", "2013-12-19 14:15:31", nobike
"2013-12-21 06:03:13", "2013-12-21 06:09:34", nospace
"2013-12-22 07:51:37", "2013-12-22 08:03:42", nospace
"2013-12-22 09:42:25", "2013-12-22 09:45:13", nospace
"2013-12-22 15:21:00", "2013-12-22 15:24:00", nobike
"2013-12-25 11:12:25", "2013-12-25 11:36:10", nobike
"2013-12-26 10:09:31", "2013-12-26 10:12:37", nospace
"2013-12-26 10:25:03", "2013-12-26 10:40:14", nospace
"2013-12-26 14:18:51", "2013-12-26 14:21:57", nobike
"2013-12-27 03:19:15", "2013-12-27 03:24:26", nospace
"2013-12-27 09:12:26", "2013-12-27 10:03:58", nospace
"2013-12-27 10:07:05", "2013-12-27 10:10:13", nospace
"2013-12-27 10:34:07", "2013-12-27 10:37:09", nospace
"2013-12-28 10:19:02", "2013-12-28 10:25:21", nospace
"2013-12-28 10:33:58", "2013-12-28 10:37:12", nospace
"2013-12-29 04:49:25", "2013-12-29 05:01:14", nospace
"2013-12-30 05:55:01", "2013-12-30 05:58:18", nospace
"2013-12-30 06:57:57", "2013-12-30 08:06:32", nospace
"2013-12-30 08:21:57", "2013-12-30 08:30:32", nospace
"2013-12-30 08:51:30", "2013-12-30 09:15:48", nospace
"2013-12-30 09:27:56", "2013-12-30 09:40:01", nospace
"2013-12-30 09:48:54", "2013-12-30 09:55:31", nospace
"2013-12-30 14:28:28", "2013-12-30 14:30:42", nobike
"2013-12-31 08:10:12", "2013-12-31 08:13:35", nospace
"2013-12-31 08:57:41", "2013-12-31 09:03:56", nospace
"2013-12-31 09:19:01", "2013-12-31 09:22:22", nospace
"2013-12-31 09:24:37", "2013-12-31 09:33:36", nospace
"2013-12-31 09:36:57", "2013-12-31 09:40:19", nospace
"2013-12-31 09:42:35", "2013-12-31 09:45:56", nospace
"2013-12-31 09:51:34", "2013-12-31 09:54:56", nospace
"2013-12-31 09:58:18", "2013-12-31 10:00:33", nospace
"2013-12-31 10:03:55", "2013-12-31 10:07:16", nospace
"2013-12-31 10:16:15", "2013-12-31 10:48:40", nospace
"2013-12-31 10:52:02", "2013-12-31 10:55:24", nospace
"2013-12-31 11:13:23", "2013-12-31 11:24:37", nospace
"2013-12-31 11:51:31", "2013-12-31 11:54:54", nospace
"2013-12-31 12:12:51", "2013-12-31 12:21:51", nospace
"2013-12-31 14:27:41", "2013-12-31 14:34:26", nospace
"2013-12-31 14:43:25", "2013-12-31 14:49:02", nospace
"2013-12-31 15:10:21", "2013-12-31 15:19:20", nospace
"2013-12-31 15:30:37", "2013-12-31 16:24:48", nospace
"2013-12-31 19:54:54", "2013-12-31 20:12:53", nobike
"2014-01-01 03:42:47", "2014-01-01 03:46:09", nospace
"2014-01-01 03:52:19", "2014-01-01 04:03:38", nospace
"2014-01-01 05:10:25", "2014-01-01 05:19:29", nospace
"2014-01-01 05:28:31", "2014-01-01 05:30:47", nospace
"2014-01-01 05:36:54", "2014-01-01 05:45:41", nospace
"2014-01-01 06:07:24", "2014-01-01 06:33:56", nospace
"2014-01-01 06:37:21", "2014-01-01 06:43:02", nospace
"2014-01-01 06:52:35", "2014-01-01 07:04:09", nospace
"2014-01-01 07:22:39", "2014-01-01 07:28:27", nospace
"2014-01-01 07:30:47", "2014-01-01 07:34:16", nospace
"2014-01-01 07:45:51", "2014-01-01 08:10:17", nospace
"2014-01-01 08:40:29", "2014-01-01 08:46:15", nospace
"2014-01-01 08:49:41", "2014-01-01 08:57:44", nospace
"2014-01-01 09:01:12", "2014-01-01 09:04:40", nospace
"2014-01-01 09:12:45", "2014-01-01 09:36:56", nospace
"2014-01-01 09:45:44", "2014-01-01 09:52:26", nospace
"2014-01-02 04:00:54", "2014-01-02 04:16:30", nospace
"2014-01-02 04:24:39", "2014-01-02 04:28:08", nospace
"2014-01-02 04:39:42", "2014-01-02 04:43:07", nospace
"2014-01-02 08:42:50", "2014-01-02 08:48:36", nospace
"2014-01-02 08:52:04", "2014-01-02 09:01:18", nospace
"2014-01-02 09:25:36", "2014-01-02 09:49:45", nospace
"2014-01-02 10:40:29", "2014-01-02 10:42:48", nospace
"2014-01-03 04:10:27", "2014-01-03 04:28:24", nospace
"2014-01-03 05:01:16", "2014-01-03 05:04:47", nospace
"2014-01-03 05:16:33", "2014-01-03 05:18:55", nospace
"2014-01-03 05:34:09", "2014-01-03 05:43:33", nospace
"2014-01-03 05:49:25", "2014-01-03 05:51:46", nospace
"2014-01-03 07:43:34", "2014-01-03 07:45:55", nospace
"2014-01-03 07:57:44", "2014-01-03 08:01:18", nospace
"2014-01-03 08:07:13", "2014-01-03 08:10:46", nospace
"2014-01-03 08:13:09", "2014-01-03 08:18:40", nospace
"2014-01-03 08:22:10", "2014-01-03 08:25:34", nospace
"2014-01-03 08:52:48", "2014-01-03 09:00:47", nospace
"2014-01-03 09:07:46", "2014-01-03 09:19:36", nospace
"2014-01-03 09:33:49", "2014-01-03 09:45:41", nospace
"2014-01-03 10:01:05", "2014-01-03 10:13:00", nospace
"2014-01-03 10:16:33", "2014-01-03 10:18:55", nospace
"2014-01-03 10:22:28", "2014-01-03 10:30:47", nospace
"2014-01-03 10:36:43", "2014-01-03 10:46:13", nospace
"2014-01-03 15:10:07", "2014-01-03 15:13:42", nobike
"2014-01-03 15:19:36", "2014-01-03 15:31:33", nobike
"2014-01-04 02:27:55", "2014-01-04 03:07:19", nospace
"2014-01-04 03:25:14", "2014-01-04 03:31:13", nospace
"2014-01-04 03:46:45", "2014-01-04 04:25:35", nospace
"2014-01-04 04:39:55", "2014-01-04 04:45:53", nospace
"2014-01-04 05:03:43", "2014-01-04 05:13:18", nospace
"2014-01-04 05:16:53", "2014-01-04 05:19:17", nospace
"2014-01-04 06:57:57", "2014-01-04 07:01:37", nospace
"2014-01-04 07:04:02", "2014-01-04 07:10:08", nospace
"2014-01-04 07:13:51", "2014-01-04 07:16:17", nospace
"2014-01-04 07:18:43", "2014-01-04 07:34:34", nospace
"2014-01-04 07:37:42", "2014-01-04 07:40:36", nospace
"2014-01-04 07:43:04", "2014-01-04 07:49:07", nospace
"2014-01-04 07:52:44", "2014-01-04 08:10:52", nospace
"2014-01-04 08:16:25", "2014-01-04 08:21:46", nospace
"2014-01-04 09:13:19", "2014-01-04 09:39:54", nospace
"2014-01-04 09:49:02", "2014-01-04 09:51:49", nospace
"2014-01-04 11:09:58", "2014-01-04 11:16:03", nospace
"2014-01-04 11:22:05", "2014-01-04 11:28:08", nospace
"2014-01-04 11:34:12", "2014-01-04 11:37:50", nospace
"2014-01-04 11:52:25", "2014-01-04 11:58:29", nospace
"2014-01-05 02:25:58", "2014-01-05 03:03:47", nospace
"2014-01-05 03:07:28", "2014-01-05 03:25:44", nospace
"2014-01-05 03:37:55", "2014-01-05 04:10:28", nospace
"2014-01-05 04:12:55", "2014-01-05 04:22:39", nospace
"2014-01-05 04:28:44", "2014-01-05 04:31:10", nospace
"2014-01-05 04:34:49", "2014-01-05 05:04:00", nospace
"2014-01-05 05:13:45", "2014-01-05 05:28:21", nospace
"2014-01-05 06:32:12", "2014-01-05 06:46:28", nospace
"2014-01-05 06:48:58", "2014-01-05 07:13:44", nospace
"2014-01-05 07:19:55", "2014-01-05 07:22:24", nospace
"2014-01-05 07:43:23", "2014-01-05 07:49:32", nospace
"2014-01-05 08:12:53", "2014-01-05 08:19:03", nospace
"2014-01-05 08:28:55", "2014-01-05 08:31:22", nospace
"2014-01-05 08:40:29", "2014-01-05 08:58:52", nospace
"2014-01-05 09:03:57", "2014-01-05 09:13:14", nospace
"2014-01-05 09:16:53", "2014-01-05 09:31:43", nospace
"2014-01-05 13:58:05", "2014-01-05 14:04:14", nobike
"2014-01-05 14:13:27", "2014-01-05 14:19:36", nobike
"2014-01-05 14:22:05", "2014-01-05 14:28:14", nobike
"2014-01-05 14:31:57", "2014-01-05 14:36:53", nobike
"2014-01-06 09:43:11", "2014-01-06 09:46:44", nospace
"2014-01-06 09:51:50", "2014-01-06 09:57:57", nospace
"2014-01-06 10:01:42", "2014-01-06 10:07:58", nospace
"2014-01-06 10:10:29", "2014-01-06 10:12:59", nospace
"2014-01-07 02:29:06", "2014-01-07 03:04:19", nospace
"2014-01-07 03:10:37", "2014-01-07 03:13:07", nospace
"2014-01-07 03:31:06", "2014-01-07 03:36:59", nospace
"2014-01-07 03:40:45", "2014-01-07 03:47:03", nospace
"2014-01-07 03:52:05", "2014-01-07 03:58:22", nospace
"2014-01-07 04:26:08", "2014-01-07 04:31:11", nospace
"2014-01-07 07:05:02", "2014-01-07 07:25:12", nospace
"2014-01-07 07:28:58", "2014-01-07 07:31:30", nospace
"2014-01-07 07:44:07", "2014-01-07 07:49:11", nospace
"2014-01-07 07:55:30", "2014-01-07 08:13:08", nospace
"2014-01-07 08:25:46", "2014-01-07 08:28:16", nospace
"2014-01-07 08:32:03", "2014-01-07 08:52:13", nospace
"2014-01-07 08:56:00", "2014-01-07 09:01:02", nospace
"2014-01-07 09:11:08", "2014-01-07 09:19:55", nospace
"2014-01-07 09:24:57", "2014-01-07 09:35:03", nospace
"2014-01-07 09:37:35", "2014-01-07 09:52:41", nospace
"2014-01-07 09:55:12", "2014-01-07 09:59:00", nospace
"2014-01-07 10:01:31", "2014-01-07 10:13:13", nospace
"2014-01-07 10:16:40", "2014-01-07 10:25:29", nospace
"2014-01-07 11:22:06", "2014-01-07 11:25:54", nospace
"2014-01-07 14:55:35", "2014-01-07 15:04:25", nobike
"2014-01-07 15:06:57", "2014-01-07 15:17:39", nobike
"2014-01-08 02:13:13", "2014-01-08 02:25:50", nospace
"2014-01-08 03:10:11", "2014-01-08 03:34:21", nospace
"2014-01-08 03:43:14", "2014-01-08 03:47:01", nospace
"2014-01-08 03:49:33", "2014-01-08 03:55:54", nospace
"2014-01-08 04:00:59", "2014-01-08 04:11:06", nospace
"2014-01-08 04:20:00", "2014-01-08 04:28:54", nospace
"2014-01-08 04:31:25", "2014-01-08 04:33:58", nospace
"2014-01-08 07:34:01", "2014-01-08 07:44:03", nospace
"2014-01-09 13:49:20", "2014-01-09 14:22:58", nobike
"2014-01-10 03:16:24", "2014-01-10 03:46:20", nospace
"2014-01-10 04:16:10", "2014-01-10 04:52:36", nospace
"2014-01-10 15:05:20", "2014-01-10 15:26:21", nobike
"2014-01-11 04:26:06", "2014-01-11 04:28:44", nospace
"2014-01-11 04:35:22", "2014-01-11 04:40:39", nospace
"2014-01-11 04:43:19", "2014-01-11 04:55:12", nospace
"2014-01-11 07:22:14", "2014-01-11 07:38:22", nospace
"2014-01-11 07:43:42", "2014-01-11 07:46:23", nospace
"2014-01-11 07:58:29", "2014-01-11 08:05:13", nospace
"2014-01-11 08:17:20", "2014-01-11 08:34:48", nospace
"2014-01-11 08:44:13", "2014-01-11 08:49:35", nospace
"2014-01-11 08:52:16", "2014-01-11 09:13:54", nospace
"2014-01-11 09:19:17", "2014-01-11 09:26:00", nospace
"2014-01-11 10:22:31", "2014-01-11 10:41:20", nospace
"2014-01-11 10:58:18", "2014-01-11 11:05:00", nospace
"2014-01-11 11:07:42", "2014-01-11 11:17:07", nospace
"2014-01-11 11:19:48", "2014-01-11 11:22:31", nospace
"2014-01-11 11:31:57", "2014-01-11 11:34:39", nospace
"2014-01-11 12:55:31", "2014-01-11 13:02:16", nospace
"2014-01-12 05:22:17", "2014-01-12 05:31:40", nospace
"2014-01-12 05:41:03", "2014-01-12 05:46:24", nospace
"2014-01-12 06:52:39", "2014-01-12 06:55:21", nospace
"2014-01-12 08:07:34", "2014-01-12 08:10:16", nospace
"2014-01-13 01:55:44", "2014-01-13 02:25:59", nospace
"2014-01-13 02:43:35", "2014-01-13 02:59:05", nospace
"2014-01-13 03:02:15", "2014-01-13 03:08:12", nospace
"2014-01-13 03:10:54", "2014-01-13 03:35:14", nospace
"2014-01-15 01:46:30", "2014-01-15 01:50:41", nospace
"2014-01-15 02:58:21", "2014-01-15 03:08:03", nospace
"2014-01-15 03:37:37", "2014-01-15 03:58:26", nospace
"2014-01-15 04:11:12", "2014-01-15 04:13:59", nospace
"2014-01-15 04:32:03", "2014-01-15 04:37:29", nospace
"2014-01-15 04:41:39", "2014-01-15 04:47:11", nospace
"2014-01-15 04:52:44", "2014-01-15 04:55:30", nospace
"2014-01-15 10:28:51", "2014-01-15 10:31:40", nospace
"2014-01-15 10:34:31", "2014-01-15 10:41:34", nospace
"2014-01-15 12:50:19", "2014-01-15 12:55:57", nobike
"2014-01-15 13:01:36", "2014-01-15 13:08:37", nobike
"2014-01-16 02:07:43", "2014-01-16 02:14:43", nospace
"2014-01-16 02:58:26", "2014-01-16 03:05:29", nospace
"2014-01-16 03:08:19", "2014-01-16 03:16:47", nospace
"2014-01-17 00:55:32", "2014-01-17 01:08:15", nospace
"2014-01-17 07:33:40", "2014-01-17 07:39:03", nospace
"2014-01-17 08:25:46", "2014-01-17 08:28:31", nospace
"2014-01-17 09:08:12", "2014-01-17 09:14:19", nospace
"2014-01-17 09:27:29", "2014-01-17 09:38:12", nospace
"2014-01-17 09:59:42", "2014-01-17 10:19:55", nospace
"2014-01-17 10:22:35", "2014-01-17 10:32:37", nospace
"2014-01-17 10:35:29", "2014-01-17 10:41:13", nospace
"2014-01-17 10:52:41", "2014-01-17 10:55:32", nospace
"2014-01-17 11:28:31", "2014-01-17 11:35:41", nospace
"2014-01-17 11:44:18", "2014-01-17 11:52:54", nospace
"2014-01-17 12:55:41", "2014-01-17 13:02:50", nospace
"2014-01-17 13:05:42", "2014-01-17 13:08:34", nospace
"2014-01-17 13:22:58", "2014-01-17 13:28:41", nospace
"2014-01-18 01:08:16", "2014-01-18 01:25:31", nospace
"2014-01-18 02:35:56", "2014-01-18 03:14:43", nospace
"2014-01-18 03:20:28", "2014-01-18 03:23:20", nospace
"2014-01-18 03:26:12", "2014-01-18 03:37:44", nospace
"2014-01-18 06:50:40", "2014-01-18 06:59:24", nospace
"2014-01-18 07:18:17", "2014-01-18 07:22:41", nospace
"2014-01-18 07:25:53", "2014-01-18 07:29:34", nospace
"2014-01-18 08:56:05", "2014-01-18 09:17:50", nospace
"2014-01-18 09:29:27", "2014-01-18 09:41:02", nospace
"2014-01-19 03:58:54", "2014-01-19 04:01:49", nospace
"2014-01-19 04:10:34", "2014-01-19 04:20:44", nospace
"2014-01-19 04:23:40", "2014-01-19 04:35:19", nospace
"2014-01-19 04:47:02", "2014-01-19 04:49:57", nospace
"2014-01-19 04:55:45", "2014-01-19 05:05:10", nospace
"2014-01-19 05:50:43", "2014-01-19 06:05:16", nospace
"2014-01-19 06:11:08", "2014-01-19 06:19:52", nospace
"2014-01-19 06:36:01", "2014-01-19 06:41:52", nospace
"2014-01-19 06:53:38", "2014-01-19 07:02:07", nospace
"2014-01-19 07:13:43", "2014-01-19 07:47:40", nospace
"2014-01-19 07:53:32", "2014-01-19 08:08:13", nospace
"2014-01-19 08:28:52", "2014-01-19 08:31:49", nospace
"2014-01-19 08:43:40", "2014-01-19 08:53:36", nospace
"2014-01-19 09:02:28", "2014-01-19 09:34:58", nospace
"2014-01-19 10:03:02", "2014-01-19 10:08:58", nospace
"2014-01-19 10:11:56", "2014-01-19 10:20:47", nospace
"2014-01-20 02:38:03", "2014-01-20 02:41:21", nospace
"2014-01-20 03:08:57", "2014-01-20 03:13:42", nospace
"2014-01-20 03:20:29", "2014-01-20 03:26:01", nospace
"2014-01-20 03:43:44", "2014-01-20 04:00:00", nospace
"2014-01-20 04:14:48", "2014-01-20 04:26:35", nospace
"2014-01-20 04:29:31", "2014-01-20 04:50:00", nospace
"2014-01-20 05:13:52", "2014-01-20 05:16:48", nospace
"2014-01-20 05:22:43", "2014-01-20 05:41:53", nospace
"2014-01-20 06:59:31", "2014-01-20 07:14:25", nospace
"2014-01-20 07:38:16", "2014-01-20 07:47:14", nospace
"2014-01-20 07:53:12", "2014-01-20 08:02:02", nospace
"2014-01-20 10:26:13", "2014-01-20 10:29:14", nospace
"2014-01-21 04:46:56", "2014-01-21 04:49:56", nospace
"2014-01-21 05:13:42", "2014-01-21 05:18:09", nospace
"2014-01-21 05:21:08", "2014-01-21 05:27:05", nospace
"2014-01-21 06:11:15", "2014-01-21 06:17:07", nospace
"2014-01-21 06:29:05", "2014-01-21 06:53:04", nospace
"2014-01-21 09:27:06", "2014-01-21 09:43:56", nospace
"2014-01-21 09:47:16", "2014-01-21 09:55:46", nospace
"2014-01-21 10:04:49", "2014-01-21 10:13:49", nospace
"2014-01-21 10:16:56", "2014-01-21 10:23:16", nospace
"2014-01-22 02:20:32", "2014-01-22 02:32:32", nospace
"2014-01-22 04:24:47", "2014-01-22 04:42:50", nospace
"2014-01-22 09:19:41", "2014-01-22 09:45:29", nospace
"2014-01-22 09:47:00", "2014-01-22 09:48:32", nospace
"2014-01-22 10:00:39", "2014-01-22 10:05:11", nospace
"2014-01-22 10:20:20", "2014-01-22 10:24:53", nospace
"2014-01-22 10:47:37", "2014-01-22 10:49:08", nospace
"2014-01-23 04:42:00", "2014-01-23 04:43:32", nospace
"2014-01-23 04:48:05", "2014-01-23 04:49:37", nospace
"2014-01-23 05:00:16", "2014-01-23 05:07:55", nospace
"2014-01-23 11:15:33", "2014-01-23 11:21:39", nospace
"2014-01-24 01:08:50", "2014-01-24 01:11:53", nospace
"2014-01-24 01:14:32", "2014-01-24 01:17:36", nospace
"2014-01-24 03:56:17", "2014-01-24 04:17:42", nospace
"2014-01-24 04:19:14", "2014-01-24 04:40:38", nospace
"2014-01-24 05:55:29", "2014-01-24 06:07:46", nospace
"2014-01-24 06:12:22", "2014-01-24 06:18:30", nospace
"2014-01-24 15:06:39", "2014-01-24 15:23:41", nobike
"2014-01-25 03:26:41", "2014-01-25 03:28:49", nospace
"2014-01-25 04:08:45", "2014-01-25 04:13:38", nospace
"2014-01-25 04:15:39", "2014-01-25 04:39:14", nospace
"2014-01-25 04:54:50", "2014-01-25 05:15:03", nospace
"2014-01-25 05:16:36", "2014-01-25 05:29:07", nospace
"2014-01-25 05:33:47", "2014-01-25 05:38:28", nospace
"2014-01-25 05:39:59", "2014-01-25 05:49:17", nospace
"2014-01-25 06:06:23", "2014-01-25 06:09:29", nospace
"2014-01-25 06:12:38", "2014-01-25 06:16:57", nospace
"2014-01-25 06:42:40", "2014-01-25 06:56:48", nospace
"2014-01-25 07:05:56", "2014-01-25 07:12:11", nospace
"2014-01-25 07:38:48", "2014-01-25 08:11:40", nospace
"2014-01-25 08:13:15", "2014-01-25 08:17:57", nospace
"2014-01-25 08:19:31", "2014-01-25 08:32:02", nospace
"2014-01-25 08:36:43", "2014-01-25 08:38:15", nospace
"2014-01-25 09:18:59", "2014-01-25 09:31:29", nospace
"2014-01-25 09:33:02", "2014-01-25 09:34:37", nospace
"2014-01-25 10:31:03", "2014-01-25 10:37:50", nospace
"2014-01-26 07:42:41", "2014-01-26 07:50:21", nospace
"2014-01-26 10:44:43", "2014-01-26 10:51:31", nospace
"2014-01-26 10:55:06", "2014-01-26 10:57:10", nospace
"2014-01-27 04:07:54", "2014-01-27 04:20:33", nospace
"2014-01-27 04:25:20", "2014-01-27 04:26:56", nospace
"2014-01-27 04:34:53", "2014-01-27 04:38:47", nospace
"2014-01-27 04:45:43", "2014-01-27 04:51:04", nospace
"2014-01-27 06:00:35", "2014-01-27 06:12:47", nospace
"2014-01-27 06:55:18", "2014-01-27 07:05:51", nospace
"2014-01-27 07:13:52", "2014-01-27 07:15:28", nospace
"2014-01-27 08:16:31", "2014-01-27 08:19:15", nospace
"2014-01-27 08:22:26", "2014-01-27 08:24:02", nospace
"2014-01-27 08:59:15", "2014-01-27 09:00:51", nospace
"2014-01-27 09:12:01", "2014-01-27 09:26:24", nospace
"2014-01-27 11:32:30", "2014-01-27 11:48:31", nospace
"2014-01-28 03:07:23", "2014-01-28 03:15:22", nospace
"2014-01-28 03:26:35", "2014-01-28 03:28:13", nospace
"2014-01-28 03:34:37", "2014-01-28 03:53:49", nospace
"2014-01-28 04:06:37", "2014-01-28 04:12:59", nospace
"2014-01-28 04:14:37", "2014-01-28 04:25:47", nospace
"2014-01-28 07:14:20", "2014-01-28 07:33:27", nospace
"2014-01-28 08:50:58", "2014-01-28 09:03:38", nospace
"2014-01-28 09:06:53", "2014-01-28 09:11:45", nospace
"2014-01-28 09:23:01", "2014-01-28 09:40:49", nospace
"2014-01-28 09:44:03", "2014-01-28 09:48:54", nospace
"2014-01-28 10:01:49", "2014-01-28 10:03:26", nospace
"2014-01-28 10:14:43", "2014-01-28 10:37:20", nospace
"2014-01-28 10:55:06", "2014-01-28 11:01:32", nospace
"2014-01-31 05:30:43", "2014-01-31 06:18:28", nospace
"2014-01-31 06:48:44", "2014-01-31 06:55:41", nospace
"2014-01-31 07:02:32", "2014-01-31 07:11:04", nospace
"2014-01-31 07:30:13", "2014-01-31 07:34:54", nospace
"2014-01-31 08:04:38", "2014-01-31 08:11:14", nospace
"2014-01-31 08:16:14", "2014-01-31 08:20:07", nospace
"2014-01-31 08:24:52", "2014-01-31 08:29:28", nospace
"2014-01-31 08:35:00", "2014-01-31 08:37:42", nospace
"2014-01-31 08:41:02", "2014-01-31 08:50:57", nospace
"2014-01-31 09:11:14", "2014-01-31 09:15:49", nospace
"2014-02-01 07:21:19", "2014-02-01 07:24:23", nospace
"2014-02-01 07:26:36", "2014-02-01 07:28:50", nospace
"2014-02-01 08:04:51", "2014-02-01 08:26:49", nospace
"2014-02-01 08:45:46", "2014-02-01 08:50:12", nospace
"2014-02-01 08:54:05", "2014-02-01 08:54:45", nospace
"2014-02-01 09:22:03", "2014-02-01 09:37:44", nospace
"2014-02-02 06:32:41", "2014-02-02 07:23:30", nospace
"2014-02-02 07:32:41", "2014-02-02 07:46:38", nospace
"2014-02-02 07:53:19", "2014-02-02 08:36:20", nospace
"2014-02-02 08:50:13", "2014-02-02 08:54:40", nospace
"2014-02-02 09:03:41", "2014-02-02 09:19:56", nospace
"2014-02-03 07:14:55", "2014-02-03 07:52:44", nospace
"2014-02-03 08:03:24", "2014-02-03 08:16:31", nospace
"2014-02-03 08:18:49", "2014-02-03 08:25:40", nospace
"2014-02-03 08:38:52", "2014-02-03 08:43:58", nospace
"2014-02-03 09:01:05", "2014-02-03 09:06:14", nospace
"2014-02-03 09:07:57", "2014-02-03 09:19:06", nospace
"2014-02-03 09:21:33", "2014-02-03 09:37:06", nospace
"2014-02-04 07:09:38", "2014-02-04 07:17:15", nospace
"2014-02-04 07:27:49", "2014-02-04 07:46:40", nospace
"2014-02-06 02:05:45", "2014-02-06 02:33:44", nospace
"2014-02-06 03:41:51", "2014-02-06 03:48:47", nospace
"2014-02-06 04:00:54", "2014-02-06 04:25:20", nospace
"2014-02-06 04:27:05", "2014-02-06 04:34:04", nospace
"2014-02-06 04:46:14", "2014-02-06 04:50:46", nospace
"2014-02-06 04:59:56", "2014-02-06 05:06:58", nospace
"2014-02-06 06:21:41", "2014-02-06 06:23:59", nospace
"2014-02-06 07:05:14", "2014-02-06 07:08:44", nospace
"2014-02-06 07:23:22", "2014-02-06 07:32:12", nospace
"2014-02-06 07:39:12", "2014-02-06 07:40:58", nospace
"2014-02-06 07:56:42", "2014-02-06 08:00:04", nospace
"2014-02-06 08:01:49", "2014-02-06 08:15:54", nospace
"2014-02-06 08:36:37", "2014-02-06 08:43:39", nospace
"2014-02-06 08:57:41", "2014-02-06 09:00:46", nospace
"2014-02-06 09:14:37", "2014-02-06 09:31:03", nospace
"2014-02-06 09:40:39", "2014-02-06 09:46:06", nospace
"2014-02-06 09:50:40", "2014-02-06 09:57:39", nospace
"2014-02-06 10:09:22", "2014-02-06 10:12:42", nospace
"2014-02-06 10:17:14", "2014-02-06 10:21:49", nospace
"2014-02-06 10:29:02", "2014-02-06 10:38:14", nospace
"2014-02-06 10:40:28", "2014-02-06 10:41:58", nospace
"2014-02-06 12:02:54", "2014-02-06 12:14:32", nospace
"2014-02-06 12:22:05", "2014-02-06 12:27:12", nospace
"2014-02-07 03:38:37", "2014-02-07 03:50:48", nospace
"2014-02-07 04:02:13", "2014-02-07 04:04:29", nospace
"2014-02-07 04:06:42", "2014-02-07 04:31:41", nospace
"2014-02-07 04:38:29", "2014-02-07 04:47:42", nospace
"2014-02-08 12:24:04", "2014-02-08 12:37:46", nobike
"2014-02-08 13:54:48", "2014-02-08 14:04:34", nobike
"2014-02-10 03:12:09", "2014-02-10 03:24:51", nospace
"2014-02-10 03:30:17", "2014-02-10 03:46:40", nospace
"2014-02-10 03:57:32", "2014-02-10 04:08:19", nospace
"2014-02-10 04:17:23", "2014-02-10 04:22:49", nospace
"2014-02-10 04:31:54", "2014-02-10 04:42:47", nospace
"2014-02-10 04:44:36", "2014-02-10 04:46:24", nospace
"2014-02-10 04:50:03", "2014-02-10 04:51:52", nospace
"2014-02-10 05:38:05", "2014-02-10 05:39:55", nospace
"2014-02-10 06:14:29", "2014-02-10 06:18:08", nospace
"2014-02-14 15:32:44", "2014-02-14 15:36:29", nobike
"2014-02-15 03:59:20", "2014-02-15 04:34:15", nospace
"2014-02-15 04:49:21", "2014-02-15 04:51:15", nospace
"2014-02-15 07:04:55", "2014-02-15 07:06:49", nospace
"2014-02-15 08:38:49", "2014-02-15 08:44:31", nospace
"2014-02-15 08:55:53", "2014-02-15 08:57:46", nospace
"2014-02-15 09:45:18", "2014-02-15 10:07:13", nospace
"2014-02-15 10:11:02", "2014-02-15 10:12:56", nospace
"2014-02-15 10:14:48", "2014-02-15 10:20:31", nospace
"2014-02-15 10:41:20", "2014-02-15 10:43:14", nospace
"2014-02-15 10:58:16", "2014-02-15 11:05:04", nospace
"2014-02-15 11:10:44", "2014-02-15 11:22:08", nospace
"2014-02-15 11:25:56", "2014-02-15 11:29:46", nospace
"2014-02-15 11:46:49", "2014-02-15 12:00:07", nospace
"2014-02-15 13:27:10", "2014-02-15 13:34:45", nospace
"2014-02-16 00:53:15", "2014-02-16 00:57:02", nobike
"2014-02-16 00:58:57", "2014-02-16 01:04:39", nobike
"2014-02-16 04:21:03", "2014-02-16 04:23:30", nospace
"2014-02-16 04:25:52", "2014-02-16 04:32:35", nospace
"2014-02-16 04:49:23", "2014-02-16 04:55:05", nospace
"2014-02-16 05:07:57", "2014-02-16 05:17:46", nospace
"2014-02-16 05:19:39", "2014-02-16 05:25:22", nospace
"2014-02-16 07:02:32", "2014-02-16 07:06:23", nospace
"2014-02-16 07:08:18", "2014-02-16 07:10:13", nospace
"2014-02-16 07:12:07", "2014-02-16 07:17:51", nospace
"2014-02-16 07:21:43", "2014-02-16 07:23:38", nospace
"2014-02-16 07:27:27", "2014-02-16 07:58:02", nospace
"2014-02-16 07:59:57", "2014-02-16 08:01:53", nospace
"2014-02-16 08:09:31", "2014-02-16 08:11:25", nospace
"2014-02-16 08:17:08", "2014-02-16 09:36:16", nospace
"2014-02-16 09:42:00", "2014-02-16 09:53:29", nospace
"2014-02-16 10:12:24", "2014-02-16 10:14:19", nospace
"2014-02-17 00:37:11", "2014-02-17 00:42:59", nospace
"2014-02-17 03:27:52", "2014-02-17 03:35:31", nospace
"2014-02-17 03:50:53", "2014-02-17 03:52:49", nospace
"2014-02-17 03:58:35", "2014-02-17 04:06:15", nospace
"2014-02-17 04:08:09", "2014-02-17 04:13:56", nospace
"2014-02-17 04:15:52", "2014-02-17 04:31:15", nospace
"2014-02-17 04:33:10", "2014-02-17 04:35:06", nospace
"2014-02-17 04:44:40", "2014-02-17 04:46:36", nospace
"2014-02-17 04:48:31", "2014-02-17 04:54:18", nospace
"2014-02-17 05:00:03", "2014-02-17 05:14:47", nospace
"2014-02-17 07:26:21", "2014-02-17 07:30:11", nospace
"2014-02-17 07:55:05", "2014-02-17 07:56:59", nospace
"2014-02-17 08:10:28", "2014-02-17 08:12:23", nospace
"2014-02-17 08:16:10", "2014-02-17 08:21:56", nospace
"2014-02-17 08:23:54", "2014-02-17 08:31:36", nospace
"2014-02-17 08:33:32", "2014-02-17 08:50:50", nospace
"2014-02-17 08:52:10", "2014-02-17 09:00:11", nospace
"2014-02-17 09:08:20", "2014-02-17 09:13:07", nospace
"2014-02-17 09:16:49", "2014-02-17 09:26:26", nospace
"2014-02-17 09:28:20", "2014-02-17 09:36:00", nospace
"2014-02-17 10:35:17", "2014-02-17 10:42:30", nospace
"2014-02-17 11:01:51", "2014-02-17 11:05:45", nospace
"2014-02-18 03:38:14", "2014-02-18 03:40:42", nospace
"2014-02-18 03:47:30", "2014-02-18 04:17:00", nospace
"2014-02-18 04:28:39", "2014-02-18 04:37:31", nospace
"2014-02-18 04:49:09", "2014-02-18 04:56:57", nospace
"2014-02-18 05:16:21", "2014-02-18 05:24:05", nospace
"2014-02-18 05:26:01", "2014-02-18 05:27:58", nospace
"2014-02-18 08:19:07", "2014-02-18 09:07:38", nospace
"2014-02-18 09:09:34", "2014-02-18 09:21:09", nospace
"2014-02-18 09:58:01", "2014-02-18 10:19:20", nospace
"2014-02-18 10:21:18", "2014-02-18 10:23:13", nospace
"2014-02-19 15:37:39", "2014-02-19 15:45:25", nobike
"2014-02-20 02:12:24", "2014-02-20 02:45:50", nospace
"2014-02-20 03:40:13", "2014-02-20 03:52:03", nospace
"2014-02-20 03:54:01", "2014-02-20 03:55:59", nospace
"2014-02-20 03:59:56", "2014-02-20 04:01:55", nospace
"2014-02-20 04:21:29", "2014-02-20 04:28:46", nospace
"2014-02-20 08:12:31", "2014-02-20 08:20:23", nospace
"2014-02-20 08:24:19", "2014-02-20 08:28:16", nospace
"2014-02-20 08:38:07", "2014-02-20 08:40:05", nospace
"2014-02-20 08:42:03", "2014-02-20 08:47:58", nospace
"2014-02-20 09:01:45", "2014-02-20 09:03:42", nospace
"2014-02-20 09:05:40", "2014-02-20 09:11:23", nospace
"2014-02-20 09:15:18", "2014-02-20 09:17:15", nospace
"2014-02-20 09:21:11", "2014-02-20 09:34:53", nospace
"2014-02-20 09:38:47", "2014-02-20 09:40:45", nospace
"2014-02-20 09:46:38", "2014-02-20 09:48:37", nospace
"2014-02-20 14:34:25", "2014-02-20 14:36:22", nobike
"2014-02-20 14:40:19", "2014-02-20 14:48:12", nobike
"2014-02-20 14:52:11", "2014-02-20 14:54:11", nobike
"2014-02-21 07:17:24", "2014-02-21 07:19:25", nospace
"2014-02-21 07:25:22", "2014-02-21 07:29:19", nospace
"2014-02-21 07:31:19", "2014-02-21 07:33:18", nospace
"2014-02-21 08:13:02", "2014-02-21 08:19:01", nospace
"2014-02-21 08:21:01", "2014-02-21 08:28:58", nospace
"2014-02-21 09:16:28", "2014-02-21 09:33:56", nospace
"2014-02-22 00:58:30", "2014-02-22 01:11:13", nospace
"2014-02-22 02:25:16", "2014-02-22 02:28:43", nospace
"2014-02-22 02:33:19", "2014-02-22 02:43:28", nospace
"2014-02-22 02:49:25", "2014-02-22 02:57:25", nospace
"2014-02-22 03:58:35", "2014-02-22 04:10:33", nospace
"2014-02-22 04:14:33", "2014-02-22 04:16:32", nospace
"2014-02-22 04:18:32", "2014-02-22 04:20:32", nospace
"2014-02-22 04:22:31", "2014-02-22 04:28:30", nospace
"2014-02-22 04:37:58", "2014-02-22 04:43:00", nospace
"2014-02-22 04:46:15", "2014-02-22 04:47:00", nospace
"2014-02-22 05:58:36", "2014-02-22 06:02:34", nospace
"2014-02-22 06:06:34", "2014-02-22 06:36:38", nospace
"2014-02-22 06:38:38", "2014-02-22 06:46:15", nospace
"2014-02-22 06:48:50", "2014-02-22 06:54:33", nospace
"2014-02-22 06:56:33", "2014-02-22 07:06:34", nospace
"2014-02-22 07:08:35", "2014-02-22 07:32:45", nospace
"2014-02-22 07:40:48", "2014-02-22 07:48:51", nospace
"2014-02-22 07:52:53", "2014-02-22 08:06:53", nospace
"2014-02-22 08:08:53", "2014-02-22 08:18:13", nospace
"2014-02-22 08:20:14", "2014-02-22 08:59:55", nospace
"2014-02-22 09:11:56", "2014-02-22 09:17:55", nospace
"2014-02-22 09:19:55", "2014-02-22 09:23:54", nospace
"2014-02-22 09:27:56", "2014-02-22 09:55:49", nospace
"2014-02-22 10:21:49", "2014-02-22 10:27:14", nospace
"2014-02-23 04:13:36", "2014-02-23 04:15:36", nospace
"2014-02-23 04:19:38", "2014-02-23 04:33:45", nospace
"2014-02-23 04:49:48", "2014-02-23 05:07:51", nospace
"2014-02-23 05:11:52", "2014-02-23 05:25:54", nospace
"2014-02-23 05:29:55", "2014-02-23 05:37:57", nospace
"2014-02-23 05:39:55", "2014-02-23 05:45:57", nospace
"2014-02-23 06:20:11", "2014-02-23 07:26:55", nospace
"2014-02-23 07:29:17", "2014-02-23 07:50:05", nospace
"2014-02-23 07:59:11", "2014-02-23 08:03:12", nospace
"2014-02-23 09:09:53", "2014-02-23 09:20:01", nospace
"2014-02-23 09:32:10", "2014-02-23 09:38:14", nospace
"2014-02-23 09:40:15", "2014-02-23 09:44:18", nospace
"2014-02-23 09:54:27", "2014-02-23 10:00:26", nospace
"2014-02-23 10:10:31", "2014-02-23 10:12:31", nospace
"2014-02-23 10:16:34", "2014-02-23 10:20:36", nospace
"2014-02-23 10:46:50", "2014-02-23 10:56:53", nospace
"2014-02-23 10:58:54", "2014-02-23 11:04:59", nospace
"2014-02-23 11:11:03", "2014-02-23 11:13:05", nospace
"2014-02-23 11:19:08", "2014-02-23 11:21:10", nospace
"2014-02-24 03:41:23", "2014-02-24 03:43:53", nospace
"2014-02-24 03:48:36", "2014-02-24 04:02:48", nospace
"2014-02-24 04:04:50", "2014-02-24 04:16:59", nospace
"2014-02-24 04:23:06", "2014-02-24 04:59:33", nospace
"2014-02-24 08:58:36", "2014-02-24 09:01:03", nospace
"2014-02-24 09:03:22", "2014-02-24 09:20:59", nospace
"2014-02-24 09:24:38", "2014-02-24 09:27:09", nospace
"2014-02-24 09:29:45", "2014-02-24 09:35:01", nospace
"2014-02-24 09:37:35", "2014-02-24 09:40:06", nospace
"2014-02-24 09:40:53", "2014-02-24 09:49:55", nospace
"2014-02-24 09:51:58", "2014-02-24 09:54:00", nospace
"2014-02-24 09:56:02", "2014-02-24 10:00:05", nospace
"2014-02-24 10:02:08", "2014-02-24 10:04:11", nospace
"2014-02-24 10:06:12", "2014-02-24 10:20:25", nospace
"2014-02-24 10:46:55", "2014-02-24 10:53:01", nospace
"2014-02-24 11:01:55", "2014-02-24 11:09:05", nospace
"2014-02-24 11:18:58", "2014-02-24 11:20:59", nospace
"2014-02-24 12:36:06", "2014-02-24 12:48:19", nobike
"2014-02-25 01:38:37", "2014-02-25 01:54:55", nospace
"2014-02-25 04:12:03", "2014-02-25 04:14:05", nospace
"2014-02-25 04:16:09", "2014-02-25 04:20:15", nospace
"2014-02-25 04:22:19", "2014-02-25 04:24:22", nospace
"2014-02-25 04:26:24", "2014-02-25 04:34:36", nospace
"2014-02-25 06:44:10", "2014-02-25 07:01:10", nobike
"2014-02-25 07:04:39", "2014-02-25 07:14:50", nobike
"2014-02-25 07:17:21", "2014-02-25 07:19:53", nobike
"2014-02-25 08:35:36", "2014-02-25 08:45:52", nospace
"2014-02-25 08:50:00", "2014-02-25 08:52:04", nospace
"2014-02-25 08:56:14", "2014-02-25 09:10:10", nospace
"2014-02-25 09:14:18", "2014-02-25 09:16:20", nospace
"2014-02-25 09:24:31", "2014-02-25 09:26:34", nospace
"2014-02-25 09:30:40", "2014-02-25 09:42:57", nospace
"2014-02-25 09:45:00", "2014-02-25 09:47:03", nospace
"2014-02-25 09:51:10", "2014-02-25 10:01:26", nospace
"2014-02-26 00:19:53", "2014-02-26 00:23:59", nospace
"2014-02-26 00:29:23", "2014-02-26 00:34:34", nospace
"2014-02-26 00:37:05", "2014-02-26 00:48:15", nospace
"2014-02-26 00:56:41", "2014-02-26 00:58:21", nospace
"2014-02-26 08:43:59", "2014-02-26 08:52:33", nospace
"2014-02-26 08:55:05", "2014-02-26 09:00:36", nospace
"2014-02-26 09:10:55", "2014-02-26 09:15:56", nospace
"2014-02-26 09:18:37", "2014-02-26 09:30:00", nospace
"2014-02-26 09:33:27", "2014-02-26 09:35:59", nospace
"2014-02-26 09:38:38", "2014-02-26 09:53:03", nospace
"2014-02-26 09:57:06", "2014-02-26 10:13:39", nospace
"2014-02-26 10:15:44", "2014-02-26 10:19:52", nospace
"2014-02-26 10:24:00", "2014-02-26 10:26:04", nospace
"2014-02-26 14:13:14", "2014-02-26 14:15:44", nobike
"2014-02-26 14:16:28", "2014-02-26 14:23:07", nobike
"2014-02-26 14:25:27", "2014-02-26 14:29:13", nobike
"2014-02-26 15:17:26", "2014-02-26 15:23:39", nobike
"2014-02-27 02:01:07", "2014-02-27 02:05:17", nospace
"2014-02-27 08:52:25", "2014-02-27 08:56:34", nospace
"2014-02-27 09:00:43", "2014-02-27 09:25:24", nospace
"2014-02-27 09:27:27", "2014-02-27 09:46:04", nospace
"2014-02-27 09:48:07", "2014-02-27 09:55:03", nospace
"2014-02-27 10:14:10", "2014-02-27 10:19:20", nospace
"2014-02-27 10:20:01", "2014-02-27 10:21:59", nospace
"2014-02-27 10:29:43", "2014-02-27 10:31:05", nospace
"2014-02-27 10:42:53", "2014-02-27 10:47:56", nospace
"2014-02-27 12:18:48", "2014-02-27 12:20:52", nospace
"2014-02-27 12:22:56", "2014-02-27 12:43:37", nospace
"2014-02-28 00:21:17", "2014-02-28 00:35:48", nospace
"2014-02-28 00:39:57", "2014-02-28 00:47:57", nospace
"2014-02-28 03:05:53", "2014-02-28 03:18:21", nospace
"2014-02-28 03:20:27", "2014-02-28 03:28:50", nospace
"2014-02-28 03:29:54", "2014-02-28 03:36:43", nospace
"2014-02-28 03:40:55", "2014-02-28 03:45:05", nospace
"2014-02-28 03:51:21", "2014-02-28 04:01:45", nospace
"2014-02-28 04:23:11", "2014-02-28 04:28:38", nospace
"2014-02-28 04:37:18", "2014-02-28 04:42:30", nospace
"2014-02-28 04:49:48", "2014-02-28 04:58:29", nospace
"2014-02-28 05:03:09", "2014-02-28 05:25:57", nospace
"2014-02-28 05:32:12", "2014-02-28 05:34:17", nospace
"2014-02-28 05:36:23", "2014-02-28 05:53:02", nospace
"2014-02-28 06:03:26", "2014-02-28 06:13:50", nospace
"2014-02-28 06:17:59", "2014-02-28 06:22:10", nospace
"2014-02-28 06:26:24", "2014-02-28 06:32:39", nospace
"2014-02-28 06:40:55", "2014-02-28 07:27:24", nospace
"2014-02-28 07:29:29", "2014-02-28 08:00:45", nospace
"2014-02-28 08:06:59", "2014-02-28 08:23:37", nospace
"2014-02-28 08:29:51", "2014-02-28 08:31:57", nospace
"2014-02-28 08:38:12", "2014-02-28 09:15:39", nospace
"2014-02-28 09:26:47", "2014-02-28 09:33:02", nospace
"2014-02-28 09:35:39", "2014-02-28 09:56:35", nospace
"2014-02-28 10:00:04", "2014-02-28 10:13:00", nospace
"2014-02-28 10:45:15", "2014-02-28 10:47:57", nospace
"2014-02-28 10:59:40", "2014-02-28 11:02:14", nospace
"2014-02-28 23:55:53", "2014-02-28 23:57:59", nobike
"2014-03-01 00:00:04", "2014-03-01 00:09:03", nobike
"2014-03-01 00:10:24", "2014-03-01 00:20:35", nobike
"2014-03-01 03:43:35", "2014-03-01 03:45:41", nospace
"2014-03-01 03:51:58", "2014-03-01 04:02:27", nospace
"2014-03-01 04:12:57", "2014-03-01 04:23:26", nospace
"2014-03-01 04:25:31", "2014-03-01 05:13:37", nospace
"2014-03-01 05:29:07", "2014-03-01 05:38:12", nospace
"2014-03-01 05:42:08", "2014-03-01 05:50:53", nospace
"2014-03-01 06:15:21", "2014-03-01 06:26:51", nospace
"2014-03-01 06:28:11", "2014-03-01 07:44:05", nospace
"2014-03-01 07:49:24", "2014-03-01 07:50:22", nospace
"2014-03-01 07:58:18", "2014-03-01 08:07:19", nospace
"2014-03-01 08:10:55", "2014-03-01 08:25:14", nospace
"2014-03-01 08:45:46", "2014-03-01 08:46:53", nospace
"2014-03-01 09:12:09", "2014-03-01 09:14:16", nospace
"2014-03-01 11:10:15", "2014-03-01 11:12:22", nospace
"2014-03-01 11:16:34", "2014-03-01 11:39:42", nospace
"2014-03-01 11:52:21", "2014-03-01 11:56:33", nospace
"2014-03-01 11:58:38", "2014-03-01 12:17:33", nospace
"2014-03-02 04:24:27", "2014-03-02 04:34:12", nospace
"2014-03-02 04:37:43", "2014-03-02 04:41:56", nospace
"2014-03-03 07:19:58", "2014-03-03 07:24:21", nospace
"2014-03-03 07:26:32", "2014-03-03 07:33:00", nospace
"2014-03-03 08:19:17", "2014-03-03 08:24:22", nospace
"2014-03-03 08:30:49", "2014-03-03 08:36:49", nospace
"2014-03-03 09:21:04", "2014-03-03 09:40:43", nospace
"2014-03-03 09:51:34", "2014-03-03 09:55:52", nospace
"2014-03-03 10:24:08", "2014-03-03 10:37:40", nospace
"2014-03-03 10:40:16", "2014-03-03 10:53:11", nospace
"2014-03-03 11:02:06", "2014-03-03 11:10:37", nospace
"2014-03-03 13:50:04", "2014-03-03 13:55:16", nobike
"2014-03-03 13:57:27", "2014-03-03 14:01:56", nobike
"2014-03-03 14:04:06", "2014-03-03 14:19:23", nobike
"2014-03-04 01:23:10", "2014-03-04 01:29:52", nospace
"2014-03-04 01:32:04", "2014-03-04 01:49:59", nospace
"2014-03-04 02:03:40", "2014-03-04 02:05:56", nospace
"2014-03-04 07:52:03", "2014-03-04 08:05:43", nospace
"2014-03-04 08:07:59", "2014-03-04 08:21:41", nospace
"2014-03-04 09:09:35", "2014-03-04 09:16:26", nospace
"2014-03-04 09:21:00", "2014-03-04 09:48:24", nospace
"2014-03-04 09:50:40", "2014-03-04 09:52:58", nospace
"2014-03-04 09:54:17", "2014-03-04 10:08:24", nospace
"2014-03-04 10:10:59", "2014-03-04 10:41:05", nospace
"2014-03-05 00:42:22", "2014-03-05 00:48:38", nospace
"2014-03-05 01:09:47", "2014-03-05 01:46:39", nospace
"2014-03-05 04:09:09", "2014-03-05 04:25:10", nospace
"2014-03-05 08:38:12", "2014-03-05 08:40:30", nospace
"2014-03-05 08:58:54", "2014-03-05 09:08:06", nospace
"2014-03-05 09:18:55", "2014-03-05 09:27:49", nospace
"2014-03-05 09:55:04", "2014-03-05 10:01:32", nospace
"2014-03-05 10:04:13", "2014-03-05 10:06:14", nospace
"2014-03-05 10:19:32", "2014-03-05 10:24:25", nospace
"2014-03-05 10:25:44", "2014-03-05 10:31:03", nospace
"2014-03-05 10:34:38", "2014-03-05 10:37:20", nospace
"2014-03-05 10:42:33", "2014-03-05 10:46:14", nospace
"2014-03-05 10:51:32", "2014-03-05 10:53:05", nospace
"2014-03-07 04:43:55", "2014-03-07 04:55:31", nospace
"2014-03-07 05:27:58", "2014-03-07 05:37:16", nospace
"2014-03-07 05:41:56", "2014-03-07 05:44:15", nospace
"2014-03-07 05:46:35", "2014-03-07 05:58:12", nospace
"2014-03-07 06:00:32", "2014-03-07 06:07:31", nospace
"2014-03-07 06:09:50", "2014-03-07 06:19:09", nospace
"2014-03-07 06:31:11", "2014-03-07 06:33:33", nospace
"2014-03-07 06:38:12", "2014-03-07 06:47:28", nospace
"2014-03-07 07:22:21", "2014-03-07 07:27:02", nospace
"2014-03-07 07:43:16", "2014-03-07 07:45:35", nospace
"2014-03-07 09:05:01", "2014-03-07 09:28:18", nospace
"2014-03-07 09:30:37", "2014-03-07 09:49:15", nospace
"2014-03-07 09:51:34", "2014-03-07 10:00:08", nospace
"2014-03-07 10:02:47", "2014-03-07 10:08:50", nospace
"2014-03-07 10:11:33", "2014-03-07 10:15:48", nospace
"2014-03-08 04:20:41", "2014-03-08 04:27:42", nospace
"2014-03-09 04:08:32", "2014-03-09 04:13:15", nospace
"2014-03-09 04:15:36", "2014-03-09 04:39:05", nospace
"2014-03-09 05:54:24", "2014-03-09 06:07:17", nospace
"2014-03-09 06:10:00", "2014-03-09 06:14:51", nospace
"2014-03-09 06:24:44", "2014-03-09 06:30:57", nospace
"2014-03-09 06:33:37", "2014-03-09 06:42:54", nospace
"2014-03-09 07:18:26", "2014-03-09 07:21:06", nospace
"2014-03-09 07:25:54", "2014-03-09 07:33:34", nospace
"2014-03-09 07:48:21", "2014-03-09 07:50:42", nospace
"2014-03-09 07:55:26", "2014-03-09 08:00:08", nospace
"2014-03-09 08:02:29", "2014-03-09 08:09:32", nospace
"2014-03-10 07:04:23", "2014-03-10 07:09:06", nospace
"2014-03-10 07:16:10", "2014-03-10 07:35:08", nospace
"2014-03-10 07:56:58", "2014-03-10 08:01:06", nospace
"2014-03-10 09:08:26", "2014-03-10 09:11:10", nospace
"2014-03-10 09:15:41", "2014-03-10 09:17:59", nospace
"2014-03-10 09:20:44", "2014-03-10 09:43:37", nospace
"2014-03-10 09:45:06", "2014-03-10 09:58:16", nospace
"2014-03-11 03:17:16", "2014-03-11 03:19:39", nospace
"2014-03-11 03:24:24", "2014-03-11 03:26:46", nospace
"2014-03-11 03:29:09", "2014-03-11 03:36:17", nospace
"2014-03-11 03:48:10", "2014-03-11 04:04:47", nospace
"2014-03-11 04:16:39", "2014-03-11 04:19:02", nospace
"2014-03-11 05:11:58", "2014-03-11 05:24:19", nospace
"2014-03-11 07:54:41", "2014-03-11 08:01:49", nospace
"2014-03-11 08:04:12", "2014-03-11 08:06:35", nospace
"2014-03-11 08:17:16", "2014-03-11 08:20:00", nospace
"2014-03-11 08:22:39", "2014-03-11 08:37:55", nospace
"2014-03-11 08:40:19", "2014-03-11 09:01:44", nospace
"2014-03-11 09:06:54", "2014-03-11 09:13:44", nospace
"2014-03-11 09:17:24", "2014-03-11 09:26:42", nospace
"2014-03-11 09:28:29", "2014-03-11 09:33:14", nospace
"2014-03-11 09:35:37", "2014-03-11 09:37:59", nospace
"2014-03-11 09:40:23", "2014-03-11 09:49:54", nospace
"2014-03-11 09:52:15", "2014-03-11 10:04:10", nospace
"2014-03-12 00:40:36", "2014-03-12 00:52:33", nospace
"2014-03-12 01:45:09", "2014-03-12 01:49:56", nospace
"2014-03-12 04:14:00", "2014-03-12 04:21:12", nospace
"2014-03-12 04:45:03", "2014-03-12 04:49:50", nospace
"2014-03-12 08:19:08", "2014-03-12 08:23:55", nospace
"2014-03-12 08:28:42", "2014-03-12 08:31:07", nospace
"2014-03-12 08:33:30", "2014-03-12 08:35:55", nospace
"2014-03-12 09:09:25", "2014-03-12 09:18:32", nospace
"2014-03-12 09:19:41", "2014-03-12 09:27:43", nospace
"2014-03-12 09:31:29", "2014-03-12 09:34:13", nospace
"2014-03-12 09:36:49", "2014-03-12 09:43:25", nospace
"2014-03-12 09:46:59", "2014-03-12 09:55:00", nospace
"2014-03-12 09:56:11", "2014-03-12 09:58:53", nospace
"2014-03-12 10:01:38", "2014-03-12 10:04:09", nospace
"2014-03-12 10:26:36", "2014-03-12 10:31:23", nospace
"2014-03-12 10:40:59", "2014-03-12 10:45:30", nospace
"2014-03-13 09:14:15", "2014-03-13 09:16:40", nospace
"2014-03-13 09:19:04", "2014-03-13 09:31:08", nospace
"2014-03-13 09:33:31", "2014-03-13 09:35:55", nospace
"2014-03-13 09:38:19", "2014-03-13 09:40:44", nospace
"2014-03-13 09:45:33", "2014-03-13 09:47:57", nospace
"2014-03-13 10:14:28", "2014-03-13 10:16:52", nospace
"2014-03-13 10:19:17", "2014-03-13 10:21:41", nospace
"2014-03-13 10:24:08", "2014-03-13 10:38:34", nospace
"2014-03-13 12:59:48", "2014-03-13 13:02:31", nobike
"2014-03-13 14:01:49", "2014-03-13 14:06:39", nobike
"2014-03-13 14:09:04", "2014-03-13 14:23:32", nobike
"2014-03-13 14:29:35", "2014-03-13 14:30:18", nobike
"2014-03-14 03:53:01", "2014-03-14 04:24:25", nospace
"2014-03-14 04:29:15", "2014-03-14 04:43:44", nospace
"2014-03-14 04:48:34", "2014-03-14 04:50:58", nospace
"2014-03-14 09:10:29", "2014-03-14 09:27:25", nospace
"2014-03-14 09:46:42", "2014-03-14 09:51:32", nospace
"2014-03-14 09:57:12", "2014-03-14 10:02:17", nospace
"2014-03-14 10:05:02", "2014-03-14 10:07:46", nospace
"2014-03-14 10:09:04", "2014-03-14 10:11:29", nospace
"2014-03-14 10:16:19", "2014-03-14 10:21:03", nospace
"2014-03-14 10:23:28", "2014-03-14 10:25:53", nospace
"2014-03-14 10:30:44", "2014-03-14 10:37:54", nospace
"2014-03-14 14:21:18", "2014-03-14 14:23:42", nospace
"2014-03-15 00:50:01", "2014-03-15 01:06:49", nospace
"2014-03-15 01:08:30", "2014-03-15 01:13:55", nospace
"2014-03-15 03:46:21", "2014-03-15 03:49:09", nospace
"2014-03-15 03:55:39", "2014-03-15 04:14:38", nospace
"2014-03-15 04:17:20", "2014-03-15 04:23:48", nospace
"2014-03-15 04:35:53", "2014-03-15 04:39:41", nospace
"2014-03-15 04:45:08", "2014-03-15 04:47:32", nospace
"2014-03-15 05:05:51", "2014-03-15 05:06:38", nospace
"2014-03-15 05:13:04", "2014-03-15 05:15:46", nospace
"2014-03-15 05:16:49", "2014-03-15 05:38:18", nospace
"2014-03-15 06:01:28", "2014-03-15 06:16:03", nospace
"2014-03-15 06:33:10", "2014-03-15 06:35:51", nospace
"2014-03-15 06:57:47", "2014-03-15 07:07:33", nospace
"2014-03-15 07:12:26", "2014-03-15 07:31:55", nospace
"2014-03-15 07:46:31", "2014-03-15 07:56:13", nospace
"2014-03-15 08:01:06", "2014-03-15 08:35:14", nospace
"2014-03-15 08:37:41", "2014-03-15 09:09:16", nospace
"2014-03-15 09:11:42", "2014-03-15 09:14:08", nospace
"2014-03-15 09:38:24", "2014-03-15 09:40:46", nospace
"2014-03-15 09:43:12", "2014-03-15 09:45:32", nospace
"2014-03-15 10:00:11", "2014-03-15 10:05:04", nospace
"2014-03-15 10:22:08", "2014-03-15 10:31:53", nospace
"2014-03-15 10:53:50", "2014-03-15 10:58:42", nospace
"2014-03-15 11:08:25", "2014-03-15 11:10:51", nospace
"2014-03-15 18:27:56", "2014-03-15 19:21:25", nobike
"2014-03-16 01:03:30", "2014-03-16 01:05:56", nospace
"2014-03-16 01:42:33", "2014-03-16 01:44:59", nospace
"2014-03-16 02:36:18", "2014-03-16 03:00:48", nospace
"2014-03-16 03:33:42", "2014-03-16 03:40:34", nospace
"2014-03-16 03:52:46", "2014-03-16 03:55:13", nospace
"2014-03-16 04:14:46", "2014-03-16 04:17:12", nospace
"2014-03-16 04:19:41", "2014-03-16 04:24:32", nospace
"2014-03-16 04:39:12", "2014-03-16 04:41:36", nospace
"2014-03-16 04:51:23", "2014-03-16 04:56:17", nospace
"2014-03-16 05:03:37", "2014-03-16 05:13:23", nospace
"2014-03-16 05:18:19", "2014-03-16 05:23:10", nospace
"2014-03-16 05:25:38", "2014-03-16 05:28:05", nospace
"2014-03-16 05:30:32", "2014-03-16 05:32:58", nospace
"2014-03-16 05:35:25", "2014-03-16 05:37:51", nospace
"2014-03-16 07:15:45", "2014-03-16 07:18:36", nospace
"2014-03-16 07:20:25", "2014-03-16 07:30:12", nospace
"2014-03-16 07:42:24", "2014-03-16 07:47:20", nospace
"2014-03-16 08:21:30", "2014-03-16 08:26:23", nospace
"2014-03-16 08:31:15", "2014-03-16 09:10:17", nospace
"2014-03-16 09:12:43", "2014-03-16 09:29:24", nospace
"2014-03-16 09:48:24", "2014-03-16 09:50:31", nospace
"2014-03-16 09:59:54", "2014-03-16 10:02:20", nospace
"2014-03-16 10:07:13", "2014-03-16 10:09:41", nospace
"2014-03-16 10:17:00", "2014-03-16 10:21:54", nospace
"2014-03-17 01:37:29", "2014-03-17 01:42:23", nospace
"2014-03-17 01:44:50", "2014-03-17 01:49:44", nospace
"2014-03-17 01:54:39", "2014-03-17 01:59:34", nospace
"2014-03-17 02:14:19", "2014-03-17 02:16:46", nospace
"2014-03-17 02:19:13", "2014-03-17 02:24:07", nospace
"2014-03-17 03:03:21", "2014-03-17 03:10:44", nospace
"2014-03-17 03:13:11", "2014-03-17 03:15:39", nospace
"2014-03-17 03:18:07", "2014-03-17 03:39:40", nospace
"2014-03-17 03:43:50", "2014-03-17 03:46:38", nospace
"2014-03-17 03:49:28", "2014-03-17 03:52:50", nospace
"2014-03-17 03:55:44", "2014-03-17 03:58:11", nospace
"2014-03-17 04:05:33", "2014-03-17 04:15:21", nospace
"2014-03-17 04:22:44", "2014-03-17 04:25:11", nospace
"2014-03-17 05:02:05", "2014-03-17 05:04:31", nospace
"2014-03-17 05:14:24", "2014-03-17 05:16:52", nospace
"2014-03-17 05:21:45", "2014-03-17 05:24:13", nospace
"2014-03-17 05:34:03", "2014-03-17 05:41:26", nospace
"2014-03-17 05:46:23", "2014-03-17 05:51:17", nospace
"2014-03-17 05:53:44", "2014-03-17 06:08:31", nospace
"2014-03-17 07:33:05", "2014-03-17 07:40:29", nospace
"2014-03-17 08:17:13", "2014-03-17 08:19:39", nospace
"2014-03-17 08:24:36", "2014-03-17 08:27:02", nospace
"2014-03-17 08:52:14", "2014-03-17 08:57:09", nospace
"2014-03-17 09:04:32", "2014-03-17 09:24:19", nospace
"2014-03-17 09:36:36", "2014-03-17 09:46:28", nospace
"2014-03-17 10:08:36", "2014-03-17 10:11:03", nospace
"2014-03-17 10:23:23", "2014-03-17 10:25:51", nospace
"2014-03-17 12:42:00", "2014-03-17 12:58:18", nobike
"2014-03-17 14:23:54", "2014-03-17 14:26:42", nobike
"2014-03-17 14:29:27", "2014-03-17 14:32:10", nobike
"2014-03-18 00:46:00", "2014-03-18 01:05:46", nospace
"2014-03-18 01:08:15", "2014-03-18 01:20:37", nospace
"2014-03-18 07:51:52", "2014-03-18 07:54:20", nospace
"2014-03-18 08:04:14", "2014-03-18 08:11:42", nospace
"2014-03-18 08:16:39", "2014-03-18 08:26:32", nospace
"2014-03-18 08:29:00", "2014-03-18 08:31:28", nospace
"2014-03-18 08:36:24", "2014-03-18 08:38:53", nospace
"2014-03-18 08:48:38", "2014-03-18 08:51:05", nospace
"2014-03-18 08:55:55", "2014-03-18 08:58:23", nospace
"2014-03-18 09:20:41", "2014-03-18 09:21:28", nospace
"2014-03-18 09:28:50", "2014-03-18 09:36:15", nospace
"2014-03-18 09:41:12", "2014-03-18 09:43:40", nospace
"2014-03-18 09:46:09", "2014-03-18 09:48:36", nospace
"2014-03-18 09:56:02", "2014-03-18 10:05:55", nospace
"2014-03-18 10:08:44", "2014-03-18 10:10:13", nospace
"2014-03-18 10:14:13", "2014-03-18 10:29:02", nospace
"2014-03-18 10:41:24", "2014-03-18 10:43:53", nospace
"2014-03-18 10:46:22", "2014-03-18 10:48:52", nospace
"2014-03-18 10:51:20", "2014-03-18 10:56:15", nospace
"2014-03-18 10:58:45", "2014-03-18 11:11:07", nospace
"2014-03-18 11:16:05", "2014-03-18 11:18:33", nospace
"2014-03-18 11:21:02", "2014-03-18 11:23:30", nospace
"2014-03-18 11:25:57", "2014-03-18 11:33:05", nospace
"2014-03-18 22:51:50", "2014-03-18 22:59:17", nospace
"2014-03-18 23:01:46", "2014-03-18 23:12:30", nospace
"2014-03-18 23:24:37", "2014-03-18 23:34:01", nospace
"2014-03-18 23:36:05", "2014-03-18 23:42:15", nospace
"2014-03-19 00:40:30", "2014-03-19 00:50:55", nospace
"2014-03-19 01:00:32", "2014-03-19 01:07:16", nospace
"2014-03-19 01:09:45", "2014-03-19 01:12:13", nospace
"2014-03-19 03:34:36", "2014-03-19 03:35:47", nospace
"2014-03-19 03:41:19", "2014-03-19 03:56:22", nospace
"2014-03-19 03:59:28", "2014-03-19 04:10:55", nospace
"2014-03-19 04:17:08", "2014-03-19 04:19:39", nospace
"2014-03-19 04:27:11", "2014-03-19 04:29:41", nospace
"2014-03-19 04:32:12", "2014-03-19 04:34:44", nospace
"2014-03-19 04:39:44", "2014-03-19 04:44:45", nospace
"2014-03-19 04:49:43", "2014-03-19 05:01:53", nospace
"2014-03-19 08:09:11", "2014-03-19 08:10:56", nospace
"2014-03-19 08:15:56", "2014-03-19 08:18:23", nospace
"2014-03-19 08:56:59", "2014-03-19 08:59:48", nospace
"2014-03-19 09:11:32", "2014-03-19 09:28:56", nospace
"2014-03-19 09:31:27", "2014-03-19 09:41:23", nospace
"2014-03-19 09:43:51", "2014-03-19 09:46:20", nospace
"2014-03-19 09:48:49", "2014-03-19 09:51:19", nospace
"2014-03-19 10:03:43", "2014-03-19 10:06:12", nospace
"2014-03-19 10:16:10", "2014-03-19 10:21:09", nospace
"2014-03-19 10:26:07", "2014-03-19 10:28:38", nospace
"2014-03-19 16:45:36", "2014-03-19 16:50:34", nobike
"2014-03-20 05:09:20", "2014-03-20 05:21:51", nobike
"2014-03-20 09:20:54", "2014-03-20 09:23:24", nospace
"2014-03-20 09:33:24", "2014-03-20 09:43:21", nospace
"2014-03-20 09:55:47", "2014-03-20 10:00:45", nospace
"2014-03-20 10:03:15", "2014-03-20 10:08:14", nospace
"2014-03-21 01:29:02", "2014-03-21 01:34:03", nospace
"2014-03-21 01:36:32", "2014-03-21 01:39:02", nospace
"2014-03-21 01:41:33", "2014-03-21 01:56:33", nospace
"2014-03-21 05:26:00", "2014-03-21 05:28:30", nospace
"2014-03-21 05:56:04", "2014-03-21 06:01:04", nospace
"2014-03-21 06:11:04", "2014-03-21 06:18:35", nospace
"2014-03-21 06:28:39", "2014-03-21 06:31:09", nospace
"2014-03-21 06:54:41", "2014-03-21 07:14:00", nospace
"2014-03-21 08:41:48", "2014-03-21 08:44:19", nospace
"2014-03-21 08:46:49", "2014-03-21 08:54:20", nospace
"2014-03-21 08:59:20", "2014-03-21 09:01:50", nospace
"2014-03-21 09:09:23", "2014-03-21 09:11:53", nospace
"2014-03-21 09:16:56", "2014-03-21 09:26:58", nospace
"2014-03-21 09:29:29", "2014-03-21 09:34:30", nospace
"2014-03-21 09:49:30", "2014-03-21 10:02:05", nospace
"2014-03-21 12:23:30", "2014-03-21 12:28:30", nospace
"2014-03-21 18:33:00", "2014-03-21 19:47:21", nobike
"2014-03-22 01:44:29", "2014-03-22 01:54:33", nospace
"2014-03-22 04:16:14", "2014-03-22 04:23:47", nospace
"2014-03-22 04:26:18", "2014-03-22 04:31:21", nospace
"2014-03-22 04:59:02", "2014-03-22 05:09:06", nospace
"2014-03-22 05:34:14", "2014-03-22 05:46:56", nospace
"2014-03-22 05:52:02", "2014-03-22 05:57:07", nospace
"2014-03-22 06:02:05", "2014-03-22 06:02:55", nospace
"2014-03-22 06:08:21", "2014-03-22 06:10:51", nospace
"2014-03-22 06:20:58", "2014-03-22 06:28:35", nospace
"2014-03-22 06:56:30", "2014-03-22 07:04:03", nospace
"2014-03-22 07:16:37", "2014-03-22 07:21:39", nospace
"2014-03-22 07:24:09", "2014-03-22 07:34:13", nospace
"2014-03-22 07:36:44", "2014-03-22 07:54:21", nospace
"2014-03-22 08:04:26", "2014-03-22 08:06:56", nospace
"2014-03-22 08:12:00", "2014-03-22 08:14:31", nospace
"2014-03-22 08:17:02", "2014-03-22 08:19:34", nospace
"2014-03-22 08:40:45", "2014-03-22 08:53:22", nospace
"2014-03-22 08:56:13", "2014-03-22 09:05:59", nospace
"2014-03-22 09:13:25", "2014-03-22 09:18:28", nospace
"2014-03-22 09:31:04", "2014-03-22 09:57:09", nospace
"2014-03-22 10:04:44", "2014-03-22 10:07:14", nospace
"2014-03-22 10:09:45", "2014-03-22 10:12:15", nospace
"2014-03-22 10:32:27", "2014-03-22 10:34:57", nospace
"2014-03-22 10:42:30", "2014-03-22 10:45:00", nospace
"2014-03-22 10:47:32", "2014-03-22 10:57:38", nospace
"2014-03-22 14:31:14", "2014-03-22 15:07:37", nobike
"2014-03-22 15:15:12", "2014-03-22 15:37:51", nobike
"2014-03-23 01:07:00", "2014-03-23 01:16:19", nospace
"2014-03-23 01:17:46", "2014-03-23 01:23:26", nospace
"2014-03-23 01:30:22", "2014-03-23 01:32:53", nospace
"2014-03-23 02:59:36", "2014-03-23 03:09:40", nospace
"2014-03-23 03:42:30", "2014-03-23 03:52:36", nospace
"2014-03-23 03:57:40", "2014-03-23 04:07:50", nospace
"2014-03-23 04:20:27", "2014-03-23 04:22:59", nospace
"2014-03-23 04:25:18", "2014-03-23 04:34:32", nospace
"2014-03-23 04:39:48", "2014-03-23 04:46:34", nospace
"2014-03-23 05:13:54", "2014-03-23 05:16:26", nospace
"2014-03-23 05:43:17", "2014-03-23 06:15:41", nospace
"2014-03-23 06:18:14", "2014-03-23 06:20:45", nospace
"2014-03-23 06:25:52", "2014-03-23 06:33:26", nospace
"2014-03-23 06:38:31", "2014-03-23 06:48:55", nospace
"2014-03-23 06:51:28", "2014-03-23 06:54:00", nospace
"2014-03-23 06:59:03", "2014-03-23 07:01:34", nospace
"2014-03-23 07:09:07", "2014-03-23 07:11:40", nospace
"2014-03-23 07:21:46", "2014-03-23 07:29:22", nospace
"2014-03-23 07:39:30", "2014-03-23 07:47:06", nospace
"2014-03-23 07:49:39", "2014-03-23 08:04:51", nospace
"2014-03-23 08:12:27", "2014-03-23 08:14:59", nospace
"2014-03-23 08:17:30", "2014-03-23 08:22:34", nospace
"2014-03-23 08:35:13", "2014-03-23 08:37:46", nospace
"2014-03-23 08:40:18", "2014-03-23 08:45:23", nospace
"2014-03-23 08:50:26", "2014-03-23 09:00:34", nospace
"2014-03-23 09:03:05", "2014-03-23 09:05:36", nospace
"2014-03-23 09:15:46", "2014-03-23 09:25:57", nospace
"2014-03-23 09:28:29", "2014-03-23 09:46:32", nospace
"2014-03-23 09:52:11", "2014-03-23 09:54:42", nospace
"2014-03-23 09:57:14", "2014-03-23 10:07:23", nospace
"2014-03-23 10:12:27", "2014-03-23 10:17:30", nospace
"2014-03-23 10:25:04", "2014-03-23 10:27:36", nospace
"2014-03-23 13:48:56", "2014-03-23 13:52:45", nobike
"2014-03-23 13:58:25", "2014-03-23 14:03:51", nobike
"2014-03-23 14:16:31", "2014-03-23 14:24:07", nobike
"2014-03-23 14:26:38", "2014-03-23 14:29:10", nobike
"2014-03-24 00:30:42", "2014-03-24 00:48:30", nospace
"2014-03-24 00:51:01", "2014-03-24 01:01:11", nospace
"2014-03-24 01:03:43", "2014-03-24 01:06:15", nospace
"2014-03-24 01:13:51", "2014-03-24 01:16:23", nospace
"2014-03-24 09:50:24", "2014-03-24 09:58:02", nospace
"2014-03-24 10:05:41", "2014-03-24 10:15:51", nospace
"2014-03-24 10:18:24", "2014-03-24 10:20:57", nospace
"2014-03-24 12:13:55", "2014-03-24 12:29:11", nobike
"2014-03-24 13:37:57", "2014-03-24 13:45:36", nobike
"2014-03-24 13:50:42", "2014-03-24 13:53:17", nobike
"2014-03-25 03:43:14", "2014-03-25 04:06:00", nospace
"2014-03-25 04:08:47", "2014-03-25 04:11:29", nospace
"2014-03-25 04:15:33", "2014-03-25 04:23:12", nospace
"2014-03-25 08:11:14", "2014-03-25 08:16:22", nospace
"2014-03-25 08:18:55", "2014-03-25 08:26:36", nospace
"2014-03-25 08:29:10", "2014-03-25 08:31:43", nospace
"2014-03-25 09:02:26", "2014-03-25 09:07:31", nospace
"2014-03-25 09:15:13", "2014-03-25 09:17:46", nospace
"2014-03-25 10:10:28", "2014-03-25 10:20:44", nospace
"2014-03-25 10:23:13", "2014-03-25 10:25:48", nospace
"2014-03-26 01:01:01", "2014-03-26 01:26:39", nospace
"2014-03-26 01:47:10", "2014-03-26 01:49:44", nospace
"2014-03-26 01:52:18", "2014-03-26 01:54:52", nospace
"2014-03-26 08:14:31", "2014-03-26 08:22:12", nospace
"2014-03-26 08:27:20", "2014-03-26 08:29:54", nospace
"2014-03-26 08:32:28", "2014-03-26 08:37:36", nospace
"2014-03-26 08:58:09", "2014-03-26 09:32:13", nospace
"2014-03-26 09:32:59", "2014-03-26 09:37:40", nospace
"2014-03-26 09:40:14", "2014-03-26 10:03:22", nospace
"2014-03-26 10:08:30", "2014-03-26 10:23:59", nospace
"2014-03-26 10:29:06", "2014-03-26 10:31:40", nospace
"2014-03-26 10:44:29", "2014-03-26 10:46:57", nospace
"2014-03-26 10:49:48", "2014-03-26 11:02:39", nospace
"2014-03-26 18:52:58", "2014-03-26 19:44:29", nobike
"2014-03-27 04:11:27", "2014-03-27 04:19:11", nospace
"2014-03-27 04:21:45", "2014-03-27 04:26:55", nospace
"2014-03-27 05:06:22", "2014-03-27 05:09:12", nospace
"2014-03-27 06:27:47", "2014-03-27 06:38:04", nospace
"2014-03-27 06:43:13", "2014-03-27 07:01:35", nospace
"2014-03-27 07:49:17", "2014-03-27 07:51:52", nospace
"2014-03-27 08:17:38", "2014-03-27 08:22:45", nospace
"2014-03-27 08:38:09", "2014-03-27 08:40:44", nospace
"2014-03-27 08:43:19", "2014-03-27 08:53:37", nospace
"2014-03-27 09:06:29", "2014-03-27 09:16:46", nospace
"2014-03-27 09:19:22", "2014-03-27 09:24:32", nospace
"2014-03-27 09:29:40", "2014-03-27 09:34:49", nospace
"2014-03-27 09:42:32", "2014-03-27 09:50:13", nospace
"2014-03-27 09:52:48", "2014-03-27 09:57:57", nospace
"2014-03-27 10:00:32", "2014-03-27 10:10:50", nospace
"2014-03-27 10:21:09", "2014-03-27 10:28:53", nospace
"2014-03-27 10:31:27", "2014-03-27 10:36:37", nospace
"2014-03-27 10:44:21", "2014-03-27 10:52:06", nospace
"2014-03-27 10:54:40", "2014-03-27 10:57:15", nospace
"2014-03-27 10:59:50", "2014-03-27 11:07:35", nospace
"2014-03-27 11:10:09", "2014-03-27 11:12:44", nospace
"2014-03-28 00:47:20", "2014-03-28 01:15:44", nospace
"2014-03-28 02:31:47", "2014-03-28 02:34:23", nobike
"2014-03-28 05:12:23", "2014-03-28 05:14:10", nospace
"2014-03-28 05:15:14", "2014-03-28 05:17:50", nospace
"2014-03-28 08:05:56", "2014-03-28 08:12:36", nospace
"2014-03-28 08:15:13", "2014-03-28 08:17:47", nospace
"2014-03-28 08:43:48", "2014-03-28 08:46:22", nospace
"2014-03-28 09:01:53", "2014-03-28 09:04:28", nospace
"2014-03-28 09:25:11", "2014-03-28 09:30:22", nospace
"2014-03-28 09:32:57", "2014-03-28 09:35:33", nospace
"2014-03-28 09:38:09", "2014-03-28 09:40:43", nospace
"2014-03-28 09:43:19", "2014-03-28 09:48:28", nospace
"2014-03-28 10:06:33", "2014-03-28 10:09:08", nospace
"2014-03-28 10:37:38", "2014-03-28 10:42:49", nospace
"2014-03-28 11:24:20", "2014-03-28 11:26:55", nospace
"2014-03-28 13:06:32", "2014-03-28 13:09:09", nospace
"2014-03-28 13:14:20", "2014-03-28 13:16:54", nospace
"2014-03-29 00:56:07", "2014-03-29 01:11:28", nospace
"2014-03-29 01:42:36", "2014-03-29 01:59:46", nospace
"2014-03-29 04:14:02", "2014-03-29 04:21:35", nospace
"2014-03-29 04:44:07", "2014-03-29 05:10:06", nospace
"2014-03-29 05:20:29", "2014-03-29 05:54:19", nospace
"2014-03-29 05:59:31", "2014-03-29 06:25:33", nospace
"2014-03-29 07:17:50", "2014-03-29 07:20:26", nospace
"2014-03-29 08:18:44", "2014-03-29 08:23:57", nospace
"2014-03-29 08:45:55", "2014-03-29 08:51:08", nospace
"2014-03-29 08:58:55", "2014-03-29 09:06:43", nospace
"2014-03-29 09:14:35", "2014-03-29 09:53:37", nospace
"2014-03-29 10:01:25", "2014-03-29 10:10:20", nospace
"2014-03-29 10:14:36", "2014-03-29 10:20:29", nospace
"2014-03-30 02:20:21", "2014-03-30 02:22:58", nospace
"2014-03-30 02:30:50", "2014-03-30 02:41:17", nospace
"2014-03-30 04:07:25", "2014-03-30 04:32:42", nospace
"2014-03-30 04:37:28", "2014-03-30 05:20:26", nospace
"2014-03-30 05:54:21", "2014-03-30 05:56:58", nospace
"2014-03-30 06:17:53", "2014-03-30 06:50:46", nospace
"2014-03-30 06:53:30", "2014-03-30 07:01:19", nospace
"2014-03-30 07:14:22", "2014-03-30 07:19:38", nospace
"2014-03-30 07:22:15", "2014-03-30 07:32:41", nospace
"2014-03-30 07:35:18", "2014-03-30 07:37:54", nospace
"2014-03-30 07:43:12", "2014-03-30 07:53:40", nospace
"2014-03-30 07:57:56", "2014-03-30 08:13:16", nospace
"2014-03-30 08:31:26", "2014-03-30 08:49:47", nospace
"2014-03-30 08:52:24", "2014-03-30 09:02:50", nospace
"2014-03-30 09:05:27", "2014-03-30 09:10:40", nospace
"2014-03-30 09:18:31", "2014-03-30 09:21:08", nospace
"2014-03-30 09:48:32", "2014-03-30 09:51:10", nospace
"2014-03-30 09:53:46", "2014-03-30 09:56:23", nospace
"2014-03-30 09:58:59", "2014-03-30 10:04:13", nospace
"2014-03-30 10:09:26", "2014-03-30 10:22:30", nospace
"2014-03-30 11:00:41", "2014-03-30 11:02:59", nospace
"2014-03-31 01:11:35", "2014-03-31 01:14:14", nospace
"2014-03-31 01:16:51", "2014-03-31 01:32:34", nospace
"2014-03-31 09:06:25", "2014-03-31 09:27:25", nospace
"2014-03-31 09:32:40", "2014-03-31 09:35:16", nospace
"2014-03-31 09:53:38", "2014-03-31 10:09:18", nospace
"2014-03-31 11:51:44", "2014-03-31 11:54:21", nospace
"2014-04-01 08:16:25", "2014-04-01 08:19:04", nospace
"2014-04-01 08:21:43", "2014-04-01 08:24:20", nospace
"2014-04-01 08:26:58", "2014-04-01 08:34:52", nospace
"2014-04-01 09:32:56", "2014-04-01 09:43:28", nospace
"2014-04-01 09:46:06", "2014-04-01 09:54:01", nospace
"2014-04-01 09:59:17", "2014-04-01 10:01:54", nospace
"2014-04-01 10:07:09", "2014-04-01 10:17:43", nospace
"2014-04-01 14:01:51", "2014-04-01 14:04:29", nobike
"2014-04-02 02:17:53", "2014-04-02 02:39:04", nospace
"2014-04-02 02:52:17", "2014-04-02 02:57:35", nospace
"2014-04-02 03:05:31", "2014-04-02 03:10:48", nospace
"2014-04-02 03:21:24", "2014-04-02 03:39:54", nospace
"2014-04-02 03:45:12", "2014-04-02 03:47:52", nospace
"2014-04-02 03:55:49", "2014-04-02 04:06:23", nospace
"2014-04-02 04:09:02", "2014-04-02 04:27:12", nospace
"2014-04-02 08:06:45", "2014-04-02 08:17:19", nospace
"2014-04-02 09:26:14", "2014-04-02 09:31:32", nospace
"2014-04-02 09:39:27", "2014-04-02 09:55:22", nospace
"2014-04-02 09:58:02", "2014-04-02 10:00:40", nospace
"2014-04-02 10:59:44", "2014-04-02 11:03:08", nospace
"2014-04-02 11:06:03", "2014-04-02 11:09:01", nospace
"2014-04-03 04:38:59", "2014-04-03 04:41:38", nospace
"2014-04-03 04:46:56", "2014-04-03 04:49:36", nospace
"2014-04-03 04:52:15", "2014-04-03 04:54:54", nospace
"2014-04-03 04:57:33", "2014-04-03 05:10:52", nospace
"2014-04-03 05:18:51", "2014-04-03 05:29:29", nospace
"2014-04-03 05:32:08", "2014-04-03 05:34:47", nospace
"2014-04-03 05:41:10", "2014-04-03 05:45:20", nospace
"2014-04-04 04:18:26", "2014-04-04 04:47:32", nospace
"2014-04-04 05:06:15", "2014-04-04 05:16:57", nospace
"2014-04-04 05:38:19", "2014-04-04 05:49:00", nospace
"2014-04-04 06:07:42", "2014-04-04 06:13:03", nospace
"2014-04-04 06:45:53", "2014-04-04 06:47:24", nospace
"2014-04-04 06:54:54", "2014-04-04 07:18:55", nospace
"2014-04-04 07:34:56", "2014-04-04 07:37:38", nospace
"2014-04-04 08:23:06", "2014-04-04 08:57:50", nospace
"2014-04-04 09:05:48", "2014-04-04 09:45:56", nospace
"2014-04-04 10:07:19", "2014-04-04 10:15:21", nospace
"2014-04-04 11:07:04", "2014-04-04 11:23:36", nospace
"2014-04-04 11:28:58", "2014-04-04 11:47:41", nospace
"2014-04-05 02:16:34", "2014-04-05 02:32:40", nospace
"2014-04-05 02:35:20", "2014-04-05 02:38:01", nospace
"2014-04-05 02:40:41", "2014-04-05 03:15:34", nospace
"2014-04-05 05:22:01", "2014-04-05 05:32:44", nospace
"2014-04-05 05:35:27", "2014-04-05 05:43:31", nospace
"2014-04-05 06:22:49", "2014-04-05 06:29:51", nospace
"2014-04-05 06:44:44", "2014-04-05 07:10:16", nospace
"2014-04-05 07:13:14", "2014-04-05 07:28:00", nospace
"2014-04-05 07:38:45", "2014-04-05 07:44:07", nospace
"2014-04-05 07:46:47", "2014-04-05 07:57:30", nospace
"2014-04-05 08:00:09", "2014-04-05 08:02:51", nospace
"2014-04-05 08:05:32", "2014-04-05 08:21:39", nospace
"2014-04-05 08:24:22", "2014-04-05 08:27:02", nospace
"2014-04-05 09:09:57", "2014-04-05 09:42:12", nospace
"2014-04-05 09:55:37", "2014-04-05 10:17:03", nospace
"2014-04-05 10:19:45", "2014-04-05 10:30:32", nospace
"2014-04-05 10:33:13", "2014-04-05 10:35:54", nospace
"2014-04-05 10:52:00", "2014-04-05 10:54:41", nospace
"2014-04-06 05:42:07", "2014-04-06 05:44:48", nospace
"2014-04-06 05:50:12", "2014-04-06 06:00:58", nospace
"2014-04-06 06:03:40", "2014-04-06 06:17:15", nospace
"2014-04-06 06:20:14", "2014-04-06 06:32:52", nospace
"2014-04-06 06:33:36", "2014-04-06 07:31:48", nospace
"2014-04-06 07:34:30", "2014-04-06 07:39:53", nospace
"2014-04-06 07:42:35", "2014-04-06 07:57:25", nospace
"2014-04-06 08:00:08", "2014-04-06 08:02:49", nospace
"2014-04-06 08:05:31", "2014-04-06 08:24:22", nospace
"2014-04-06 08:27:03", "2014-04-06 08:29:44", nospace
"2014-04-06 09:12:53", "2014-04-06 09:15:35", nospace
"2014-04-06 09:18:15", "2014-04-06 09:20:56", nospace
"2014-04-06 09:29:02", "2014-04-06 09:37:09", nospace
"2014-04-06 09:39:52", "2014-04-06 09:47:56", nospace
"2014-04-06 10:13:39", "2014-04-06 10:17:25", nospace
"2014-04-06 10:21:45", "2014-04-06 10:24:26", nospace
"2014-04-06 10:35:14", "2014-04-06 10:48:40", nospace
"2014-04-07 09:14:32", "2014-04-07 09:17:14", nospace
"2014-04-07 09:19:56", "2014-04-07 09:22:39", nospace
"2014-04-07 09:28:04", "2014-04-07 09:33:28", nospace
"2014-04-07 09:38:54", "2014-04-07 09:57:49", nospace
"2014-04-07 10:22:08", "2014-04-07 10:32:55", nospace
"2014-04-07 10:35:39", "2014-04-07 10:41:04", nospace
"2014-04-07 17:04:59", "2014-04-07 21:55:52", nospace
"2014-04-08 00:48:18", "2014-04-08 00:51:01", nospace
"2014-04-08 00:56:27", "2014-04-08 00:59:09", nospace
"2014-04-08 01:12:44", "2014-04-08 01:39:52", nospace
"2014-04-08 01:48:02", "2014-04-08 01:53:27", nospace
"2014-04-08 04:20:29", "2014-04-08 04:31:19", nospace
"2014-04-08 06:42:18", "2014-04-08 06:48:16", nobike
"2014-04-08 06:50:43", "2014-04-08 06:52:39", nobike
"2014-04-08 07:00:06", "2014-04-08 07:13:22", nobike
"2014-04-08 09:13:31", "2014-04-08 09:15:07", nospace
"2014-04-08 09:16:23", "2014-04-08 09:24:33", nospace
"2014-04-08 09:35:25", "2014-04-08 09:40:51", nospace
"2014-04-08 09:51:44", "2014-04-08 10:05:21", nospace
"2014-04-08 10:08:18", "2014-04-08 10:11:20", nospace
"2014-04-08 10:21:46", "2014-04-08 10:31:14", nospace
"2014-04-08 10:57:11", "2014-04-08 10:59:54", nospace
"2014-04-09 01:32:28", "2014-04-09 01:38:40", nospace
"2014-04-09 03:52:14", "2014-04-09 03:54:58", nospace
"2014-04-09 04:08:34", "2014-04-09 04:16:44", nospace
"2014-04-09 04:19:27", "2014-04-09 04:24:54", nospace
"2014-04-09 08:54:03", "2014-04-09 09:29:30", nospace
"2014-04-09 09:40:23", "2014-04-09 09:43:07", nospace
"2014-04-09 09:48:33", "2014-04-09 09:56:45", nospace
"2014-04-09 09:59:27", "2014-04-09 10:02:10", nospace
"2014-04-09 10:10:18", "2014-04-09 10:15:46", nospace
"2014-04-09 10:18:31", "2014-04-09 10:23:57", nospace
"2014-04-09 10:32:07", "2014-04-09 10:37:32", nospace
"2014-04-10 04:04:26", "2014-04-10 04:07:10", nospace
"2014-04-10 04:15:23", "2014-04-10 04:18:06", nospace
"2014-04-10 04:20:50", "2014-04-10 04:23:34", nospace
"2014-04-10 06:37:55", "2014-04-10 06:41:04", nospace
"2014-04-10 08:12:22", "2014-04-10 08:15:07", nospace
"2014-04-10 08:17:50", "2014-04-10 08:28:44", nospace
"2014-04-10 09:11:47", "2014-04-10 09:19:40", nospace
"2014-04-10 09:29:41", "2014-04-10 09:32:48", nospace
"2014-04-10 09:40:39", "2014-04-10 09:43:23", nospace
"2014-04-10 09:51:35", "2014-04-10 09:59:46", nospace
"2014-04-10 10:10:42", "2014-04-10 10:18:54", nospace
"2014-04-10 10:43:33", "2014-04-10 10:49:01", nospace
"2014-04-10 10:54:28", "2014-04-10 10:57:12", nospace
"2014-04-10 23:57:45", "2014-04-11 00:00:29", nobike
"2014-04-11 00:08:42", "2014-04-11 00:14:12", nobike
"2014-04-11 01:43:24", "2014-04-11 01:54:21", nospace
"2014-04-11 04:23:52", "2014-04-11 04:26:37", nospace
"2014-04-11 05:08:42", "2014-04-11 05:11:42", nospace
"2014-04-11 05:18:26", "2014-04-11 05:21:32", nospace
"2014-04-11 05:28:28", "2014-04-11 05:31:13", nospace
"2014-04-11 05:33:58", "2014-04-11 05:42:14", nospace
"2014-04-11 06:04:10", "2014-04-11 06:15:08", nospace
"2014-04-11 07:21:27", "2014-04-11 07:26:56", nospace
"2014-04-11 07:29:40", "2014-04-11 07:32:25", nospace
"2014-04-11 07:54:19", "2014-04-11 08:10:45", nospace
"2014-04-11 08:13:30", "2014-04-11 08:18:58", nospace
"2014-04-11 08:21:44", "2014-04-11 08:29:59", nospace
"2014-04-11 08:43:41", "2014-04-11 08:49:11", nospace
"2014-04-11 09:11:07", "2014-04-11 09:24:51", nospace
"2014-04-11 09:25:47", "2014-04-11 09:27:39", nospace
"2014-04-11 09:42:55", "2014-04-11 09:45:41", nospace
"2014-04-11 09:56:39", "2014-04-11 09:59:23", nospace
"2014-04-11 10:02:09", "2014-04-11 10:04:53", nospace
"2014-04-11 10:36:41", "2014-04-11 10:44:56", nospace
"2014-04-11 10:50:26", "2014-04-11 10:53:09", nospace
"2014-04-11 11:09:38", "2014-04-11 11:15:08", nospace
"2014-04-11 11:23:23", "2014-04-11 11:26:07", nospace
"2014-04-12 04:36:55", "2014-04-12 04:53:27", nospace
"2014-04-12 05:01:40", "2014-04-12 05:09:57", nospace
"2014-04-12 06:10:35", "2014-04-12 06:16:05", nospace
"2014-04-12 07:51:41", "2014-04-12 07:54:27", nospace
"2014-04-12 07:59:57", "2014-04-12 08:10:57", nospace
"2014-04-12 08:27:31", "2014-04-12 09:00:34", nospace
"2014-04-12 09:03:20", "2014-04-12 09:17:19", nospace
"2014-04-12 09:23:25", "2014-04-12 09:26:32", nospace
"2014-04-12 09:31:09", "2014-04-12 09:37:59", nospace
"2014-04-12 09:40:45", "2014-04-12 09:54:33", nospace
"2014-04-12 10:01:42", "2014-04-12 10:28:25", nospace
"2014-04-12 10:30:14", "2014-04-12 10:38:16", nospace
"2014-04-12 10:48:30", "2014-04-12 10:51:16", nospace
"2014-04-12 10:54:00", "2014-04-12 11:05:03", nospace
"2014-04-12 11:07:48", "2014-04-12 11:18:48", nospace
"2014-04-13 04:17:03", "2014-04-13 04:19:50", nospace
"2014-04-13 04:41:53", "2014-04-13 04:50:11", nospace
"2014-04-13 04:58:30", "2014-04-13 05:09:34", nospace
"2014-04-13 05:57:44", "2014-04-13 06:00:50", nospace
"2014-04-13 07:03:50", "2014-04-13 07:12:07", nospace
"2014-04-13 07:50:46", "2014-04-13 07:59:03", nospace
"2014-04-13 08:01:48", "2014-04-13 08:43:19", nospace
"2014-04-13 09:11:01", "2014-04-13 09:19:19", nospace
"2014-04-13 09:22:06", "2014-04-13 09:43:55", nospace
"2014-04-13 09:45:53", "2014-04-13 09:51:24", nospace
"2014-04-13 09:54:12", "2014-04-13 09:56:58", nospace
"2014-04-13 10:02:29", "2014-04-13 10:05:15", nospace
"2014-04-13 10:16:18", "2014-04-13 10:19:05", nospace
"2014-04-13 10:21:50", "2014-04-13 10:24:36", nospace
"2014-04-13 10:38:22", "2014-04-13 10:41:09", nospace
"2014-04-14 04:23:59", "2014-04-14 04:35:25", nospace
"2014-04-14 04:37:22", "2014-04-14 04:47:51", nospace
"2014-04-14 05:10:05", "2014-04-14 05:23:58", nospace
"2014-04-14 08:07:53", "2014-04-14 08:15:06", nospace
"2014-04-14 08:45:39", "2014-04-14 08:48:25", nospace
"2014-04-14 09:10:38", "2014-04-14 09:27:19", nospace
"2014-04-14 09:32:52", "2014-04-14 09:49:31", nospace
"2014-04-14 15:19:44", "2014-04-14 15:22:31", nobike
"2014-04-15 07:58:53", "2014-04-15 08:01:40", nospace
"2014-04-15 08:07:15", "2014-04-15 08:10:03", nospace
"2014-04-15 08:12:50", "2014-04-15 08:29:33", nospace
"2014-04-15 08:57:29", "2014-04-15 09:14:13", nospace
"2014-04-15 09:17:00", "2014-04-15 09:30:56", nospace
"2014-04-15 19:27:13", "2014-04-15 20:03:33", nobike
"2014-04-16 04:25:39", "2014-04-16 04:29:11", nospace
"2014-04-16 08:01:34", "2014-04-16 08:19:57", nospace
"2014-04-16 08:54:49", "2014-04-16 08:57:37", nospace
"2014-04-16 09:14:25", "2014-04-16 09:28:52", nospace
"2014-04-16 09:32:00", "2014-04-16 09:35:08", nospace
"2014-04-16 09:46:55", "2014-04-16 09:52:31", nospace
"2014-04-16 10:00:55", "2014-04-16 10:09:18", nospace
"2014-04-16 10:12:06", "2014-04-16 10:14:53", nospace
"2014-04-16 13:42:06", "2014-04-16 13:53:29", nobike
"2014-04-16 15:01:12", "2014-04-16 15:04:01", nospace
"2014-04-17 04:02:04", "2014-04-17 04:07:40", nospace
"2014-04-17 04:31:56", "2014-04-17 04:34:45", nospace
"2014-04-17 04:43:12", "2014-04-17 04:48:49", nospace
"2014-04-17 04:51:37", "2014-04-17 04:57:13", nospace
"2014-04-17 08:40:49", "2014-04-17 08:54:52", nospace
"2014-04-17 08:57:40", "2014-04-17 09:17:20", nospace
"2014-04-17 09:20:09", "2014-04-17 09:48:15", nospace
"2014-04-17 09:51:04", "2014-04-17 09:53:52", nospace
"2014-04-17 09:56:41", "2014-04-17 09:59:29", nospace
"2014-04-17 10:55:00", "2014-04-17 10:57:48", nospace
"2014-04-17 13:18:24", "2014-04-17 13:24:02", nospace
"2014-04-18 03:44:28", "2014-04-18 03:47:18", nospace
"2014-04-18 03:52:54", "2014-04-18 03:55:44", nospace
"2014-04-18 04:04:10", "2014-04-18 04:15:27", nospace
"2014-04-18 04:21:05", "2014-04-18 04:23:55", nospace
"2014-04-18 04:35:10", "2014-04-18 04:40:47", nospace
"2014-04-18 04:43:37", "2014-04-18 04:49:14", nospace
"2014-04-18 05:14:32", "2014-04-18 05:43:16", nospace
"2014-04-18 05:54:27", "2014-04-18 06:07:15", nospace
"2014-04-18 07:18:08", "2014-04-18 07:29:24", nospace
"2014-04-18 07:59:49", "2014-04-18 08:09:43", nospace
"2014-04-18 08:21:11", "2014-04-18 08:32:28", nospace
"2014-04-18 08:49:25", "2014-04-18 08:57:52", nospace
"2014-04-18 09:03:32", "2014-04-18 09:09:11", nospace
"2014-04-18 09:11:59", "2014-04-18 09:14:49", nospace
"2014-04-18 09:31:32", "2014-04-18 09:41:57", nospace
"2014-04-18 09:47:36", "2014-04-18 10:01:44", nospace
"2014-04-18 10:04:32", "2014-04-18 10:21:24", nospace
"2014-04-18 10:24:14", "2014-04-18 10:32:42", nospace
"2014-04-18 13:55:44", "2014-04-18 14:01:23", nobike
"2014-04-18 14:04:13", "2014-04-18 14:07:04", nobike
"2014-04-19 03:30:14", "2014-04-19 03:33:28", nospace
"2014-04-19 03:38:58", "2014-04-19 03:49:49", nospace
"2014-04-19 03:55:30", "2014-04-19 04:30:01", nospace
"2014-04-19 05:05:13", "2014-04-19 05:10:54", nospace
"2014-04-19 05:13:43", "2014-04-19 05:22:14", nospace
"2014-04-19 05:27:54", "2014-04-19 05:30:43", nospace
"2014-04-19 05:48:12", "2014-04-19 05:58:12", nospace
"2014-04-19 06:45:52", "2014-04-19 07:16:58", nospace
"2014-04-19 07:25:27", "2014-04-19 07:31:07", nospace
"2014-04-19 07:33:57", "2014-04-19 07:39:37", nospace
"2014-04-19 07:42:27", "2014-04-19 08:00:27", nospace
"2014-04-19 08:02:02", "2014-04-19 08:38:16", nospace
"2014-04-19 08:44:00", "2014-04-19 09:03:45", nospace
"2014-04-19 09:09:25", "2014-04-19 09:33:31", nospace
"2014-04-19 09:36:47", "2014-04-19 09:42:41", nospace
"2014-04-19 09:45:31", "2014-04-19 09:51:11", nospace
"2014-04-19 09:56:52", "2014-04-19 10:05:21", nospace
"2014-04-19 10:30:49", "2014-04-19 10:39:18", nospace
"2014-04-19 10:51:13", "2014-04-19 10:55:18", nospace
"2014-04-19 10:58:05", "2014-04-19 11:00:56", nospace
"2014-04-19 11:17:54", "2014-04-19 11:20:43", nospace
"2014-04-19 11:32:04", "2014-04-19 11:34:54", nospace
"2014-04-19 11:51:49", "2014-04-19 11:54:38", nospace
"2014-04-19 15:01:39", "2014-04-19 15:07:20", nospace
"2014-04-19 15:10:10", "2014-04-19 15:15:49", nospace
"2014-04-20 05:06:58", "2014-04-20 05:21:11", nospace
"2014-04-20 05:24:02", "2014-04-20 05:26:52", nospace
"2014-04-20 05:55:16", "2014-04-20 06:06:35", nospace
"2014-04-20 07:03:51", "2014-04-20 07:06:41", nospace
"2014-04-20 07:43:38", "2014-04-20 07:50:48", nospace
"2014-04-20 07:53:56", "2014-04-20 08:05:22", nospace
"2014-04-20 08:41:17", "2014-04-20 08:44:07", nospace
"2014-04-20 08:46:58", "2014-04-20 09:04:00", nospace
"2014-04-20 09:06:51", "2014-04-20 09:12:43", nospace
"2014-04-20 09:31:27", "2014-04-20 09:37:07", nospace
"2014-04-20 10:14:00", "2014-04-20 10:25:24", nospace
"2014-04-20 10:39:42", "2014-04-20 10:42:31", nospace
"2014-04-20 10:48:11", "2014-04-20 10:51:02", nospace
"2014-04-20 10:53:51", "2014-04-20 10:56:41", nospace
"2014-04-20 10:59:31", "2014-04-20 11:05:12", nospace
"2014-04-21 00:06:18", "2014-04-21 00:14:49", nospace
"2014-04-21 00:17:41", "2014-04-21 00:31:55", nospace
"2014-04-21 00:46:09", "2014-04-21 00:48:58", nospace
"2014-04-21 00:51:48", "2014-04-21 00:54:39", nospace
"2014-04-21 01:31:39", "2014-04-21 01:37:20", nospace
"2014-04-21 10:06:36", "2014-04-21 10:09:27", nospace
"2014-04-21 10:15:10", "2014-04-21 10:20:54", nospace
"2014-04-21 10:32:19", "2014-04-21 10:38:00", nospace
"2014-04-21 10:47:39", "2014-04-21 10:55:00", nospace
"2014-04-21 11:32:59", "2014-04-21 11:50:05", nospace
"2014-04-21 11:55:49", "2014-04-21 11:58:39", nospace
"2014-04-22 03:35:05", "2014-04-22 03:40:48", nospace
"2014-04-22 03:43:40", "2014-04-22 03:46:31", nospace
"2014-04-22 03:49:23", "2014-04-22 03:52:14", nospace
"2014-04-22 03:57:55", "2014-04-22 04:09:26", nospace
"2014-04-22 04:12:18", "2014-04-22 04:29:29", nospace
"2014-04-22 04:32:19", "2014-04-22 04:35:10", nospace
"2014-04-22 04:43:45", "2014-04-22 04:46:37", nospace
"2014-04-22 14:32:17", "2014-04-22 14:37:51", nobike
"2014-04-22 14:45:45", "2014-04-22 14:51:28", nobike
"2014-04-22 20:38:38", "2014-04-22 20:53:00", nobike
"2014-04-23 09:51:37", "2014-04-23 10:01:54", nospace
"2014-04-23 10:03:24", "2014-04-23 10:12:02", nospace
"2014-04-23 10:14:53", "2014-04-23 10:17:45", nospace
"2014-04-23 10:20:37", "2014-04-23 10:38:02", nospace
"2014-04-23 14:31:14", "2014-04-23 14:39:53", nobike
"2014-04-24 03:48:58", "2014-04-24 03:51:50", nospace
"2014-04-24 04:06:14", "2014-04-24 04:17:42", nospace
"2014-04-24 04:40:22", "2014-04-24 04:41:52", nospace
"2014-04-24 10:23:25", "2014-04-24 10:29:13", nospace
"2014-04-24 11:12:47", "2014-04-24 11:21:04", nospace
"2014-04-24 12:11:59", "2014-04-24 12:17:46", nospace
"2014-04-25 07:15:01", "2014-04-25 07:29:29", nospace
"2014-04-25 07:32:22", "2014-04-25 07:38:08", nospace
"2014-04-25 07:41:01", "2014-04-25 07:43:54", nospace
"2014-04-25 08:07:00", "2014-04-25 08:12:47", nospace
"2014-04-25 08:28:38", "2014-04-25 08:35:53", nospace
"2014-04-25 08:39:06", "2014-04-25 08:42:15", nospace
"2014-04-25 08:43:57", "2014-04-25 08:50:21", nospace
"2014-04-25 08:57:28", "2014-04-25 09:00:44", nospace
"2014-04-25 09:07:10", "2014-04-25 09:11:53", nospace
"2014-04-25 09:14:48", "2014-04-25 09:18:00", nospace
"2014-04-25 09:21:10", "2014-04-25 09:29:26", nospace
"2014-04-25 09:32:17", "2014-04-25 09:40:58", nospace
"2014-04-25 09:46:44", "2014-04-25 09:58:17", nospace
"2014-04-26 04:25:53", "2014-04-26 04:40:21", nospace
"2014-04-26 04:43:16", "2014-04-26 04:54:51", nospace
"2014-04-26 05:43:21", "2014-04-26 05:54:55", nospace
"2014-04-26 06:00:44", "2014-04-26 06:06:31", nospace
"2014-04-26 06:15:13", "2014-04-26 06:21:02", nospace
"2014-04-26 20:51:16", "2014-04-26 21:08:43", nobike
"2014-04-27 02:17:17", "2014-04-27 02:18:49", nospace
"2014-04-27 02:22:05", "2014-04-27 02:25:20", nospace
"2014-04-27 02:33:35", "2014-04-27 02:35:37", nospace
"2014-04-27 02:40:57", "2014-04-27 02:44:10", nospace
"2014-04-27 04:05:15", "2014-04-27 04:11:05", nospace
"2014-04-27 04:16:54", "2014-04-27 04:22:42", nospace
"2014-04-27 04:35:08", "2014-04-27 04:45:06", nospace
"2014-04-27 04:48:00", "2014-04-27 05:08:21", nospace
"2014-04-27 05:40:21", "2014-04-27 05:43:16", nospace
"2014-04-27 05:46:10", "2014-04-27 05:56:59", nospace
"2014-04-27 06:11:35", "2014-04-27 06:14:29", nospace
"2014-04-27 06:29:07", "2014-04-27 06:32:25", nospace
"2014-04-27 06:35:20", "2014-04-27 06:55:49", nospace
"2014-04-27 07:31:42", "2014-04-27 07:39:07", nospace
"2014-04-27 07:50:15", "2014-04-27 08:04:51", nospace
"2014-04-27 08:10:41", "2014-04-27 08:16:29", nospace
"2014-04-27 08:57:21", "2014-04-27 09:03:10", nospace
"2014-04-27 09:06:05", "2014-04-27 09:09:00", nospace
"2014-04-27 09:14:51", "2014-04-27 09:29:24", nospace
"2014-04-27 09:32:19", "2014-04-27 09:35:14", nospace
"2014-04-27 09:38:08", "2014-04-27 09:49:49", nospace
"2014-04-27 09:52:43", "2014-04-27 10:07:19", nospace
"2014-04-27 10:10:13", "2014-04-27 10:23:48", nospace
"2014-04-27 10:53:21", "2014-04-27 10:56:16", nospace
"2014-04-27 10:59:11", "2014-04-27 11:07:57", nospace
"2014-04-27 11:10:51", "2014-04-27 11:16:40", nospace
"2014-04-28 00:48:48", "2014-04-28 00:51:43", nospace
"2014-04-28 00:57:33", "2014-04-28 01:09:14", nospace
"2014-04-28 02:33:15", "2014-04-28 02:41:59", nospace
"2014-04-28 04:38:48", "2014-04-28 05:08:01", nospace
"2014-04-28 05:59:42", "2014-04-28 06:05:32", nospace
"2014-04-28 07:33:33", "2014-04-28 07:44:47", nospace
"2014-04-28 08:13:42", "2014-04-28 08:28:21", nospace
"2014-04-28 08:42:57", "2014-04-28 08:45:53", nospace
"2014-04-28 08:57:35", "2014-04-28 09:06:22", nospace
"2014-04-28 09:09:18", "2014-04-28 09:18:06", nospace
"2014-04-28 09:23:56", "2014-04-28 09:35:36", nospace
"2014-04-28 09:41:25", "2014-04-28 09:44:21", nospace
"2014-04-28 09:47:16", "2014-04-28 09:50:12", nospace
"2014-04-28 09:56:03", "2014-04-28 10:13:34", nospace
"2014-04-28 10:22:20", "2014-04-28 10:25:16", nospace
"2014-04-28 10:28:11", "2014-04-28 10:31:08", nospace
"2014-04-28 10:34:02", "2014-04-28 10:36:58", nospace
"2014-04-28 10:42:49", "2014-04-28 10:45:44", nospace
"2014-04-28 10:48:40", "2014-04-28 11:03:15", nospace
"2014-04-29 03:30:10", "2014-04-29 03:44:51", nospace
"2014-04-29 03:56:38", "2014-04-29 03:59:34", nospace
"2014-04-29 04:02:30", "2014-04-29 04:25:56", nospace
"2014-04-29 05:59:45", "2014-04-29 06:02:40", nospace
"2014-04-29 08:50:12", "2014-04-29 09:12:20", nospace
"2014-04-29 09:18:46", "2014-04-29 09:33:30", nospace
"2014-04-30 00:44:50", "2014-04-30 00:53:40", nospace
"2014-04-30 01:02:30", "2014-04-30 01:04:24", nospace
"2014-04-30 13:04:05", "2014-04-30 13:07:01", nobike
"2014-04-30 13:15:52", "2014-04-30 13:21:45", nobike
"2014-04-30 23:41:33", "2014-04-30 23:47:27", nobike
"2014-05-02 01:29:36", "2014-05-02 01:44:23", nospace
"2014-05-02 03:39:01", "2014-05-02 03:44:55", nospace
"2014-05-02 03:47:52", "2014-05-02 03:50:50", nospace
"2014-05-02 03:53:47", "2014-05-02 04:11:31", nospace
"2014-05-02 04:17:27", "2014-05-02 04:21:28", nospace
"2014-05-02 04:23:07", "2014-05-02 04:49:12", nospace
"2014-05-02 04:52:10", "2014-05-02 05:05:24", nospace
"2014-05-02 05:27:00", "2014-05-02 05:35:52", nospace
"2014-05-02 08:19:15", "2014-05-02 08:34:06", nospace
"2014-05-02 08:51:53", "2014-05-02 09:12:39", nospace
"2014-05-02 09:15:38", "2014-05-02 09:30:26", nospace
"2014-05-02 09:42:16", "2014-05-02 09:45:14", nospace
"2014-05-02 09:48:12", "2014-05-02 10:00:05", nospace
"2014-05-02 10:03:03", "2014-05-02 10:08:58", nospace
"2014-05-02 10:31:59", "2014-05-02 10:34:55", nospace
"2014-05-03 03:53:15", "2014-05-03 03:59:11", nospace
"2014-05-03 04:02:11", "2014-05-03 04:08:07", nospace
"2014-05-03 04:11:05", "2014-05-03 04:17:03", nospace
"2014-05-03 04:20:02", "2014-05-03 04:25:59", nospace
"2014-05-03 04:28:56", "2014-05-03 04:31:57", nospace
"2014-05-03 04:34:54", "2014-05-03 04:49:45", nospace
"2014-05-03 05:15:48", "2014-05-03 05:21:45", nospace
"2014-05-03 05:33:38", "2014-05-03 05:36:36", nospace
"2014-05-03 06:48:24", "2014-05-03 07:00:16", nospace
"2014-05-03 07:06:11", "2014-05-03 07:19:14", nospace
"2014-05-03 07:47:07", "2014-05-03 07:50:05", nospace
"2014-05-03 07:59:00", "2014-05-03 08:07:12", nospace
"2014-05-03 08:19:17", "2014-05-03 08:28:11", nospace
"2014-05-03 08:40:06", "2014-05-03 08:43:05", nospace
"2014-05-03 08:46:04", "2014-05-03 09:45:34", nospace
"2014-05-03 09:54:32", "2014-05-03 09:57:30", nospace
"2014-05-03 10:03:26", "2014-05-03 10:12:21", nospace
"2014-05-03 10:15:17", "2014-05-03 10:45:00", nospace
"2014-05-03 10:50:55", "2014-05-03 10:53:53", nospace
"2014-05-03 10:59:52", "2014-05-03 11:05:48", nospace
"2014-05-03 11:08:47", "2014-05-03 11:17:41", nospace
"2014-05-04 03:24:39", "2014-05-04 03:45:30", nospace
"2014-05-04 03:48:28", "2014-05-04 03:54:26", nospace
"2014-05-04 03:57:25", "2014-05-04 04:00:24", nospace
"2014-05-04 04:03:21", "2014-05-04 04:12:17", nospace
"2014-05-04 04:21:12", "2014-05-04 04:39:06", nospace
"2014-05-04 04:56:57", "2014-05-04 04:59:56", nospace
"2014-05-04 08:21:46", "2014-05-04 08:27:43", nospace
"2014-05-04 08:48:35", "2014-05-04 08:57:29", nospace
"2014-05-04 09:18:25", "2014-05-04 09:21:25", nospace
"2014-05-04 11:04:00", "2014-05-04 11:06:59", nospace
"2014-05-04 11:09:58", "2014-05-04 11:12:56", nospace
"2014-05-04 13:08:50", "2014-05-04 13:11:48", nospace
"2014-05-04 13:14:47", "2014-05-04 13:17:47", nospace
"2014-05-04 15:40:29", "2014-05-04 15:43:29", nospace
"2014-05-05 08:30:03", "2014-05-05 08:33:02", nospace
"2014-05-05 08:53:57", "2014-05-05 08:56:56", nospace
"2014-05-05 08:59:57", "2014-05-05 09:08:54", nospace
"2014-05-05 09:11:53", "2014-05-05 09:14:54", nospace
"2014-05-05 09:20:53", "2014-05-05 09:29:51", nospace
"2014-05-05 09:44:47", "2014-05-05 09:47:48", nospace
"2014-05-05 10:29:39", "2014-05-05 10:32:39", nospace
"2014-05-05 10:41:37", "2014-05-05 10:50:35", nospace
"2014-05-06 13:21:54", "2014-05-06 13:24:55", nobike
"2014-05-06 13:27:54", "2014-05-06 14:00:56", nobike
"2014-05-06 21:52:26", "2014-05-06 22:07:30", nobike
"2014-05-06 22:13:30", "2014-05-06 22:19:31", nobike
"2014-05-06 23:49:11", "2014-05-07 00:01:14", nobike
"2014-05-07 14:51:43", "2014-05-07 14:54:44", nobike
"2014-05-08 00:40:28", "2014-05-08 00:55:36", nospace
"2014-05-08 01:10:42", "2014-05-08 01:31:51", nospace
"2014-05-08 02:11:02", "2014-05-08 02:23:06", nospace
"2014-05-08 02:29:09", "2014-05-08 02:32:10", nospace
"2014-05-08 02:44:14", "2014-05-08 02:53:19", nospace
"2014-05-08 02:56:20", "2014-05-08 03:26:32", nospace
"2014-05-08 03:32:35", "2014-05-08 03:44:38", nospace
"2014-05-08 03:50:41", "2014-05-08 04:02:46", nospace
"2014-05-08 04:05:47", "2014-05-08 04:17:52", nospace
"2014-05-08 04:59:28", "2014-05-08 05:08:32", nospace
"2014-05-08 08:57:21", "2014-05-08 09:36:00", nospace
"2014-05-08 09:39:01", "2014-05-08 09:45:05", nospace
"2014-05-08 09:48:05", "2014-05-08 09:51:07", nospace
"2014-05-08 09:57:08", "2014-05-08 10:09:13", nospace
"2014-05-08 10:12:13", "2014-05-08 10:15:16", nospace
"2014-05-08 10:33:20", "2014-05-08 10:36:22", nospace
"2014-05-08 11:00:32", "2014-05-08 11:24:41", nospace
"2014-05-09 08:13:48", "2014-05-09 08:16:51", nospace
