"2013-11-28 14:40:58", "2013-11-28 14:46:53", nobike
"2013-11-28 14:52:50", "2013-11-28 15:01:43", nobike
"2013-11-28 15:07:39", "2013-11-28 15:10:58", nobike
"2013-11-30 06:52:43", "2013-11-30 07:10:53", nospace
"2013-11-30 07:16:56", "2013-11-30 07:22:59", nospace
"2013-11-30 07:26:01", "2013-11-30 07:38:04", nospace
"2013-11-30 07:43:44", "2013-11-30 07:52:47", nospace
"2013-11-30 07:55:49", "2013-11-30 08:10:45", nospace
"2013-11-30 08:50:02", "2013-11-30 08:53:03", nospace
"2013-11-30 09:04:49", "2013-11-30 09:22:57", nospace
"2013-11-30 09:25:58", "2013-11-30 09:32:01", nospace
"2013-12-01 03:50:05", "2013-12-01 04:08:01", nospace
"2013-12-01 05:25:54", "2013-12-01 05:47:00", nospace
"2013-12-01 05:53:07", "2013-12-01 06:19:54", nospace
"2013-12-01 06:32:08", "2013-12-01 06:34:49", nospace
"2013-12-01 06:49:57", "2013-12-01 08:31:53", nospace
"2013-12-01 08:41:03", "2013-12-01 08:44:07", nospace
"2013-12-01 08:49:50", "2013-12-01 09:02:05", nospace
"2013-12-01 09:10:52", "2013-12-01 09:23:07", nospace
"2013-12-02 02:04:53", "2013-12-02 02:34:58", nospace
"2013-12-02 03:40:59", "2013-12-02 04:04:54", nospace
"2013-12-02 05:02:07", "2013-12-02 05:29:09", nospace
"2013-12-02 05:38:04", "2013-12-02 05:43:50", nospace
"2013-12-02 05:46:55", "2013-12-02 06:34:50", nospace
"2013-12-02 07:17:03", "2013-12-02 07:37:58", nospace
"2013-12-02 07:49:56", "2013-12-02 08:14:00", nospace
"2013-12-02 09:01:59", "2013-12-02 09:05:06", nospace
"2013-12-02 09:14:00", "2013-12-02 09:17:05", nospace
"2013-12-02 09:40:59", "2013-12-02 10:01:50", nospace
"2013-12-02 13:59:01", "2013-12-02 14:44:14", nobike
"2013-12-05 05:08:01", "2013-12-05 05:11:13", nospace
"2013-12-05 06:20:06", "2013-12-05 06:26:07", nospace
"2013-12-05 06:41:05", "2013-12-05 06:47:05", nospace
"2013-12-05 06:50:17", "2013-12-05 07:05:06", nospace
"2013-12-06 12:44:23", "2013-12-06 12:53:25", nospace
"2013-12-06 13:50:11", "2013-12-06 13:56:19", nospace
"2013-12-07 02:26:09", "2013-12-07 02:35:21", nospace
"2013-12-07 03:02:22", "2013-12-07 03:08:10", nospace
"2013-12-07 03:20:17", "2013-12-07 03:26:08", nospace
"2013-12-07 03:56:16", "2013-12-07 04:02:30", nospace
"2013-12-07 04:08:20", "2013-12-07 04:35:28", nospace
"2013-12-07 05:20:30", "2013-12-07 05:26:20", nospace
"2013-12-07 05:29:17", "2013-12-07 06:41:10", nospace
"2013-12-07 06:44:30", "2013-12-07 07:02:21", nospace
"2013-12-07 07:08:30", "2013-12-07 07:11:27", nospace
"2013-12-07 07:17:19", "2013-12-07 07:23:10", nospace
"2013-12-07 07:59:27", "2013-12-07 08:05:22", nospace
"2013-12-07 08:32:24", "2013-12-07 08:56:11", nospace
"2013-12-07 09:32:26", "2013-12-07 09:50:25", nospace
"2013-12-07 10:26:14", "2013-12-07 10:44:12", nospace
"2013-12-07 10:59:12", "2013-12-07 11:02:31", nospace
"2013-12-08 06:02:24", "2013-12-08 06:29:24", nospace
"2013-12-08 06:32:11", "2013-12-08 06:47:37", nospace
"2013-12-08 07:02:19", "2013-12-08 07:08:11", nospace
"2013-12-08 07:14:24", "2013-12-08 07:17:34", nospace
"2013-12-08 07:20:14", "2013-12-08 07:26:26", nospace
"2013-12-08 07:29:35", "2013-12-08 07:36:03", nospace
"2013-12-08 07:38:18", "2013-12-08 07:41:24", nospace
"2013-12-08 07:47:36", "2013-12-08 08:23:28", nospace
"2013-12-08 08:41:18", "2013-12-08 08:47:16", nospace
"2013-12-08 08:53:13", "2013-12-08 08:59:17", nospace
"2013-12-08 09:32:21", "2013-12-08 09:50:30", nospace
"2013-12-09 14:59:23", "2013-12-09 15:26:20", nobike
"2013-12-09 15:53:16", "2013-12-09 16:11:47", nobike
"2013-12-11 13:41:43", "2013-12-11 14:17:34", nobike
"2013-12-13 11:59:43", "2013-12-13 12:08:35", nobike
"2013-12-16 01:30:20", "2013-12-16 01:33:19", nospace
"2013-12-16 10:38:55", "2013-12-16 10:45:07", nospace
"2013-12-16 11:05:59", "2013-12-16 11:09:06", nospace
"2013-12-16 11:15:19", "2013-12-16 11:17:39", nospace
"2013-12-18 06:51:17", "2013-12-18 07:00:24", nospace
"2013-12-18 08:42:26", "2013-12-18 08:57:17", nospace
"2013-12-18 09:12:22", "2013-12-18 09:33:05", nospace
"2013-12-18 10:09:21", "2013-12-18 10:11:51", nospace
"2013-12-18 10:15:09", "2013-12-18 10:20:58", nospace
"2013-12-18 10:26:46", "2013-12-18 10:30:05", nospace
"2013-12-18 10:39:10", "2013-12-18 10:50:47", nospace
"2013-12-19 09:39:10", "2013-12-19 09:53:50", nospace
"2013-12-19 09:57:12", "2013-12-19 10:00:34", nospace
"2013-12-21 07:39:33", "2013-12-21 07:51:36", nospace
"2013-12-22 09:27:08", "2013-12-22 09:30:29", nospace
"2013-12-22 09:48:00", "2013-12-22 09:51:43", nospace
"2013-12-22 13:03:22", "2013-12-22 13:06:11", nospace
"2013-12-27 10:10:13", "2013-12-27 10:12:18", nospace
"2013-12-27 10:18:32", "2013-12-27 10:21:38", nospace
"2013-12-28 06:31:11", "2013-12-28 06:42:39", nospace
"2013-12-28 08:07:04", "2013-12-28 08:12:25", nospace
"2013-12-28 09:52:12", "2013-12-28 09:57:33", nospace
"2013-12-28 11:07:13", "2013-12-28 11:09:22", nospace
"2013-12-28 11:30:49", "2013-12-28 11:55:11", nospace
"2013-12-30 13:48:35", "2013-12-30 14:12:56", nobike
"2013-12-31 12:28:36", "2013-12-31 12:57:47", nospace
"2013-12-31 13:13:27", "2013-12-31 13:15:41", nospace
"2013-12-31 13:27:32", "2013-12-31 13:58:29", nospace
"2013-12-31 14:13:03", "2013-12-31 14:18:42", nospace
"2013-12-31 14:22:03", "2013-12-31 14:43:25", nospace
"2013-12-31 14:49:02", "2013-12-31 15:12:36", nospace
"2013-12-31 15:19:20", "2013-12-31 15:21:36", nospace
"2013-12-31 15:30:37", "2013-12-31 15:46:26", nospace
"2013-12-31 15:48:40", "2013-12-31 16:10:02", nospace
"2013-12-31 16:24:48", "2013-12-31 16:42:56", nospace
"2014-01-01 04:01:22", "2014-01-01 04:21:48", nospace
"2014-01-01 04:52:23", "2014-01-01 05:16:05", nospace
"2014-01-01 05:25:08", "2014-01-01 05:30:47", nospace
"2014-01-01 05:45:41", "2014-01-01 06:24:50", nospace
"2014-01-01 06:30:34", "2014-01-01 06:33:56", nospace
"2014-01-01 06:37:21", "2014-01-01 06:39:36", nospace
"2014-01-01 06:43:02", "2014-01-01 07:15:41", nospace
"2014-01-01 07:19:10", "2014-01-01 07:45:51", nospace
"2014-01-01 07:55:13", "2014-01-01 07:58:40", nospace
"2014-01-01 08:01:00", "2014-01-01 09:12:45", nospace
"2014-01-01 09:19:40", "2014-01-01 09:31:15", nospace
"2014-01-01 12:43:13", "2014-01-01 13:09:44", nospace
"2014-01-02 04:12:39", "2014-01-02 05:04:36", nospace
"2014-01-02 05:10:24", "2014-01-02 05:42:55", nospace
"2014-01-02 05:48:38", "2014-01-02 06:37:29", nospace
"2014-01-02 08:03:39", "2014-01-02 09:03:37", nospace
"2014-01-02 09:18:37", "2014-01-02 09:22:07", nospace
"2014-01-02 09:27:54", "2014-01-02 09:33:40", nospace
"2014-01-03 09:43:17", "2014-01-03 10:13:00", nospace
"2014-01-04 06:28:06", "2014-01-04 06:34:05", nospace
"2014-01-05 06:18:55", "2014-01-05 06:28:43", nospace
"2014-01-05 06:32:12", "2014-01-05 07:16:11", nospace
"2014-01-05 07:19:55", "2014-01-05 09:01:20", nospace
"2014-01-05 09:10:45", "2014-01-05 09:16:53", nospace
"2014-01-05 09:25:33", "2014-01-05 09:37:48", nospace
"2014-01-05 10:09:48", "2014-01-05 10:13:29", nospace
"2014-01-06 10:34:01", "2014-01-06 10:42:50", nobike
"2014-01-06 10:52:50", "2014-01-06 11:07:50", nobike
"2014-01-06 14:04:01", "2014-01-06 14:43:08", nobike
"2014-01-07 12:28:53", "2014-01-07 12:37:43", nobike
"2014-01-07 13:04:11", "2014-01-07 13:23:02", nobike
"2014-01-07 14:46:56", "2014-01-07 14:52:00", nobike
"2014-01-07 14:55:35", "2014-01-07 15:06:57", nobike
"2014-01-09 14:13:56", "2014-01-09 14:31:58", nobike
"2014-01-09 14:34:33", "2014-01-09 14:40:55", nobike
"2014-01-09 14:43:30", "2014-01-09 14:46:06", nobike
"2014-01-09 14:49:59", "2014-01-09 15:04:10", nobike
"2014-01-10 09:58:04", "2014-01-10 10:13:55", nospace
"2014-01-10 10:19:10", "2014-01-10 10:28:23", nospace
"2014-01-10 10:32:20", "2014-01-10 10:40:16", nospace
"2014-01-11 04:19:28", "2014-01-11 05:16:25", nospace
"2014-01-11 07:02:04", "2014-01-11 07:14:12", nospace
"2014-01-11 07:19:32", "2014-01-11 07:53:06", nospace
"2014-01-11 07:58:29", "2014-01-11 08:01:10", nospace
"2014-01-11 08:05:13", "2014-01-11 08:20:01", nospace
"2014-01-11 08:29:25", "2014-01-11 09:01:43", nospace
"2014-01-11 09:13:54", "2014-01-11 09:26:00", nospace
"2014-01-11 09:31:23", "2014-01-11 09:38:04", nospace
"2014-01-11 11:07:42", "2014-01-11 11:14:26", nospace
"2014-01-11 11:19:48", "2014-01-11 11:41:22", nospace
"2014-01-12 07:35:00", "2014-01-12 07:37:43", nospace
"2014-01-12 07:55:21", "2014-01-12 08:07:34", nospace
"2014-01-12 08:17:01", "2014-01-12 08:29:10", nospace
"2014-01-12 08:41:23", "2014-01-12 08:46:49", nospace
"2014-01-12 09:43:52", "2014-01-12 09:53:09", nospace
"2014-01-13 05:29:00", "2014-01-13 05:34:24", nospace
"2014-01-13 07:22:28", "2014-01-13 07:34:52", nospace
"2014-01-13 08:07:54", "2014-01-13 08:38:11", nospace
"2014-01-13 08:40:57", "2014-01-13 08:50:35", nospace
"2014-01-13 08:53:21", "2014-01-13 09:01:37", nospace
"2014-01-13 09:16:47", "2014-01-13 09:22:47", nospace
"2014-01-15 12:47:29", "2014-01-15 12:55:57", nobike
"2014-01-16 07:46:25", "2014-01-16 07:56:21", nospace
"2014-01-16 09:31:46", "2014-01-16 09:41:43", nospace
"2014-01-16 09:44:31", "2014-01-16 09:52:58", nospace
"2014-01-18 06:59:24", "2014-01-18 07:05:14", nospace
"2014-01-18 07:08:37", "2014-01-18 07:22:41", nospace
"2014-01-18 07:29:34", "2014-01-18 07:32:26", nospace
"2014-01-18 07:44:00", "2014-01-18 07:52:42", nospace
"2014-01-18 08:17:09", "2014-01-18 08:41:48", nospace
"2014-01-18 09:07:41", "2014-01-18 09:14:56", nospace
"2014-01-18 09:20:45", "2014-01-18 09:32:22", nospace
"2014-01-18 10:02:34", "2014-01-18 10:14:10", nospace
"2014-01-18 11:25:57", "2014-01-18 11:34:38", nospace
"2014-01-18 11:50:33", "2014-01-18 11:56:22", nospace
"2014-01-18 12:47:06", "2014-01-18 12:50:00", nospace
"2014-01-18 12:52:53", "2014-01-18 13:08:50", nospace
"2014-01-19 05:11:28", "2014-01-19 06:05:16", nospace
"2014-01-19 06:28:41", "2014-01-19 07:16:42", nospace
"2014-01-19 07:53:32", "2014-01-19 07:59:19", nospace
"2014-01-19 08:02:18", "2014-01-19 08:20:00", nospace
"2014-01-19 08:37:41", "2014-01-19 09:02:28", nospace
"2014-01-19 09:08:23", "2014-01-19 09:26:04", nospace
"2014-01-19 13:29:10", "2014-01-19 13:35:03", nospace
"2014-01-19 13:52:44", "2014-01-19 13:55:37", nospace
"2014-01-19 23:31:36", "2014-01-19 23:38:59", nospace
"2014-01-20 00:44:35", "2014-01-20 00:53:26", nospace
"2014-01-20 01:31:45", "2014-01-20 01:37:40", nospace
"2014-01-20 01:40:57", "2014-01-20 02:02:42", nospace
"2014-01-20 02:05:39", "2014-01-20 02:17:25", nospace
"2014-01-20 04:11:50", "2014-01-20 04:17:44", nospace
"2014-01-20 04:23:38", "2014-01-20 04:50:00", nospace
"2014-01-20 05:25:39", "2014-01-20 05:41:53", nospace
"2014-01-20 08:25:57", "2014-01-20 08:31:57", nospace
"2014-01-20 08:58:51", "2014-01-20 09:01:49", nospace
"2014-01-20 09:17:43", "2014-01-20 09:23:29", nospace
"2014-01-22 07:40:33", "2014-01-22 08:02:18", nospace
"2014-01-22 08:20:29", "2014-01-22 08:25:03", nospace
"2014-01-22 08:28:05", "2014-01-22 08:44:46", nospace
"2014-01-22 09:03:01", "2014-01-22 09:15:08", nospace
"2014-01-22 09:18:10", "2014-01-22 09:34:51", nospace
"2014-01-23 03:06:29", "2014-01-23 03:08:01", nospace
"2014-01-23 03:18:42", "2014-01-23 03:24:46", nospace
"2014-01-23 03:56:33", "2014-01-23 03:58:05", nospace
"2014-01-23 04:02:39", "2014-01-23 04:20:48", nospace
"2014-01-23 04:23:44", "2014-01-23 04:31:22", nospace
"2014-01-23 04:37:26", "2014-01-23 04:42:00", nospace
"2014-01-23 04:49:37", "2014-01-23 05:09:27", nospace
"2014-01-23 05:21:38", "2014-01-23 05:41:28", nospace
"2014-01-23 05:44:32", "2014-01-23 06:01:17", nospace
"2014-01-23 06:05:50", "2014-01-23 06:31:45", nospace
"2014-01-23 06:35:42", "2014-01-23 06:43:47", nospace
"2014-01-23 06:58:39", "2014-01-23 07:04:42", nospace
"2014-01-23 07:11:57", "2014-01-23 07:35:01", nospace
"2014-01-23 09:14:44", "2014-01-23 09:17:48", nospace
"2014-01-23 09:25:27", "2014-01-23 09:28:31", nospace
"2014-01-23 09:34:41", "2014-01-23 09:57:38", nospace
"2014-01-23 09:59:10", "2014-01-23 10:02:13", nospace
"2014-01-25 04:39:14", "2014-01-25 04:42:20", nospace
"2014-01-25 04:43:54", "2014-01-25 04:47:01", nospace
"2014-01-25 05:58:37", "2014-01-25 06:00:09", nospace
"2014-01-25 06:01:44", "2014-01-25 06:07:55", nospace
"2014-01-25 06:12:38", "2014-01-25 06:47:18", nospace
"2014-01-25 06:58:47", "2014-01-25 07:26:16", nospace
"2014-01-25 07:35:41", "2014-01-25 07:40:23", nospace
"2014-01-25 07:51:20", "2014-01-25 08:06:58", nospace
"2014-01-25 08:11:40", "2014-01-25 08:44:31", nospace
"2014-01-25 08:46:02", "2014-01-25 08:50:47", nospace
"2014-01-25 09:00:11", "2014-01-25 09:04:54", nospace
"2014-01-25 12:04:44", "2014-01-25 12:11:01", nospace
"2014-01-25 12:12:36", "2014-01-25 12:14:09", nospace
"2014-01-25 13:19:57", "2014-01-25 13:38:48", nospace
"2014-01-25 13:40:22", "2014-01-25 13:41:56", nospace
"2014-01-26 05:06:54", "2014-01-26 05:14:42", nospace
"2014-01-26 05:24:05", "2014-01-26 05:37:05", nospace
"2014-01-26 05:47:15", "2014-01-26 05:47:51", nospace
"2014-01-26 05:56:31", "2014-01-26 06:10:39", nospace
"2014-01-26 06:14:51", "2014-01-26 06:37:01", nospace
"2014-01-26 06:44:44", "2014-01-26 07:05:08", nospace
"2014-01-26 07:07:14", "2014-01-26 07:52:26", nospace
"2014-01-26 07:56:36", "2014-01-26 08:06:33", nospace
"2014-01-26 08:17:36", "2014-01-26 08:29:53", nospace
"2014-01-26 08:30:31", "2014-01-26 08:38:46", nospace
"2014-01-26 09:30:42", "2014-01-26 09:41:46", nospace
"2014-01-26 12:10:47", "2014-01-26 12:12:54", nospace
"2014-01-27 04:01:34", "2014-01-27 04:20:33", nospace
"2014-01-27 04:55:13", "2014-01-27 04:57:16", nospace
"2014-01-27 05:08:09", "2014-01-27 06:00:35", nospace
"2014-01-27 06:08:40", "2014-01-27 06:10:46", nospace
"2014-01-27 06:41:50", "2014-01-27 06:55:18", nospace
"2014-01-27 07:02:40", "2014-01-27 07:04:16", nospace
"2014-01-27 07:05:51", "2014-01-27 07:15:28", nospace
"2014-01-27 07:18:34", "2014-01-27 07:29:39", nospace
"2014-01-27 07:55:16", "2014-01-27 08:28:49", nospace
"2014-01-27 09:44:09", "2014-01-27 10:07:41", nospace
"2014-01-27 10:09:17", "2014-01-27 10:18:52", nospace
"2014-01-28 05:12:12", "2014-01-28 05:15:24", nospace
"2014-01-28 05:18:37", "2014-01-28 05:28:13", nospace
"2014-01-28 05:49:00", "2014-01-28 06:33:49", nospace
"2014-01-28 09:26:15", "2014-01-28 09:29:29", nospace
"2014-01-28 09:37:36", "2014-01-28 09:50:32", nospace
"2014-01-28 11:04:47", "2014-01-28 11:07:59", nospace
"2014-01-29 08:35:55", "2014-01-29 08:40:47", nospace
"2014-01-29 08:48:56", "2014-01-29 09:08:29", nospace
"2014-01-30 05:03:51", "2014-01-30 05:07:05", nospace
"2014-01-30 07:18:59", "2014-01-30 07:32:59", nospace
"2014-01-30 08:11:18", "2014-01-30 08:11:57", nospace
"2014-01-31 01:35:41", "2014-01-31 02:36:38", nospace
"2014-01-31 05:24:08", "2014-01-31 06:38:55", nospace
"2014-01-31 06:55:41", "2014-01-31 07:06:56", nospace
"2014-01-31 07:19:47", "2014-01-31 08:06:16", nospace
"2014-01-31 08:07:54", "2014-01-31 08:44:21", nospace
"2014-01-31 08:54:14", "2014-01-31 08:57:56", nospace
"2014-01-31 09:02:17", "2014-01-31 09:13:24", nospace
"2014-01-31 09:36:37", "2014-01-31 09:44:06", nospace
"2014-01-31 11:21:12", "2014-01-31 11:32:46", nospace
"2014-01-31 11:46:02", "2014-01-31 12:06:40", nospace
"2014-01-31 12:21:50", "2014-01-31 12:30:56", nospace
"2014-01-31 12:53:07", "2014-01-31 13:06:21", nospace
"2014-01-31 13:12:58", "2014-01-31 13:16:15", nospace
"2014-01-31 13:26:08", "2014-01-31 13:42:41", nospace
"2014-02-01 04:39:29", "2014-02-01 04:47:44", nospace
"2014-02-01 05:52:08", "2014-02-01 06:16:43", nospace
"2014-02-01 06:37:02", "2014-02-01 07:24:23", nospace
"2014-02-01 07:44:46", "2014-02-01 08:16:16", nospace
"2014-02-01 08:20:55", "2014-02-01 08:27:42", nospace
"2014-02-01 08:32:08", "2014-02-01 08:50:12", nospace
"2014-02-01 08:52:23", "2014-02-01 09:10:39", nospace
"2014-02-01 09:17:39", "2014-02-01 09:19:48", nospace
"2014-02-01 09:28:36", "2014-02-01 09:31:42", nospace
"2014-02-01 09:37:44", "2014-02-01 09:46:37", nospace
"2014-02-02 06:29:20", "2014-02-02 07:32:41", nospace
"2014-02-02 07:44:08", "2014-02-02 08:02:26", nospace
"2014-02-02 08:09:20", "2014-02-02 09:07:31", nospace
"2014-02-02 09:43:54", "2014-02-02 09:58:04", nospace
"2014-02-03 05:54:54", "2014-02-03 06:11:52", nospace
"2014-02-03 06:16:57", "2014-02-03 06:23:20", nospace
"2014-02-03 06:27:49", "2014-02-03 06:56:21", nospace
"2014-02-03 07:00:49", "2014-02-03 07:29:24", nospace
"2014-02-03 07:52:44", "2014-02-03 08:18:49", nospace
"2014-02-03 08:23:09", "2014-02-03 08:26:53", nospace
"2014-02-03 08:30:18", "2014-02-03 08:32:02", nospace
"2014-02-03 09:52:36", "2014-02-03 10:13:28", nospace
"2014-02-04 07:36:56", "2014-02-04 07:49:47", nospace
"2014-02-04 08:25:52", "2014-02-04 08:39:41", nospace
"2014-02-04 09:31:22", "2014-02-04 09:33:05", nospace
"2014-02-04 09:52:00", "2014-02-04 09:58:53", nospace
"2014-02-06 03:05:13", "2014-02-06 03:06:57", nospace
"2014-02-06 03:08:42", "2014-02-06 03:36:38", nospace
"2014-02-06 03:50:27", "2014-02-06 04:11:23", nospace
"2014-02-06 04:14:52", "2014-02-06 04:18:21", nospace
"2014-02-06 04:21:50", "2014-02-06 04:32:19", nospace
"2014-02-06 05:35:18", "2014-02-06 05:37:34", nospace
"2014-02-06 05:42:19", "2014-02-06 06:28:32", nospace
"2014-02-06 06:41:42", "2014-02-06 07:14:43", nospace
"2014-02-06 07:35:42", "2014-02-06 07:37:28", nospace
"2014-02-06 07:39:12", "2014-02-06 08:17:40", nospace
"2014-02-06 08:27:50", "2014-02-06 08:34:50", nospace
"2014-02-06 08:55:59", "2014-02-06 09:00:46", nospace
"2014-02-06 09:14:37", "2014-02-06 09:21:35", nospace
"2014-02-06 09:25:01", "2014-02-06 09:33:19", nospace
"2014-02-08 05:04:14", "2014-02-08 05:13:47", nospace
"2014-02-08 06:00:01", "2014-02-08 06:07:37", nospace
"2014-02-08 06:09:54", "2014-02-08 06:16:57", nospace
"2014-02-08 06:34:57", "2014-02-08 07:24:11", nospace
"2014-02-08 07:35:54", "2014-02-08 07:44:50", nospace
"2014-02-08 07:53:45", "2014-02-08 08:07:48", nospace
"2014-02-08 08:38:45", "2014-02-08 09:00:03", nospace
"2014-02-08 10:20:26", "2014-02-08 10:22:41", nospace
"2014-02-08 10:26:51", "2014-02-08 10:32:33", nospace
"2014-02-08 13:05:36", "2014-02-08 13:07:10", nospace
"2014-02-08 13:18:42", "2014-02-08 14:19:27", nospace
"2014-02-10 08:36:29", "2014-02-10 09:00:08", nospace
"2014-02-10 09:16:28", "2014-02-10 09:18:17", nospace
"2014-02-10 09:20:07", "2014-02-10 09:21:57", nospace
"2014-02-10 09:25:26", "2014-02-10 09:41:44", nospace
"2014-02-11 00:45:02", "2014-02-11 00:48:41", nospace
"2014-02-11 01:33:12", "2014-02-11 01:38:40", nospace
"2014-02-11 05:39:13", "2014-02-11 05:50:06", nospace
"2014-02-11 05:59:14", "2014-02-11 06:27:42", nospace
"2014-02-11 07:55:09", "2014-02-11 08:11:42", nospace
"2014-02-12 05:08:05", "2014-02-12 05:19:09", nospace
"2014-02-12 05:32:04", "2014-02-12 06:06:57", nospace
"2014-02-15 04:58:11", "2014-02-15 05:06:20", nospace
"2014-02-15 05:14:04", "2014-02-15 05:35:23", nospace
"2014-02-15 09:01:35", "2014-02-15 09:05:23", nospace
"2014-02-15 13:34:45", "2014-02-15 13:40:25", nospace
"2014-02-16 04:05:18", "2014-02-16 04:17:35", nospace
"2014-02-16 04:25:52", "2014-02-16 04:53:11", nospace
"2014-02-16 05:13:56", "2014-02-16 05:33:00", nospace
"2014-02-16 05:55:57", "2014-02-16 06:01:36", nospace
"2014-02-16 06:34:02", "2014-02-16 08:03:47", nospace
"2014-02-16 08:09:31", "2014-02-16 08:17:08", nospace
"2014-02-16 08:24:49", "2014-02-16 08:32:24", nospace
"2014-02-16 08:41:48", "2014-02-16 08:51:21", nospace
"2014-02-16 09:04:41", "2014-02-16 09:12:19", nospace
"2014-02-16 09:14:13", "2014-02-16 09:29:54", nospace
"2014-02-16 10:01:02", "2014-02-16 10:02:51", nospace
"2014-02-16 10:04:46", "2014-02-16 10:06:40", nospace
"2014-02-16 11:15:22", "2014-02-16 11:19:12", nospace
"2014-02-17 07:32:07", "2014-02-17 08:39:18", nospace
"2014-02-17 08:52:10", "2014-02-17 09:05:52", nospace
"2014-02-17 09:22:36", "2014-02-17 09:26:26", nospace
"2014-02-17 09:34:05", "2014-02-17 09:37:55", nospace
"2014-02-17 09:53:18", "2014-02-17 09:55:12", nospace
"2014-02-18 03:52:14", "2014-02-18 04:24:48", nospace
"2014-02-18 04:39:28", "2014-02-18 04:51:07", nospace
"2014-02-18 05:00:49", "2014-02-18 05:08:35", nospace
"2014-02-18 05:10:32", "2014-02-18 05:26:01", nospace
"2014-02-21 13:52:56", "2014-02-21 14:00:54", nobike
"2014-02-21 14:06:51", "2014-02-21 14:12:49", nobike
"2014-02-22 06:08:34", "2014-02-22 06:14:35", nospace
"2014-02-22 06:32:39", "2014-02-22 06:51:08", nospace
"2014-02-22 06:56:33", "2014-02-22 09:01:58", nospace
"2014-02-22 09:15:54", "2014-02-22 09:27:56", nospace
"2014-02-22 09:37:57", "2014-02-22 10:01:47", nospace
"2014-02-22 10:15:48", "2014-02-22 10:17:48", nospace
"2014-02-22 10:19:48", "2014-02-22 10:27:14", nospace
"2014-02-22 12:59:25", "2014-02-22 13:07:24", nospace
"2014-02-22 13:11:26", "2014-02-22 13:17:25", nospace
"2014-02-23 03:06:30", "2014-02-23 03:33:49", nospace
"2014-02-23 03:49:11", "2014-02-23 03:55:19", nospace
"2014-02-23 04:00:21", "2014-02-23 04:01:59", nospace
"2014-02-23 04:15:36", "2014-02-23 04:43:47", nospace
"2014-02-23 04:49:48", "2014-02-23 04:53:49", nospace
"2014-02-23 05:31:56", "2014-02-23 05:41:56", nospace
"2014-02-23 05:43:57", "2014-02-23 05:51:57", nospace
"2014-02-23 06:18:11", "2014-02-23 06:34:39", nospace
"2014-02-23 06:42:52", "2014-02-23 07:38:21", nospace
"2014-02-23 07:59:11", "2014-02-23 08:39:39", nospace
"2014-02-23 08:41:40", "2014-02-23 08:47:40", nospace
"2014-02-23 08:57:45", "2014-02-23 09:26:06", nospace
"2014-02-23 09:30:10", "2014-02-23 09:32:10", nospace
"2014-02-23 09:56:27", "2014-02-23 09:58:27", nospace
"2014-02-23 10:18:35", "2014-02-23 10:20:36", nospace
"2014-02-25 00:41:59", "2014-02-25 00:48:06", nospace
"2014-02-25 00:51:41", "2014-02-25 01:01:52", nospace
"2014-02-25 13:56:27", "2014-02-25 13:59:00", nobike
"2014-02-26 13:24:46", "2014-02-26 14:25:27", nobike
"2014-02-28 03:55:31", "2014-02-28 04:01:45", nospace
"2014-02-28 04:05:54", "2014-02-28 04:17:18", nospace
"2014-02-28 04:23:11", "2014-02-28 04:28:38", nospace
"2014-02-28 04:39:54", "2014-02-28 04:43:11", nospace
"2014-02-28 05:13:30", "2014-02-28 05:40:33", nospace
"2014-02-28 05:42:38", "2014-02-28 05:44:43", nospace
"2014-02-28 05:57:11", "2014-02-28 06:17:59", nospace
"2014-02-28 06:20:05", "2014-02-28 06:26:24", nospace
"2014-02-28 06:38:17", "2014-02-28 06:50:15", nospace
"2014-02-28 06:58:14", "2014-02-28 07:08:37", nospace
"2014-02-28 07:14:53", "2014-02-28 07:16:59", nospace
"2014-02-28 08:06:59", "2014-02-28 08:09:03", nospace
"2014-02-28 08:11:09", "2014-02-28 08:56:57", nospace
"2014-02-28 09:03:12", "2014-02-28 09:11:32", nospace
"2014-02-28 09:27:41", "2014-02-28 09:45:10", nospace
"2014-02-28 10:02:42", "2014-02-28 10:15:16", nospace
"2014-03-01 04:00:21", "2014-03-01 04:21:20", nospace
"2014-03-01 04:38:04", "2014-03-01 04:46:25", nospace
"2014-03-01 04:54:47", "2014-03-01 04:58:57", nospace
"2014-03-01 05:05:14", "2014-03-01 05:07:21", nospace
"2014-03-01 05:15:43", "2014-03-01 05:19:28", nospace
"2014-03-01 05:47:16", "2014-03-01 05:59:47", nospace
"2014-03-01 06:02:25", "2014-03-01 06:18:57", nospace
"2014-03-01 06:24:20", "2014-03-01 06:49:07", nospace
"2014-03-01 07:22:08", "2014-03-01 08:01:49", nospace
"2014-03-01 08:07:19", "2014-03-01 08:18:31", nospace
"2014-03-01 08:28:49", "2014-03-01 08:37:52", nospace
"2014-03-01 08:58:14", "2014-03-01 09:00:18", nospace
"2014-03-01 09:05:52", "2014-03-01 09:07:56", nospace
"2014-03-01 09:10:03", "2014-03-01 09:14:16", nospace
"2014-03-01 09:18:30", "2014-03-01 09:26:58", nospace
"2014-03-01 09:41:37", "2014-03-01 09:47:10", nospace
"2014-03-01 09:52:24", "2014-03-01 09:53:05", nospace
"2014-03-01 09:54:25", "2014-03-01 09:58:34", nospace
"2014-03-01 11:29:13", "2014-03-01 11:33:24", nospace
"2014-03-02 01:30:02", "2014-03-02 01:42:42", nospace
"2014-03-02 01:51:08", "2014-03-02 02:46:05", nospace
"2014-03-02 08:53:47", "2014-03-02 09:04:22", nospace
"2014-03-02 09:10:43", "2014-03-02 09:14:15", nospace
"2014-03-02 09:48:51", "2014-03-02 09:52:21", nospace
"2014-03-02 10:00:09", "2014-03-02 10:02:43", nospace
"2014-03-02 10:06:57", "2014-03-02 10:38:49", nospace
"2014-03-04 07:45:12", "2014-03-04 07:58:54", nospace
"2014-03-04 08:07:59", "2014-03-04 08:14:50", nospace
"2014-03-04 08:37:41", "2014-03-04 09:21:00", nospace
"2014-03-04 09:25:35", "2014-03-04 09:27:52", nospace
"2014-03-04 09:32:27", "2014-03-04 09:39:15", nospace
"2014-03-04 09:55:40", "2014-03-04 10:08:24", nospace
"2014-03-04 10:13:35", "2014-03-04 10:14:24", nospace
"2014-03-04 23:35:38", "2014-03-04 23:40:13", nospace
"2014-03-04 23:51:41", "2014-03-04 23:58:33", nospace
"2014-03-05 00:12:18", "2014-03-05 01:05:14", nospace
"2014-03-05 10:39:58", "2014-03-05 10:46:14", nospace
"2014-03-08 02:12:18", "2014-03-08 02:14:38", nobike
"2014-03-09 05:11:06", "2014-03-09 05:39:52", nospace
"2014-03-09 07:33:34", "2014-03-09 07:36:33", nospace
"2014-03-09 07:50:42", "2014-03-09 08:09:32", nospace
"2014-03-09 08:23:40", "2014-03-09 08:30:44", nospace
"2014-03-09 12:30:51", "2014-03-09 12:41:36", nospace
"2014-03-09 13:07:31", "2014-03-09 13:19:14", nospace
"2014-03-09 13:31:00", "2014-03-09 13:38:04", nospace
"2014-03-09 23:25:12", "2014-03-09 23:32:17", nospace
"2014-03-09 23:37:02", "2014-03-09 23:41:25", nospace
"2014-03-10 00:23:54", "2014-03-10 00:28:38", nospace
"2014-03-10 00:31:00", "2014-03-10 00:38:09", nospace
"2014-03-10 00:40:53", "2014-03-10 00:55:26", nospace
"2014-03-10 01:03:10", "2014-03-10 01:05:16", nospace
"2014-03-10 01:14:09", "2014-03-10 01:28:18", nospace
"2014-03-10 02:34:26", "2014-03-10 02:36:48", nospace
"2014-03-10 03:16:57", "2014-03-10 03:33:28", nospace
"2014-03-10 05:24:35", "2014-03-10 05:36:25", nospace
"2014-03-10 05:38:46", "2014-03-10 06:16:39", nospace
"2014-03-10 07:09:06", "2014-03-10 07:11:27", nospace
"2014-03-10 07:16:10", "2014-03-10 07:56:58", nospace
"2014-03-10 07:58:44", "2014-03-10 08:12:56", nospace
"2014-03-10 08:20:03", "2014-03-10 08:31:48", nospace
"2014-03-10 09:13:53", "2014-03-10 09:23:24", nospace
"2014-03-10 10:16:23", "2014-03-10 10:19:07", nospace
"2014-03-10 10:25:39", "2014-03-10 10:41:12", nospace
"2014-03-12 01:40:23", "2014-03-12 01:42:46", nospace
"2014-03-12 01:47:33", "2014-03-12 01:49:56", nospace
"2014-03-12 01:52:19", "2014-03-12 01:54:42", nospace
"2014-03-12 02:28:10", "2014-03-12 02:37:44", nospace
"2014-03-13 14:21:07", "2014-03-13 14:27:57", nobike
"2014-03-14 07:09:02", "2014-03-14 07:18:42", nospace
"2014-03-14 07:33:11", "2014-03-14 07:45:16", nospace
"2014-03-14 07:47:41", "2014-03-14 07:52:16", nospace
"2014-03-14 09:00:50", "2014-03-14 09:08:05", nospace
"2014-03-14 09:15:20", "2014-03-14 09:17:45", nospace
"2014-03-15 05:31:45", "2014-03-15 05:41:03", nospace
"2014-03-15 05:44:45", "2014-03-15 06:55:20", nospace
"2014-03-15 07:02:40", "2014-03-15 07:22:14", nospace
"2014-03-15 07:27:04", "2014-03-15 07:34:21", nospace
"2014-03-15 07:41:39", "2014-03-15 07:46:31", nospace
"2014-03-15 13:34:46", "2014-03-15 14:01:47", nospace
"2014-03-16 03:00:48", "2014-03-16 03:03:15", nospace
"2014-03-16 03:10:33", "2014-03-16 03:12:59", nospace
"2014-03-16 04:36:46", "2014-03-16 05:08:29", nospace
"2014-03-16 05:18:19", "2014-03-16 05:25:38", nospace
"2014-03-16 05:30:32", "2014-03-16 05:43:25", nospace
"2014-03-16 05:55:38", "2014-03-16 06:48:48", nospace
"2014-03-16 07:05:11", "2014-03-16 07:25:18", nospace
"2014-03-16 07:35:05", "2014-03-16 07:37:32", nospace
"2014-03-16 07:49:43", "2014-03-16 08:19:05", nospace
"2014-03-16 08:21:30", "2014-03-16 08:31:15", nospace
"2014-03-16 08:58:04", "2014-03-16 09:00:30", nospace
"2014-03-16 09:02:57", "2014-03-16 09:07:50", nospace
"2014-03-16 09:15:09", "2014-03-16 09:45:37", nospace
"2014-03-16 09:52:33", "2014-03-16 09:57:26", nospace
"2014-03-16 10:24:21", "2014-03-16 10:34:08", nospace
"2014-03-17 01:25:14", "2014-03-17 01:37:29", nospace
"2014-03-17 01:39:56", "2014-03-17 01:47:17", nospace
"2014-03-17 01:49:44", "2014-03-17 01:52:12", nospace
"2014-03-17 01:54:39", "2014-03-17 02:02:02", nospace
"2014-03-17 02:04:29", "2014-03-17 02:31:27", nospace
"2014-03-17 02:33:55", "2014-03-17 02:36:21", nospace
"2014-03-17 04:42:24", "2014-03-17 05:41:26", nospace
"2014-03-18 00:46:00", "2014-03-18 01:35:11", nospace
"2014-03-18 01:40:06", "2014-03-18 01:47:31", nospace
"2014-03-18 04:44:52", "2014-03-18 04:55:41", nospace
"2014-03-18 05:17:03", "2014-03-18 05:19:49", nospace
"2014-03-18 05:29:20", "2014-03-18 05:31:29", nospace
"2014-03-18 05:38:42", "2014-03-18 06:06:58", nospace
"2014-03-18 06:09:26", "2014-03-18 06:45:20", nospace
"2014-03-18 06:50:13", "2014-03-18 06:54:35", nospace
"2014-03-18 09:20:41", "2014-03-18 09:21:28", nospace
"2014-03-18 09:26:21", "2014-03-18 09:28:50", nospace
"2014-03-18 09:58:31", "2014-03-18 10:03:26", nospace
"2014-03-19 08:01:37", "2014-03-19 08:04:26", nospace
"2014-03-19 08:23:20", "2014-03-19 08:25:47", nospace
"2014-03-19 09:21:29", "2014-03-19 09:38:55", nospace
"2014-03-19 09:58:44", "2014-03-19 10:06:12", nospace
"2014-03-19 10:31:05", "2014-03-19 10:41:45", nospace
"2014-03-21 00:30:36", "2014-03-21 00:48:59", nospace
"2014-03-21 00:51:29", "2014-03-21 00:53:59", nospace
"2014-03-22 07:14:06", "2014-03-22 07:31:42", nospace
"2014-03-22 07:34:13", "2014-03-22 07:39:15", nospace
"2014-03-22 07:54:21", "2014-03-22 08:06:56", nospace
"2014-03-22 08:09:28", "2014-03-22 08:43:37", nospace
"2014-03-22 08:53:22", "2014-03-22 08:58:52", nospace
"2014-03-23 04:54:30", "2014-03-23 05:06:20", nospace
"2014-03-23 05:43:17", "2014-03-23 05:46:07", nospace
"2014-03-23 05:50:23", "2014-03-23 05:52:53", nospace
"2014-03-23 06:05:32", "2014-03-23 06:23:16", nospace
"2014-03-23 06:30:53", "2014-03-23 06:59:03", nospace
"2014-03-23 07:24:18", "2014-03-23 07:59:47", nospace
"2014-03-23 08:04:51", "2014-03-23 08:12:27", nospace
"2014-03-23 08:17:30", "2014-03-23 08:22:34", nospace
"2014-03-23 08:32:42", "2014-03-23 08:35:13", nospace
"2014-03-23 08:50:26", "2014-03-23 09:13:13", nospace
"2014-03-23 09:23:25", "2014-03-23 10:14:59", nospace
"2014-03-24 00:51:01", "2014-03-24 01:06:15", nospace
"2014-03-26 01:29:14", "2014-03-26 01:39:28", nospace
"2014-03-26 01:44:36", "2014-03-26 01:49:44", nospace
"2014-03-26 06:07:27", "2014-03-26 06:10:01", nospace
"2014-03-26 06:15:09", "2014-03-26 06:29:41", nospace
"2014-03-26 07:33:27", "2014-03-26 07:38:34", nospace
"2014-03-26 07:46:17", "2014-03-26 08:01:43", nospace
"2014-03-26 08:37:36", "2014-03-26 08:53:01", nospace
"2014-03-26 09:16:04", "2014-03-26 09:37:40", nospace
"2014-03-26 09:42:49", "2014-03-26 09:53:05", nospace
"2014-03-26 09:55:39", "2014-03-26 10:21:23", nospace
"2014-03-29 03:06:52", "2014-03-29 03:12:05", nospace
"2014-03-29 03:14:41", "2014-03-29 03:35:29", nospace
"2014-03-29 03:58:50", "2014-03-29 04:21:35", nospace
"2014-03-29 04:25:58", "2014-03-29 05:07:29", nospace
"2014-03-29 05:10:06", "2014-03-29 05:33:27", nospace
"2014-03-29 05:36:04", "2014-03-29 05:38:40", nospace
"2014-03-29 05:54:19", "2014-03-29 06:20:19", nospace
"2014-03-29 06:22:56", "2014-03-29 06:33:20", nospace
"2014-03-29 06:48:57", "2014-03-29 07:10:01", nospace
"2014-03-29 07:33:24", "2014-03-29 08:18:44", nospace
"2014-03-29 08:21:21", "2014-03-29 08:34:22", nospace
"2014-03-29 08:36:58", "2014-03-29 08:43:17", nospace
"2014-03-29 08:45:55", "2014-03-29 08:51:08", nospace
"2014-03-29 09:35:23", "2014-03-29 09:38:00", nospace
"2014-03-29 09:48:24", "2014-03-29 09:51:01", nospace
"2014-03-29 10:07:22", "2014-03-29 10:12:51", nospace
"2014-03-30 05:33:27", "2014-03-30 06:12:39", nospace
"2014-03-30 06:17:53", "2014-03-30 06:44:34", nospace
"2014-03-30 06:58:43", "2014-03-30 07:45:49", nospace
"2014-03-30 07:51:02", "2014-03-30 08:23:33", nospace
"2014-03-30 08:49:47", "2014-03-30 08:57:37", nospace
"2014-03-30 09:15:54", "2014-03-30 09:18:31", nospace
"2014-03-31 02:06:36", "2014-03-31 02:31:55", nospace
"2014-03-31 03:57:56", "2014-03-31 04:13:42", nospace
"2014-03-31 11:20:16", "2014-03-31 11:28:09", nobike
"2014-03-31 11:30:45", "2014-03-31 11:38:37", nobike
"2014-04-01 08:26:58", "2014-04-01 08:58:36", nospace
"2014-04-01 10:04:33", "2014-04-01 10:12:27", nospace
"2014-04-02 07:37:33", "2014-04-02 07:50:49", nospace
"2014-04-02 07:56:08", "2014-04-02 08:01:25", nospace
"2014-04-02 08:04:05", "2014-04-02 08:12:03", nospace
"2014-04-02 08:17:19", "2014-04-02 08:20:00", nospace
"2014-04-02 08:22:38", "2014-04-02 08:27:56", nospace
"2014-04-02 08:35:53", "2014-04-02 08:43:51", nospace
"2014-04-02 09:05:02", "2014-04-02 09:12:58", nospace
"2014-04-02 09:15:37", "2014-04-02 09:23:36", nospace
"2014-04-02 09:26:14", "2014-04-02 09:31:32", nospace
"2014-04-02 09:34:10", "2014-04-02 09:39:27", nospace
"2014-04-02 09:47:25", "2014-04-02 09:50:05", nospace
"2014-04-02 09:58:02", "2014-04-02 10:03:18", nospace
"2014-04-02 10:40:24", "2014-04-02 10:51:40", nospace
"2014-04-03 04:57:33", "2014-04-03 05:05:34", nospace
"2014-04-03 06:42:58", "2014-04-03 06:56:15", nospace
"2014-04-04 02:33:15", "2014-04-04 02:35:56", nospace
"2014-04-04 03:16:04", "2014-04-04 03:18:45", nospace
"2014-04-04 04:08:29", "2014-04-04 04:15:29", nospace
"2014-04-04 05:19:37", "2014-04-04 05:49:00", nospace
"2014-04-04 05:51:40", "2014-04-04 05:59:42", nospace
"2014-04-04 06:07:42", "2014-04-04 07:18:55", nospace
"2014-04-04 07:29:36", "2014-04-04 07:45:40", nospace
"2014-04-04 08:01:40", "2014-04-04 08:04:21", nospace
"2014-04-04 08:12:21", "2014-04-04 08:28:27", nospace
"2014-04-04 08:44:31", "2014-04-04 09:08:28", nospace
"2014-04-04 09:21:51", "2014-04-04 09:27:11", nospace
"2014-04-04 09:32:34", "2014-04-04 09:43:16", nospace
"2014-04-04 09:48:36", "2014-04-04 09:53:56", nospace
"2014-04-05 06:32:08", "2014-04-05 07:05:31", nospace
"2014-04-05 07:10:16", "2014-04-05 08:08:13", nospace
"2014-04-05 08:10:53", "2014-04-05 08:59:14", nospace
"2014-04-05 09:39:31", "2014-04-05 09:42:12", nospace
"2014-04-05 09:44:52", "2014-04-05 09:47:32", nospace
"2014-04-05 09:58:19", "2014-04-05 10:25:07", nospace
"2014-04-05 10:27:49", "2014-04-05 10:41:17", nospace
"2014-04-05 10:43:58", "2014-04-05 10:46:38", nospace
"2014-04-06 05:44:48", "2014-04-06 06:20:14", nospace
"2014-04-06 06:32:04", "2014-04-06 06:44:36", nospace
"2014-04-06 06:47:18", "2014-04-06 06:50:01", nospace
"2014-04-06 07:39:53", "2014-04-06 07:47:58", nospace
"2014-04-06 07:50:39", "2014-04-06 08:16:17", nospace
"2014-04-06 09:04:48", "2014-04-06 09:07:29", nospace
"2014-04-06 09:42:33", "2014-04-06 09:47:56", nospace
"2014-04-06 09:53:20", "2014-04-06 09:58:42", nospace
"2014-04-06 10:04:05", "2014-04-06 10:06:30", nospace
"2014-04-07 16:59:34", "2014-04-07 21:55:52", nospace
"2014-04-08 00:51:01", "2014-04-08 01:01:51", nospace
"2014-04-08 01:20:54", "2014-04-08 01:34:28", nospace
"2014-04-09 00:41:32", "2014-04-09 00:44:17", nospace
"2014-04-10 04:37:12", "2014-04-10 04:39:57", nospace
"2014-04-10 06:51:04", "2014-04-10 06:58:35", nospace
"2014-04-10 08:26:01", "2014-04-10 08:28:44", nospace
"2014-04-10 10:38:04", "2014-04-10 10:40:47", nospace
"2014-04-10 11:25:44", "2014-04-10 11:26:34", nospace
"2014-04-12 05:34:44", "2014-04-12 07:02:05", nospace
"2014-04-12 07:04:51", "2014-04-12 07:35:11", nospace
"2014-04-12 08:27:31", "2014-04-12 08:57:48", nospace
"2014-04-12 09:08:51", "2014-04-12 09:28:00", nospace
"2014-04-12 09:34:20", "2014-04-12 09:36:17", nospace
"2014-04-12 09:37:59", "2014-04-12 09:57:18", nospace
"2014-04-12 11:21:33", "2014-04-12 11:29:49", nospace
"2014-04-12 11:54:36", "2014-04-12 12:02:53", nospace
"2014-04-12 13:08:19", "2014-04-12 13:20:31", nospace
"2014-04-13 01:33:36", "2014-04-13 01:39:07", nospace
"2014-04-13 01:41:53", "2014-04-13 01:44:38", nospace
"2014-04-13 03:27:45", "2014-04-13 03:34:00", nospace
"2014-04-13 03:42:10", "2014-04-13 03:43:37", nospace
"2014-04-13 03:56:42", "2014-04-13 03:59:50", nospace
"2014-04-13 04:01:32", "2014-04-13 04:06:03", nospace
"2014-04-13 04:19:50", "2014-04-13 05:04:03", nospace
"2014-04-13 06:07:25", "2014-04-13 06:15:35", nospace
"2014-04-13 06:23:07", "2014-04-13 06:36:46", nospace
"2014-04-13 07:09:21", "2014-04-13 07:23:12", nospace
"2014-04-13 07:31:28", "2014-04-13 07:39:44", nospace
"2014-04-13 07:45:16", "2014-04-13 07:56:15", nospace
"2014-04-13 08:01:48", "2014-04-13 08:04:34", nospace
"2014-04-13 08:23:58", "2014-04-13 08:26:45", nospace
"2014-04-13 08:32:16", "2014-04-13 08:48:52", nospace
"2014-04-13 08:51:38", "2014-04-13 08:59:56", nospace
"2014-04-13 09:02:42", "2014-04-13 09:11:01", nospace
"2014-04-13 09:19:19", "2014-04-13 09:24:50", nospace
"2014-04-13 09:27:24", "2014-04-13 09:30:53", nospace
"2014-04-13 09:43:55", "2014-04-13 09:56:58", nospace
"2014-04-13 09:59:44", "2014-04-13 10:02:29", nospace
"2014-04-14 00:33:05", "2014-04-14 01:01:47", nospace
"2014-04-14 01:08:22", "2014-04-14 01:24:35", nospace
"2014-04-15 01:15:12", "2014-04-15 01:24:40", nospace
"2014-04-15 01:40:04", "2014-04-15 01:47:25", nospace
"2014-04-15 02:26:27", "2014-04-15 02:29:14", nospace
"2014-04-15 04:47:21", "2014-04-15 04:52:56", nospace
"2014-04-15 04:55:43", "2014-04-15 05:01:17", nospace
"2014-04-15 05:04:05", "2014-04-15 05:06:51", nospace
"2014-04-15 05:31:56", "2014-04-15 05:37:31", nospace
"2014-04-15 06:02:13", "2014-04-15 06:32:13", nospace
"2014-04-15 06:38:07", "2014-04-15 06:40:54", nospace
"2014-04-15 07:05:59", "2014-04-15 07:08:46", nospace
"2014-04-15 07:53:19", "2014-04-15 08:10:03", nospace
"2014-04-15 08:46:18", "2014-04-15 09:19:47", nospace
"2014-04-15 09:42:04", "2014-04-15 09:44:53", nospace
"2014-04-15 09:47:40", "2014-04-15 09:55:59", nospace
"2014-04-15 10:09:04", "2014-04-15 10:09:53", nospace
"2014-04-15 10:28:25", "2014-04-15 10:31:10", nospace
"2014-04-15 10:36:45", "2014-04-15 10:39:32", nospace
"2014-04-16 05:55:50", "2014-04-16 05:58:38", nospace
"2014-04-16 10:34:31", "2014-04-16 10:37:19", nospace
"2014-04-17 00:40:01", "2014-04-17 01:13:42", nospace
"2014-04-17 01:27:45", "2014-04-17 01:36:09", nospace
"2014-04-17 09:22:59", "2014-04-17 09:34:13", nospace
"2014-04-17 09:39:49", "2014-04-17 09:48:15", nospace
"2014-04-17 09:53:52", "2014-04-17 09:56:41", nospace
"2014-04-18 10:29:53", "2014-04-18 10:38:19", nospace
"2014-04-18 10:41:08", "2014-04-18 10:46:46", nospace
"2014-04-18 10:49:35", "2014-04-18 10:52:24", nospace
"2014-04-19 04:22:17", "2014-04-19 05:05:13", nospace
"2014-04-19 05:22:14", "2014-04-19 05:30:43", nospace
"2014-04-19 05:36:24", "2014-04-19 05:39:17", nospace
"2014-04-19 05:48:12", "2014-04-19 06:03:51", nospace
"2014-04-19 06:08:48", "2014-04-19 06:14:19", nospace
"2014-04-19 06:31:26", "2014-04-19 06:43:02", nospace
"2014-04-19 06:48:41", "2014-04-19 07:14:09", nospace
"2014-04-19 07:22:38", "2014-04-19 07:53:49", nospace
"2014-04-19 08:10:06", "2014-04-19 08:13:20", nospace
"2014-04-19 08:16:32", "2014-04-19 08:26:55", nospace
"2014-04-19 08:58:04", "2014-04-19 09:03:45", nospace
"2014-04-19 09:15:05", "2014-04-19 09:23:30", nospace
"2014-04-19 09:26:41", "2014-04-19 09:30:16", nospace
"2014-04-19 10:30:49", "2014-04-19 10:33:38", nospace
"2014-04-19 10:42:08", "2014-04-19 11:03:47", nospace
"2014-04-19 11:09:25", "2014-04-19 11:15:02", nospace
"2014-04-19 11:46:10", "2014-04-19 11:48:59", nospace
"2014-04-19 12:11:36", "2014-04-19 12:17:17", nospace
"2014-04-19 13:53:43", "2014-04-19 14:02:13", nospace
"2014-04-19 14:53:10", "2014-04-19 14:55:59", nospace
"2014-04-19 14:58:49", "2014-04-19 15:07:20", nospace
"2014-04-19 15:10:10", "2014-04-19 15:12:59", nospace
"2014-04-20 07:50:48", "2014-04-20 08:13:53", nospace
"2014-04-20 08:22:24", "2014-04-20 08:30:55", nospace
"2014-04-20 08:32:47", "2014-04-20 09:12:43", nospace
"2014-04-20 09:28:37", "2014-04-20 09:42:48", nospace
"2014-04-20 09:54:10", "2014-04-20 09:59:51", nospace
"2014-04-20 23:20:47", "2014-04-20 23:37:50", nospace
"2014-04-21 00:20:31", "2014-04-21 00:43:17", nospace
"2014-04-21 00:57:31", "2014-04-21 01:06:02", nospace
"2014-04-21 01:08:52", "2014-04-21 01:40:11", nospace
"2014-04-22 01:01:43", "2014-04-22 01:19:14", nospace
"2014-04-23 01:50:06", "2014-04-23 01:52:40", nospace
"2014-04-23 02:00:49", "2014-04-23 02:07:42", nospace
"2014-04-23 02:15:01", "2014-04-23 02:20:45", nospace
"2014-04-23 02:29:20", "2014-04-23 02:55:11", nospace
"2014-04-23 05:29:08", "2014-04-23 06:00:39", nospace
"2014-04-23 07:21:27", "2014-04-23 07:32:58", nospace
"2014-04-23 07:46:24", "2014-04-23 07:49:14", nospace
"2014-04-23 08:46:44", "2014-04-23 08:49:36", nospace
"2014-04-23 09:15:28", "2014-04-23 09:24:06", nospace
"2014-04-23 09:58:43", "2014-04-23 10:09:10", nospace
"2014-04-23 10:14:53", "2014-04-23 10:20:37", nospace
"2014-04-23 10:38:02", "2014-04-23 10:55:13", nospace
"2014-04-23 11:00:58", "2014-04-23 11:12:25", nospace
"2014-04-24 10:26:18", "2014-04-24 10:40:43", nospace
"2014-04-25 08:07:00", "2014-04-25 08:12:47", nospace
"2014-04-25 08:31:52", "2014-04-25 09:10:04", nospace
"2014-04-25 09:11:53", "2014-04-25 11:51:10", nospace
"2014-04-26 03:34:31", "2014-04-26 03:42:44", nospace
"2014-04-26 04:14:16", "2014-04-26 04:20:04", nospace
"2014-04-26 04:37:27", "2014-04-26 04:46:11", nospace
"2014-04-26 05:03:32", "2014-04-26 05:09:02", nospace
"2014-04-26 05:12:14", "2014-04-26 05:14:20", nospace
"2014-04-26 05:23:58", "2014-04-26 05:25:53", nospace
"2014-04-26 05:31:43", "2014-04-26 06:00:44", nospace
"2014-04-26 06:21:02", "2014-04-26 06:50:31", nospace
"2014-04-26 06:53:25", "2014-04-26 06:59:13", nospace
"2014-04-26 07:02:06", "2014-04-26 07:17:57", nospace
"2014-04-27 04:05:15", "2014-04-27 04:35:08", nospace
"2014-04-27 05:49:06", "2014-04-27 06:11:35", nospace
"2014-04-27 06:26:12", "2014-04-27 06:52:54", nospace
"2014-04-27 07:13:18", "2014-04-27 07:34:57", nospace
"2014-04-27 07:37:15", "2014-04-27 08:28:10", nospace
"2014-04-27 08:39:49", "2014-04-27 08:54:27", nospace
"2014-04-27 09:17:46", "2014-04-27 09:38:08", nospace
"2014-04-27 09:41:03", "2014-04-27 09:46:53", nospace
"2014-04-27 09:55:39", "2014-04-27 10:04:23", nospace
"2014-04-27 13:26:57", "2014-04-27 13:38:37", nospace
"2014-04-27 13:47:22", "2014-04-27 13:59:02", nospace
"2014-04-27 23:30:48", "2014-04-27 23:39:02", nospace
"2014-04-27 23:47:07", "2014-04-27 23:59:10", nospace
"2014-04-28 00:02:06", "2014-04-28 00:07:57", nospace
"2014-04-28 00:10:51", "2014-04-28 00:22:32", nospace
"2014-04-28 00:31:18", "2014-04-28 00:48:48", nospace
"2014-04-28 01:41:22", "2014-04-28 01:58:05", nospace
"2014-05-03 06:15:16", "2014-05-03 06:45:25", nospace
"2014-05-03 06:57:17", "2014-05-03 07:24:31", nospace
"2014-05-03 07:50:05", "2014-05-03 08:10:36", nospace
"2014-05-03 08:19:17", "2014-05-03 08:43:05", nospace
"2014-05-03 08:57:57", "2014-05-03 09:06:54", nospace
"2014-05-03 09:15:50", "2014-05-03 09:18:50", nospace
"2014-05-03 09:27:45", "2014-05-03 09:36:41", nospace
"2014-05-03 09:39:38", "2014-05-03 09:42:36", nospace
"2014-05-03 09:54:32", "2014-05-03 10:03:26", nospace
"2014-05-03 10:39:04", "2014-05-03 10:42:02", nospace
"2014-05-03 12:49:49", "2014-05-03 13:07:41", nospace
"2014-05-03 13:33:45", "2014-05-03 14:06:27", nospace
"2014-05-04 04:15:14", "2014-05-04 04:18:12", nospace
"2014-05-04 04:24:11", "2014-05-04 04:30:09", nospace
"2014-05-04 05:11:52", "2014-05-04 05:14:51", nospace
"2014-05-04 05:30:01", "2014-05-04 05:46:55", nospace
"2014-05-04 05:55:52", "2014-05-04 05:58:50", nospace
"2014-05-04 06:14:05", "2014-05-04 06:22:35", nospace
"2014-05-04 06:58:21", "2014-05-04 07:16:11", nospace
"2014-05-04 07:42:59", "2014-05-04 07:48:57", nospace
"2014-05-04 08:00:53", "2014-05-04 08:06:52", nospace
"2014-05-04 09:39:18", "2014-05-04 09:42:26", nospace
"2014-05-06 13:06:53", "2014-05-06 13:09:53", nobike
"2014-05-06 13:12:54", "2014-05-06 13:24:55", nobike
"2014-05-08 09:29:57", "2014-05-08 09:39:01", nospace
"2014-05-08 09:42:03", "2014-05-08 09:48:05", nospace
