"2013-11-28 10:40:45", "2013-11-28 10:43:43", nospace
"2013-11-28 10:49:37", "2013-11-28 11:01:52", nospace
"2013-11-28 11:16:40", "2013-11-28 11:22:57", nospace
"2013-11-28 11:37:48", "2013-11-28 11:46:43", nospace
"2013-11-28 11:52:39", "2013-11-28 12:13:43", nospace
"2013-11-28 23:28:40", "2013-11-28 23:31:39", nobike
"2013-11-28 23:49:54", "2013-11-29 00:28:59", nobike
"2013-11-29 00:31:58", "2013-11-29 00:37:56", nobike
"2013-11-29 00:43:54", "2013-11-29 00:58:51", nobike
"2013-11-29 13:25:45", "2013-11-29 13:34:44", nospace
"2013-11-30 01:16:57", "2013-11-30 01:22:59", nospace
"2013-11-30 01:46:42", "2013-11-30 01:49:43", nospace
"2013-11-30 01:52:44", "2013-11-30 01:55:44", nospace
"2013-11-30 06:07:55", "2013-11-30 06:26:22", nospace
"2013-11-30 06:29:00", "2013-11-30 06:35:03", nospace
"2013-11-30 06:41:04", "2013-11-30 07:19:57", nospace
"2013-11-30 07:35:03", "2013-11-30 07:43:44", nospace
"2013-11-30 08:28:52", "2013-11-30 08:34:53", nospace
"2013-11-30 08:37:55", "2013-11-30 09:07:50", nospace
"2013-11-30 09:22:57", "2013-11-30 09:35:03", nospace
"2013-12-01 04:32:01", "2013-12-01 04:35:05", nospace
"2013-12-01 04:43:54", "2013-12-01 04:56:08", nospace
"2013-12-01 06:29:08", "2013-12-01 06:32:08", nospace
"2013-12-01 07:32:04", "2013-12-01 08:13:57", nospace
"2013-12-01 08:20:03", "2013-12-01 08:23:06", nospace
"2013-12-01 08:26:09", "2013-12-01 08:28:48", nospace
"2013-12-01 08:31:53", "2013-12-01 08:46:48", nospace
"2013-12-01 08:49:50", "2013-12-01 08:55:56", nospace
"2013-12-01 14:19:54", "2013-12-01 14:37:58", nobike
"2013-12-01 14:49:52", "2013-12-01 14:52:56", nobike
"2013-12-01 14:59:05", "2013-12-01 15:04:50", nobike
"2013-12-01 15:14:05", "2013-12-01 16:05:09", nobike
"2013-12-01 16:46:54", "2013-12-01 17:02:10", nobike
"2013-12-02 00:40:58", "2013-12-02 01:02:09", nobike
"2013-12-02 10:26:09", "2013-12-02 10:28:51", nospace
"2013-12-02 11:28:51", "2013-12-02 11:38:09", nospace
"2013-12-02 14:02:07", "2013-12-02 14:05:12", nospace
"2013-12-02 14:07:54", "2013-12-02 14:31:51", nospace
"2013-12-02 14:41:08", "2013-12-02 14:50:02", nospace
"2013-12-02 15:02:04", "2013-12-02 15:43:59", nospace
"2013-12-02 15:50:13", "2013-12-02 15:59:07", nospace
"2013-12-02 16:19:54", "2013-12-02 16:26:05", nospace
"2013-12-03 01:22:54", "2013-12-03 01:26:02", nobike
"2013-12-03 03:35:14", "2013-12-03 03:44:13", nobike
"2013-12-03 04:11:08", "2013-12-03 04:14:14", nobike
"2013-12-03 04:23:10", "2013-12-03 04:26:14", nobike
"2013-12-03 10:59:02", "2013-12-03 11:05:17", nospace
"2013-12-03 11:50:15", "2013-12-03 12:44:11", nospace
"2013-12-03 13:47:00", "2013-12-03 13:50:07", nospace
"2013-12-03 14:11:13", "2013-12-03 14:17:07", nospace
"2013-12-03 14:20:14", "2013-12-03 14:22:58", nospace
"2013-12-03 14:40:59", "2013-12-03 14:44:08", nospace
"2013-12-04 02:13:58", "2013-12-04 02:47:00", nospace
"2013-12-04 02:56:00", "2013-12-04 03:10:57", nospace
"2013-12-04 04:29:19", "2013-12-04 04:35:14", nospace
"2013-12-04 04:50:10", "2013-12-04 05:01:59", nospace
"2013-12-04 05:47:11", "2013-12-04 05:59:00", nospace
"2013-12-04 06:02:11", "2013-12-04 06:13:57", nospace
"2013-12-04 06:20:15", "2013-12-04 06:23:00", nospace
"2013-12-04 06:35:11", "2013-12-04 06:41:19", nospace
"2013-12-04 09:32:17", "2013-12-04 09:44:13", nospace
"2013-12-04 09:50:10", "2013-12-04 10:17:00", nospace
"2013-12-04 10:20:10", "2013-12-04 10:22:58", nospace
"2013-12-04 10:26:07", "2013-12-04 10:32:00", nospace
"2013-12-04 10:35:09", "2013-12-04 10:44:12", nospace
"2013-12-04 10:59:11", "2013-12-04 11:01:58", nospace
"2013-12-04 11:05:07", "2013-12-04 11:20:09", nospace
"2013-12-04 13:14:07", "2013-12-04 13:38:10", nospace
"2013-12-04 13:44:04", "2013-12-04 13:59:03", nospace
"2013-12-04 14:11:16", "2013-12-04 14:20:21", nospace
"2013-12-04 14:23:06", "2013-12-04 14:38:06", nospace
"2013-12-05 02:47:00", "2013-12-05 03:02:03", nospace
"2013-12-05 09:38:04", "2013-12-05 09:41:18", nospace
"2013-12-05 09:44:07", "2013-12-05 09:53:23", nospace
"2013-12-05 10:02:19", "2013-12-05 10:14:00", nospace
"2013-12-05 10:41:03", "2013-12-05 10:53:12", nospace
"2013-12-05 10:56:02", "2013-12-05 10:59:15", nospace
"2013-12-05 11:05:21", "2013-12-05 11:17:02", nospace
"2013-12-05 11:23:04", "2013-12-05 11:32:20", nospace
"2013-12-05 11:38:21", "2013-12-05 11:47:11", nospace
"2013-12-05 11:50:23", "2013-12-05 12:05:21", nospace
"2013-12-05 12:08:11", "2013-12-05 12:11:24", nospace
"2013-12-05 12:17:04", "2013-12-05 12:23:08", nospace
"2013-12-05 12:53:02", "2013-12-05 12:56:18", nospace
"2013-12-06 02:32:13", "2013-12-06 02:35:04", nospace
"2013-12-06 04:08:16", "2013-12-06 04:14:24", nospace
"2013-12-06 04:17:16", "2013-12-06 04:23:24", nospace
"2013-12-06 05:17:06", "2013-12-06 05:23:14", nospace
"2013-12-06 05:26:09", "2013-12-06 05:35:13", nospace
"2013-12-06 05:47:12", "2013-12-06 05:50:03", nospace
"2013-12-06 07:26:24", "2013-12-06 07:29:13", nospace
"2013-12-06 09:17:10", "2013-12-06 09:23:22", nospace
"2013-12-06 09:35:19", "2013-12-06 09:50:11", nospace
"2013-12-06 09:56:17", "2013-12-06 10:08:15", nospace
"2013-12-06 10:11:09", "2013-12-06 10:14:27", nospace
"2013-12-06 10:38:11", "2013-12-06 11:29:20", nospace
"2013-12-06 11:44:05", "2013-12-06 11:56:23", nospace
"2013-12-06 11:59:16", "2013-12-06 12:11:10", nospace
"2013-12-06 12:50:07", "2013-12-06 12:53:25", nospace
"2013-12-06 12:59:10", "2013-12-06 13:02:05", nospace
"2013-12-06 13:05:21", "2013-12-06 13:17:19", nospace
"2013-12-06 13:20:11", "2013-12-06 13:23:05", nospace
"2013-12-06 13:26:21", "2013-12-06 13:59:14", nospace
"2013-12-06 15:23:09", "2013-12-06 15:35:05", nospace
"2013-12-06 17:05:17", "2013-12-06 17:38:08", nospace
"2013-12-06 17:53:22", "2013-12-06 18:23:27", nospace
"2013-12-06 18:41:13", "2013-12-06 19:11:30", nospace
"2013-12-06 19:17:18", "2013-12-06 20:14:27", nospace
"2013-12-06 21:53:24", "2013-12-06 22:53:10", nospace
"2013-12-06 23:29:17", "2013-12-06 23:38:27", nospace
"2013-12-07 00:02:30", "2013-12-07 00:17:26", nospace
"2013-12-07 00:26:09", "2013-12-07 00:29:26", nospace
"2013-12-07 00:35:17", "2013-12-07 01:02:23", nospace
"2013-12-07 01:08:13", "2013-12-07 01:29:29", nospace
"2013-12-07 01:47:22", "2013-12-07 02:29:30", nospace
"2013-12-07 02:56:09", "2013-12-07 03:20:17", nospace
"2013-12-07 03:50:24", "2013-12-07 03:53:19", nospace
"2013-12-07 04:05:24", "2013-12-07 04:08:20", nospace
"2013-12-07 04:26:14", "2013-12-07 04:29:09", nospace
"2013-12-07 06:20:13", "2013-12-07 06:23:09", nospace
"2013-12-07 06:41:10", "2013-12-07 06:44:30", nospace
"2013-12-07 06:47:26", "2013-12-07 06:50:20", nospace
"2013-12-07 07:02:21", "2013-12-07 07:05:35", nospace
"2013-12-07 07:20:15", "2013-12-07 07:26:27", nospace
"2013-12-07 07:29:25", "2013-12-07 07:32:20", nospace
"2013-12-07 07:56:32", "2013-12-07 07:59:27", nospace
"2013-12-07 08:08:39", "2013-12-07 08:11:10", nospace
"2013-12-07 08:26:08", "2013-12-07 09:02:24", nospace
"2013-12-07 09:08:12", "2013-12-07 09:14:26", nospace
"2013-12-07 09:26:10", "2013-12-07 09:35:20", nospace
"2013-12-07 09:38:16", "2013-12-07 09:50:25", nospace
"2013-12-07 09:53:19", "2013-12-07 10:05:25", nospace
"2013-12-08 00:56:30", "2013-12-08 01:05:12", nospace
"2013-12-08 01:11:25", "2013-12-08 01:47:26", nospace
"2013-12-08 01:56:11", "2013-12-08 02:05:25", nospace
"2013-12-08 02:08:28", "2013-12-08 02:20:21", nospace
"2013-12-08 02:29:10", "2013-12-08 02:32:10", nospace
"2013-12-08 03:41:21", "2013-12-08 03:44:24", nospace
"2013-12-08 11:41:27", "2013-12-08 11:47:17", nospace
"2013-12-08 11:56:17", "2013-12-08 11:59:32", nospace
"2013-12-09 09:20:30", "2013-12-09 09:26:28", nospace
"2013-12-09 09:32:25", "2013-12-09 09:41:37", nospace
"2013-12-09 09:50:44", "2013-12-09 09:53:22", nospace
"2013-12-09 09:56:28", "2013-12-09 09:59:34", nospace
"2013-12-09 10:14:32", "2013-12-09 10:20:15", nospace
"2013-12-09 10:26:26", "2013-12-09 10:29:30", nospace
"2013-12-09 10:38:16", "2013-12-09 10:56:22", nospace
"2013-12-09 11:05:40", "2013-12-09 11:17:38", nospace
"2013-12-09 11:20:43", "2013-12-09 11:26:23", nospace
"2013-12-09 11:35:42", "2013-12-09 11:56:26", nospace
"2013-12-09 12:53:30", "2013-12-09 13:32:27", nospace
"2013-12-09 14:08:15", "2013-12-09 14:14:30", nospace
"2013-12-09 23:56:28", "2013-12-09 23:59:37", nobike
"2013-12-11 08:29:44", "2013-12-11 08:32:47", nobike
"2013-12-11 08:35:51", "2013-12-11 08:50:42", nobike
"2013-12-11 10:29:43", "2013-12-11 10:35:55", nospace
"2013-12-11 11:23:43", "2013-12-11 11:29:57", nospace
"2013-12-11 11:41:45", "2013-12-11 11:47:23", nospace
"2013-12-11 13:29:56", "2013-12-11 13:32:25", nospace
"2013-12-11 14:02:39", "2013-12-11 14:08:52", nospace
"2013-12-11 14:14:28", "2013-12-11 14:20:32", nospace
"2013-12-12 02:08:34", "2013-12-12 02:11:42", nospace
"2013-12-12 02:29:56", "2013-12-12 02:32:28", nospace
"2013-12-12 02:50:39", "2013-12-12 02:53:48", nospace
"2013-12-12 03:08:58", "2013-12-12 03:20:58", nospace
"2013-12-12 03:26:37", "2013-12-12 03:35:27", nospace
"2013-12-12 06:35:54", "2013-12-12 06:38:46", nospace
"2013-12-12 06:50:35", "2013-12-12 06:53:50", nospace
"2013-12-12 07:05:33", "2013-12-12 07:51:04", nospace
"2013-12-12 09:21:00", "2013-12-12 09:36:01", nospace
"2013-12-12 09:38:37", "2013-12-12 09:59:59", nospace
"2013-12-12 10:02:36", "2013-12-12 10:08:27", nospace
"2013-12-12 10:11:41", "2013-12-12 10:26:41", nospace
"2013-12-12 10:32:32", "2013-12-12 10:47:35", nospace
"2013-12-12 10:59:58", "2013-12-12 11:02:35", nospace
"2013-12-13 10:17:35", "2013-12-13 10:35:48", nospace
"2013-12-13 10:38:40", "2013-12-13 10:44:52", nospace
"2013-12-13 10:47:48", "2013-12-13 10:59:38", nospace
"2013-12-13 11:11:56", "2013-12-13 11:18:02", nospace
"2013-12-13 11:20:46", "2013-12-13 11:23:29", nospace
"2013-12-13 11:26:54", "2013-12-13 12:08:35", nospace
"2013-12-13 12:17:34", "2013-12-13 13:11:36", nospace
"2013-12-13 13:50:39", "2013-12-13 13:56:48", nospace
"2013-12-13 13:59:34", "2013-12-13 14:08:29", nospace
"2013-12-13 14:18:06", "2013-12-13 14:20:50", nospace
"2013-12-14 04:53:46", "2013-12-14 05:05:35", nospace
"2013-12-14 05:23:46", "2013-12-14 05:30:04", nospace
"2013-12-15 13:38:35", "2013-12-15 14:03:05", nospace
"2013-12-16 00:50:51", "2013-12-16 01:08:41", nobike
"2013-12-16 10:38:55", "2013-12-16 10:45:07", nospace
"2013-12-18 01:54:03", "2013-12-18 02:14:57", nospace
"2013-12-18 10:33:23", "2013-12-18 10:42:30", nospace
"2013-12-18 10:48:18", "2013-12-18 10:50:47", nospace
"2013-12-18 11:03:13", "2013-12-18 11:12:20", nospace
"2013-12-18 11:14:50", "2013-12-18 11:18:07", nospace
"2013-12-18 11:33:01", "2013-12-18 11:45:26", nospace
"2013-12-19 00:54:09", "2013-12-19 00:57:11", nospace
"2013-12-19 09:15:35", "2013-12-19 09:27:24", nospace
"2013-12-19 09:35:49", "2013-12-19 09:45:26", nospace
"2013-12-19 09:47:57", "2013-12-19 09:51:19", nospace
"2013-12-19 10:03:05", "2013-12-19 10:06:27", nospace
"2013-12-19 10:14:53", "2013-12-19 10:24:09", nospace
"2013-12-19 13:33:10", "2013-12-19 13:39:11", nospace
"2013-12-19 17:18:13", "2013-12-19 17:42:07", nospace
"2013-12-20 00:03:14", "2013-12-20 00:09:15", nospace
"2013-12-20 00:12:40", "2013-12-20 00:15:15", nospace
"2013-12-20 02:14:54", "2013-12-20 02:18:20", nospace
"2013-12-20 02:26:56", "2013-12-20 02:36:24", nospace
"2013-12-22 08:33:29", "2013-12-22 08:36:17", nospace
"2013-12-22 09:24:06", "2013-12-22 09:30:29", nospace
"2013-12-22 09:33:05", "2013-12-22 10:00:06", nospace
"2013-12-25 10:27:50", "2013-12-25 10:30:48", nospace
"2013-12-25 13:51:41", "2013-12-25 13:57:38", nospace
"2013-12-25 16:49:07", "2013-12-25 17:03:59", nospace
"2013-12-26 00:54:42", "2013-12-26 01:00:44", nospace
"2013-12-26 01:36:49", "2013-12-26 01:57:53", nospace
"2013-12-26 02:00:55", "2013-12-26 02:15:53", nospace
"2013-12-26 02:27:55", "2013-12-26 02:58:03", nospace
"2013-12-26 03:10:02", "2013-12-26 03:28:01", nospace
"2013-12-26 09:39:28", "2013-12-26 09:45:39", nospace
"2013-12-26 09:51:52", "2013-12-26 09:54:59", nospace
"2013-12-26 10:12:37", "2013-12-26 10:18:49", nospace
"2013-12-26 10:25:03", "2013-12-26 10:36:19", nospace
"2013-12-26 10:48:32", "2013-12-26 10:51:40", nospace
"2013-12-27 01:52:15", "2013-12-27 01:57:26", nospace
"2013-12-27 02:36:56", "2013-12-27 02:43:12", nospace
"2013-12-27 11:33:24", "2013-12-27 11:36:38", nospace
"2013-12-27 11:39:28", "2013-12-27 11:48:51", nospace
"2013-12-27 11:51:58", "2013-12-27 12:03:25", nospace
"2013-12-27 12:15:55", "2013-12-27 12:27:24", nospace
"2013-12-27 12:30:32", "2013-12-27 12:36:47", nospace
"2013-12-27 12:39:53", "2013-12-27 13:07:00", nospace
"2013-12-28 02:03:18", "2013-12-28 02:06:27", nospace
"2013-12-28 02:19:04", "2013-12-28 02:45:19", nospace
"2013-12-28 04:48:24", "2013-12-28 05:12:35", nospace
"2013-12-28 05:15:45", "2013-12-28 05:22:04", nospace
"2013-12-28 05:30:29", "2013-12-28 05:39:56", nospace
"2013-12-28 06:25:10", "2013-12-28 06:34:22", nospace
"2013-12-28 07:15:32", "2013-12-28 07:25:10", nospace
"2013-12-28 07:27:19", "2013-12-28 07:36:58", nospace
"2013-12-28 08:10:16", "2013-12-28 08:18:50", nospace
"2013-12-29 05:52:04", "2013-12-29 05:57:29", nospace
"2013-12-29 06:57:24", "2013-12-29 07:12:35", nospace
"2013-12-29 07:58:06", "2013-12-29 08:01:18", nospace
"2013-12-30 02:10:10", "2013-12-30 02:13:27", nospace
"2013-12-31 03:30:51", "2013-12-31 03:34:10", nospace
"2013-12-31 04:09:48", "2013-12-31 04:18:46", nospace
"2013-12-31 06:15:52", "2013-12-31 06:19:11", nospace
"2013-12-31 10:25:08", "2013-12-31 10:34:06", nospace
"2013-12-31 10:37:28", "2013-12-31 10:39:42", nospace
"2013-12-31 11:31:21", "2013-12-31 11:36:58", nospace
"2013-12-31 11:54:54", "2013-12-31 12:03:54", nospace
"2013-12-31 13:15:41", "2013-12-31 13:19:02", nospace
"2013-12-31 13:46:05", "2013-12-31 14:18:42", nospace
"2013-12-31 14:22:03", "2013-12-31 14:25:26", nospace
"2013-12-31 14:36:40", "2013-12-31 16:24:48", nospace
"2013-12-31 16:48:54", "2013-12-31 16:55:17", nospace
"2013-12-31 17:36:41", "2013-12-31 17:54:31", nospace
"2014-01-01 03:37:09", "2014-01-01 03:46:09", nospace
"2014-01-01 03:49:02", "2014-01-01 04:01:22", nospace
"2014-01-01 04:03:38", "2014-01-01 04:21:48", nospace
"2014-01-01 06:01:35", "2014-01-01 06:18:34", nospace
"2014-01-01 06:30:34", "2014-01-01 06:58:21", nospace
"2014-01-01 07:30:47", "2014-01-01 07:34:16", nospace
"2014-01-01 07:36:37", "2014-01-01 07:40:04", nospace
"2014-01-01 07:48:41", "2014-01-01 07:51:34", nospace
"2014-01-01 07:58:40", "2014-01-01 08:06:48", nospace
"2014-01-01 08:42:47", "2014-01-01 08:49:41", nospace
"2014-01-01 08:57:44", "2014-01-01 09:06:57", nospace
"2014-01-01 09:40:24", "2014-01-01 09:43:00", nospace
"2014-01-02 09:12:52", "2014-01-02 09:16:19", nobike
"2014-01-02 12:31:45", "2014-01-02 12:43:24", nobike
"2014-01-03 04:06:54", "2014-01-03 04:22:10", nospace
"2014-01-03 08:22:10", "2014-01-03 08:39:45", nospace
"2014-01-03 08:52:48", "2014-01-03 09:00:47", nospace
"2014-01-03 09:45:41", "2014-01-03 09:52:46", nospace
"2014-01-03 10:01:05", "2014-01-03 10:07:02", nospace
"2014-01-03 10:13:00", "2014-01-03 10:22:28", nospace
"2014-01-03 14:19:34", "2014-01-03 14:21:56", nospace
"2014-01-03 14:27:53", "2014-01-03 14:31:27", nospace
"2014-01-03 16:49:13", "2014-01-03 16:55:10", nospace
"2014-01-03 17:01:48", "2014-01-03 17:10:13", nospace
"2014-01-03 17:19:45", "2014-01-03 17:31:38", nospace
"2014-01-04 01:28:16", "2014-01-04 01:37:50", nospace
"2014-01-04 02:55:22", "2014-01-04 03:07:19", nospace
"2014-01-04 05:25:14", "2014-01-04 05:28:49", nospace
"2014-01-04 06:01:06", "2014-01-04 06:13:44", nospace
"2014-01-04 06:25:42", "2014-01-04 06:28:06", nospace
"2014-01-04 07:37:42", "2014-01-04 07:40:36", nospace
"2014-01-04 07:58:46", "2014-01-04 08:16:25", nospace
"2014-01-04 08:19:21", "2014-01-04 08:37:31", nospace
"2014-01-04 08:52:04", "2014-01-04 09:04:14", nospace
"2014-01-04 12:58:53", "2014-01-04 13:01:18", nobike
"2014-01-04 13:07:21", "2014-01-04 13:15:47", nobike
"2014-01-04 13:22:12", "2014-01-04 13:27:53", nobike
"2014-01-05 02:22:17", "2014-01-05 02:25:58", nospace
"2014-01-05 03:42:46", "2014-01-05 04:01:54", nospace
"2014-01-05 04:10:28", "2014-01-05 04:12:55", nospace
"2014-01-05 04:16:34", "2014-01-05 04:22:39", nospace
"2014-01-05 07:24:52", "2014-01-05 07:28:34", nospace
"2014-01-05 07:32:06", "2014-01-05 07:40:55", nospace
"2014-01-05 07:49:32", "2014-01-05 08:12:53", nospace
"2014-01-05 08:22:46", "2014-01-05 08:37:01", nospace
"2014-01-05 23:52:40", "2014-01-06 00:01:01", nobike
"2014-01-06 00:25:59", "2014-01-06 00:28:29", nobike
"2014-01-06 08:11:00", "2014-01-06 08:43:18", nobike
"2014-01-06 16:55:12", "2014-01-06 16:58:58", nospace
"2014-01-06 23:26:06", "2014-01-06 23:28:35", nospace
"2014-01-06 23:31:08", "2014-01-06 23:34:53", nospace
"2014-01-06 23:39:55", "2014-01-06 23:55:29", nospace
"2014-01-07 00:01:01", "2014-01-07 00:04:47", nospace
"2014-01-07 02:19:06", "2014-01-07 02:22:51", nospace
"2014-01-07 02:25:21", "2014-01-07 02:31:37", nospace
"2014-01-07 02:40:27", "2014-01-07 03:08:06", nospace
"2014-01-07 03:13:07", "2014-01-07 03:25:39", nospace
"2014-01-07 03:47:03", "2014-01-07 03:52:05", nospace
"2014-01-07 04:13:31", "2014-01-07 04:16:01", nospace
"2014-01-07 04:34:57", "2014-01-07 04:37:29", nospace
"2014-01-07 04:43:45", "2014-01-07 04:46:17", nospace
"2014-01-07 04:58:37", "2014-01-07 05:04:58", nospace
"2014-01-07 05:22:38", "2014-01-07 05:55:22", nospace
"2014-01-07 10:51:58", "2014-01-07 10:58:11", nospace
"2014-01-07 11:19:36", "2014-01-07 11:22:06", nospace
"2014-01-07 12:07:29", "2014-01-07 12:16:18", nospace
"2014-01-07 12:22:35", "2014-01-07 12:25:06", nospace
"2014-01-07 12:49:04", "2014-01-07 13:01:39", nospace
"2014-01-07 13:34:25", "2014-01-07 13:36:56", nospace
"2014-01-07 13:40:02", "2014-01-07 14:01:51", nospace
"2014-01-08 02:43:35", "2014-01-08 02:46:09", nospace
"2014-01-08 04:11:06", "2014-01-08 04:13:38", nospace
"2014-01-08 04:16:11", "2014-01-08 04:46:29", nospace
"2014-01-08 04:49:01", "2014-01-08 05:13:16", nospace
"2014-01-08 08:29:04", "2014-01-08 08:49:40", nobike
"2014-01-08 09:10:16", "2014-01-08 09:23:07", nobike
"2014-01-08 09:34:43", "2014-01-08 09:37:18", nobike
"2014-01-08 13:14:03", "2014-01-08 13:16:38", nobike
"2014-01-09 10:59:13", "2014-01-09 11:10:57", nospace
"2014-01-10 10:16:32", "2014-01-10 10:25:45", nospace
"2014-01-10 10:28:23", "2014-01-10 10:32:20", nospace
"2014-01-10 10:56:04", "2014-01-10 10:58:42", nospace
"2014-01-10 12:44:12", "2014-01-10 12:52:06", nospace
"2014-01-10 12:58:42", "2014-01-10 13:01:22", nospace
"2014-01-10 13:05:19", "2014-01-10 13:10:35", nospace
"2014-01-10 14:11:12", "2014-01-10 14:25:18", nospace
"2014-01-11 02:31:50", "2014-01-11 02:50:24", nospace
"2014-01-11 02:58:20", "2014-01-11 03:14:15", nospace
"2014-01-11 03:26:10", "2014-01-11 03:52:07", nospace
"2014-01-11 03:55:10", "2014-01-11 04:02:16", nospace
"2014-01-11 04:04:54", "2014-01-11 04:16:49", nospace
"2014-01-11 04:55:12", "2014-01-11 05:11:07", nospace
"2014-01-11 06:25:46", "2014-01-11 06:28:24", nospace
"2014-01-11 06:59:22", "2014-01-11 07:04:46", nospace
"2014-01-11 07:19:32", "2014-01-11 08:01:10", nospace
"2014-01-11 08:44:13", "2014-01-11 08:52:16", nospace
"2014-01-11 09:01:43", "2014-01-11 09:28:43", nospace
"2014-01-11 09:31:23", "2014-01-11 09:35:23", nospace
"2014-01-11 10:17:08", "2014-01-11 10:22:31", nospace
"2014-01-12 06:02:22", "2014-01-12 06:17:06", nospace
"2014-01-12 06:29:13", "2014-01-12 06:34:35", nospace
"2014-01-13 12:08:28", "2014-01-13 12:13:59", nospace
"2014-01-13 13:23:16", "2014-01-13 13:44:00", nospace
"2014-01-13 23:32:15", "2014-01-14 00:08:19", nospace
"2014-01-14 11:55:41", "2014-01-14 12:31:41", nospace
"2014-01-14 12:34:28", "2014-01-14 12:46:48", nospace
"2014-01-14 14:56:12", "2014-01-14 15:10:43", nospace
"2014-01-14 15:17:37", "2014-01-14 16:07:23", nospace
"2014-01-15 10:34:31", "2014-01-15 10:44:23", nospace
"2014-01-16 09:28:56", "2014-01-16 09:55:47", nospace
"2014-01-16 10:01:28", "2014-01-16 10:17:06", nospace
"2014-01-16 10:25:37", "2014-01-16 10:28:27", nospace
"2014-01-16 11:43:37", "2014-01-16 12:02:40", nospace
"2014-01-16 12:14:02", "2014-01-16 12:16:53", nospace
"2014-01-16 13:35:02", "2014-01-16 13:37:52", nospace
"2014-01-16 13:43:33", "2014-01-16 13:47:48", nospace
"2014-01-17 00:34:50", "2014-01-17 01:05:26", nobike
"2014-01-17 07:33:40", "2014-01-17 07:41:35", nospace
"2014-01-17 08:00:12", "2014-01-17 08:24:31", nospace
"2014-01-17 09:00:06", "2014-01-17 09:01:52", nospace
"2014-01-17 09:22:29", "2014-01-17 09:31:32", nospace
"2014-01-17 09:44:17", "2014-01-17 09:46:49", nospace
"2014-01-17 09:50:01", "2014-01-17 09:56:50", nospace
"2014-01-17 10:55:32", "2014-01-17 10:59:50", nospace
"2014-01-17 11:02:42", "2014-01-17 11:11:20", nospace
"2014-01-17 13:28:41", "2014-01-17 13:31:33", nospace
"2014-01-17 13:44:28", "2014-01-17 13:50:14", nospace
"2014-01-17 14:20:23", "2014-01-17 14:37:36", nospace
"2014-01-17 14:40:28", "2014-01-17 14:50:32", nospace
"2014-01-17 15:04:55", "2014-01-17 15:20:50", nospace
"2014-01-17 16:11:25", "2014-01-17 16:14:18", nospace
"2014-01-17 16:50:09", "2014-01-17 17:47:19", nospace
"2014-01-17 17:53:04", "2014-01-17 18:26:06", nospace
"2014-01-17 19:35:29", "2014-01-17 20:02:45", nospace
"2014-01-18 01:55:39", "2014-01-18 01:58:31", nospace
"2014-01-18 02:05:42", "2014-01-18 02:20:06", nospace
"2014-01-18 02:47:25", "2014-01-18 02:53:12", nospace
"2014-01-18 02:59:18", "2014-01-18 03:14:43", nospace
"2014-01-18 03:17:36", "2014-01-18 03:34:51", nospace
"2014-01-18 03:40:37", "2014-01-18 03:53:35", nospace
"2014-01-18 04:07:58", "2014-01-18 04:18:14", nospace
"2014-01-18 04:44:47", "2014-01-18 04:47:41", nospace
"2014-01-18 04:53:28", "2014-01-18 04:56:20", nospace
"2014-01-18 05:07:51", "2014-01-18 05:13:38", nospace
"2014-01-18 05:20:52", "2014-01-18 05:52:34", nospace
"2014-01-18 05:56:52", "2014-01-18 05:59:45", nospace
"2014-01-18 06:17:01", "2014-01-18 06:24:03", nospace
"2014-01-18 06:56:31", "2014-01-18 07:08:37", nospace
"2014-01-18 07:13:39", "2014-01-18 07:35:19", nospace
"2014-01-18 07:55:36", "2014-01-18 08:08:27", nospace
"2014-01-19 05:28:48", "2014-01-19 05:39:01", nospace
"2014-01-19 05:41:56", "2014-01-19 06:28:41", nospace
"2014-01-19 06:47:46", "2014-01-19 07:10:47", nospace
"2014-01-19 07:22:34", "2014-01-19 07:41:46", nospace
"2014-01-19 07:47:40", "2014-01-19 07:50:35", nospace
"2014-01-19 08:28:52", "2014-01-19 08:43:40", nospace
"2014-01-19 08:53:36", "2014-01-19 09:11:19", nospace
"2014-01-19 09:32:00", "2014-01-19 09:40:53", nospace
"2014-01-19 09:46:47", "2014-01-19 09:55:39", nospace
"2014-01-19 15:29:52", "2014-01-19 15:38:42", nospace
"2014-01-19 15:44:35", "2014-01-19 15:47:32", nospace
"2014-01-19 15:50:29", "2014-01-19 15:53:24", nospace
"2014-01-20 03:08:57", "2014-01-20 03:26:01", nospace
"2014-01-20 04:00:00", "2014-01-20 04:26:35", nospace
"2014-01-20 04:32:27", "2014-01-20 04:41:18", nospace
"2014-01-20 05:06:00", "2014-01-20 05:13:52", nospace
"2014-01-20 05:36:00", "2014-01-20 05:47:46", nospace
"2014-01-20 05:59:35", "2014-01-20 06:05:29", nospace
"2014-01-21 03:22:55", "2014-01-21 03:28:52", nospace
"2014-01-21 04:03:02", "2014-01-21 04:07:57", nospace
"2014-01-21 06:41:26", "2014-01-21 06:53:04", nospace
"2014-01-21 06:59:04", "2014-01-21 07:08:03", nospace
"2014-01-21 07:56:05", "2014-01-21 07:59:02", nospace
"2014-01-21 08:11:04", "2014-01-21 08:14:04", nospace
"2014-01-21 08:44:00", "2014-01-21 08:49:58", nospace
"2014-01-21 08:58:59", "2014-01-21 09:04:57", nospace
"2014-01-21 09:15:28", "2014-01-21 09:32:25", nospace
"2014-01-21 10:41:09", "2014-01-21 10:52:50", nospace
"2014-01-21 11:01:49", "2014-01-21 11:04:45", nospace
"2014-01-22 04:14:18", "2014-01-22 04:17:18", nospace
"2014-01-22 04:20:17", "2014-01-22 04:23:18", nospace
"2014-01-22 04:42:50", "2014-01-22 04:44:21", nospace
"2014-01-22 04:50:22", "2014-01-22 05:09:52", nospace
"2014-01-22 05:39:55", "2014-01-22 05:42:55", nospace
"2014-01-22 06:48:26", "2014-01-22 06:52:06", nospace
"2014-01-22 07:43:35", "2014-01-22 07:46:36", nospace
"2014-01-22 10:08:11", "2014-01-22 10:11:14", nospace
"2014-01-22 10:17:17", "2014-01-22 10:27:56", nospace
"2014-01-22 10:32:29", "2014-01-22 10:33:59", nospace
"2014-01-22 14:08:23", "2014-01-22 14:15:58", nospace
"2014-01-22 17:12:24", "2014-01-22 17:31:52", nospace
"2014-01-22 23:37:36", "2014-01-22 23:46:43", nospace
"2014-01-22 23:49:45", "2014-01-22 23:54:19", nospace
"2014-01-23 02:00:07", "2014-01-23 02:03:08", nospace
"2014-01-23 02:16:51", "2014-01-23 02:28:27", nospace
"2014-01-23 02:51:17", "2014-01-23 02:54:19", nospace
"2014-01-23 03:04:58", "2014-01-23 03:06:29", nospace
"2014-01-23 03:14:07", "2014-01-23 03:20:13", nospace
"2014-01-23 03:24:46", "2014-01-23 03:29:19", nospace
"2014-01-23 03:47:35", "2014-01-23 04:02:39", nospace
"2014-01-23 04:13:19", "2014-01-23 04:14:51", nospace
"2014-01-23 04:23:44", "2014-01-23 04:26:46", nospace
"2014-01-23 04:31:22", "2014-01-23 04:37:26", nospace
"2014-01-23 05:12:29", "2014-01-23 05:23:10", nospace
"2014-01-23 05:24:43", "2014-01-23 05:30:49", nospace
"2014-01-23 10:12:55", "2014-01-23 10:17:30", nospace
"2014-01-23 10:23:36", "2014-01-23 10:26:38", nospace
"2014-01-23 10:31:14", "2014-01-23 10:40:21", nospace
"2014-01-23 10:41:54", "2014-01-23 11:04:51", nospace
"2014-01-23 11:06:22", "2014-01-23 11:10:57", nospace
"2014-01-23 11:18:37", "2014-01-23 11:27:47", nospace
"2014-01-23 11:44:39", "2014-01-23 11:46:11", nospace
"2014-01-23 11:47:43", "2014-01-23 11:50:47", nospace
"2014-01-23 12:41:14", "2014-01-23 12:45:48", nospace
"2014-01-23 12:53:27", "2014-01-23 12:56:30", nospace
"2014-01-23 12:58:00", "2014-01-23 13:02:00", nospace
"2014-01-23 13:12:44", "2014-01-23 13:16:02", nospace
"2014-01-23 13:20:08", "2014-01-23 13:22:06", nospace
"2014-01-23 13:55:44", "2014-01-23 14:01:52", nospace
"2014-01-23 14:11:04", "2014-01-23 14:27:54", nospace
"2014-01-24 00:58:06", "2014-01-24 01:05:45", nobike
"2014-01-24 03:14:11", "2014-01-24 03:22:43", nospace
"2014-01-24 05:12:36", "2014-01-24 05:14:08", nospace
"2014-01-24 06:27:45", "2014-01-24 06:33:53", nospace
"2014-01-24 06:35:24", "2014-01-24 06:36:57", nospace
"2014-01-24 06:54:27", "2014-01-24 07:00:40", nospace
"2014-01-24 07:02:12", "2014-01-24 07:03:46", nospace
"2014-01-24 10:41:10", "2014-01-24 10:42:43", nospace
"2014-01-24 10:45:49", "2014-01-24 10:50:27", nospace
"2014-01-24 10:53:33", "2014-01-24 11:10:11", nospace
"2014-01-24 11:51:33", "2014-01-24 11:54:38", nospace
"2014-01-24 12:03:54", "2014-01-24 12:34:50", nospace
"2014-01-24 12:39:28", "2014-01-24 12:46:46", nospace
"2014-01-24 13:32:54", "2014-01-24 13:43:01", nospace
"2014-01-24 14:15:36", "2014-01-24 14:18:42", nospace
"2014-01-24 14:20:15", "2014-01-24 14:21:47", nospace
"2014-01-24 14:41:54", "2014-01-24 14:46:31", nospace
"2014-01-24 14:49:38", "2014-01-24 14:52:44", nospace
"2014-01-24 14:58:56", "2014-01-24 15:09:45", nospace
"2014-01-24 16:01:56", "2014-01-24 16:03:28", nospace
"2014-01-24 17:08:34", "2014-01-24 17:41:15", nospace
"2014-01-24 19:19:53", "2014-01-24 19:40:05", nospace
"2014-01-24 23:06:30", "2014-01-24 23:08:05", nospace
"2014-01-24 23:32:55", "2014-01-24 23:36:02", nospace
"2014-01-24 23:51:31", "2014-01-25 00:16:20", nospace
"2014-01-25 00:21:00", "2014-01-25 00:35:33", nospace
"2014-01-25 00:45:26", "2014-01-25 01:11:47", nospace
"2014-01-25 01:14:53", "2014-01-25 01:22:38", nospace
"2014-01-25 02:10:49", "2014-01-25 02:17:03", nospace
"2014-01-25 02:18:36", "2014-01-25 02:26:21", nospace
"2014-01-25 02:29:28", "2014-01-25 02:35:41", nospace
"2014-01-25 02:48:03", "2014-01-25 02:52:45", nospace
"2014-01-25 04:23:48", "2014-01-25 04:36:07", nospace
"2014-01-25 04:39:14", "2014-01-25 04:40:47", nospace
"2014-01-25 04:42:20", "2014-01-25 04:47:01", nospace
"2014-01-25 04:48:34", "2014-01-25 04:59:30", nospace
"2014-01-25 05:11:55", "2014-01-25 05:16:36", nospace
"2014-01-25 05:26:00", "2014-01-25 06:07:55", nospace
"2014-01-25 06:15:44", "2014-01-25 06:50:33", nospace
"2014-01-25 07:00:02", "2014-01-25 07:07:29", nospace
"2014-01-25 07:09:03", "2014-01-25 07:27:49", nospace
"2014-01-25 07:43:30", "2014-01-25 07:48:11", nospace
"2014-01-25 07:56:02", "2014-01-25 08:25:45", nospace
"2014-01-25 08:47:37", "2014-01-25 08:52:20", nospace
"2014-01-25 08:57:03", "2014-01-25 09:03:20", nospace
"2014-01-25 14:32:01", "2014-01-25 14:33:36", nospace
"2014-01-25 14:43:01", "2014-01-25 14:58:43", nospace
"2014-01-26 01:34:35", "2014-01-26 01:56:25", nospace
"2014-01-26 02:01:06", "2014-01-26 02:07:22", nospace
"2014-01-26 02:33:54", "2014-01-26 02:46:19", nospace
"2014-01-26 02:49:26", "2014-01-26 02:54:08", nospace
"2014-01-26 03:15:59", "2014-01-26 03:19:07", nospace
"2014-01-26 06:23:11", "2014-01-26 06:29:15", nospace
"2014-01-26 06:29:53", "2014-01-26 06:30:31", nospace
"2014-01-26 07:05:08", "2014-01-26 07:15:45", nospace
"2014-01-26 07:31:30", "2014-01-26 07:34:39", nospace
"2014-01-27 09:04:01", "2014-01-27 09:07:12", nospace
"2014-01-27 09:20:00", "2014-01-27 09:33:59", nospace
"2014-01-27 09:34:35", "2014-01-27 09:50:05", nospace
"2014-01-27 09:51:42", "2014-01-27 09:56:29", nospace
"2014-01-27 09:58:05", "2014-01-27 10:04:29", nospace
"2014-01-27 10:06:04", "2014-01-27 10:14:05", nospace
"2014-01-27 11:43:41", "2014-01-27 11:45:17", nospace
"2014-01-27 11:53:18", "2014-01-27 11:58:09", nospace
"2014-01-27 13:05:04", "2014-01-27 13:06:40", nospace
"2014-01-27 13:26:59", "2014-01-27 13:34:59", nospace
"2014-01-27 13:39:47", "2014-01-27 13:42:59", nospace
"2014-01-27 14:03:41", "2014-01-27 14:06:54", nospace
"2014-01-27 14:27:33", "2014-01-27 14:39:59", nospace
"2014-01-27 15:10:23", "2014-01-27 15:31:13", nospace
"2014-01-27 16:01:37", "2014-01-27 17:02:28", nospace
"2014-01-28 06:06:34", "2014-01-28 06:16:09", nospace
"2014-01-28 06:19:22", "2014-01-28 06:20:59", nospace
"2014-01-28 06:40:04", "2014-01-28 06:43:17", nospace
"2014-01-28 06:48:36", "2014-01-28 06:56:37", nospace
"2014-01-28 06:59:50", "2014-01-28 07:03:04", nospace
"2014-01-28 10:14:43", "2014-01-28 10:19:34", nospace
"2014-01-28 10:26:03", "2014-01-28 10:51:51", nospace
"2014-01-28 11:49:48", "2014-01-28 12:07:32", nospace
"2014-01-28 12:14:01", "2014-01-28 12:15:36", nospace
"2014-01-28 23:40:33", "2014-01-28 23:53:17", nospace
"2014-01-29 00:20:53", "2014-01-29 00:24:07", nospace
"2014-01-29 03:48:36", "2014-01-29 03:50:13", nospace
"2014-01-29 04:24:11", "2014-01-29 04:40:21", nospace
"2014-01-29 04:41:59", "2014-01-29 04:54:57", nospace
"2014-01-29 04:56:35", "2014-01-29 05:09:32", nospace
"2014-01-29 06:08:20", "2014-01-29 06:12:15", nospace
"2014-01-29 06:13:53", "2014-01-29 06:17:06", nospace
"2014-01-29 06:44:49", "2014-01-29 07:10:57", nospace
"2014-01-29 08:24:33", "2014-01-29 08:55:27", nospace
"2014-01-29 09:03:36", "2014-01-29 09:06:51", nospace
"2014-01-29 09:10:06", "2014-01-29 09:19:53", nospace
"2014-01-29 09:24:42", "2014-01-29 09:27:57", nospace
"2014-01-29 09:36:06", "2014-01-29 10:07:01", nospace
"2014-01-29 10:50:58", "2014-01-29 11:05:02", nospace
"2014-01-29 11:44:05", "2014-01-29 11:48:58", nospace
"2014-01-29 12:45:57", "2014-01-29 13:18:46", nospace
"2014-01-29 16:35:50", "2014-01-29 16:39:02", nospace
"2014-01-29 17:52:31", "2014-01-29 20:04:22", nospace
"2014-01-29 20:24:00", "2014-01-29 21:20:44", nospace
"2014-01-30 01:18:03", "2014-01-30 01:26:16", nospace
"2014-01-30 03:46:53", "2014-01-30 04:19:38", nospace
"2014-01-30 04:32:46", "2014-01-30 04:36:04", nospace
"2014-01-30 04:39:20", "2014-01-30 04:52:25", nospace
"2014-01-30 05:13:40", "2014-01-30 05:30:00", nospace
"2014-01-30 06:15:52", "2014-01-30 06:32:20", nospace
"2014-01-30 06:39:24", "2014-01-30 06:47:38", nospace
"2014-01-30 06:55:53", "2014-01-30 07:04:08", nospace
"2014-01-30 09:40:08", "2014-01-30 09:54:59", nospace
"2014-01-31 06:52:46", "2014-01-31 06:55:41", nospace
"2014-01-31 07:50:34", "2014-01-31 08:27:49", nospace
"2014-01-31 08:54:14", "2014-01-31 08:57:04", nospace
"2014-01-31 09:00:07", "2014-01-31 09:22:22", nospace
"2014-01-31 09:44:06", "2014-01-31 09:48:36", nospace
"2014-02-01 03:18:42", "2014-02-01 03:25:50", nospace
"2014-02-01 03:33:23", "2014-02-01 04:14:33", nospace
"2014-02-01 05:38:33", "2014-02-01 05:55:39", nospace
"2014-02-01 06:30:16", "2014-02-01 06:52:06", nospace
"2014-02-01 06:54:03", "2014-02-01 07:35:46", nospace
"2014-02-01 07:53:45", "2014-02-01 08:18:46", nospace
"2014-02-01 08:20:55", "2014-02-01 09:08:21", nospace
"2014-02-01 09:15:26", "2014-02-01 09:35:31", nospace
"2014-02-02 01:24:55", "2014-02-02 02:39:12", nospace
"2014-02-02 05:23:38", "2014-02-02 05:39:51", nospace
"2014-02-02 05:46:38", "2014-02-02 06:37:09", nospace
"2014-02-02 07:00:21", "2014-02-02 07:02:35", nospace
"2014-02-02 07:28:12", "2014-02-02 07:30:28", nospace
"2014-02-02 07:32:41", "2014-02-02 07:41:51", nospace
"2014-02-02 07:44:08", "2014-02-02 07:58:01", nospace
"2014-02-02 08:04:55", "2014-02-02 08:09:20", nospace
"2014-02-02 08:29:19", "2014-02-02 08:31:54", nospace
"2014-02-02 08:36:20", "2014-02-02 08:41:09", nospace
"2014-02-02 08:47:47", "2014-02-02 08:50:13", nospace
"2014-02-02 09:28:49", "2014-02-02 09:35:38", nospace
"2014-02-02 11:19:38", "2014-02-02 11:23:01", nospace
"2014-02-02 11:24:42", "2014-02-02 11:33:11", nospace
"2014-02-02 13:50:03", "2014-02-02 13:53:47", nospace
"2014-02-02 14:19:49", "2014-02-02 14:31:11", nospace
"2014-02-03 02:29:42", "2014-02-03 02:48:58", nospace
"2014-02-03 02:51:08", "2014-02-03 02:55:48", nospace
"2014-02-03 03:04:46", "2014-02-03 03:11:20", nospace
"2014-02-03 03:16:18", "2014-02-03 03:20:44", nospace
"2014-02-03 03:32:17", "2014-02-03 03:39:23", nospace
"2014-02-03 03:58:02", "2014-02-03 04:04:49", nospace
"2014-02-03 06:20:21", "2014-02-03 06:37:11", nospace
"2014-02-03 06:39:42", "2014-02-03 06:44:09", nospace
"2014-02-03 06:46:27", "2014-02-03 07:00:49", nospace
"2014-02-03 07:06:39", "2014-02-03 07:45:55", nospace
"2014-02-03 07:50:28", "2014-02-03 07:52:44", nospace
"2014-02-03 08:03:24", "2014-02-03 08:11:43", nospace
"2014-02-03 08:13:10", "2014-02-03 08:21:09", nospace
"2014-02-03 08:22:29", "2014-02-03 08:59:22", nospace
"2014-02-03 09:57:07", "2014-02-03 09:59:36", nospace
"2014-02-04 09:41:42", "2014-02-04 10:10:34", nobike
"2014-02-04 10:14:23", "2014-02-04 10:31:24", nobike
"2014-02-04 10:32:38", "2014-02-04 10:36:16", nobike
"2014-02-04 10:40:48", "2014-02-04 10:45:34", nobike
"2014-02-05 08:14:38", "2014-02-05 08:21:38", nospace
"2014-02-05 08:26:09", "2014-02-05 08:33:45", nospace
"2014-02-05 08:36:01", "2014-02-05 08:52:27", nospace
"2014-02-05 08:57:14", "2014-02-05 09:14:59", nospace
"2014-02-05 09:18:04", "2014-02-05 09:29:43", nospace
"2014-02-05 09:32:00", "2014-02-05 09:41:50", nospace
"2014-02-05 09:44:42", "2014-02-05 10:15:07", nospace
"2014-02-05 10:17:24", "2014-02-05 10:20:49", nospace
"2014-02-05 13:42:45", "2014-02-05 14:13:05", nospace
"2014-02-06 00:26:18", "2014-02-06 00:27:22", nospace
"2014-02-06 07:42:44", "2014-02-06 08:12:24", nospace
"2014-02-07 10:31:13", "2014-02-07 10:34:45", nospace
"2014-02-07 10:36:31", "2014-02-07 10:38:18", nospace
"2014-02-07 11:47:02", "2014-02-07 11:51:50", nospace
"2014-02-07 12:07:28", "2014-02-07 12:23:22", nospace
"2014-02-07 13:23:55", "2014-02-07 13:30:55", nospace
"2014-02-07 13:33:10", "2014-02-07 13:35:29", nospace
"2014-02-07 15:18:00", "2014-02-07 15:34:01", nospace
"2014-02-08 03:56:50", "2014-02-08 04:00:24", nospace
"2014-02-08 04:03:58", "2014-02-08 04:23:42", nospace
"2014-02-08 06:33:10", "2014-02-08 06:54:56", nospace
"2014-02-08 07:06:34", "2014-02-08 07:16:23", nospace
"2014-02-08 07:24:50", "2014-02-08 07:32:19", nospace
"2014-02-08 07:37:42", "2014-02-08 08:07:48", nospace
"2014-02-08 08:17:23", "2014-02-08 08:22:46", nospace
"2014-02-08 08:26:19", "2014-02-08 08:29:52", nospace
"2014-02-08 08:44:05", "2014-02-08 08:49:27", nospace
"2014-02-08 09:20:13", "2014-02-08 09:25:34", nospace
"2014-02-08 09:42:32", "2014-02-08 09:44:50", nospace
"2014-02-08 10:34:51", "2014-02-08 10:54:44", nospace
"2014-02-08 11:18:01", "2014-02-08 11:19:49", nospace
"2014-02-08 12:02:42", "2014-02-08 12:09:49", nospace
"2014-02-08 12:11:37", "2014-02-08 12:24:04", nospace
"2014-02-10 05:09:46", "2014-02-10 05:12:15", nobike
"2014-02-10 08:14:40", "2014-02-10 08:21:14", nobike
"2014-02-10 08:26:46", "2014-02-10 08:29:04", nobike
"2014-02-10 08:38:45", "2014-02-10 08:40:08", nobike
"2014-02-10 08:45:56", "2014-02-10 08:50:40", nobike
"2014-02-10 09:01:57", "2014-02-10 09:03:46", nobike
"2014-02-10 09:05:35", "2014-02-10 09:11:01", nobike
"2014-02-10 13:28:47", "2014-02-10 13:39:42", nospace
"2014-02-10 13:48:09", "2014-02-10 13:50:35", nospace
"2014-02-10 14:32:18", "2014-02-10 14:41:24", nospace
"2014-02-10 15:23:06", "2014-02-10 16:12:48", nospace
"2014-02-10 16:14:37", "2014-02-10 16:21:52", nospace
"2014-02-10 18:11:09", "2014-02-10 20:55:29", nospace
"2014-02-10 22:54:18", "2014-02-10 22:57:56", nospace
"2014-02-10 23:08:52", "2014-02-10 23:43:27", nospace
"2014-02-11 04:50:03", "2014-02-11 05:01:18", nospace
"2014-02-11 05:11:54", "2014-02-11 05:24:36", nospace
"2014-02-11 05:28:16", "2014-02-11 05:30:04", nospace
"2014-02-11 05:42:50", "2014-02-11 06:19:20", nospace
"2014-02-11 06:53:20", "2014-02-11 07:08:34", nospace
"2014-02-11 10:33:21", "2014-02-11 10:38:52", nospace
"2014-02-11 10:42:34", "2014-02-11 11:45:42", nospace
"2014-02-12 01:12:26", "2014-02-12 01:23:28", nobike
"2014-02-13 07:09:16", "2014-02-13 07:16:04", nospace
"2014-02-13 07:32:05", "2014-02-13 07:36:20", nospace
"2014-02-13 10:48:56", "2014-02-13 11:01:34", nospace
"2014-02-13 11:03:56", "2014-02-13 11:09:13", nospace
"2014-02-13 11:16:15", "2014-02-13 11:29:02", nospace
"2014-02-13 11:51:31", "2014-02-13 11:58:58", nospace
"2014-02-13 13:40:56", "2014-02-13 14:36:55", nospace
"2014-02-13 20:48:34", "2014-02-13 22:13:37", nospace
"2014-02-13 22:36:04", "2014-02-13 23:56:46", nospace
"2014-02-14 13:53:10", "2014-02-14 13:55:02", nospace
"2014-02-15 01:36:46", "2014-02-15 01:44:21", nospace
"2014-02-15 01:48:07", "2014-02-15 02:15:45", nospace
"2014-02-15 02:21:24", "2014-02-15 02:27:03", nospace
"2014-02-15 06:26:57", "2014-02-15 06:32:50", nospace
"2014-02-15 06:36:42", "2014-02-15 06:49:43", nospace
"2014-02-15 06:55:25", "2014-02-15 06:59:13", nospace
"2014-02-15 07:01:07", "2014-02-15 07:17:15", nospace
"2014-02-15 07:23:06", "2014-02-15 07:29:14", nospace
"2014-02-15 07:55:15", "2014-02-15 08:00:58", nospace
"2014-02-15 08:02:52", "2014-02-15 08:04:45", nospace
"2014-02-15 08:12:20", "2014-02-15 08:18:01", nospace
"2014-02-15 09:22:29", "2014-02-15 09:32:00", nospace
"2014-02-16 04:57:48", "2014-02-16 05:05:57", nospace
"2014-02-16 05:07:18", "2014-02-16 05:27:17", nospace
"2014-02-16 06:04:45", "2014-02-16 06:08:33", nospace
"2014-02-16 06:31:38", "2014-02-16 06:34:02", nospace
"2014-02-16 07:25:32", "2014-02-16 07:33:11", nospace
"2014-02-16 07:37:01", "2014-02-16 07:40:50", nospace
"2014-02-16 07:48:27", "2014-02-16 08:01:53", nospace
"2014-02-16 08:09:31", "2014-02-16 08:20:58", nospace
"2014-02-16 09:02:45", "2014-02-16 09:06:35", nospace
"2014-02-16 09:23:58", "2014-02-16 09:32:17", nospace
"2014-02-16 09:57:18", "2014-02-16 10:01:02", nospace
"2014-02-16 10:04:46", "2014-02-16 10:08:35", nospace
"2014-02-16 10:20:02", "2014-02-16 10:25:45", nospace
"2014-02-16 10:35:16", "2014-02-16 10:37:10", nospace
"2014-02-16 14:02:44", "2014-02-16 14:06:33", nobike
"2014-02-16 14:08:28", "2014-02-16 14:12:18", nobike
"2014-02-17 07:30:11", "2014-02-17 07:39:48", nospace
"2014-02-17 07:41:44", "2014-02-17 07:55:05", nospace
"2014-02-17 09:37:55", "2014-02-17 09:49:27", nospace
"2014-02-17 09:51:23", "2014-02-17 09:55:12", nospace
"2014-02-17 10:40:07", "2014-02-17 11:01:51", nospace
"2014-02-17 11:34:44", "2014-02-17 11:44:21", nospace
"2014-02-17 11:46:17", "2014-02-17 11:48:12", nospace
"2014-02-17 11:49:43", "2014-02-17 11:53:41", nospace
"2014-02-17 12:51:02", "2014-02-17 13:02:38", nospace
"2014-02-17 13:16:08", "2014-02-17 13:18:04", nospace
"2014-02-17 13:20:01", "2014-02-17 13:27:44", nospace
"2014-02-17 14:12:36", "2014-02-17 14:13:46", nospace
"2014-02-17 14:19:17", "2014-02-17 14:30:53", nospace
"2014-02-18 00:05:48", "2014-02-18 00:11:05", nospace
"2014-02-18 01:04:45", "2014-02-18 01:12:30", nospace
"2014-02-18 01:54:17", "2014-02-18 01:58:09", nospace
"2014-02-18 02:00:05", "2014-02-18 02:03:57", nospace
"2014-02-18 02:25:16", "2014-02-18 02:36:53", nospace
"2014-02-18 02:50:26", "2014-02-18 02:56:15", nospace
"2014-02-18 02:58:10", "2014-02-18 03:15:26", nospace
"2014-02-18 03:34:24", "2014-02-18 03:52:14", nospace
"2014-02-18 03:53:05", "2014-02-18 04:04:16", nospace
"2014-02-18 04:07:18", "2014-02-18 04:15:03", nospace
"2014-02-18 04:22:51", "2014-02-18 04:35:35", nospace
"2014-02-18 04:39:28", "2014-02-18 04:43:20", nospace
"2014-02-18 04:45:17", "2014-02-18 04:55:00", nospace
"2014-02-18 05:08:35", "2014-02-18 05:10:32", nospace
"2014-02-18 06:09:37", "2014-02-18 06:13:30", nospace
"2014-02-19 23:35:36", "2014-02-19 23:53:19", nospace
"2014-02-20 00:02:26", "2014-02-20 00:04:24", nospace
"2014-02-20 01:25:52", "2014-02-20 01:34:28", nospace
"2014-02-20 01:36:55", "2014-02-20 01:46:50", nospace
"2014-02-20 01:58:39", "2014-02-20 02:12:24", nospace
"2014-02-20 02:41:54", "2014-02-20 02:59:35", nospace
"2014-02-20 03:15:20", "2014-02-20 03:25:11", nospace
"2014-02-20 04:21:29", "2014-02-20 04:23:10", nospace
"2014-02-20 04:24:49", "2014-02-20 04:28:46", nospace
"2014-02-20 04:56:20", "2014-02-20 05:00:18", nospace
"2014-02-20 05:04:12", "2014-02-20 05:06:11", nospace
"2014-02-20 10:21:23", "2014-02-20 10:25:19", nospace
"2014-02-21 00:34:06", "2014-02-21 00:38:29", nobike
"2014-02-21 03:59:05", "2014-02-21 04:14:56", nobike
"2014-02-21 04:18:54", "2014-02-21 04:20:53", nobike
"2014-02-21 04:34:45", "2014-02-21 05:04:31", nobike
"2014-02-21 07:41:14", "2014-02-21 08:07:05", nobike
"2014-02-21 10:53:18", "2014-02-21 10:57:15", nospace
"2014-02-21 11:05:11", "2014-02-21 11:08:16", nospace
"2014-02-21 12:45:22", "2014-02-21 12:53:20", nospace
"2014-02-21 12:55:19", "2014-02-21 12:59:17", nospace
"2014-02-21 13:11:12", "2014-02-21 13:25:04", nospace
"2014-02-21 13:46:58", "2014-02-21 13:48:56", nospace
"2014-02-22 02:25:16", "2014-02-22 02:29:24", nospace
"2014-02-22 06:04:34", "2014-02-22 06:26:39", nospace
"2014-02-22 06:48:50", "2014-02-22 07:14:37", nospace
"2014-02-22 07:22:36", "2014-02-22 07:46:51", nospace
"2014-02-22 07:48:51", "2014-02-22 07:50:52", nospace
"2014-02-22 07:52:53", "2014-02-22 07:54:55", nospace
"2014-02-22 08:20:14", "2014-02-22 08:32:16", nospace
"2014-02-22 08:34:16", "2014-02-22 08:40:18", nospace
"2014-02-22 08:42:19", "2014-02-22 08:59:55", nospace
"2014-02-22 10:07:47", "2014-02-22 10:11:49", nospace
"2014-02-22 10:36:53", "2014-02-22 10:41:58", nospace
"2014-02-22 13:01:25", "2014-02-22 13:23:24", nobike
"2014-02-22 13:27:25", "2014-02-22 13:33:25", nobike
"2014-02-22 23:45:13", "2014-02-22 23:57:18", nospace
"2014-02-23 00:07:09", "2014-02-23 00:19:36", nospace
"2014-02-23 00:41:54", "2014-02-23 00:51:57", nospace
"2014-02-23 01:10:01", "2014-02-23 01:18:04", nospace
"2014-02-23 01:36:07", "2014-02-23 02:02:09", nospace
"2014-02-23 02:30:06", "2014-02-23 02:44:09", nospace
"2014-02-23 04:11:29", "2014-02-23 04:13:36", nospace
"2014-02-23 04:15:36", "2014-02-23 04:23:40", nospace
"2014-02-23 04:35:45", "2014-02-23 04:41:47", nospace
"2014-02-23 05:41:56", "2014-02-23 05:43:57", nospace
"2014-02-23 05:45:57", "2014-02-23 06:04:03", nospace
"2014-02-23 06:16:10", "2014-02-23 06:38:51", nospace
"2014-02-23 06:55:02", "2014-02-23 07:29:17", nospace
"2014-02-23 07:33:17", "2014-02-23 07:49:23", nospace
"2014-02-23 07:55:10", "2014-02-23 08:39:39", nospace
"2014-02-23 08:43:38", "2014-02-23 08:47:40", nospace
"2014-02-23 08:57:45", "2014-02-23 09:20:01", nospace
"2014-02-23 09:22:04", "2014-02-23 09:26:06", nospace
"2014-02-23 09:28:08", "2014-02-23 09:30:10", nospace
"2014-02-23 09:32:10", "2014-02-23 09:34:11", nospace
"2014-02-23 09:42:16", "2014-02-23 10:06:28", nospace
"2014-02-23 10:08:29", "2014-02-23 10:10:31", nospace
"2014-02-24 03:23:43", "2014-02-24 03:30:30", nospace
"2014-02-24 03:34:51", "2014-02-24 04:02:48", nospace
"2014-02-24 04:08:53", "2014-02-24 04:21:04", nospace
"2014-02-24 09:56:02", "2014-02-24 10:34:42", nospace
"2014-02-24 10:36:43", "2014-02-24 11:06:57", nospace
"2014-02-24 11:33:13", "2014-02-24 11:53:26", nospace
"2014-02-24 12:19:53", "2014-02-24 12:38:08", nospace
"2014-02-24 14:35:06", "2014-02-24 14:41:13", nospace
"2014-02-24 18:14:53", "2014-02-24 18:35:14", nospace
"2014-02-24 18:53:35", "2014-02-24 22:18:59", nospace
"2014-02-24 22:25:07", "2014-02-24 23:10:04", nospace
"2014-02-25 01:03:55", "2014-02-25 01:08:00", nospace
"2014-02-25 01:40:36", "2014-02-25 01:48:46", nospace
"2014-02-25 01:50:49", "2014-02-25 01:52:52", nospace
"2014-02-25 02:15:20", "2014-02-25 02:19:26", nospace
"2014-02-25 03:37:15", "2014-02-25 03:43:25", nospace
"2014-02-25 07:17:21", "2014-02-25 07:27:15", nospace
"2014-02-25 07:48:28", "2014-02-25 07:52:32", nospace
"2014-02-25 07:54:37", "2014-02-25 08:06:54", nospace
"2014-02-25 09:20:24", "2014-02-25 09:22:28", nospace
"2014-02-25 09:24:31", "2014-02-25 09:30:40", nospace
"2014-02-25 09:40:54", "2014-02-25 09:49:06", nospace
"2014-02-25 09:51:10", "2014-02-25 09:55:16", nospace
"2014-02-25 10:07:36", "2014-02-25 10:26:05", nospace
"2014-02-25 10:32:16", "2014-02-25 10:44:35", nospace
"2014-02-25 11:00:48", "2014-02-25 11:06:59", nospace
"2014-02-25 11:45:59", "2014-02-25 11:58:18", nospace
"2014-02-25 12:00:21", "2014-02-25 12:31:36", nospace
"2014-02-25 12:33:38", "2014-02-25 12:37:45", nospace
"2014-02-25 23:11:59", "2014-02-25 23:20:13", nospace
"2014-02-25 23:51:09", "2014-02-25 23:55:16", nospace
"2014-02-26 00:01:25", "2014-02-26 00:05:32", nospace
"2014-02-26 00:09:39", "2014-02-26 00:11:43", nospace
"2014-02-26 00:15:47", "2014-02-26 00:17:50", nospace
"2014-02-26 01:24:20", "2014-02-26 01:30:33", nospace
"2014-02-26 01:38:47", "2014-02-26 02:13:34", nospace
"2014-02-26 09:38:38", "2014-02-26 09:40:25", nospace
"2014-02-26 09:41:07", "2014-02-26 10:05:22", nospace
"2014-02-26 10:07:27", "2014-02-26 10:09:30", nospace
"2014-02-26 10:15:44", "2014-02-26 10:21:56", nospace
"2014-02-26 10:26:04", "2014-02-26 10:30:12", nospace
"2014-02-26 10:32:16", "2014-02-26 10:39:58", nospace
"2014-02-26 10:42:11", "2014-02-26 10:48:22", nospace
"2014-02-26 12:37:36", "2014-02-26 12:39:40", nospace
"2014-02-26 12:43:47", "2014-02-26 13:01:25", nospace
"2014-02-26 13:22:41", "2014-02-26 13:30:30", nospace
"2014-02-26 13:33:12", "2014-02-26 13:38:11", nospace
"2014-02-26 13:41:48", "2014-02-26 13:49:36", nospace
"2014-02-26 13:52:06", "2014-02-26 13:57:10", nospace
"2014-02-26 14:01:59", "2014-02-26 14:06:55", nospace
"2014-02-26 23:56:34", "2014-02-27 00:04:29", nospace
"2014-02-27 01:14:25", "2014-02-27 01:17:01", nospace
"2014-02-27 01:29:54", "2014-02-27 01:42:23", nospace
"2014-02-27 01:52:46", "2014-02-27 02:23:53", nospace
"2014-02-27 06:06:00", "2014-02-27 06:20:33", nospace
"2014-02-27 06:24:44", "2014-02-27 06:37:44", nospace
"2014-02-27 10:47:56", "2014-02-27 10:51:57", nospace
"2014-02-27 10:54:30", "2014-02-27 10:57:00", nospace
"2014-02-27 11:09:09", "2014-02-27 11:23:15", nospace
"2014-02-27 11:37:51", "2014-02-27 11:39:55", nospace
"2014-02-27 11:56:11", "2014-02-27 11:58:14", nospace
"2014-02-27 12:08:27", "2014-02-27 12:14:40", nospace
"2014-02-27 12:35:23", "2014-02-27 12:53:57", nospace
"2014-02-27 13:27:03", "2014-02-27 13:33:15", nospace
"2014-02-27 13:47:45", "2014-02-27 13:49:50", nospace
"2014-02-27 13:56:01", "2014-02-27 14:04:17", nospace
"2014-02-27 14:06:21", "2014-02-27 14:10:29", nospace
"2014-02-27 21:35:40", "2014-02-27 23:46:02", nospace
"2014-02-28 03:55:31", "2014-02-28 03:59:41", nospace
"2014-02-28 05:18:44", "2014-02-28 05:23:53", nospace
"2014-02-28 05:25:57", "2014-02-28 05:28:03", nospace
"2014-02-28 05:30:08", "2014-02-28 05:36:23", nospace
"2014-02-28 05:46:48", "2014-02-28 05:53:02", nospace
"2014-02-28 05:55:07", "2014-02-28 05:59:17", nospace
"2014-02-28 06:24:14", "2014-02-28 06:35:19", nospace
"2014-02-28 06:47:49", "2014-02-28 07:00:18", nospace
"2014-02-28 07:02:23", "2014-02-28 07:12:47", nospace
"2014-02-28 07:14:53", "2014-02-28 07:37:46", nospace
"2014-02-28 07:39:51", "2014-02-28 07:46:06", nospace
"2014-02-28 07:52:22", "2014-02-28 08:13:14", nospace
"2014-02-28 08:15:20", "2014-02-28 08:17:24", nospace
"2014-02-28 08:25:43", "2014-02-28 08:44:28", nospace
"2014-02-28 08:46:33", "2014-02-28 09:21:28", nospace
"2014-02-28 09:24:06", "2014-02-28 09:26:47", nospace
"2014-02-28 09:36:19", "2014-02-28 09:42:31", nospace
"2014-02-28 09:45:10", "2014-02-28 09:51:21", nospace
"2014-02-28 10:02:42", "2014-02-28 10:22:03", nospace
"2014-02-28 10:47:57", "2014-02-28 11:36:13", nospace
"2014-02-28 13:12:39", "2014-02-28 13:13:33", nospace
"2014-02-28 13:16:10", "2014-02-28 13:18:48", nospace
"2014-02-28 13:21:23", "2014-02-28 13:29:20", nospace
"2014-02-28 13:35:36", "2014-02-28 13:37:41", nospace
"2014-02-28 17:47:59", "2014-02-28 17:56:25", nospace
"2014-02-28 18:25:02", "2014-02-28 20:49:05", nospace
"2014-02-28 21:59:29", "2014-02-28 23:53:47", nospace
"2014-03-01 01:25:29", "2014-03-01 01:44:23", nospace
"2014-03-01 01:50:39", "2014-03-01 01:52:45", nospace
"2014-03-01 02:03:11", "2014-03-01 02:47:02", nospace
"2014-03-01 03:47:47", "2014-03-01 04:04:34", nospace
"2014-03-01 05:47:16", "2014-03-01 06:05:06", nospace
"2014-03-01 06:07:17", "2014-03-01 06:17:46", nospace
"2014-03-01 06:24:20", "2014-03-01 06:26:51", nospace
"2014-03-01 06:33:38", "2014-03-01 06:35:58", nospace
"2014-03-01 06:45:02", "2014-03-01 06:54:09", nospace
"2014-03-01 06:56:15", "2014-03-01 07:41:24", nospace
"2014-03-01 07:44:05", "2014-03-01 09:16:23", nospace
"2014-03-01 09:37:25", "2014-03-01 09:49:49", nospace
"2014-03-01 10:53:21", "2014-03-01 11:03:51", nospace
"2014-03-02 04:58:54", "2014-03-02 05:05:16", nospace
"2014-03-02 05:15:54", "2014-03-02 05:20:11", nospace
"2014-03-02 05:26:33", "2014-03-02 05:41:22", nospace
"2014-03-02 05:54:34", "2014-03-02 06:11:10", nospace
"2014-03-02 07:08:39", "2014-03-02 07:26:04", nospace
"2014-03-02 07:34:05", "2014-03-02 07:43:58", nospace
"2014-03-02 08:22:06", "2014-03-02 08:28:28", nospace
"2014-03-02 09:19:28", "2014-03-02 09:24:13", nospace
"2014-03-02 10:19:43", "2014-03-02 10:26:06", nospace
"2014-03-02 12:33:13", "2014-03-02 12:39:36", nospace
"2014-03-02 12:48:05", "2014-03-02 12:54:27", nospace
"2014-03-03 09:51:34", "2014-03-03 09:53:44", nospace
"2014-03-03 09:55:52", "2014-03-03 09:58:02", nospace
"2014-03-03 10:00:14", "2014-03-03 10:21:58", nospace
"2014-03-03 10:24:08", "2014-03-03 10:45:33", nospace
"2014-03-03 11:28:57", "2014-03-03 11:31:36", nospace
"2014-03-03 11:37:57", "2014-03-03 11:43:09", nospace
"2014-03-03 11:44:15", "2014-03-03 11:46:52", nospace
"2014-03-03 11:53:49", "2014-03-03 11:56:26", nospace
"2014-03-03 12:09:59", "2014-03-03 12:16:08", nospace
"2014-03-03 13:07:28", "2014-03-03 13:14:10", nospace
"2014-03-03 13:41:15", "2014-03-03 13:43:57", nospace
"2014-03-03 14:41:19", "2014-03-03 14:52:41", nospace
"2014-03-03 23:15:08", "2014-03-03 23:30:39", nospace
"2014-03-04 00:08:13", "2014-03-04 00:12:38", nospace
"2014-03-04 00:24:25", "2014-03-04 00:27:03", nospace
"2014-03-04 00:29:37", "2014-03-04 00:33:44", nospace
"2014-03-04 00:50:03", "2014-03-04 00:54:30", nospace
"2014-03-04 01:01:08", "2014-03-04 01:16:36", nospace
"2014-03-04 01:21:05", "2014-03-04 01:23:10", nospace
"2014-03-04 01:29:52", "2014-03-04 01:54:31", nospace
"2014-03-04 02:12:42", "2014-03-04 02:14:58", nospace
"2014-03-04 02:17:15", "2014-03-04 02:26:12", nospace
"2014-03-04 09:18:43", "2014-03-04 09:34:43", nospace
"2014-03-04 09:39:15", "2014-03-04 09:59:47", nospace
"2014-03-04 10:02:22", "2014-03-04 10:08:24", nospace
"2014-03-04 10:14:24", "2014-03-04 10:22:18", nospace
"2014-03-05 00:30:39", "2014-03-05 00:37:12", nospace
"2014-03-05 00:39:52", "2014-03-05 00:42:22", nospace
"2014-03-05 00:58:21", "2014-03-05 01:09:47", nospace
"2014-03-05 01:12:06", "2014-03-05 01:20:43", nospace
"2014-03-05 01:44:21", "2014-03-05 02:11:55", nospace
"2014-03-05 02:14:14", "2014-03-05 02:18:49", nospace
"2014-03-05 10:48:51", "2014-03-05 10:52:16", nospace
"2014-03-05 12:29:05", "2014-03-05 12:38:17", nospace
"2014-03-05 12:47:30", "2014-03-05 12:49:48", nospace
"2014-03-05 12:52:06", "2014-03-05 13:05:42", nospace
"2014-03-05 13:44:46", "2014-03-05 13:49:20", nospace
"2014-03-05 13:53:56", "2014-03-05 13:56:16", nospace
"2014-03-05 15:03:00", "2014-03-05 15:09:55", nospace
"2014-03-06 01:38:46", "2014-03-06 01:41:05", nospace
"2014-03-06 01:48:00", "2014-03-06 01:52:36", nospace
"2014-03-06 02:11:04", "2014-03-06 02:17:59", nospace
"2014-03-06 02:36:27", "2014-03-06 02:38:45", nospace
"2014-03-06 03:06:22", "2014-03-06 03:20:14", nospace
"2014-03-06 04:50:17", "2014-03-06 05:04:10", nospace
"2014-03-06 05:15:31", "2014-03-06 06:06:50", nospace
"2014-03-07 02:31:17", "2014-03-07 02:36:43", nospace
"2014-03-07 17:01:21", "2014-03-07 17:10:40", nospace
"2014-03-09 03:45:03", "2014-03-09 03:52:07", nospace
"2014-03-09 05:51:45", "2014-03-09 06:10:00", nospace
"2014-03-09 06:14:51", "2014-03-09 06:16:24", nospace
"2014-03-09 10:50:46", "2014-03-09 11:13:46", nobike
"2014-03-09 11:14:32", "2014-03-09 11:15:17", nobike
"2014-03-10 11:02:07", "2014-03-10 11:04:49", nospace
"2014-03-10 11:15:30", "2014-03-10 11:17:51", nospace
"2014-03-10 23:42:46", "2014-03-10 23:47:31", nospace
"2014-03-10 23:52:16", "2014-03-10 23:54:39", nospace
"2014-03-11 00:06:31", "2014-03-11 00:08:54", nospace
"2014-03-11 01:56:24", "2014-03-11 02:08:16", nospace
"2014-03-11 02:13:01", "2014-03-11 02:17:47", nospace
"2014-03-11 02:22:32", "2014-03-11 02:27:17", nospace
"2014-03-11 03:31:31", "2014-03-11 03:43:24", nospace
"2014-03-11 04:00:02", "2014-03-11 04:02:23", nospace
"2014-03-11 09:45:08", "2014-03-11 09:49:54", nospace
"2014-03-11 09:52:15", "2014-03-11 10:01:47", nospace
"2014-03-11 11:15:45", "2014-03-11 11:20:34", nospace
"2014-03-11 11:30:06", "2014-03-11 11:34:51", nospace
"2014-03-11 11:39:37", "2014-03-11 11:49:06", nospace
"2014-03-11 11:51:28", "2014-03-11 12:03:27", nospace
"2014-03-11 13:46:31", "2014-03-11 13:53:39", nospace
"2014-03-11 23:48:02", "2014-03-11 23:50:19", nospace
"2014-03-12 03:01:41", "2014-03-12 03:06:28", nospace
"2014-03-12 03:11:14", "2014-03-12 03:21:23", nospace
"2014-03-12 04:14:00", "2014-03-12 04:28:22", nospace
"2014-03-12 09:43:25", "2014-03-12 09:49:42", nospace
"2014-03-13 09:31:08", "2014-03-13 09:35:55", nospace
"2014-03-13 11:09:53", "2014-03-13 11:19:30", nospace
"2014-03-13 11:21:56", "2014-03-13 11:29:08", nospace
"2014-03-14 00:27:17", "2014-03-14 00:29:42", nobike
"2014-03-14 00:35:50", "2014-03-14 00:59:41", nobike
"2014-03-14 03:16:13", "2014-03-14 03:18:37", nospace
"2014-03-14 03:23:28", "2014-03-14 03:30:41", nospace
"2014-03-14 03:45:46", "2014-03-14 03:53:01", nospace
"2014-03-14 05:12:41", "2014-03-14 05:17:32", nospace
"2014-03-14 09:44:18", "2014-03-14 09:53:57", nospace
"2014-03-14 09:59:27", "2014-03-14 10:09:04", nospace
"2014-03-14 11:33:30", "2014-03-14 11:43:09", nospace
"2014-03-14 11:50:23", "2014-03-14 12:00:03", nospace
"2014-03-14 12:16:58", "2014-03-14 12:36:18", nospace
"2014-03-14 12:46:00", "2014-03-14 12:53:15", nospace
"2014-03-15 00:12:28", "2014-03-15 00:24:50", nospace
"2014-03-15 00:27:40", "2014-03-15 00:48:33", nospace
"2014-03-15 01:04:41", "2014-03-15 01:11:11", nospace
"2014-03-15 01:15:55", "2014-03-15 01:23:08", nospace
"2014-03-15 01:50:57", "2014-03-15 02:04:44", nospace
"2014-03-15 02:13:45", "2014-03-15 02:16:29", nospace
"2014-03-15 02:18:52", "2014-03-15 02:51:34", nospace
"2014-03-15 02:54:25", "2014-03-15 02:56:26", nospace
"2014-03-15 03:04:12", "2014-03-15 03:07:41", nospace
"2014-03-15 03:24:32", "2014-03-15 03:26:59", nospace
"2014-03-15 03:29:23", "2014-03-15 03:31:49", nospace
"2014-03-15 03:34:26", "2014-03-15 03:41:49", nospace
"2014-03-15 03:46:21", "2014-03-15 04:11:50", nospace
"2014-03-15 05:59:03", "2014-03-15 06:06:19", nospace
"2014-03-15 06:13:37", "2014-03-15 06:30:39", nospace
"2014-03-15 06:33:10", "2014-03-15 06:35:51", nospace
"2014-03-15 06:55:20", "2014-03-15 07:02:40", nospace
"2014-03-15 07:14:52", "2014-03-15 07:48:57", nospace
"2014-03-15 08:18:06", "2014-03-15 08:22:59", nospace
"2014-03-15 08:35:14", "2014-03-15 08:40:07", nospace
"2014-03-15 09:45:32", "2014-03-15 09:55:18", nospace
"2014-03-15 09:57:45", "2014-03-15 10:07:30", nospace
"2014-03-15 10:29:27", "2014-03-15 10:34:19", nospace
"2014-03-15 11:54:43", "2014-03-15 12:06:54", nospace
"2014-03-15 12:14:12", "2014-03-15 12:36:07", nospace
"2014-03-15 12:50:45", "2014-03-15 12:55:37", nospace
"2014-03-16 03:27:38", "2014-03-16 04:05:00", nospace
"2014-03-16 04:12:21", "2014-03-16 04:41:36", nospace
"2014-03-16 05:03:37", "2014-03-16 06:00:31", nospace
"2014-03-16 06:02:58", "2014-03-16 06:17:38", nospace
"2014-03-16 07:44:52", "2014-03-16 07:59:31", nospace
"2014-03-16 08:01:57", "2014-03-16 08:09:18", nospace
"2014-03-16 08:16:37", "2014-03-16 08:26:23", nospace
"2014-03-16 08:48:20", "2014-03-16 09:00:30", nospace
"2014-03-16 09:05:24", "2014-03-16 09:10:17", nospace
"2014-03-16 09:41:22", "2014-03-16 09:52:33", nospace
"2014-03-16 09:57:26", "2014-03-16 10:07:13", nospace
"2014-03-16 10:09:41", "2014-03-16 10:17:00", nospace
"2014-03-17 06:48:54", "2014-03-17 07:01:06", nospace
"2014-03-17 07:08:27", "2014-03-17 07:10:56", nospace
"2014-03-17 07:18:18", "2014-03-17 07:28:08", nospace
"2014-03-17 11:27:24", "2014-03-17 11:31:36", nospace
"2014-03-17 11:38:00", "2014-03-17 12:00:05", nospace
"2014-03-17 12:12:27", "2014-03-17 12:14:55", nospace
"2014-03-17 12:19:51", "2014-03-17 12:22:19", nospace
"2014-03-17 12:24:46", "2014-03-17 12:29:41", nospace
"2014-03-17 12:32:10", "2014-03-17 12:37:04", nospace
"2014-03-17 13:42:02", "2014-03-17 13:46:56", nospace
"2014-03-17 13:51:51", "2014-03-17 13:54:18", nospace
"2014-03-17 14:18:55", "2014-03-17 14:26:42", nospace
"2014-03-17 14:38:44", "2014-03-17 14:54:33", nospace
"2014-03-18 04:09:30", "2014-03-18 04:15:00", nospace
"2014-03-18 04:19:04", "2014-03-18 04:22:06", nospace
"2014-03-18 10:14:13", "2014-03-18 10:21:36", nospace
"2014-03-18 10:26:34", "2014-03-18 10:31:30", nospace
"2014-03-18 10:36:28", "2014-03-18 10:56:15", nospace
"2014-03-18 11:32:02", "2014-03-18 11:38:39", nospace
"2014-03-18 11:41:18", "2014-03-18 12:06:20", nospace
"2014-03-18 12:11:16", "2014-03-18 12:13:45", nospace
"2014-03-18 12:16:13", "2014-03-18 12:23:39", nospace
"2014-03-18 14:07:37", "2014-03-18 14:10:04", nospace
"2014-03-18 14:27:24", "2014-03-18 14:34:49", nospace
"2014-03-19 04:54:27", "2014-03-19 05:01:53", nospace
"2014-03-19 05:56:30", "2014-03-19 06:06:27", nospace
"2014-03-19 06:22:28", "2014-03-19 06:23:14", nospace
"2014-03-19 06:27:08", "2014-03-19 06:32:07", nospace
"2014-03-19 06:34:35", "2014-03-19 06:39:32", nospace
"2014-03-19 06:44:29", "2014-03-19 06:52:14", nospace
"2014-03-19 06:54:42", "2014-03-19 06:57:12", nospace
"2014-03-19 09:46:20", "2014-03-19 09:51:19", nospace
"2014-03-19 09:53:47", "2014-03-19 09:56:15", nospace
"2014-03-19 10:08:42", "2014-03-19 10:16:10", nospace
"2014-03-19 10:18:40", "2014-03-19 10:26:07", nospace
"2014-03-19 10:28:38", "2014-03-19 10:36:04", nospace
"2014-03-19 10:38:32", "2014-03-19 10:44:36", nospace
"2014-03-19 10:54:32", "2014-03-19 10:59:30", nospace
"2014-03-19 11:11:55", "2014-03-19 11:16:53", nospace
"2014-03-19 11:31:48", "2014-03-19 11:36:44", nospace
"2014-03-19 13:43:30", "2014-03-19 13:45:51", nospace
"2014-03-19 13:53:13", "2014-03-19 14:15:36", nospace
"2014-03-19 14:47:54", "2014-03-19 15:00:18", nospace
"2014-03-19 23:53:38", "2014-03-20 00:01:07", nospace
"2014-03-20 02:07:30", "2014-03-20 02:17:30", nospace
"2014-03-20 02:29:57", "2014-03-20 02:32:27", nospace
"2014-03-20 03:02:45", "2014-03-20 03:12:44", nospace
"2014-03-20 03:17:03", "2014-03-20 03:19:59", nospace
"2014-03-20 04:56:49", "2014-03-20 05:06:50", nospace
"2014-03-20 05:19:23", "2014-03-20 05:21:51", nospace
"2014-03-20 11:10:35", "2014-03-20 11:15:36", nospace
"2014-03-20 14:06:23", "2014-03-20 14:11:23", nospace
"2014-03-20 14:26:20", "2014-03-20 14:31:18", nospace
"2014-03-20 14:33:48", "2014-03-20 14:43:48", nospace
"2014-03-20 21:39:29", "2014-03-20 22:02:02", nospace
"2014-03-20 22:37:07", "2014-03-20 22:59:39", nospace
"2014-03-20 23:17:10", "2014-03-20 23:32:10", nospace
"2014-03-20 23:34:41", "2014-03-20 23:44:41", nospace
"2014-03-20 23:58:12", "2014-03-21 00:01:00", nospace
"2014-03-21 09:29:29", "2014-03-21 09:31:59", nospace
"2014-03-21 09:36:59", "2014-03-21 09:49:30", nospace
"2014-03-21 10:02:05", "2014-03-21 10:07:07", nospace
"2014-03-21 10:14:37", "2014-03-21 10:19:39", nospace
"2014-03-21 14:29:06", "2014-03-21 14:39:06", nospace
"2014-03-21 14:51:39", "2014-03-21 14:59:13", nospace
"2014-03-22 04:59:02", "2014-03-22 05:06:33", nospace
"2014-03-22 05:16:36", "2014-03-22 05:31:43", nospace
"2014-03-22 08:49:36", "2014-03-22 08:53:22", nospace
"2014-03-22 08:56:13", "2014-03-22 08:58:52", nospace
"2014-03-22 09:49:31", "2014-03-22 09:51:32", nospace
"2014-03-23 03:42:30", "2014-03-23 03:47:33", nospace
"2014-03-23 04:15:23", "2014-03-23 04:25:18", nospace
"2014-03-23 05:03:47", "2014-03-23 05:11:21", nospace
"2014-03-23 05:16:26", "2014-03-23 05:18:57", nospace
"2014-03-23 07:19:14", "2014-03-23 07:52:11", nospace
"2014-03-23 07:54:44", "2014-03-23 07:57:15", nospace
"2014-03-23 08:17:30", "2014-03-23 08:27:37", nospace
"2014-03-23 08:32:42", "2014-03-23 08:35:13", nospace
"2014-03-23 08:37:46", "2014-03-23 08:40:18", nospace
"2014-03-23 08:47:54", "2014-03-23 09:00:34", nospace
"2014-03-23 09:23:25", "2014-03-23 09:45:45", nospace
"2014-03-23 23:42:27", "2014-03-24 00:02:45", nobike
"2014-03-24 09:37:40", "2014-03-24 09:55:29", nospace
"2014-03-24 10:20:57", "2014-03-24 10:26:02", nospace
"2014-03-24 10:38:44", "2014-03-24 10:41:46", nospace
"2014-03-24 10:44:35", "2014-03-24 10:47:21", nospace
"2014-03-24 10:49:30", "2014-03-24 10:52:23", nospace
"2014-03-24 10:54:55", "2014-03-24 11:02:35", nospace
"2014-03-24 11:10:13", "2014-03-24 11:12:46", nospace
"2014-03-24 11:48:25", "2014-03-24 11:50:58", nospace
"2014-03-24 12:54:37", "2014-03-24 13:14:58", nospace
"2014-03-24 13:20:05", "2014-03-24 13:35:24", nospace
"2014-03-24 13:48:09", "2014-03-24 13:55:51", nospace
"2014-03-24 13:58:24", "2014-03-24 14:03:29", nospace
"2014-03-24 14:16:13", "2014-03-24 14:23:54", nospace
"2014-03-24 22:47:36", "2014-03-24 23:04:38", nospace
"2014-03-24 23:35:15", "2014-03-24 23:42:55", nospace
"2014-03-25 13:36:11", "2014-03-25 13:46:28", nospace
"2014-03-25 14:06:54", "2014-03-25 14:14:34", nospace
"2014-03-25 14:19:41", "2014-03-25 14:27:21", nospace
"2014-03-25 15:28:48", "2014-03-25 15:36:29", nospace
"2014-03-25 15:41:38", "2014-03-25 15:44:11", nospace
"2014-03-25 23:27:43", "2014-03-25 23:35:23", nospace
"2014-03-25 23:37:57", "2014-03-25 23:40:31", nospace
"2014-03-25 23:43:04", "2014-03-25 23:50:45", nospace
"2014-03-25 23:53:19", "2014-03-26 00:01:02", nospace
"2014-03-26 01:08:42", "2014-03-26 01:16:23", nospace
"2014-03-26 06:22:51", "2014-03-26 06:48:42", nospace
"2014-03-26 06:52:26", "2014-03-26 06:57:33", nospace
"2014-03-26 07:20:35", "2014-03-26 07:23:10", nospace
"2014-03-26 08:40:11", "2014-03-26 08:47:52", nospace
"2014-03-26 09:08:23", "2014-03-26 09:18:38", nospace
"2014-03-26 09:42:49", "2014-03-26 09:50:31", nospace
"2014-03-26 10:18:49", "2014-03-26 10:21:23", nospace
"2014-03-26 10:29:06", "2014-03-26 10:44:29", nospace
"2014-03-26 10:49:48", "2014-03-26 10:55:21", nospace
"2014-03-26 10:59:47", "2014-03-26 11:02:39", nospace
"2014-03-26 11:04:39", "2014-03-26 11:08:31", nospace
"2014-03-26 11:11:26", "2014-03-26 11:13:57", nospace
"2014-03-26 11:39:29", "2014-03-26 11:44:38", nospace
"2014-03-26 11:57:29", "2014-03-26 12:00:04", nospace
"2014-03-26 12:20:35", "2014-03-26 12:23:09", nospace
"2014-03-26 12:25:44", "2014-03-26 12:33:25", nospace
"2014-03-26 13:20:41", "2014-03-26 13:23:18", nospace
"2014-03-26 13:28:24", "2014-03-26 13:38:41", nospace
"2014-03-26 14:08:00", "2014-03-26 14:10:35", nospace
"2014-03-26 14:20:23", "2014-03-26 15:03:04", nospace
"2014-03-27 00:35:43", "2014-03-27 00:54:33", nobike
"2014-03-27 09:47:39", "2014-03-27 10:05:42", nospace
"2014-03-27 10:13:25", "2014-03-27 10:39:11", nospace
"2014-03-28 05:28:09", "2014-03-28 05:35:55", nobike
"2014-03-28 05:43:41", "2014-03-28 05:51:26", nobike
"2014-03-28 05:59:12", "2014-03-28 06:01:46", nobike
"2014-03-28 09:45:54", "2014-03-28 09:58:47", nospace
"2014-03-28 10:01:23", "2014-03-28 10:14:20", nospace
"2014-03-28 10:32:27", "2014-03-28 10:37:38", nospace
"2014-03-28 10:58:22", "2014-03-28 11:06:08", nospace
"2014-03-28 11:08:44", "2014-03-28 11:46:01", nospace
"2014-03-28 13:40:16", "2014-03-28 13:45:26", nospace
"2014-03-28 13:48:00", "2014-03-28 14:03:35", nospace
"2014-03-28 17:33:34", "2014-03-28 18:15:03", nospace
"2014-03-29 00:46:50", "2014-03-29 00:48:39", nospace
"2014-03-29 05:04:54", "2014-03-29 05:25:39", nospace
"2014-03-29 05:28:16", "2014-03-29 05:33:27", nospace
"2014-03-29 05:43:53", "2014-03-29 06:04:43", nospace
"2014-03-29 06:15:08", "2014-03-29 06:35:56", nospace
"2014-03-29 06:43:45", "2014-03-29 06:57:00", nospace
"2014-03-29 07:17:50", "2014-03-29 07:20:26", nospace
"2014-03-29 07:23:02", "2014-03-29 07:25:36", nospace
"2014-03-29 07:46:24", "2014-03-29 07:53:51", nospace
"2014-03-29 07:54:36", "2014-03-29 08:26:33", nospace
"2014-03-29 08:31:46", "2014-03-29 08:38:40", nospace
"2014-03-29 08:53:43", "2014-03-29 09:22:22", nospace
"2014-03-29 09:58:49", "2014-03-29 10:10:20", nospace
"2014-03-30 03:02:09", "2014-03-30 03:12:37", nospace
"2014-03-30 03:23:04", "2014-03-30 04:19:33", nospace
"2014-03-30 04:29:24", "2014-03-30 04:31:56", nospace
"2014-03-30 04:45:19", "2014-03-30 05:07:36", nospace
"2014-03-30 06:07:26", "2014-03-30 06:10:02", nospace
"2014-03-30 06:20:28", "2014-03-30 06:23:04", nospace
"2014-03-30 06:47:55", "2014-03-30 07:14:22", nospace
"2014-03-30 07:32:41", "2014-03-30 07:45:49", nospace
"2014-03-30 08:00:53", "2014-03-30 08:03:10", nospace
"2014-03-30 08:08:01", "2014-03-30 08:31:26", nospace
"2014-03-30 08:34:04", "2014-03-30 08:36:41", nospace
"2014-03-30 08:47:09", "2014-03-30 09:15:54", nospace
"2014-03-30 09:40:41", "2014-03-30 09:45:55", nospace
"2014-03-31 04:32:05", "2014-03-31 04:37:44", nospace
"2014-03-31 04:39:29", "2014-03-31 04:54:12", nospace
"2014-03-31 05:02:05", "2014-03-31 05:04:43", nospace
"2014-03-31 06:03:41", "2014-03-31 06:19:25", nospace
"2014-03-31 11:25:30", "2014-03-31 11:28:09", nospace
"2014-03-31 11:30:45", "2014-03-31 11:33:24", nospace
"2014-03-31 11:35:59", "2014-03-31 11:38:37", nospace
"2014-03-31 13:30:01", "2014-03-31 13:38:04", nospace
"2014-03-31 13:45:57", "2014-03-31 13:53:50", nospace
"2014-03-31 13:56:27", "2014-03-31 14:25:24", nospace
"2014-03-31 14:30:40", "2014-03-31 14:56:56", nospace
"2014-03-31 15:20:37", "2014-03-31 15:23:14", nospace
"2014-03-31 15:28:30", "2014-03-31 16:15:47", nospace
"2014-04-01 06:55:43", "2014-04-01 06:58:22", nospace
"2014-04-01 07:22:05", "2014-04-01 07:27:22", nospace
"2014-04-01 07:39:34", "2014-04-01 07:42:12", nospace
"2014-04-01 09:22:25", "2014-04-01 09:27:41", nospace
"2014-04-01 09:30:18", "2014-04-01 09:59:17", nospace
"2014-04-01 10:01:54", "2014-04-01 10:15:06", nospace
"2014-04-01 10:25:39", "2014-04-01 10:41:29", nospace
"2014-04-01 10:44:06", "2014-04-01 11:13:08", nospace
"2014-04-01 11:15:47", "2014-04-01 11:18:26", nospace
"2014-04-01 11:21:03", "2014-04-01 12:01:42", nospace
"2014-04-01 12:45:59", "2014-04-01 12:51:30", nospace
"2014-04-01 12:58:50", "2014-04-01 13:32:50", nospace
"2014-04-02 09:28:52", "2014-04-02 09:50:05", nospace
"2014-04-02 10:08:36", "2014-04-02 10:19:11", nospace
"2014-04-02 10:21:51", "2014-04-02 10:37:44", nospace
"2014-04-02 10:40:24", "2014-04-02 10:56:48", nospace
"2014-04-02 10:59:44", "2014-04-02 11:21:32", nospace
"2014-04-02 11:29:29", "2014-04-02 11:51:04", nospace
"2014-04-02 11:55:06", "2014-04-02 12:05:13", nospace
"2014-04-02 12:09:51", "2014-04-02 12:53:44", nospace
"2014-04-02 12:56:24", "2014-04-02 13:06:59", nospace
"2014-04-02 13:30:53", "2014-04-02 13:38:49", nospace
"2014-04-02 13:49:26", "2014-04-02 14:02:39", nospace
"2014-04-03 00:13:23", "2014-04-03 00:18:42", nobike
"2014-04-03 00:29:19", "2014-04-03 00:45:15", nobike
"2014-04-03 11:19:43", "2014-04-03 11:30:22", nospace
"2014-04-04 01:06:28", "2014-04-04 01:14:26", nospace
"2014-04-04 01:22:28", "2014-04-04 01:41:09", nospace
"2014-04-04 07:40:19", "2014-04-04 07:43:00", nospace
"2014-04-04 07:45:40", "2014-04-04 07:53:39", nospace
"2014-04-04 07:56:20", "2014-04-04 08:04:21", nospace
"2014-04-04 08:17:43", "2014-04-04 08:28:27", nospace
"2014-04-04 08:52:30", "2014-04-04 09:00:30", nospace
"2014-04-04 09:03:10", "2014-04-04 09:08:28", nospace
"2014-04-04 09:11:09", "2014-04-04 09:27:11", nospace
"2014-04-04 09:32:34", "2014-04-04 09:35:12", nospace
"2014-04-04 10:01:58", "2014-04-04 10:04:38", nospace
"2014-04-04 11:45:02", "2014-04-04 11:55:43", nospace
"2014-04-04 12:19:45", "2014-04-04 12:38:26", nospace
"2014-04-04 12:59:50", "2014-04-04 13:07:52", nospace
"2014-04-05 06:44:44", "2014-04-05 06:51:31", nospace
"2014-04-05 07:10:16", "2014-04-05 07:13:14", nospace
"2014-04-05 07:17:13", "2014-04-05 07:36:04", nospace
"2014-04-05 07:38:45", "2014-04-05 07:46:47", nospace
"2014-04-05 08:18:58", "2014-04-05 08:27:02", nospace
"2014-04-05 08:40:27", "2014-04-05 08:43:08", nospace
"2014-04-05 08:45:49", "2014-04-05 09:01:55", nospace
"2014-04-05 09:04:35", "2014-04-05 09:12:39", nospace
"2014-04-05 09:31:26", "2014-04-05 09:47:32", nospace
"2014-04-05 09:50:14", "2014-04-05 09:58:19", nospace
"2014-04-05 10:00:59", "2014-04-05 10:09:01", nospace
"2014-04-05 10:14:21", "2014-04-05 10:25:07", nospace
"2014-04-05 10:35:54", "2014-04-05 10:43:58", nospace
"2014-04-05 10:46:38", "2014-04-05 10:52:00", nospace
"2014-04-05 11:08:06", "2014-04-05 11:24:16", nospace
"2014-04-05 11:26:57", "2014-04-05 11:29:37", nospace
"2014-04-05 11:37:42", "2014-04-05 11:53:47", nospace
"2014-04-05 11:59:08", "2014-04-05 12:09:53", nospace
"2014-04-05 12:12:34", "2014-04-05 12:15:12", nospace
"2014-04-05 12:41:05", "2014-04-05 12:43:45", nospace
"2014-04-05 12:46:26", "2014-04-05 12:49:07", nospace
"2014-04-05 23:50:58", "2014-04-06 00:16:37", nospace
"2014-04-06 02:31:00", "2014-04-06 02:33:41", nospace
"2014-04-06 02:39:02", "2014-04-06 03:10:01", nospace
"2014-04-06 03:12:44", "2014-04-06 03:31:32", nospace
"2014-04-06 03:39:37", "2014-04-06 03:42:17", nospace
"2014-04-06 03:50:21", "2014-04-06 03:53:03", nospace
"2014-04-06 04:14:38", "2014-04-06 04:17:19", nospace
"2014-04-06 04:33:28", "2014-04-06 04:44:13", nospace
"2014-04-06 05:01:06", "2014-04-06 05:17:22", nospace
"2014-04-06 06:11:45", "2014-04-06 06:17:15", nospace
"2014-04-06 06:50:01", "2014-04-06 06:55:25", nospace
"2014-04-06 07:20:58", "2014-04-06 07:28:18", nospace
"2014-04-06 07:42:35", "2014-04-06 07:47:58", nospace
"2014-04-06 08:10:53", "2014-04-06 08:48:36", nospace
"2014-04-06 08:51:18", "2014-04-06 09:07:29", nospace
"2014-04-06 09:10:11", "2014-04-06 09:18:15", nospace
"2014-04-06 09:56:01", "2014-04-06 10:06:30", nospace
"2014-04-06 10:16:38", "2014-04-06 10:17:25", nospace
"2014-04-06 10:21:45", "2014-04-06 10:29:49", nospace
"2014-04-06 10:35:14", "2014-04-06 10:51:22", nospace
"2014-04-06 16:30:53", "2014-04-06 17:00:32", nospace
"2014-04-07 12:55:11", "2014-04-07 12:57:53", nospace
"2014-04-07 13:44:26", "2014-04-07 13:47:23", nospace
"2014-04-07 17:07:44", "2014-04-07 21:19:03", nospace
"2014-04-08 09:51:44", "2014-04-08 09:54:28", nospace
"2014-04-08 10:14:27", "2014-04-08 10:15:42", nospace
"2014-04-08 10:18:44", "2014-04-08 10:21:46", nospace
"2014-04-08 10:23:55", "2014-04-08 10:25:48", nospace
"2014-04-08 10:28:31", "2014-04-08 10:33:57", nospace
"2014-04-08 10:36:40", "2014-04-08 10:40:19", nospace
"2014-04-08 10:41:06", "2014-04-08 10:41:54", nospace
"2014-04-08 11:10:46", "2014-04-08 11:24:21", nospace
"2014-04-08 11:27:04", "2014-04-08 11:29:46", nospace
"2014-04-08 13:10:16", "2014-04-08 13:15:43", nospace
"2014-04-08 13:18:26", "2014-04-08 13:23:52", nospace
"2014-04-08 13:26:35", "2014-04-08 13:32:01", nospace
"2014-04-08 22:34:50", "2014-04-08 22:56:36", nospace
"2014-04-08 22:59:20", "2014-04-08 23:21:07", nospace
"2014-04-09 06:29:21", "2014-04-09 06:42:58", nospace
"2014-04-09 09:59:27", "2014-04-09 10:02:10", nospace
"2014-04-09 10:13:02", "2014-04-09 10:18:31", nospace
"2014-04-09 10:21:13", "2014-04-09 10:23:57", nospace
"2014-04-09 10:34:50", "2014-04-09 11:07:32", nospace
"2014-04-09 13:44:40", "2014-04-09 13:49:35", nospace
"2014-04-09 14:06:22", "2014-04-09 14:08:27", nospace
"2014-04-09 14:11:12", "2014-04-09 14:35:44", nospace
"2014-04-09 23:45:31", "2014-04-09 23:48:13", nospace
"2014-04-09 23:49:03", "2014-04-09 23:49:53", nospace
"2014-04-10 09:51:35", "2014-04-10 10:02:31", nospace
"2014-04-10 10:10:42", "2014-04-10 10:13:27", nospace
"2014-04-10 10:21:39", "2014-04-10 10:32:35", nospace
"2014-04-10 10:38:04", "2014-04-10 10:49:01", nospace
"2014-04-10 10:54:28", "2014-04-10 11:02:42", nospace
"2014-04-11 09:02:54", "2014-04-11 09:08:24", nobike
"2014-04-11 10:21:39", "2014-04-11 10:39:26", nospace
"2014-04-11 10:44:56", "2014-04-11 11:04:07", nospace
"2014-04-11 11:06:54", "2014-04-11 11:31:38", nospace
"2014-04-11 12:20:48", "2014-04-11 12:39:24", nospace
"2014-04-11 12:42:09", "2014-04-11 13:18:01", nospace
"2014-04-11 13:29:22", "2014-04-11 13:35:52", nospace
"2014-04-11 13:46:52", "2014-04-11 13:49:37", nospace
"2014-04-11 13:55:05", "2014-04-11 14:00:33", nospace
"2014-04-11 14:03:21", "2014-04-11 14:08:48", nospace
"2014-04-11 14:33:33", "2014-04-11 14:43:06", nospace
"2014-04-11 16:56:05", "2014-04-11 17:04:19", nospace
"2014-04-11 18:11:53", "2014-04-11 18:22:54", nospace
"2014-04-11 19:39:51", "2014-04-11 20:59:47", nospace
"2014-04-11 23:27:09", "2014-04-11 23:46:35", nospace
"2014-04-12 01:02:48", "2014-04-12 01:13:49", nospace
"2014-04-12 01:49:20", "2014-04-12 01:55:22", nospace
"2014-04-12 01:57:13", "2014-04-12 01:59:34", nospace
"2014-04-12 02:02:20", "2014-04-12 02:14:58", nospace
"2014-04-12 02:39:43", "2014-04-12 02:45:13", nospace
"2014-04-12 04:02:16", "2014-04-12 04:07:46", nospace
"2014-04-12 04:25:02", "2014-04-12 04:36:55", nospace
"2014-04-12 04:50:41", "2014-04-12 05:04:26", nospace
"2014-04-12 06:49:14", "2014-04-12 06:52:24", nospace
"2014-04-12 06:56:35", "2014-04-12 07:04:51", nospace
"2014-04-12 07:13:08", "2014-04-12 07:29:42", nospace
"2014-04-12 07:37:57", "2014-04-12 07:48:57", nospace
"2014-04-12 07:57:12", "2014-04-12 08:08:12", nospace
"2014-04-12 08:13:42", "2014-04-12 08:30:16", nospace
"2014-04-12 08:33:01", "2014-04-12 08:44:04", nospace
"2014-04-12 08:49:33", "2014-04-12 08:52:17", nospace
"2014-04-12 08:55:02", "2014-04-12 09:00:34", nospace
"2014-04-12 09:23:25", "2014-04-12 09:36:17", nospace
"2014-04-12 09:46:16", "2014-04-12 09:51:46", nospace
"2014-04-12 11:54:36", "2014-04-12 12:08:24", nospace
"2014-04-12 14:17:13", "2014-04-12 14:19:59", nospace
"2014-04-12 14:40:50", "2014-04-12 15:00:07", nospace
"2014-04-12 15:11:11", "2014-04-12 15:24:58", nospace
"2014-04-12 15:27:44", "2014-04-12 15:30:28", nospace
"2014-04-13 01:44:38", "2014-04-13 01:50:10", nospace
"2014-04-13 02:37:07", "2014-04-13 02:39:53", nospace
"2014-04-13 02:47:16", "2014-04-13 03:19:39", nospace
"2014-04-13 03:22:48", "2014-04-13 03:27:45", nospace
"2014-04-13 03:42:10", "2014-04-13 03:46:43", nospace
"2014-04-13 08:26:45", "2014-04-13 08:51:38", nospace
"2014-04-13 10:21:50", "2014-04-13 10:46:41", nospace
"2014-04-13 11:45:30", "2014-04-13 11:48:17", nospace
"2014-04-14 00:27:32", "2014-04-14 00:35:52", nobike
"2014-04-14 07:40:38", "2014-04-14 07:43:43", nobike
"2014-04-14 07:53:11", "2014-04-14 07:59:31", nobike
"2014-04-14 08:05:06", "2014-04-14 08:07:53", nobike
"2014-04-14 08:11:16", "2014-04-14 08:12:19", nobike
"2014-04-14 08:31:45", "2014-04-14 08:34:33", nobike
"2014-04-14 08:40:07", "2014-04-14 09:02:17", nobike
"2014-04-14 10:41:06", "2014-04-14 10:49:26", nospace
"2014-04-14 10:52:15", "2014-04-14 11:00:34", nospace
"2014-04-14 11:33:54", "2014-04-14 11:36:42", nospace
"2014-04-14 11:42:15", "2014-04-14 11:50:18", nospace
"2014-04-14 11:51:38", "2014-04-14 12:08:38", nospace
"2014-04-14 12:10:13", "2014-04-14 12:13:17", nospace
"2014-04-14 12:16:24", "2014-04-14 12:18:35", nospace
"2014-04-14 12:25:41", "2014-04-14 12:32:38", nospace
"2014-04-14 12:58:02", "2014-04-14 13:06:22", nospace
"2014-04-14 13:11:56", "2014-04-14 13:17:30", nospace
"2014-04-15 00:41:47", "2014-04-15 01:01:16", nobike
"2014-04-15 09:14:13", "2014-04-15 09:19:47", nospace
"2014-04-15 09:22:34", "2014-04-15 09:28:09", nospace
"2014-04-15 09:33:43", "2014-04-15 09:36:29", nospace
"2014-04-15 09:39:17", "2014-04-15 10:25:37", nospace
"2014-04-15 10:28:25", "2014-04-15 10:31:10", nospace
"2014-04-15 10:33:58", "2014-04-15 10:42:19", nospace
"2014-04-15 10:50:33", "2014-04-15 11:28:50", nospace
"2014-04-15 11:51:07", "2014-04-15 11:56:41", nospace
"2014-04-15 11:59:29", "2014-04-15 12:02:16", nospace
"2014-04-15 12:10:39", "2014-04-15 12:31:50", nospace
"2014-04-15 12:40:15", "2014-04-15 12:45:50", nospace
"2014-04-15 13:19:18", "2014-04-15 13:27:40", nospace
"2014-04-15 13:41:35", "2014-04-15 13:47:08", nospace
"2014-04-15 13:52:58", "2014-04-15 14:00:48", nospace
"2014-04-15 14:03:56", "2014-04-15 14:07:07", nospace
"2014-04-15 14:33:27", "2014-04-15 14:34:37", nospace
"2014-04-15 14:42:15", "2014-04-15 14:52:57", nospace
"2014-04-16 05:19:27", "2014-04-16 05:27:51", nobike
"2014-04-16 09:11:36", "2014-04-16 09:20:00", nospace
"2014-04-16 09:25:34", "2014-04-16 09:28:52", nospace
"2014-04-16 09:32:00", "2014-04-16 09:38:31", nospace
"2014-04-16 09:46:55", "2014-04-16 09:49:42", nospace
"2014-04-16 09:52:31", "2014-04-16 10:14:53", nospace
"2014-04-16 10:17:44", "2014-04-16 10:20:32", nospace
"2014-04-16 10:40:10", "2014-04-16 10:42:57", nospace
"2014-04-16 10:45:45", "2014-04-16 10:51:21", nospace
"2014-04-16 10:54:09", "2014-04-16 11:08:10", nospace
"2014-04-16 11:10:58", "2014-04-16 11:13:47", nospace
"2014-04-16 11:47:21", "2014-04-16 11:55:46", nospace
"2014-04-16 12:18:12", "2014-04-16 12:26:33", nospace
"2014-04-16 12:29:22", "2014-04-16 12:37:45", nospace
"2014-04-16 12:46:07", "2014-04-16 12:48:56", nospace
"2014-04-16 13:00:07", "2014-04-16 13:08:32", nospace
"2014-04-16 13:42:06", "2014-04-16 13:51:32", nospace
"2014-04-16 13:57:48", "2014-04-16 14:06:13", nospace
"2014-04-16 14:29:13", "2014-04-16 14:33:09", nospace
"2014-04-16 23:47:48", "2014-04-16 23:50:37", nospace
"2014-04-16 23:56:11", "2014-04-17 00:10:04", nospace
"2014-04-17 00:17:35", "2014-04-17 00:23:12", nospace
"2014-04-17 09:11:44", "2014-04-17 09:22:59", nospace
"2014-04-17 09:25:46", "2014-04-17 09:31:24", nospace
"2014-04-17 09:34:13", "2014-04-17 09:39:49", nospace
"2014-04-17 09:42:38", "2014-04-17 09:45:27", nospace
"2014-04-17 09:51:04", "2014-04-17 09:59:29", nospace
"2014-04-17 10:15:36", "2014-04-17 10:18:25", nospace
"2014-04-17 10:24:03", "2014-04-17 10:40:56", nospace
"2014-04-17 10:52:11", "2014-04-17 11:14:37", nospace
"2014-04-17 11:20:17", "2014-04-17 11:34:16", nospace
"2014-04-17 12:09:50", "2014-04-17 12:17:12", nospace
"2014-04-17 12:19:01", "2014-04-17 12:27:13", nospace
"2014-04-17 13:26:51", "2014-04-17 13:32:28", nospace
"2014-04-17 13:35:17", "2014-04-17 13:38:08", nospace
"2014-04-17 13:41:51", "2014-04-17 13:46:59", nospace
"2014-04-17 14:18:05", "2014-04-17 14:37:49", nospace
"2014-04-17 14:49:07", "2014-04-17 14:51:56", nospace
"2014-04-17 14:54:44", "2014-04-17 15:00:22", nospace
"2014-04-17 15:03:10", "2014-04-17 15:17:15", nospace
"2014-04-17 15:36:56", "2014-04-17 15:39:44", nospace
"2014-04-18 09:56:04", "2014-04-18 10:01:44", nospace
"2014-04-18 10:29:53", "2014-04-18 10:35:30", nospace
"2014-04-18 10:38:19", "2014-04-18 10:46:46", nospace
"2014-04-18 10:49:35", "2014-04-18 10:55:14", nospace
"2014-04-18 10:58:03", "2014-04-18 11:09:21", nospace
"2014-04-18 11:34:45", "2014-04-18 11:46:02", nospace
"2014-04-18 12:00:10", "2014-04-18 12:02:58", nospace
"2014-04-18 12:05:48", "2014-04-18 12:12:23", nospace
"2014-04-18 12:32:39", "2014-04-18 12:45:13", nospace
"2014-04-18 12:48:03", "2014-04-18 13:04:59", nospace
"2014-04-18 13:27:29", "2014-04-18 13:41:36", nospace
"2014-04-18 13:50:04", "2014-04-18 14:09:52", nospace
"2014-04-18 14:35:19", "2014-04-18 14:52:16", nospace
"2014-04-18 15:11:07", "2014-04-18 15:19:36", nospace
"2014-04-18 15:36:33", "2014-04-18 15:42:12", nospace
"2014-04-19 00:46:22", "2014-04-19 01:21:44", nospace
"2014-04-19 01:55:57", "2014-04-19 01:58:46", nospace
"2014-04-19 02:40:07", "2014-04-19 02:45:47", nospace
"2014-04-19 02:51:27", "2014-04-19 02:59:55", nospace
"2014-04-19 03:45:22", "2014-04-19 03:52:40", nospace
"2014-04-19 04:12:28", "2014-04-19 04:14:13", nospace
"2014-04-19 06:11:28", "2014-04-19 06:17:09", nospace
"2014-04-19 06:20:00", "2014-04-19 06:31:26", nospace
"2014-04-19 06:48:41", "2014-04-19 07:02:48", nospace
"2014-04-19 07:14:09", "2014-04-19 07:16:58", nospace
"2014-04-19 07:36:46", "2014-04-19 07:53:49", nospace
"2014-04-19 08:29:45", "2014-04-19 08:32:35", nospace
"2014-04-19 08:35:26", "2014-04-19 08:46:47", nospace
"2014-04-19 08:49:36", "2014-04-19 08:55:14", nospace
"2014-04-19 09:15:05", "2014-04-19 09:18:52", nospace
"2014-04-19 09:20:20", "2014-04-19 09:28:22", nospace
"2014-04-19 09:36:47", "2014-04-19 09:39:51", nospace
"2014-04-19 09:42:41", "2014-04-19 09:45:31", nospace
"2014-04-19 12:20:07", "2014-04-19 12:22:56", nospace
"2014-04-19 12:31:26", "2014-04-19 12:42:46", nospace
"2014-04-19 13:19:44", "2014-04-19 13:25:24", nospace
"2014-04-19 13:39:34", "2014-04-19 14:13:31", nospace
"2014-04-19 14:19:12", "2014-04-19 14:44:41", nospace
"2014-04-19 14:50:20", "2014-04-19 14:55:59", nospace
"2014-04-19 14:58:49", "2014-04-19 15:10:10", nospace
"2014-04-19 15:27:08", "2014-04-19 15:32:47", nospace
"2014-04-19 15:35:36", "2014-04-19 15:41:16", nospace
"2014-04-19 16:15:17", "2014-04-19 16:18:07", nospace
"2014-04-19 18:19:53", "2014-04-19 18:43:35", nospace
"2014-04-19 23:19:56", "2014-04-19 23:25:37", nospace
"2014-04-20 00:45:03", "2014-04-20 01:36:10", nospace
"2014-04-20 01:53:11", "2014-04-20 02:07:22", nospace
"2014-04-20 02:21:35", "2014-04-20 02:45:00", nospace
"2014-04-20 02:46:44", "2014-04-20 02:54:48", nospace
"2014-04-20 03:07:48", "2014-04-20 04:18:45", nospace
"2014-04-20 04:24:24", "2014-04-20 04:30:05", nospace
"2014-04-20 04:49:56", "2014-04-20 04:58:25", nospace
"2014-04-20 05:06:58", "2014-04-20 05:12:39", nospace
"2014-04-20 05:43:55", "2014-04-20 06:17:58", nospace
"2014-04-20 06:26:58", "2014-04-20 06:35:04", nospace
"2014-04-20 06:49:18", "2014-04-20 07:01:00", nospace
"2014-04-20 07:15:13", "2014-04-20 07:29:25", nospace
"2014-04-20 07:32:15", "2014-04-20 07:35:07", nospace
"2014-04-20 07:59:41", "2014-04-20 08:02:32", nospace
"2014-04-20 08:52:39", "2014-04-20 09:01:10", nospace
"2014-04-20 09:09:41", "2014-04-20 09:11:23", nospace
"2014-04-20 09:25:47", "2014-04-20 09:28:37", nospace
"2014-04-20 09:34:17", "2014-04-20 09:42:48", nospace
"2014-04-20 10:22:32", "2014-04-20 10:25:24", nospace
"2014-04-21 05:54:26", "2014-04-21 05:57:16", nospace
"2014-04-21 09:32:21", "2014-04-21 09:52:21", nospace
"2014-04-21 09:55:12", "2014-04-21 09:58:03", nospace
"2014-04-21 10:00:54", "2014-04-21 10:06:36", nospace
"2014-04-21 10:12:18", "2014-04-21 10:15:10", nospace
"2014-04-21 10:18:01", "2014-04-21 10:20:54", nospace
"2014-04-21 10:23:45", "2014-04-21 10:29:26", nospace
"2014-04-21 10:32:19", "2014-04-21 10:35:09", nospace
"2014-04-21 10:43:42", "2014-04-21 10:46:33", nospace
"2014-04-21 10:51:47", "2014-04-21 11:01:56", nospace
"2014-04-21 11:07:19", "2014-04-21 11:10:10", nospace
"2014-04-21 11:24:26", "2014-04-21 11:35:50", nospace
"2014-04-21 11:41:32", "2014-04-21 11:50:05", nospace
"2014-04-21 11:55:49", "2014-04-21 12:01:29", nospace
"2014-04-21 12:07:13", "2014-04-21 12:12:52", nospace
"2014-04-21 12:15:43", "2014-04-21 12:21:27", nospace
"2014-04-21 13:44:02", "2014-04-21 13:51:44", nospace
"2014-04-21 13:54:36", "2014-04-21 14:08:53", nospace
"2014-04-21 14:14:34", "2014-04-21 14:17:25", nospace
"2014-04-21 14:20:16", "2014-04-21 14:23:07", nospace
"2014-04-21 15:03:02", "2014-04-21 15:09:20", nospace
"2014-04-21 15:18:13", "2014-04-21 15:19:22", nospace
"2014-04-21 15:22:04", "2014-04-21 15:30:38", nospace
"2014-04-21 23:32:20", "2014-04-21 23:43:23", nospace
"2014-04-21 23:45:49", "2014-04-21 23:50:43", nospace
"2014-04-22 04:32:19", "2014-04-22 04:46:37", nospace
"2014-04-22 05:03:48", "2014-04-22 05:20:55", nospace
"2014-04-22 09:22:43", "2014-04-22 09:42:44", nospace
"2014-04-22 09:45:35", "2014-04-22 09:54:10", nospace
"2014-04-22 09:57:01", "2014-04-22 09:59:53", nospace
"2014-04-22 10:05:39", "2014-04-22 10:25:40", nospace
"2014-04-22 10:31:25", "2014-04-22 10:34:16", nospace
"2014-04-22 10:45:43", "2014-04-22 10:57:09", nospace
"2014-04-22 11:05:44", "2014-04-22 11:08:35", nospace
"2014-04-22 11:42:03", "2014-04-22 11:47:47", nospace
"2014-04-22 11:53:30", "2014-04-22 12:07:48", nospace
"2014-04-22 12:09:36", "2014-04-22 12:21:12", nospace
"2014-04-22 12:24:04", "2014-04-22 12:26:56", nospace
"2014-04-23 00:11:02", "2014-04-23 00:13:53", nospace
"2014-04-23 02:52:18", "2014-04-23 02:58:02", nospace
"2014-04-23 03:06:38", "2014-04-23 03:21:49", nospace
"2014-04-23 03:24:24", "2014-04-23 03:45:50", nospace
"2014-04-23 04:00:09", "2014-04-23 04:03:01", nospace
"2014-04-23 09:38:28", "2014-04-23 09:51:37", nospace
"2014-04-23 09:52:39", "2014-04-23 09:58:43", nospace
"2014-04-23 10:09:10", "2014-04-23 10:12:02", nospace
"2014-04-23 10:14:53", "2014-04-23 10:20:37", nospace
"2014-04-23 10:23:30", "2014-04-23 10:26:22", nospace
"2014-04-23 10:40:53", "2014-04-23 11:00:58", nospace
"2014-04-23 11:55:32", "2014-04-23 12:04:08", nospace
"2014-04-23 12:12:55", "2014-04-23 12:38:01", nospace
"2014-04-23 12:40:55", "2014-04-23 13:00:53", nospace
"2014-04-24 04:50:41", "2014-04-24 05:02:32", nospace
"2014-04-24 05:05:24", "2014-04-24 05:08:18", nospace
"2014-04-24 09:28:42", "2014-04-24 09:31:34", nospace
"2014-04-24 09:45:59", "2014-04-24 09:48:51", nospace
"2014-04-24 09:57:31", "2014-04-24 10:23:25", nospace
"2014-04-24 10:26:18", "2014-04-24 10:52:13", nospace
"2014-04-24 10:55:05", "2014-04-24 11:27:38", nospace
"2014-04-24 11:40:15", "2014-04-24 12:17:46", nospace
"2014-04-24 12:20:37", "2014-04-24 12:23:30", nospace
"2014-04-24 12:53:49", "2014-04-24 12:57:10", nospace
"2014-04-24 13:11:36", "2014-04-24 13:26:01", nospace
"2014-04-24 13:28:54", "2014-04-24 13:49:09", nospace
"2014-04-24 16:02:50", "2014-04-24 16:05:42", nospace
"2014-04-24 16:48:59", "2014-04-24 17:03:25", nospace
"2014-04-25 00:57:45", "2014-04-25 01:00:58", nospace
"2014-04-25 01:04:09", "2014-04-25 01:08:48", nospace
"2014-04-25 07:15:01", "2014-04-25 07:23:42", nospace
"2014-04-25 07:26:35", "2014-04-25 07:29:29", nospace
"2014-04-25 10:27:14", "2014-04-25 10:44:36", nospace
"2014-04-25 11:22:12", "2014-04-25 11:33:47", nospace
"2014-04-25 12:31:38", "2014-04-25 12:49:01", nospace
"2014-04-25 12:54:48", "2014-04-25 13:09:17", nospace
"2014-04-25 13:23:47", "2014-04-25 13:35:21", nospace
"2014-04-25 14:20:47", "2014-04-25 14:43:55", nospace
"2014-04-25 15:12:59", "2014-04-25 15:15:05", nospace
"2014-04-25 16:43:47", "2014-04-25 17:00:26", nospace
"2014-04-25 17:17:33", "2014-04-25 17:52:17", nospace
"2014-04-25 19:25:02", "2014-04-25 21:20:06", nospace
"2014-04-25 23:18:59", "2014-04-25 23:24:48", nospace
"2014-04-26 00:25:40", "2014-04-26 00:42:49", nospace
"2014-04-26 00:54:04", "2014-04-26 00:56:58", nospace
"2014-04-26 01:02:46", "2014-04-26 01:05:39", nospace
"2014-04-26 01:08:33", "2014-04-26 01:14:21", nospace
"2014-04-26 01:17:13", "2014-04-26 01:20:07", nospace
"2014-04-26 01:23:21", "2014-04-26 01:25:25", nospace
"2014-04-26 01:31:50", "2014-04-26 01:42:32", nospace
"2014-04-26 01:45:17", "2014-04-26 01:51:04", nospace
"2014-04-26 02:15:11", "2014-04-26 02:20:21", nospace
"2014-04-26 02:22:08", "2014-04-26 02:39:33", nospace
"2014-04-26 03:02:40", "2014-04-26 03:05:34", nospace
"2014-04-26 03:08:27", "2014-04-26 03:42:44", nospace
"2014-04-26 04:11:23", "2014-04-26 04:20:04", nospace
"2014-04-26 04:22:58", "2014-04-26 04:25:53", nospace
"2014-04-26 04:54:51", "2014-04-26 04:57:45", nospace
"2014-04-26 05:12:14", "2014-04-26 06:03:37", nospace
"2014-04-26 06:06:31", "2014-04-26 06:09:25", nospace
"2014-04-26 12:59:47", "2014-04-26 13:01:33", nospace
"2014-04-26 14:39:43", "2014-04-26 15:00:02", nospace
"2014-04-26 15:05:51", "2014-04-26 15:11:05", nospace
"2014-04-27 03:36:12", "2014-04-27 03:39:06", nospace
"2014-04-27 03:42:00", "2014-04-27 03:47:50", nospace
"2014-04-27 03:50:45", "2014-04-27 04:02:21", nospace
"2014-04-27 04:05:15", "2014-04-27 04:16:54", nospace
"2014-04-27 04:59:38", "2014-04-27 05:11:16", nospace
"2014-04-27 05:14:09", "2014-04-27 05:22:54", nospace
"2014-04-27 06:02:22", "2014-04-27 06:08:44", nospace
"2014-04-27 06:11:35", "2014-04-27 06:41:12", nospace
"2014-04-27 06:49:59", "2014-04-27 06:52:54", nospace
"2014-04-27 07:07:28", "2014-04-27 07:13:18", nospace
"2014-04-27 07:16:12", "2014-04-27 07:22:03", nospace
"2014-04-27 07:24:56", "2014-04-27 07:37:15", nospace
"2014-04-27 07:56:06", "2014-04-27 08:01:57", nospace
"2014-04-27 08:04:51", "2014-04-27 08:13:35", nospace
"2014-04-27 08:22:19", "2014-04-27 08:28:10", nospace
"2014-04-27 08:31:04", "2014-04-27 08:36:55", nospace
"2014-04-27 08:39:49", "2014-04-27 09:11:55", nospace
"2014-04-27 09:32:19", "2014-04-27 09:38:08", nospace
"2014-04-27 09:58:34", "2014-04-27 10:04:23", nospace
"2014-04-27 10:33:58", "2014-04-27 10:40:27", nospace
"2014-04-27 10:53:21", "2014-04-27 10:59:11", nospace
"2014-04-27 11:10:51", "2014-04-27 11:16:40", nospace
"2014-04-27 23:33:43", "2014-04-27 23:40:43", nobike
"2014-04-27 23:47:07", "2014-04-27 23:49:07", nobike
"2014-04-28 03:17:03", "2014-04-28 03:28:45", nobike
"2014-04-28 06:58:34", "2014-04-28 07:01:28", nobike
"2014-04-28 07:13:09", "2014-04-28 07:21:55", nobike
"2014-04-28 08:02:00", "2014-04-28 08:07:52", nobike
"2014-04-28 09:26:51", "2014-04-28 09:29:47", nospace
"2014-04-28 09:44:21", "2014-04-28 09:53:07", nospace
"2014-04-28 09:56:03", "2014-04-28 10:10:39", nospace
"2014-04-28 10:48:40", "2014-04-28 10:57:27", nospace
"2014-04-28 12:00:58", "2014-04-28 12:06:49", nospace
"2014-04-28 12:12:42", "2014-04-28 12:15:35", nospace
"2014-04-28 12:27:18", "2014-04-28 12:36:08", nospace
"2014-04-28 12:39:03", "2014-04-28 13:02:25", nospace
"2014-04-28 13:24:13", "2014-04-28 13:30:51", nospace
"2014-04-28 13:39:04", "2014-04-28 13:54:34", nospace
"2014-04-28 13:57:50", "2014-04-28 14:03:01", nospace
"2014-04-28 14:19:50", "2014-04-28 14:40:15", nospace
"2014-04-28 23:47:48", "2014-04-28 23:52:44", nospace
"2014-04-29 06:02:40", "2014-04-29 06:05:36", nospace
"2014-04-29 06:08:31", "2014-04-29 06:11:28", nospace
"2014-04-29 06:23:11", "2014-04-29 06:26:12", nospace
"2014-04-29 06:58:47", "2014-04-29 07:04:40", nospace
"2014-04-29 11:12:29", "2014-04-29 11:18:20", nospace
"2014-04-29 11:21:16", "2014-04-29 11:35:55", nospace
"2014-04-29 12:22:05", "2014-04-29 12:25:01", nospace
"2014-04-29 12:30:52", "2014-04-29 12:57:17", nospace
"2014-04-29 13:03:09", "2014-04-29 13:06:06", nospace
"2014-04-29 13:14:55", "2014-04-29 13:26:38", nospace
"2014-04-29 13:29:35", "2014-04-29 13:32:31", nospace
"2014-04-29 13:35:27", "2014-04-29 13:38:22", nospace
"2014-04-29 13:41:18", "2014-04-29 13:44:14", nospace
"2014-04-29 13:55:59", "2014-04-29 14:04:47", nospace
"2014-04-29 14:07:43", "2014-04-29 14:22:25", nospace
"2014-04-29 14:25:23", "2014-04-29 14:31:15", nospace
"2014-04-30 01:02:30", "2014-04-30 01:06:18", nospace
"2014-04-30 02:00:30", "2014-04-30 02:12:14", nospace
"2014-04-30 02:18:06", "2014-04-30 02:26:56", nospace
"2014-04-30 16:31:42", "2014-04-30 17:07:03", nospace
"2014-05-01 01:12:17", "2014-05-01 01:21:10", nospace
"2014-05-01 01:38:53", "2014-05-01 01:50:41", nospace
"2014-05-01 01:56:35", "2014-05-01 02:11:19", nospace
"2014-05-02 00:25:16", "2014-05-02 00:40:44", nobike
"2014-05-02 02:57:38", "2014-05-02 03:08:05", nospace
"2014-05-02 03:09:42", "2014-05-02 03:12:55", nospace
"2014-05-02 09:42:16", "2014-05-02 09:48:12", nospace
"2014-05-02 10:00:05", "2014-05-02 10:08:58", nospace
"2014-05-02 10:11:57", "2014-05-02 10:26:00", nospace
"2014-05-02 10:31:59", "2014-05-02 10:34:55", nospace
"2014-05-02 10:37:53", "2014-05-02 10:52:41", nospace
"2014-05-02 10:55:39", "2014-05-02 11:01:36", nospace
"2014-05-02 11:13:35", "2014-05-02 11:16:34", nospace
"2014-05-02 11:22:34", "2014-05-02 11:28:32", nospace
"2014-05-02 11:31:33", "2014-05-02 11:37:30", nospace
"2014-05-02 11:46:28", "2014-05-02 11:52:25", nospace
"2014-05-02 12:07:20", "2014-05-02 12:10:18", nospace
"2014-05-02 13:18:13", "2014-05-02 13:21:14", nospace
"2014-05-02 13:51:01", "2014-05-02 13:57:00", nospace
"2014-05-02 15:14:48", "2014-05-02 15:26:51", nospace
"2014-05-02 23:09:33", "2014-05-02 23:14:17", nospace
"2014-05-02 23:25:42", "2014-05-03 00:15:12", nospace
"2014-05-03 01:07:12", "2014-05-03 01:18:51", nospace
"2014-05-03 01:39:38", "2014-05-03 01:51:31", nospace
"2014-05-03 01:57:28", "2014-05-03 02:12:19", nospace
"2014-05-03 02:30:08", "2014-05-03 02:33:06", nospace
"2014-05-03 02:44:58", "2014-05-03 02:56:52", nospace
"2014-05-03 03:41:23", "2014-05-03 03:50:16", nospace
"2014-05-03 07:14:36", "2014-05-03 07:22:37", nospace
"2014-05-03 07:44:09", "2014-05-03 07:59:00", nospace
"2014-05-03 08:12:51", "2014-05-03 08:22:14", nospace
"2014-05-03 08:31:10", "2014-05-03 08:37:08", nospace
"2014-05-03 08:46:04", "2014-05-03 08:52:01", nospace
"2014-05-03 09:30:44", "2014-05-03 09:39:38", nospace
"2014-05-03 09:45:34", "2014-05-03 09:51:32", nospace
"2014-05-03 10:00:27", "2014-05-03 10:15:17", nospace
"2014-05-03 10:47:58", "2014-05-03 10:56:53", nospace
"2014-05-03 10:59:52", "2014-05-03 11:02:50", nospace
"2014-05-03 11:05:48", "2014-05-03 11:08:47", nospace
"2014-05-03 11:41:26", "2014-05-03 11:44:24", nospace
"2014-05-03 11:59:18", "2014-05-03 12:02:17", nospace
"2014-05-03 13:51:35", "2014-05-03 14:12:25", nospace
"2014-05-03 14:21:22", "2014-05-03 14:30:17", nospace
"2014-05-03 14:39:14", "2014-05-03 14:42:12", nospace
"2014-05-03 16:11:29", "2014-05-03 16:17:26", nospace
"2014-05-04 03:09:46", "2014-05-04 03:15:42", nospace
"2014-05-04 03:24:39", "2014-05-04 03:27:38", nospace
"2014-05-04 03:39:32", "2014-05-04 03:45:30", nospace
"2014-05-04 03:54:26", "2014-05-04 03:57:25", nospace
"2014-05-04 04:12:17", "2014-05-04 04:15:14", nospace
"2014-05-04 05:02:55", "2014-05-04 05:24:46", nospace
"2014-05-04 06:28:34", "2014-05-04 06:46:21", nospace
"2014-05-04 06:49:23", "2014-05-04 07:07:16", nospace
"2014-05-04 07:13:12", "2014-05-04 07:28:06", nospace
"2014-05-04 07:40:01", "2014-05-04 08:06:52", nospace
"2014-05-04 08:18:48", "2014-05-04 08:24:45", nospace
"2014-05-04 08:36:39", "2014-05-04 08:42:38", nospace
"2014-05-04 08:45:37", "2014-05-04 08:54:32", nospace
"2014-05-04 09:00:28", "2014-05-04 09:03:27", nospace
"2014-05-04 09:09:27", "2014-05-04 09:15:25", nospace
"2014-05-04 09:24:23", "2014-05-04 09:30:20", nospace
"2014-05-04 09:33:20", "2014-05-04 09:39:18", nospace
"2014-05-04 09:45:48", "2014-05-04 09:49:10", nospace
"2014-05-04 09:50:10", "2014-05-04 09:54:32", nospace
"2014-05-05 09:32:50", "2014-05-05 09:35:50", nospace
"2014-05-05 09:41:48", "2014-05-05 09:44:47", nospace
"2014-05-05 11:20:31", "2014-05-05 11:23:31", nospace
"2014-05-05 11:26:31", "2014-05-05 11:32:29", nospace
"2014-05-05 11:56:27", "2014-05-05 11:59:06", nospace
"2014-05-05 13:07:00", "2014-05-05 13:15:59", nospace
"2014-05-05 13:21:58", "2014-05-05 13:24:58", nospace
"2014-05-05 13:27:59", "2014-05-05 13:39:57", nospace
"2014-05-05 13:42:55", "2014-05-05 13:54:51", nospace
"2014-05-05 14:06:48", "2014-05-05 14:29:07", nospace
"2014-05-05 14:32:25", "2014-05-05 14:40:09", nospace
"2014-05-06 10:48:45", "2014-05-06 10:54:46", nospace
"2014-05-06 11:06:48", "2014-05-06 11:18:51", nospace
"2014-05-06 12:45:54", "2014-05-06 12:48:54", nospace
"2014-05-06 12:51:53", "2014-05-06 13:06:53", nospace
"2014-05-06 13:12:54", "2014-05-06 13:15:54", nospace
"2014-05-06 13:33:54", "2014-05-06 13:39:54", nospace
"2014-05-06 13:48:54", "2014-05-06 13:57:56", nospace
"2014-05-06 14:00:56", "2014-05-06 14:12:56", nospace
"2014-05-06 14:18:57", "2014-05-06 14:42:58", nospace
"2014-05-06 16:09:47", "2014-05-06 16:18:50", nospace
"2014-05-06 16:39:49", "2014-05-06 16:42:49", nospace
"2014-05-06 16:48:52", "2014-05-06 16:51:51", nospace
"2014-05-06 18:21:45", "2014-05-06 18:33:49", nospace
"2014-05-06 22:22:31", "2014-05-06 22:58:01", nospace
"2014-05-08 08:57:21", "2014-05-08 09:05:46", nobike
"2014-05-08 10:36:22", "2014-05-08 11:12:37", nospace
"2014-05-08 11:15:38", "2014-05-08 11:21:41", nospace
"2014-05-08 11:27:42", "2014-05-08 11:33:44", nospace
"2014-05-08 11:39:48", "2014-05-08 11:42:50", nospace
