"2013-11-28 09:22:40", "2013-11-28 09:31:55", nospace
"2013-11-28 09:52:58", "2013-11-28 10:04:51", nospace
"2013-11-28 10:19:39", "2013-11-28 10:28:55", nospace
"2013-11-28 13:10:49", "2013-11-28 13:13:46", nospace
"2013-11-28 13:16:44", "2013-11-28 13:19:41", nospace
"2013-11-29 03:19:52", "2013-11-29 03:28:52", nospace
"2013-11-29 06:28:43", "2013-11-29 06:40:57", nospace
"2013-11-29 08:19:55", "2013-11-29 08:22:54", nospace
"2013-11-29 08:46:52", "2013-11-29 08:52:50", nospace
"2013-11-29 08:58:49", "2013-11-29 09:04:49", nospace
"2013-11-29 09:31:43", "2013-11-29 09:44:00", nospace
"2013-11-29 09:49:58", "2013-11-29 10:16:52", nospace
"2013-11-29 10:28:50", "2013-11-29 10:40:48", nospace
"2013-11-29 10:46:48", "2013-11-29 10:55:46", nospace
"2013-11-29 10:58:46", "2013-11-29 11:10:44", nospace
"2013-11-29 11:38:01", "2013-11-29 11:43:59", nospace
"2013-11-29 11:55:57", "2013-11-29 11:58:57", nospace
"2013-11-29 12:04:55", "2013-11-29 12:16:54", nospace
"2013-11-29 12:25:53", "2013-11-29 12:31:51", nospace
"2013-11-29 12:34:51", "2013-11-29 12:46:49", nospace
"2013-11-29 13:07:47", "2013-11-29 13:13:46", nospace
"2013-11-29 13:16:45", "2013-11-29 13:22:45", nospace
"2013-11-30 02:25:53", "2013-11-30 02:40:57", nospace
"2013-11-30 03:19:47", "2013-11-30 03:34:55", nospace
"2013-11-30 03:37:58", "2013-11-30 03:44:01", nospace
"2013-11-30 03:53:05", "2013-11-30 03:58:45", nospace
"2013-11-30 04:04:47", "2013-11-30 04:13:54", nospace
"2013-11-30 04:16:57", "2013-11-30 04:41:05", nospace
"2013-11-30 05:47:05", "2013-11-30 05:52:47", nospace
"2013-11-30 06:07:55", "2013-11-30 06:44:03", nospace
"2013-11-30 06:50:05", "2013-11-30 07:01:48", nospace
"2013-11-30 07:04:51", "2013-11-30 07:26:01", nospace
"2013-11-30 07:32:03", "2013-11-30 07:38:04", nospace
"2013-11-30 07:41:06", "2013-11-30 07:55:49", nospace
"2013-11-30 08:10:45", "2013-11-30 08:19:48", nospace
"2013-11-30 08:22:49", "2013-11-30 08:28:52", nospace
"2013-11-30 08:44:01", "2013-11-30 08:47:02", nospace
"2013-11-30 09:10:52", "2013-11-30 09:22:57", nospace
"2013-11-30 09:25:58", "2013-11-30 09:29:00", nospace
"2013-12-01 06:43:47", "2013-12-01 06:46:52", nospace
"2013-12-01 07:14:05", "2013-12-01 07:16:47", nospace
"2013-12-01 08:20:03", "2013-12-01 08:26:09", nospace
"2013-12-01 08:28:48", "2013-12-01 08:31:53", nospace
"2013-12-01 09:10:52", "2013-12-01 09:13:56", nospace
"2013-12-01 15:44:03", "2013-12-01 15:47:08", nobike
"2013-12-01 15:49:50", "2013-12-01 15:55:57", nobike
"2013-12-01 16:07:51", "2013-12-01 16:17:24", nobike
"2013-12-01 16:23:08", "2013-12-01 16:41:10", nobike
"2013-12-02 09:37:53", "2013-12-02 10:08:01", nospace
"2013-12-02 10:16:53", "2013-12-02 10:23:03", nospace
"2013-12-02 13:11:00", "2013-12-02 13:41:14", nospace
"2013-12-03 08:19:55", "2013-12-03 08:26:10", nospace
"2013-12-03 08:28:54", "2013-12-03 08:44:04", nospace
"2013-12-03 08:49:56", "2013-12-03 08:56:11", nospace
"2013-12-03 09:05:11", "2013-12-03 09:07:55", nospace
"2013-12-03 09:14:14", "2013-12-03 09:16:57", nospace
"2013-12-03 09:23:12", "2013-12-03 09:29:04", nospace
"2013-12-03 09:50:12", "2013-12-03 09:52:56", nospace
"2013-12-03 10:35:14", "2013-12-03 10:46:57", nospace
"2013-12-04 09:41:01", "2013-12-04 09:56:05", nospace
"2013-12-04 10:22:58", "2013-12-04 10:29:15", nospace
"2013-12-05 06:11:17", "2013-12-05 06:20:06", nospace
"2013-12-05 06:23:18", "2013-12-05 06:29:20", nospace
"2013-12-05 09:17:11", "2013-12-05 09:20:23", nospace
"2013-12-05 09:23:11", "2013-12-05 09:38:04", nospace
"2013-12-05 09:53:23", "2013-12-05 09:59:04", nospace
"2013-12-05 10:05:08", "2013-12-05 10:17:13", nospace
"2013-12-05 10:20:03", "2013-12-05 10:35:24", nospace
"2013-12-05 10:38:14", "2013-12-05 10:50:22", nospace
"2013-12-05 10:53:12", "2013-12-05 10:56:02", nospace
"2013-12-06 08:35:05", "2013-12-06 08:41:16", nospace
"2013-12-06 08:44:08", "2013-12-06 08:56:06", nospace
"2013-12-06 09:02:18", "2013-12-06 09:20:29", nospace
"2013-12-06 09:29:08", "2013-12-06 09:35:19", nospace
"2013-12-06 09:50:11", "2013-12-06 09:53:24", nospace
"2013-12-06 10:23:28", "2013-12-06 10:35:18", nospace
"2013-12-06 10:47:11", "2013-12-06 10:56:10", nospace
"2013-12-06 11:47:21", "2013-12-06 11:50:14", nospace
"2013-12-06 13:14:26", "2013-12-06 13:17:19", nospace
"2013-12-06 13:20:11", "2013-12-06 13:26:21", nospace
"2013-12-06 13:41:09", "2013-12-06 13:47:19", nospace
"2013-12-07 04:23:20", "2013-12-07 04:26:14", nospace
"2013-12-07 04:29:09", "2013-12-07 04:59:16", nospace
"2013-12-07 05:26:20", "2013-12-07 05:32:11", nospace
"2013-12-07 05:59:20", "2013-12-07 06:08:30", nospace
"2013-12-07 06:11:27", "2013-12-07 06:17:17", nospace
"2013-12-07 06:38:14", "2013-12-07 07:02:21", nospace
"2013-12-07 07:05:35", "2013-12-07 07:17:19", nospace
"2013-12-07 07:20:15", "2013-12-07 07:23:10", nospace
"2013-12-07 07:26:27", "2013-12-07 07:32:20", nospace
"2013-12-07 07:35:15", "2013-12-07 08:11:10", nospace
"2013-12-07 08:14:30", "2013-12-07 08:26:08", nospace
"2013-12-07 10:29:12", "2013-12-07 10:32:31", nospace
"2013-12-07 15:32:24", "2013-12-07 15:35:20", nobike
"2013-12-07 15:50:29", "2013-12-07 15:53:23", nobike
"2013-12-08 01:47:26", "2013-12-08 02:14:09", nospace
"2013-12-08 07:47:36", "2013-12-08 07:56:12", nospace
"2013-12-08 08:11:30", "2013-12-08 08:20:19", nospace
"2013-12-08 08:26:12", "2013-12-08 08:47:16", nospace
"2013-12-08 09:29:37", "2013-12-08 09:35:35", nospace
"2013-12-08 14:26:21", "2013-12-08 14:29:30", nobike
"2013-12-09 09:26:28", "2013-12-09 09:41:37", nospace
"2013-12-09 09:53:22", "2013-12-09 10:08:19", nospace
"2013-12-09 10:23:21", "2013-12-09 10:29:30", nospace
"2013-12-09 10:35:41", "2013-12-09 10:44:29", nospace
"2013-12-09 10:47:35", "2013-12-09 10:50:42", nospace
"2013-12-09 13:17:24", "2013-12-09 13:20:30", nospace
"2013-12-09 14:20:45", "2013-12-09 14:29:36", nospace
"2013-12-10 09:32:48", "2013-12-10 09:35:37", nospace
"2013-12-10 09:38:25", "2013-12-10 10:11:40", nospace
"2013-12-10 10:20:38", "2013-12-10 10:26:50", nospace
"2013-12-10 10:32:29", "2013-12-10 10:38:40", nospace
"2013-12-10 10:41:29", "2013-12-10 10:47:40", nospace
"2013-12-10 10:56:28", "2013-12-10 10:59:49", nospace
"2013-12-10 11:14:45", "2013-12-10 11:17:29", nospace
"2013-12-10 11:20:44", "2013-12-10 11:23:28", nospace
"2013-12-10 11:41:26", "2013-12-10 11:44:48", nospace
"2013-12-10 13:26:33", "2013-12-10 13:29:24", nospace
"2013-12-11 06:08:46", "2013-12-11 06:17:27", nospace
"2013-12-11 08:29:44", "2013-12-11 08:50:42", nospace
"2013-12-11 09:11:45", "2013-12-11 09:26:35", nospace
"2013-12-11 09:29:41", "2013-12-11 09:35:55", nospace
"2013-12-11 09:38:25", "2013-12-11 09:44:35", nospace
"2013-12-11 09:47:42", "2013-12-11 10:08:43", nospace
"2013-12-11 10:14:54", "2013-12-11 10:20:27", nospace
"2013-12-11 10:26:38", "2013-12-11 10:38:23", nospace
"2013-12-11 10:50:49", "2013-12-11 10:56:24", nospace
"2013-12-12 03:05:47", "2013-12-12 03:44:53", nospace
"2013-12-12 04:14:34", "2013-12-12 04:24:00", nospace
"2013-12-12 05:53:30", "2013-12-12 05:56:41", nospace
"2013-12-12 06:50:35", "2013-12-12 06:53:50", nospace
"2013-12-12 07:05:33", "2013-12-12 07:11:26", nospace
"2013-12-12 09:23:38", "2013-12-12 09:26:55", nospace
"2013-12-12 09:50:58", "2013-12-12 09:56:48", nospace
"2013-12-12 13:39:01", "2013-12-12 13:44:56", nospace
"2013-12-13 03:56:56", "2013-12-13 04:08:53", nospace
"2013-12-13 04:20:47", "2013-12-13 04:24:06", nospace
"2013-12-13 08:42:02", "2013-12-13 08:44:45", nospace
"2013-12-13 09:17:53", "2013-12-13 09:32:44", nospace
"2013-12-13 10:14:50", "2013-12-13 10:17:35", nospace
"2013-12-13 10:53:30", "2013-12-13 10:56:54", nospace
"2013-12-13 13:23:57", "2013-12-13 13:30:06", nospace
"2013-12-14 07:08:57", "2013-12-14 07:11:46", nospace
"2013-12-14 08:09:00", "2013-12-14 08:11:49", nospace
"2013-12-14 08:14:38", "2013-12-14 08:21:41", nospace
"2013-12-14 08:26:34", "2013-12-14 09:03:02", nospace
"2013-12-14 09:05:49", "2013-12-14 09:14:57", nospace
"2013-12-16 01:33:19", "2013-12-16 01:54:12", nospace
"2013-12-16 03:48:00", "2013-12-16 03:50:59", nospace
"2013-12-16 03:59:59", "2013-12-16 04:05:57", nospace
"2013-12-16 07:12:13", "2013-12-16 07:15:19", nospace
"2013-12-16 07:23:45", "2013-12-16 07:36:00", nospace
"2013-12-16 08:15:12", "2013-12-16 08:23:45", nospace
"2013-12-16 08:36:09", "2013-12-16 08:39:14", nospace
"2013-12-16 09:18:17", "2013-12-16 09:32:57", nospace
"2013-12-16 09:45:04", "2013-12-16 10:14:57", nospace
"2013-12-16 10:24:10", "2013-12-16 10:30:22", nospace
"2013-12-16 10:35:49", "2013-12-16 10:42:00", nospace
"2013-12-16 11:17:39", "2013-12-16 11:23:49", nospace
"2013-12-16 11:39:19", "2013-12-16 11:41:38", nospace
"2013-12-18 13:09:14", "2013-12-18 13:33:05", nospace
"2013-12-18 14:56:52", "2013-12-18 15:05:58", nospace
"2013-12-19 02:20:55", "2013-12-19 02:35:53", nospace
"2013-12-19 08:36:01", "2013-12-19 08:51:09", nospace
"2013-12-19 09:18:06", "2013-12-19 09:24:02", nospace
"2013-12-19 09:35:49", "2013-12-19 09:42:28", nospace
"2013-12-19 10:03:05", "2013-12-19 10:12:22", nospace
"2013-12-19 10:14:53", "2013-12-19 10:27:32", nospace
"2013-12-19 13:30:38", "2013-12-19 13:36:06", nospace
"2013-12-19 13:42:13", "2013-12-19 13:51:04", nospace
"2013-12-19 14:30:12", "2013-12-19 15:00:28", nospace
"2013-12-19 22:35:55", "2013-12-19 22:57:03", nospace
"2013-12-19 23:00:30", "2013-12-19 23:09:07", nospace
"2013-12-19 23:30:37", "2013-12-19 23:36:38", nospace
"2013-12-20 00:12:40", "2013-12-20 00:15:15", nospace
"2013-12-20 01:45:14", "2013-12-20 01:50:58", nospace
"2013-12-20 07:24:26", "2013-12-20 07:35:57", nospace
"2013-12-20 07:39:10", "2013-12-20 08:12:15", nospace
"2013-12-20 08:14:57", "2013-12-20 08:21:17", nospace
"2013-12-20 08:24:00", "2013-12-20 08:39:22", nospace
"2013-12-20 08:45:43", "2013-12-20 09:54:08", nospace
"2013-12-20 10:15:44", "2013-12-20 10:24:44", nospace
"2013-12-20 10:54:24", "2013-12-20 11:03:23", nospace
"2013-12-21 05:09:49", "2013-12-21 05:15:15", nospace
"2013-12-21 05:21:35", "2013-12-21 05:24:17", nospace
"2013-12-21 05:39:40", "2013-12-21 05:57:45", nospace
"2013-12-21 06:45:39", "2013-12-21 06:48:26", nospace
"2013-12-21 07:09:48", "2013-12-21 07:12:36", nospace
"2013-12-21 14:21:00", "2013-12-21 14:42:20", nospace
"2013-12-21 15:06:25", "2013-12-21 15:23:57", nospace
"2013-12-21 23:09:19", "2013-12-21 23:48:19", nospace
"2013-12-22 00:51:29", "2013-12-22 00:54:14", nospace
"2013-12-22 00:57:02", "2013-12-22 02:15:51", nospace
"2013-12-22 03:15:18", "2013-12-22 03:27:30", nospace
"2013-12-22 04:06:32", "2013-12-22 04:26:59", nospace
"2013-12-22 05:27:19", "2013-12-22 05:42:14", nospace
"2013-12-22 05:45:43", "2013-12-22 06:06:05", nospace
"2013-12-22 06:18:12", "2013-12-22 06:53:59", nospace
"2013-12-22 06:57:44", "2013-12-22 07:12:31", nospace
"2013-12-22 07:21:51", "2013-12-22 07:24:38", nospace
"2013-12-22 07:30:13", "2013-12-22 07:32:59", nospace
"2013-12-22 07:36:43", "2013-12-22 09:00:31", nospace
"2013-12-22 09:09:49", "2013-12-22 09:12:37", nospace
"2013-12-22 09:18:12", "2013-12-22 09:36:49", nospace
"2013-12-22 09:48:00", "2013-12-22 09:54:31", nospace
"2013-12-22 10:33:47", "2013-12-22 10:36:35", nospace
"2013-12-22 11:24:41", "2013-12-22 11:27:29", nospace
"2013-12-22 11:45:13", "2013-12-22 11:54:40", nospace
"2013-12-23 09:33:50", "2013-12-23 10:06:04", nospace
"2013-12-24 08:30:07", "2013-12-24 08:33:57", nospace
"2013-12-24 08:36:50", "2013-12-24 08:54:07", nospace
"2013-12-24 08:57:58", "2013-12-24 09:06:11", nospace
"2013-12-24 09:18:22", "2013-12-24 09:30:49", nospace
"2013-12-24 09:45:13", "2013-12-24 10:00:36", nospace
"2013-12-24 10:51:34", "2013-12-24 10:54:27", nospace
"2013-12-25 06:12:15", "2013-12-25 06:39:37", nospace
"2013-12-25 06:48:30", "2013-12-25 06:54:22", nospace
"2013-12-26 12:27:46", "2013-12-26 12:40:13", nospace
"2013-12-27 08:48:31", "2013-12-27 08:54:43", nospace
"2013-12-27 09:39:20", "2013-12-27 09:43:07", nospace
"2013-12-27 09:54:35", "2013-12-27 09:57:43", nospace
"2013-12-27 10:10:13", "2013-12-27 10:12:18", nospace
"2013-12-27 10:30:59", "2013-12-27 10:34:07", nospace
"2013-12-27 10:54:17", "2013-12-27 10:57:24", nospace
"2013-12-27 11:51:58", "2013-12-27 11:55:05", nospace
"2013-12-27 13:15:23", "2013-12-27 13:31:03", nospace
"2013-12-27 13:36:36", "2013-12-27 13:39:24", nospace
"2013-12-28 04:25:14", "2013-12-28 04:30:29", nospace
"2013-12-28 04:43:08", "2013-12-28 04:51:35", nospace
"2013-12-28 04:57:53", "2013-12-28 05:01:01", nospace
"2013-12-28 05:15:45", "2013-12-28 05:22:04", nospace
"2013-12-28 05:54:39", "2013-12-28 06:00:58", nospace
"2013-12-28 06:09:23", "2013-12-28 06:22:00", nospace
"2013-12-28 08:57:33", "2013-12-28 09:04:00", nospace
"2013-12-28 09:27:31", "2013-12-28 09:33:58", nospace
"2013-12-28 09:39:20", "2013-12-28 09:42:34", nospace
"2013-12-28 09:45:46", "2013-12-28 09:48:59", nospace
"2013-12-29 07:27:48", "2013-12-29 07:34:17", nospace
"2013-12-29 07:42:55", "2013-12-29 07:54:50", nospace
"2013-12-29 08:21:50", "2013-12-29 08:30:30", nospace
"2013-12-29 10:45:38", "2013-12-29 10:57:34", nospace
"2013-12-29 11:00:47", "2013-12-29 11:04:02", nospace
"2013-12-30 01:55:01", "2013-12-30 02:22:11", nospace
"2013-12-30 02:25:24", "2013-12-30 02:51:34", nospace
"2013-12-30 03:49:20", "2013-12-30 03:51:31", nospace
"2013-12-30 04:03:27", "2013-12-30 04:37:18", nospace
"2013-12-30 04:51:31", "2013-12-30 04:54:47", nospace
"2013-12-30 04:58:05", "2013-12-30 05:09:55", nospace
"2013-12-30 05:43:00", "2013-12-30 06:07:04", nospace
"2013-12-30 08:37:08", "2013-12-30 08:40:26", nospace
"2013-12-30 09:15:48", "2013-12-30 09:19:07", nospace
"2013-12-30 09:22:24", "2013-12-30 09:43:21", nospace
"2013-12-30 09:52:12", "2013-12-30 09:55:31", nospace
"2013-12-30 10:27:46", "2013-12-30 10:34:00", nospace
"2013-12-30 10:39:30", "2013-12-30 10:42:47", nospace
"2013-12-30 11:13:18", "2013-12-30 11:15:30", nospace
"2014-01-03 08:13:09", "2014-01-03 08:39:45", nospace
"2014-01-03 08:52:48", "2014-01-03 08:58:00", nospace
"2014-01-03 09:07:46", "2014-01-03 09:16:02", nospace
"2014-01-03 09:19:36", "2014-01-03 09:21:58", nospace
"2014-01-03 09:33:49", "2014-01-03 09:39:44", nospace
"2014-01-03 10:22:28", "2014-01-03 10:43:50", nospace
"2014-01-03 10:52:08", "2014-01-03 10:58:04", nospace
"2014-01-03 11:01:36", "2014-01-03 11:03:58", nospace
"2014-01-03 11:07:31", "2014-01-03 11:09:53", nospace
"2014-01-03 11:13:30", "2014-01-03 11:15:53", nospace
"2014-01-03 12:25:43", "2014-01-03 12:31:38", nospace
"2014-01-03 13:10:37", "2014-01-03 13:12:58", nospace
"2014-01-03 13:16:32", "2014-01-03 13:18:56", nospace
"2014-01-03 13:22:29", "2014-01-03 13:24:52", nospace
"2014-01-03 13:36:43", "2014-01-03 13:48:41", nospace
"2014-01-04 04:21:58", "2014-01-04 04:45:53", nospace
"2014-01-04 04:49:27", "2014-01-04 04:51:50", nospace
"2014-01-04 04:55:24", "2014-01-04 05:07:20", nospace
"2014-01-04 05:09:43", "2014-01-04 05:13:18", nospace
"2014-01-04 06:43:02", "2014-01-04 07:13:51", nospace
"2014-01-04 07:24:48", "2014-01-04 07:28:27", nospace
"2014-01-04 08:10:52", "2014-01-04 08:13:18", nospace
"2014-01-04 08:45:59", "2014-01-04 08:52:04", nospace
"2014-01-04 09:04:14", "2014-01-04 09:25:25", nospace
"2014-01-04 09:27:51", "2014-01-04 09:33:55", nospace
"2014-01-04 11:03:55", "2014-01-04 11:13:37", nospace
"2014-01-04 11:16:03", "2014-01-04 11:31:47", nospace
"2014-01-05 06:10:16", "2014-01-05 06:12:49", nospace
"2014-01-05 06:48:58", "2014-01-05 06:58:54", nospace
"2014-01-05 07:16:11", "2014-01-05 07:43:23", nospace
"2014-01-05 07:52:00", "2014-01-05 07:58:10", nospace
"2014-01-05 08:01:51", "2014-01-05 08:19:03", nospace
"2014-01-05 08:22:46", "2014-01-05 08:49:00", nospace
"2014-01-05 08:55:10", "2014-01-05 08:58:52", nospace
"2014-01-05 09:01:20", "2014-01-05 09:13:14", nospace
"2014-01-06 09:57:57", "2014-01-06 10:01:42", nospace
"2014-01-06 10:19:15", "2014-01-06 10:22:59", nospace
"2014-01-06 10:52:50", "2014-01-06 11:07:50", nospace
"2014-01-06 13:40:12", "2014-01-06 13:43:58", nospace
"2014-01-06 13:58:59", "2014-01-06 14:04:01", nospace
"2014-01-07 07:37:48", "2014-01-07 07:44:07", nospace
"2014-01-07 07:55:30", "2014-01-07 07:58:02", nospace
"2014-01-07 08:49:42", "2014-01-07 09:01:02", nospace
"2014-01-07 09:31:16", "2014-01-07 10:04:03", nospace
"2014-01-07 10:19:12", "2014-01-07 10:25:29", nospace
"2014-01-07 13:10:28", "2014-01-07 13:12:59", nospace
"2014-01-07 13:28:07", "2014-01-07 13:31:54", nospace
"2014-01-07 13:40:02", "2014-01-07 13:46:24", nospace
"2014-01-07 13:53:01", "2014-01-07 13:55:32", nospace
"2014-01-08 09:14:08", "2014-01-08 09:19:16", nospace
"2014-01-08 09:23:07", "2014-01-08 09:32:08", nospace
"2014-01-08 13:23:02", "2014-01-08 13:25:35", nospace
"2014-01-09 07:01:56", "2014-01-09 07:13:19", nospace
"2014-01-09 07:16:22", "2014-01-09 07:20:30", nospace
"2014-01-09 08:32:14", "2014-01-09 08:40:00", nospace
"2014-01-09 09:25:26", "2014-01-09 09:31:56", nospace
"2014-01-09 09:43:38", "2014-01-09 10:10:57", nospace
"2014-01-09 13:07:21", "2014-01-09 13:28:33", nospace
"2014-01-09 14:22:58", "2014-01-09 14:25:35", nospace
"2014-01-10 00:34:08", "2014-01-10 00:56:13", nospace
"2014-01-10 04:55:13", "2014-01-10 05:01:43", nospace
"2014-01-10 05:08:11", "2014-01-10 05:10:44", nospace
"2014-01-10 05:28:50", "2014-01-10 05:34:23", nospace
"2014-01-10 05:40:32", "2014-01-10 06:22:17", nospace
"2014-01-10 06:34:24", "2014-01-10 06:38:21", nospace
"2014-01-10 06:43:39", "2014-01-10 07:10:08", nospace
"2014-01-10 08:13:53", "2014-01-10 08:22:47", nospace
"2014-01-10 08:32:04", "2014-01-10 09:07:52", nospace
"2014-01-10 09:13:09", "2014-01-10 09:22:31", nospace
"2014-01-10 09:25:09", "2014-01-10 09:34:21", nospace
"2014-01-10 09:38:19", "2014-01-10 09:40:56", nospace
"2014-01-10 09:52:47", "2014-01-10 10:02:02", nospace
"2014-01-10 10:11:16", "2014-01-10 10:13:55", nospace
"2014-01-10 10:16:32", "2014-01-10 10:19:10", nospace
"2014-01-10 10:58:42", "2014-01-10 11:05:16", nospace
"2014-01-10 13:10:35", "2014-01-10 13:19:49", nospace
"2014-01-10 13:22:28", "2014-01-10 13:38:13", nospace
"2014-01-10 13:52:43", "2014-01-10 14:01:58", nospace
"2014-01-10 14:13:49", "2014-01-10 14:19:07", nospace
"2014-01-10 14:22:10", "2014-01-10 14:25:18", nospace
"2014-01-11 06:37:39", "2014-01-11 07:04:46", nospace
"2014-01-11 07:07:27", "2014-01-11 07:14:12", nospace
"2014-01-11 07:19:32", "2014-01-11 07:28:57", nospace
"2014-01-11 07:41:04", "2014-01-11 07:50:26", nospace
"2014-01-11 08:13:19", "2014-01-11 08:17:20", nospace
"2014-01-11 08:32:06", "2014-01-11 08:44:13", nospace
"2014-01-11 08:46:54", "2014-01-11 08:52:16", nospace
"2014-01-11 08:59:00", "2014-01-11 09:04:11", nospace
"2014-01-11 09:13:54", "2014-01-11 09:31:23", nospace
"2014-01-11 09:55:39", "2014-01-11 10:25:12", nospace
"2014-01-11 13:10:22", "2014-01-11 13:14:24", nospace
"2014-01-11 13:19:19", "2014-01-11 13:32:23", nospace
"2014-01-12 11:04:12", "2014-01-12 11:19:11", nobike
"2014-01-13 09:25:45", "2014-01-13 09:32:57", nospace
"2014-01-13 09:34:47", "2014-01-13 09:38:00", nospace
"2014-01-13 09:40:46", "2014-01-13 09:43:30", nospace
"2014-01-13 09:55:47", "2014-01-13 09:58:33", nospace
"2014-01-13 10:05:26", "2014-01-13 10:19:13", nospace
"2014-01-13 10:23:23", "2014-01-13 10:28:54", nospace
"2014-01-13 10:55:25", "2014-01-13 11:05:03", nospace
"2014-01-13 13:10:52", "2014-01-13 13:26:02", nospace
"2014-01-13 13:31:33", "2014-01-13 13:53:29", nospace
"2014-01-14 09:28:31", "2014-01-14 09:46:38", nospace
"2014-01-14 09:52:37", "2014-01-14 09:59:14", nospace
"2014-01-14 13:25:32", "2014-01-14 13:31:29", nospace
"2014-01-15 00:34:21", "2014-01-15 00:49:37", nospace
"2014-01-15 08:29:29", "2014-01-15 08:35:08", nospace
"2014-01-15 08:46:26", "2014-01-15 08:53:30", nospace
"2014-01-15 09:52:35", "2014-01-15 10:05:16", nospace
"2014-01-15 10:08:05", "2014-01-15 10:13:43", nospace
"2014-01-15 13:25:34", "2014-01-15 13:41:04", nospace
"2014-01-16 06:35:12", "2014-01-16 06:43:58", nospace
"2014-01-16 06:50:47", "2014-01-16 06:53:34", nospace
"2014-01-16 08:17:45", "2014-01-16 08:50:27", nospace
"2014-01-16 09:11:45", "2014-01-16 09:14:37", nospace
"2014-01-16 09:31:46", "2014-01-16 09:47:22", nospace
"2014-01-16 09:55:47", "2014-01-16 10:01:28", nospace
"2014-01-16 10:05:44", "2014-01-16 10:25:37", nospace
"2014-01-17 04:44:42", "2014-01-17 05:08:06", nospace
"2014-01-17 05:13:47", "2014-01-17 05:35:11", nospace
"2014-01-17 08:14:32", "2014-01-17 08:24:31", nospace
"2014-01-17 08:25:46", "2014-01-17 08:28:31", nospace
"2014-01-17 08:31:51", "2014-01-17 08:46:03", nospace
"2014-01-17 09:01:52", "2014-01-17 09:06:18", nospace
"2014-01-17 09:44:17", "2014-01-17 09:46:49", nospace
"2014-01-17 10:35:29", "2014-01-17 10:38:21", nospace
"2014-01-17 10:44:04", "2014-01-17 10:46:56", nospace
"2014-01-18 03:31:57", "2014-01-18 03:47:50", nospace
"2014-01-18 03:53:35", "2014-01-18 03:56:28", nospace
"2014-01-18 04:28:57", "2014-01-18 04:31:51", nospace
"2014-01-18 04:44:47", "2014-01-18 04:47:41", nospace
"2014-01-18 04:50:35", "2014-01-18 04:53:28", nospace
"2014-01-18 04:56:20", "2014-01-18 05:02:05", nospace
"2014-01-18 05:20:52", "2014-01-18 05:23:45", nospace
"2014-01-18 05:38:10", "2014-01-18 05:41:03", nospace
"2014-01-18 06:28:32", "2014-01-18 06:37:52", nospace
"2014-01-18 06:46:57", "2014-01-18 06:53:34", nospace
"2014-01-18 07:38:11", "2014-01-18 07:41:05", nospace
"2014-01-18 08:11:20", "2014-01-18 08:25:51", nospace
"2014-01-18 13:41:22", "2014-01-18 13:51:11", nobike
"2014-01-18 13:59:08", "2014-01-18 14:01:39", nobike
"2014-01-18 14:11:45", "2014-01-18 14:20:26", nobike
"2014-01-18 14:23:19", "2014-01-18 15:02:06", nobike
"2014-01-19 03:50:12", "2014-01-19 03:53:05", nospace
"2014-01-19 03:56:00", "2014-01-19 04:01:49", nospace
"2014-01-19 04:07:39", "2014-01-19 04:20:44", nospace
"2014-01-19 07:50:35", "2014-01-19 07:53:32", nospace
"2014-01-19 08:02:18", "2014-01-19 08:17:04", nospace
"2014-01-19 08:25:54", "2014-01-19 08:34:46", nospace
"2014-01-19 08:37:41", "2014-01-19 08:56:35", nospace
"2014-01-19 08:59:32", "2014-01-19 09:17:12", nospace
"2014-01-19 09:26:04", "2014-01-19 09:29:01", nospace
"2014-01-19 14:41:16", "2014-01-19 14:44:13", nobike
"2014-01-20 02:55:41", "2014-01-20 03:34:53", nospace
"2014-01-20 03:54:05", "2014-01-20 04:11:50", nospace
"2014-01-20 04:50:00", "2014-01-20 04:56:31", nospace
"2014-01-20 05:07:51", "2014-01-20 05:13:52", nospace
"2014-01-20 05:25:39", "2014-01-20 05:33:02", nospace
"2014-01-20 05:38:58", "2014-01-20 05:41:53", nospace
"2014-01-20 06:08:26", "2014-01-20 06:17:19", nospace
"2014-01-20 06:38:08", "2014-01-20 06:44:06", nospace
"2014-01-20 06:56:32", "2014-01-20 07:08:26", nospace
"2014-01-20 08:37:55", "2014-01-20 08:40:54", nospace
"2014-01-21 06:56:05", "2014-01-21 06:59:04", nospace
"2014-01-21 07:05:03", "2014-01-21 07:14:05", nospace
"2014-01-21 08:11:04", "2014-01-21 08:20:04", nospace
"2014-01-21 08:23:03", "2014-01-21 08:26:03", nospace
"2014-01-21 08:29:03", "2014-01-21 08:35:01", nospace
"2014-01-21 12:24:07", "2014-01-21 12:27:08", nospace
"2014-01-22 00:16:51", "2014-01-22 00:28:50", nospace
"2014-01-22 07:31:23", "2014-01-22 07:39:01", nospace
"2014-01-22 07:45:06", "2014-01-22 08:02:18", nospace
"2014-01-22 08:11:23", "2014-01-22 08:18:59", nospace
"2014-01-22 08:28:05", "2014-01-22 08:41:45", nospace
"2014-01-22 10:00:39", "2014-01-22 10:06:41", nospace
"2014-01-22 10:09:43", "2014-01-22 10:17:17", nospace
"2014-01-22 10:23:22", "2014-01-22 10:26:23", nospace
"2014-01-23 03:35:25", "2014-01-23 04:17:53", nospace
"2014-01-23 04:35:54", "2014-01-23 04:49:37", nospace
"2014-01-23 04:54:11", "2014-01-23 05:00:16", nospace
"2014-01-23 05:01:49", "2014-01-23 05:15:32", nospace
"2014-01-23 05:18:35", "2014-01-23 05:24:43", nospace
"2014-01-23 06:01:17", "2014-01-23 06:15:00", nospace
"2014-01-23 06:19:35", "2014-01-23 06:24:09", nospace
"2014-01-23 06:54:39", "2014-01-23 06:58:39", nospace
"2014-01-23 07:02:44", "2014-01-23 07:07:20", nospace
"2014-01-23 07:16:33", "2014-01-23 07:27:20", nospace
"2014-01-23 07:31:56", "2014-01-23 07:39:37", nospace
"2014-01-23 07:42:40", "2014-01-23 07:47:16", nospace
"2014-01-23 08:07:13", "2014-01-23 08:23:58", nospace
"2014-01-23 08:25:32", "2014-01-23 08:28:34", nospace
"2014-01-23 10:22:05", "2014-01-23 10:23:36", nospace
"2014-01-24 01:35:56", "2014-01-24 02:09:29", nospace
"2014-01-24 02:12:33", "2014-01-24 02:41:30", nospace
"2014-01-24 02:48:14", "2014-01-24 02:59:06", nospace
"2014-01-24 03:41:36", "2014-01-24 03:42:48", nospace
"2014-01-24 03:54:45", "2014-01-24 04:03:57", nospace
"2014-01-24 04:11:36", "2014-01-24 04:43:32", nospace
"2014-01-24 05:20:14", "2014-01-24 05:24:52", nospace
"2014-01-24 05:30:59", "2014-01-24 05:41:41", nospace
"2014-01-24 05:44:45", "2014-01-24 05:58:33", nospace
"2014-01-24 06:15:27", "2014-01-24 06:21:34", nospace
"2014-01-24 06:32:21", "2014-01-24 06:33:53", nospace
"2014-01-24 06:44:12", "2014-01-24 06:47:15", nospace
"2014-01-24 07:03:46", "2014-01-24 07:16:11", nospace
"2014-01-24 07:17:43", "2014-01-24 07:25:25", nospace
"2014-01-24 07:37:49", "2014-01-24 07:42:19", nospace
"2014-01-24 07:54:39", "2014-01-24 08:26:54", nospace
"2014-01-24 08:36:10", "2014-01-24 08:47:00", nospace
"2014-01-24 08:48:32", "2014-01-24 08:59:22", nospace
"2014-01-24 09:00:54", "2014-01-24 09:02:27", nospace
"2014-01-24 09:22:33", "2014-01-24 09:25:39", nospace
"2014-01-24 09:36:13", "2014-01-24 09:45:31", nospace
"2014-01-24 09:51:41", "2014-01-24 09:53:13", nospace
"2014-01-25 08:11:40", "2014-01-25 08:22:38", nospace
"2014-01-25 08:25:45", "2014-01-25 08:27:18", nospace
"2014-01-25 08:28:53", "2014-01-25 08:38:15", nospace
"2014-01-25 08:41:22", "2014-01-25 08:44:31", nospace
"2014-01-25 08:53:56", "2014-01-25 08:58:38", nospace
"2014-01-25 09:00:11", "2014-01-25 09:04:54", nospace
"2014-01-25 09:28:22", "2014-01-25 09:29:56", nospace
"2014-01-27 06:19:01", "2014-01-27 06:27:11", nospace
"2014-01-27 06:38:19", "2014-01-27 06:44:40", nospace
"2014-01-27 07:32:50", "2014-01-27 07:44:02", nospace
"2014-01-27 08:13:51", "2014-01-27 08:30:24", nospace
"2014-01-27 08:36:49", "2014-01-27 08:46:24", nospace
"2014-01-27 09:32:46", "2014-01-27 09:34:35", nospace
"2014-01-27 09:37:04", "2014-01-27 09:42:03", nospace
"2014-01-27 09:44:09", "2014-01-27 09:50:05", nospace
"2014-01-27 09:51:42", "2014-01-27 10:07:41", nospace
"2014-01-27 14:22:46", "2014-01-27 14:52:50", nobike
"2014-01-27 14:54:25", "2014-01-27 15:08:48", nobike
"2014-01-28 08:07:20", "2014-01-28 08:12:12", nospace
"2014-01-28 08:13:48", "2014-01-28 08:21:51", nospace
"2014-01-28 08:38:02", "2014-01-28 08:40:40", nospace
"2014-01-28 08:47:43", "2014-01-28 08:55:34", nospace
"2014-01-28 09:19:49", "2014-01-28 09:27:52", nospace
"2014-01-28 09:50:32", "2014-01-28 09:52:09", nospace
"2014-01-28 19:07:30", "2014-01-28 20:00:51", nobike
"2014-01-29 09:10:06", "2014-01-29 09:15:00", nobike
"2014-01-29 09:36:06", "2014-01-29 09:40:58", nobike
"2014-01-29 09:42:36", "2014-01-29 09:45:51", nobike
"2014-01-29 14:09:02", "2014-01-29 14:42:40", nobike
"2014-01-29 14:44:14", "2014-01-29 14:45:00", nobike
"2014-01-30 03:07:39", "2014-01-30 03:19:05", nospace
"2014-01-30 05:34:55", "2014-01-30 05:36:33", nospace
"2014-01-30 05:44:44", "2014-01-30 05:46:22", nospace
"2014-01-31 06:38:55", "2014-01-31 06:42:58", nospace
"2014-01-31 07:48:22", "2014-01-31 07:50:34", nospace
"2014-01-31 07:55:32", "2014-01-31 08:02:57", nospace
"2014-01-31 08:03:34", "2014-01-31 08:17:54", nospace
"2014-01-31 08:26:10", "2014-01-31 08:41:02", nospace
"2014-01-31 08:44:21", "2014-01-31 08:57:04", nospace
"2014-01-31 09:36:37", "2014-01-31 09:39:47", nospace
"2014-01-31 15:18:34", "2014-01-31 15:49:01", nobike
"2014-01-31 15:52:21", "2014-01-31 16:18:52", nobike
"2014-01-31 16:28:49", "2014-01-31 16:42:05", nobike
"2014-02-01 03:04:49", "2014-02-01 03:11:31", nospace
"2014-02-01 04:42:47", "2014-02-01 04:46:05", nospace
"2014-02-01 05:54:21", "2014-02-01 06:04:43", nospace
"2014-02-01 06:13:48", "2014-02-01 06:21:07", nospace
"2014-02-01 07:28:50", "2014-02-01 07:42:34", nospace
"2014-02-01 07:44:46", "2014-02-01 07:51:34", nospace
"2014-02-01 08:11:43", "2014-02-01 08:13:58", nospace
"2014-02-01 08:45:00", "2014-02-01 08:50:12", nospace
"2014-02-01 16:05:43", "2014-02-01 16:24:08", nobike
"2014-02-02 08:43:22", "2014-02-02 08:54:40", nospace
"2014-02-02 09:01:28", "2014-02-02 09:03:41", nospace
"2014-02-02 09:28:49", "2014-02-02 09:33:12", nospace
"2014-02-02 13:52:13", "2014-02-02 13:56:44", nobike
"2014-02-02 14:22:11", "2014-02-02 14:28:46", nobike
"2014-02-02 14:48:24", "2014-02-02 15:00:22", nobike
"2014-02-03 12:36:15", "2014-02-03 12:36:53", nospace
"2014-02-03 12:48:42", "2014-02-03 12:57:11", nospace
"2014-02-03 13:00:34", "2014-02-03 13:02:17", nospace
"2014-02-03 13:03:59", "2014-02-03 13:05:42", nospace
"2014-02-04 05:47:53", "2014-02-04 05:50:05", nospace
"2014-02-04 06:54:26", "2014-02-04 06:56:40", nospace
"2014-02-04 07:08:04", "2014-02-04 07:15:03", nospace
"2014-02-04 07:17:15", "2014-02-04 07:18:41", nospace
"2014-02-04 07:45:00", "2014-02-04 07:46:40", nospace
"2014-02-04 07:52:01", "2014-02-04 07:55:50", nospace
"2014-02-04 07:57:12", "2014-02-04 08:08:10", nospace
"2014-02-04 08:17:18", "2014-02-04 08:19:01", nospace
"2014-02-05 09:13:07", "2014-02-05 09:41:50", nospace
"2014-02-06 02:11:00", "2014-02-06 02:30:14", nospace
"2014-02-06 03:26:09", "2014-02-06 03:29:39", nospace
"2014-02-06 03:31:23", "2014-02-06 03:36:38", nospace
"2014-02-06 03:43:37", "2014-02-06 04:00:54", nospace
"2014-02-06 04:21:50", "2014-02-06 04:23:35", nospace
"2014-02-07 05:08:11", "2014-02-07 05:12:42", nospace
"2014-02-07 05:13:54", "2014-02-07 05:17:31", nospace
"2014-02-07 05:21:58", "2014-02-07 05:23:38", nospace
"2014-02-07 05:52:48", "2014-02-07 06:05:51", nospace
"2014-02-07 06:07:37", "2014-02-07 06:14:41", nospace
"2014-02-07 06:20:01", "2014-02-07 06:25:18", nospace
"2014-02-07 08:33:58", "2014-02-07 08:39:19", nospace
"2014-02-07 09:06:45", "2014-02-07 09:11:43", nospace
"2014-02-07 09:30:45", "2014-02-07 09:35:17", nospace
"2014-02-07 09:42:38", "2014-02-07 09:47:16", nospace
"2014-02-07 09:48:44", "2014-02-07 09:50:30", nospace
"2014-02-07 10:08:10", "2014-02-07 10:09:57", nospace
"2014-02-08 05:04:14", "2014-02-08 05:08:51", nospace
"2014-02-08 07:35:54", "2014-02-08 07:41:17", nospace
"2014-02-08 07:57:18", "2014-02-08 08:07:48", nospace
"2014-02-08 08:24:32", "2014-02-08 08:38:45", nospace
"2014-02-08 09:09:18", "2014-02-08 09:09:57", nospace
"2014-02-08 09:14:52", "2014-02-08 09:20:13", nospace
"2014-02-08 09:22:00", "2014-02-08 09:23:47", nospace
"2014-02-08 12:18:45", "2014-02-08 12:24:04", nospace
"2014-02-08 12:31:13", "2014-02-08 12:32:59", nospace
"2014-02-10 08:24:29", "2014-02-10 08:50:01", nospace
"2014-02-10 08:54:41", "2014-02-10 09:07:23", nospace
"2014-02-10 09:32:39", "2014-02-10 09:36:17", nospace
"2014-02-10 10:18:03", "2014-02-10 10:19:51", nospace
"2014-02-11 04:31:09", "2014-02-11 04:48:50", nospace
"2014-02-11 04:50:03", "2014-02-11 04:58:32", nospace
"2014-02-11 04:59:51", "2014-02-11 05:05:57", nospace
"2014-02-11 05:28:16", "2014-02-11 05:31:55", nospace
"2014-02-12 03:25:58", "2014-02-12 03:35:11", nospace
"2014-02-12 05:21:00", "2014-02-12 05:24:41", nospace
"2014-02-13 05:34:33", "2014-02-13 05:42:01", nospace
"2014-02-13 06:58:02", "2014-02-13 07:11:08", nospace
"2014-02-13 07:22:55", "2014-02-13 07:55:00", nospace
"2014-02-13 09:26:26", "2014-02-13 09:33:57", nospace
"2014-02-13 09:54:33", "2014-02-13 10:00:09", nospace
"2014-02-14 01:26:35", "2014-02-14 01:35:05", nospace
"2014-02-15 06:49:43", "2014-02-15 06:51:38", nospace
"2014-02-15 07:01:07", "2014-02-15 07:10:05", nospace
"2014-02-15 07:14:52", "2014-02-15 07:17:15", nospace
"2014-02-15 08:48:16", "2014-02-15 08:53:59", nospace
"2014-02-15 09:12:57", "2014-02-15 09:14:52", nospace
"2014-02-15 09:41:32", "2014-02-15 09:45:18", nospace
"2014-02-16 06:10:28", "2014-02-16 06:19:59", nospace
"2014-02-16 07:06:23", "2014-02-16 07:10:13", nospace
"2014-02-16 07:14:01", "2014-02-16 07:23:38", nospace
"2014-02-16 07:48:27", "2014-02-16 08:09:31", nospace
"2014-02-16 08:11:25", "2014-02-16 08:19:03", nospace
"2014-02-16 08:20:58", "2014-02-16 08:28:36", nospace
"2014-02-16 08:34:18", "2014-02-16 08:45:38", nospace
"2014-02-16 08:47:33", "2014-02-16 08:53:14", nospace
"2014-02-16 09:02:45", "2014-02-16 09:04:41", nospace
"2014-02-16 09:06:35", "2014-02-16 09:21:29", nospace
"2014-02-16 10:39:04", "2014-02-16 10:46:42", nospace
"2014-02-16 10:50:32", "2014-02-16 10:56:17", nospace
"2014-02-16 12:28:00", "2014-02-16 12:31:50", nospace
"2014-02-17 00:16:05", "2014-02-17 00:18:00", nospace
"2014-02-17 00:19:55", "2014-02-17 00:25:39", nospace
"2014-02-17 07:14:47", "2014-02-17 07:39:48", nospace
"2014-02-17 09:22:36", "2014-02-17 09:24:31", nospace
"2014-02-17 09:28:20", "2014-02-17 09:43:41", nospace
"2014-02-17 09:45:36", "2014-02-17 09:47:32", nospace
"2014-02-17 13:23:52", "2014-02-17 13:25:49", nospace
"2014-02-18 00:37:55", "2014-02-18 00:41:48", nospace
"2014-02-18 00:47:35", "2014-02-18 00:51:28", nospace
"2014-02-18 00:57:18", "2014-02-18 00:59:13", nospace
"2014-02-18 01:20:10", "2014-02-18 02:11:43", nospace
"2014-02-18 02:48:29", "2014-02-18 02:50:26", nospace
"2014-02-18 04:11:11", "2014-02-18 04:30:13", nospace
"2014-02-18 04:41:24", "2014-02-18 04:43:20", nospace
"2014-02-18 04:56:57", "2014-02-18 04:58:54", nospace
"2014-02-18 05:04:41", "2014-02-18 05:26:01", nospace
"2014-02-18 23:21:08", "2014-02-18 23:29:48", nospace
"2014-02-20 01:25:52", "2014-02-20 02:20:17", nospace
"2014-02-20 02:22:16", "2014-02-20 02:41:54", nospace
"2014-02-20 02:57:37", "2014-02-20 03:19:18", nospace
"2014-02-20 04:28:46", "2014-02-20 04:40:34", nospace
"2014-02-20 09:53:56", "2014-02-20 10:02:00", nospace
"2014-02-20 10:25:19", "2014-02-20 10:29:14", nospace
"2014-02-20 10:35:10", "2014-02-20 10:43:02", nospace
"2014-02-20 10:45:00", "2014-02-20 10:56:50", nospace
"2014-02-20 11:04:44", "2014-02-20 11:08:39", nospace
"2014-02-20 11:14:34", "2014-02-20 11:24:00", nospace
"2014-02-21 01:12:05", "2014-02-21 01:29:53", nospace
"2014-02-21 01:33:50", "2014-02-21 01:41:44", nospace
"2014-02-21 06:53:36", "2014-02-21 07:07:29", nospace
"2014-02-21 07:27:20", "2014-02-21 07:31:19", nospace
"2014-02-21 07:45:13", "2014-02-21 07:55:09", nospace
"2014-02-21 07:57:07", "2014-02-21 07:59:07", nospace
"2014-02-21 08:24:59", "2014-02-21 08:28:58", nospace
"2014-02-21 08:34:55", "2014-02-21 08:38:53", nospace
"2014-02-21 08:40:52", "2014-02-21 08:52:47", nospace
"2014-02-21 08:58:45", "2014-02-21 09:21:10", nospace
"2014-02-21 09:24:00", "2014-02-21 09:33:56", nospace
"2014-02-21 09:49:50", "2014-02-21 09:55:46", nospace
"2014-02-21 11:06:33", "2014-02-21 11:08:16", nospace
"2014-02-21 13:46:58", "2014-02-21 13:58:55", nospace
"2014-02-21 14:06:51", "2014-02-21 14:08:50", nospace
"2014-02-21 14:12:49", "2014-02-21 14:28:41", nospace
"2014-02-21 14:34:40", "2014-02-21 14:38:37", nospace
"2014-02-21 15:02:33", "2014-02-21 15:56:24", nospace
"2014-02-22 03:47:19", "2014-02-22 03:48:23", nospace
"2014-02-22 04:02:33", "2014-02-22 04:04:34", nospace
"2014-02-22 04:40:29", "2014-02-22 04:50:43", nospace
"2014-02-22 05:08:40", "2014-02-22 05:16:39", nospace
"2014-02-22 05:26:39", "2014-02-22 05:44:38", nospace
"2014-02-22 05:46:38", "2014-02-22 05:50:37", nospace
"2014-02-22 06:28:40", "2014-02-22 06:30:39", nospace
"2014-02-22 06:38:38", "2014-02-22 06:40:38", nospace
"2014-02-22 06:46:15", "2014-02-22 06:58:33", nospace
"2014-02-22 07:00:33", "2014-02-22 07:06:34", nospace
"2014-02-22 07:08:35", "2014-02-22 07:10:37", nospace
"2014-02-22 07:14:37", "2014-02-22 07:26:42", nospace
"2014-02-22 07:34:46", "2014-02-22 07:46:51", nospace
"2014-02-22 07:54:55", "2014-02-22 08:02:55", nospace
"2014-02-22 08:14:03", "2014-02-22 08:32:16", nospace
"2014-02-22 08:34:16", "2014-02-22 08:42:19", nospace
"2014-02-22 08:47:53", "2014-02-22 08:53:53", nospace
"2014-02-22 09:15:54", "2014-02-22 09:31:55", nospace
"2014-02-22 09:35:56", "2014-02-22 09:41:58", nospace
"2014-02-22 10:09:47", "2014-02-22 10:11:49", nospace
"2014-02-22 15:19:29", "2014-02-22 15:23:29", nobike
"2014-02-22 15:27:30", "2014-02-22 15:42:31", nobike
"2014-02-23 04:37:45", "2014-02-23 04:39:47", nospace
"2014-02-23 04:41:47", "2014-02-23 04:43:47", nospace
"2014-02-23 05:23:54", "2014-02-23 05:25:54", nospace
"2014-02-23 06:22:12", "2014-02-23 06:26:17", nospace
"2014-02-23 06:30:20", "2014-02-23 06:53:02", nospace
"2014-02-23 06:55:02", "2014-02-23 06:59:03", nospace
"2014-02-23 07:30:37", "2014-02-23 07:35:50", nospace
"2014-02-23 09:05:52", "2014-02-23 09:09:53", nospace
"2014-02-23 09:15:55", "2014-02-23 09:17:59", nospace
"2014-02-23 09:28:08", "2014-02-23 09:30:10", nospace
"2014-02-23 09:58:27", "2014-02-23 10:00:26", nospace
"2014-02-23 14:12:16", "2014-02-23 14:38:31", nobike
"2014-02-23 14:42:33", "2014-02-23 15:14:53", nobike
"2014-02-23 15:24:24", "2014-02-23 15:26:24", nobike
"2014-02-23 15:32:27", "2014-02-23 15:34:29", nobike
"2014-02-23 15:40:32", "2014-02-23 16:10:49", nobike
"2014-02-23 16:12:50", "2014-02-23 17:15:28", nobike
"2014-02-24 08:56:05", "2014-02-24 09:08:26", nospace
"2014-02-24 09:20:59", "2014-02-24 09:29:45", nospace
"2014-02-24 09:30:29", "2014-02-24 09:32:32", nospace
"2014-02-24 09:35:01", "2014-02-24 09:45:51", nospace
"2014-02-24 10:06:12", "2014-02-24 10:14:19", nospace
"2014-02-24 13:14:14", "2014-02-24 13:21:51", nospace
"2014-02-24 13:26:36", "2014-02-24 13:37:34", nospace
"2014-02-25 08:45:52", "2014-02-25 08:56:14", nospace
"2014-02-25 09:34:45", "2014-02-25 09:40:54", nospace
"2014-02-25 09:42:57", "2014-02-25 09:45:00", nospace
"2014-02-25 10:09:37", "2014-02-25 10:13:44", nospace
"2014-02-25 13:10:01", "2014-02-25 13:12:05", nospace
"2014-02-25 13:18:17", "2014-02-25 13:20:20", nospace
"2014-02-26 00:48:15", "2014-02-26 00:49:09", nospace
"2014-02-26 00:54:12", "2014-02-26 00:58:21", nospace
"2014-02-26 01:01:37", "2014-02-26 01:14:01", nospace
"2014-02-26 08:38:52", "2014-02-26 08:43:59", nospace
"2014-02-26 09:21:03", "2014-02-26 09:27:26", nospace
"2014-02-26 09:33:27", "2014-02-26 09:40:25", nospace
"2014-02-26 09:46:49", "2014-02-26 10:01:14", nospace
"2014-02-26 10:37:49", "2014-02-26 10:42:11", nospace
"2014-02-26 13:16:27", "2014-02-26 13:30:30", nospace
"2014-02-27 00:58:08", "2014-02-27 01:06:36", nospace
"2014-02-27 01:09:09", "2014-02-27 01:19:39", nospace
"2014-02-27 09:23:20", "2014-02-27 09:33:40", nospace
"2014-02-27 09:41:56", "2014-02-27 09:43:59", nospace
"2014-02-27 09:57:39", "2014-02-27 10:02:59", nospace
"2014-02-27 10:08:09", "2014-02-27 10:11:36", nospace
"2014-02-27 10:29:43", "2014-02-27 10:36:24", nospace
"2014-02-27 10:40:15", "2014-02-27 10:45:32", nospace
"2014-02-27 10:47:56", "2014-02-27 10:49:20", nospace
"2014-02-27 10:54:30", "2014-02-27 10:57:00", nospace
"2014-02-27 11:00:30", "2014-02-27 11:03:08", nospace
"2014-02-28 04:31:15", "2014-02-28 04:34:40", nospace
"2014-02-28 07:50:16", "2014-02-28 07:52:22", nospace
"2014-02-28 08:09:03", "2014-02-28 08:13:14", nospace
"2014-02-28 08:15:20", "2014-02-28 08:23:37", nospace
"2014-02-28 08:42:23", "2014-02-28 09:05:17", nospace
"2014-02-28 12:24:13", "2014-02-28 12:26:19", nobike
"2014-02-28 12:40:55", "2014-02-28 12:45:06", nobike
"2014-02-28 12:51:22", "2014-02-28 12:53:22", nobike
"2014-02-28 15:02:56", "2014-02-28 15:07:07", nobike
"2014-03-01 06:28:11", "2014-03-01 06:39:56", nospace
"2014-03-01 07:22:08", "2014-03-01 07:26:06", nospace
"2014-03-01 07:28:45", "2014-03-01 07:31:15", nospace
"2014-03-01 07:35:05", "2014-03-01 07:46:47", nospace
"2014-03-01 07:58:18", "2014-03-01 08:04:36", nospace
"2014-03-01 08:07:19", "2014-03-01 08:13:36", nospace
"2014-03-01 08:25:14", "2014-03-01 08:27:36", nospace
"2014-03-01 08:28:49", "2014-03-01 08:37:52", nospace
"2014-03-01 08:40:30", "2014-03-01 08:54:46", nospace
"2014-03-01 08:56:08", "2014-03-01 09:05:52", nospace
"2014-03-01 09:12:09", "2014-03-01 09:20:36", nospace
"2014-03-01 09:22:41", "2014-03-01 09:24:50", nospace
"2014-03-02 08:39:07", "2014-03-02 08:41:14", nospace
"2014-03-03 09:38:33", "2014-03-03 09:45:03", nospace
"2014-03-03 10:15:28", "2014-03-03 10:21:58", nospace
"2014-03-03 11:10:37", "2014-03-03 11:13:18", nospace
"2014-03-03 11:16:02", "2014-03-03 11:25:01", nospace
"2014-03-03 11:34:03", "2014-03-03 11:40:33", nospace
"2014-03-03 11:43:09", "2014-03-03 11:44:15", nospace
"2014-03-03 13:16:51", "2014-03-03 13:23:13", nospace
"2014-03-04 02:35:14", "2014-03-04 02:36:23", nospace
"2014-03-05 00:28:21", "2014-03-05 01:09:47", nospace
"2014-03-05 03:43:53", "2014-03-05 03:50:46", nospace
"2014-03-05 04:38:56", "2014-03-05 04:41:13", nospace
"2014-03-05 05:04:09", "2014-03-05 05:09:26", nospace
"2014-03-05 06:40:48", "2014-03-05 06:57:12", nospace
"2014-03-05 07:24:40", "2014-03-05 07:49:55", nospace
"2014-03-05 07:54:31", "2014-03-05 07:59:05", nospace
"2014-03-05 08:08:15", "2014-03-05 08:19:47", nospace
"2014-03-05 08:22:07", "2014-03-05 08:38:12", nospace
"2014-03-05 08:45:05", "2014-03-05 08:52:00", nospace
"2014-03-05 08:58:54", "2014-03-05 09:01:12", nospace
"2014-03-05 09:11:01", "2014-03-05 09:25:15", nospace
"2014-03-05 10:52:16", "2014-03-05 10:53:05", nospace
"2014-03-05 12:13:00", "2014-03-05 12:15:18", nospace
"2014-03-05 13:17:10", "2014-03-05 13:28:39", nospace
"2014-03-05 13:47:03", "2014-03-05 13:49:20", nospace
"2014-03-05 13:51:38", "2014-03-05 13:56:16", nospace
"2014-03-05 14:35:21", "2014-03-05 14:42:16", nospace
"2014-03-05 14:44:34", "2014-03-05 14:46:52", nospace
"2014-03-07 01:17:55", "2014-03-07 01:29:33", nospace
"2014-03-07 01:48:03", "2014-03-07 01:50:22", nospace
"2014-03-07 01:55:01", "2014-03-07 02:06:26", nospace
"2014-03-07 02:09:08", "2014-03-07 02:31:17", nospace
"2014-03-07 02:36:43", "2014-03-07 02:38:56", nospace
"2014-03-07 08:23:07", "2014-03-07 08:34:47", nospace
"2014-03-07 13:59:08", "2014-03-07 15:06:58", nospace
"2014-03-07 15:27:48", "2014-03-07 15:41:46", nospace
"2014-03-08 05:00:22", "2014-03-08 05:05:39", nospace
"2014-03-08 05:19:40", "2014-03-08 05:57:25", nospace
"2014-03-09 01:45:10", "2014-03-09 01:52:14", nospace
"2014-03-09 01:54:34", "2014-03-09 02:01:38", nospace
"2014-03-09 03:52:07", "2014-03-09 04:08:32", nospace
"2014-03-09 05:15:08", "2014-03-09 05:17:50", nospace
"2014-03-09 06:38:07", "2014-03-09 06:56:02", nospace
"2014-03-09 08:14:15", "2014-03-09 08:26:01", nospace
"2014-03-09 08:33:05", "2014-03-09 08:40:08", nospace
"2014-03-09 08:47:11", "2014-03-09 08:49:33", nospace
"2014-03-09 11:53:52", "2014-03-09 11:56:14", nospace
"2014-03-09 12:41:36", "2014-03-09 13:05:10", nospace
"2014-03-09 13:09:53", "2014-03-09 13:14:31", nospace
"2014-03-09 13:35:42", "2014-03-09 13:45:06", nospace
"2014-03-09 14:15:45", "2014-03-09 14:20:30", nospace
"2014-03-09 15:49:45", "2014-03-09 16:09:05", nospace
"2014-03-10 03:31:07", "2014-03-10 03:35:50", nospace
"2014-03-10 03:42:55", "2014-03-10 04:01:50", nospace
"2014-03-10 04:11:18", "2014-03-10 04:13:38", nospace
"2014-03-10 04:23:07", "2014-03-10 05:10:26", nospace
"2014-03-10 05:43:31", "2014-03-10 05:50:38", nospace
"2014-03-10 06:07:11", "2014-03-10 06:14:16", nospace
"2014-03-10 06:23:46", "2014-03-10 06:30:53", nospace
"2014-03-10 09:23:24", "2014-03-10 09:34:31", nospace
"2014-03-10 09:54:22", "2014-03-10 09:55:36", nospace
"2014-03-10 13:16:10", "2014-03-10 13:20:55", nospace
"2014-03-11 08:22:39", "2014-03-11 08:28:26", nospace
"2014-03-11 08:35:31", "2014-03-11 08:45:05", nospace
"2014-03-11 08:56:57", "2014-03-11 09:01:44", nospace
"2014-03-11 09:20:06", "2014-03-11 09:37:59", nospace
"2014-03-11 09:42:45", "2014-03-11 09:47:31", nospace
"2014-03-11 09:54:38", "2014-03-11 09:57:01", nospace
"2014-03-11 12:01:04", "2014-03-11 12:17:40", nospace
"2014-03-11 13:32:12", "2014-03-11 13:36:58", nospace
"2014-03-11 15:27:24", "2014-03-11 15:39:22", nospace
"2014-03-11 21:57:51", "2014-03-11 22:45:41", nospace
"2014-03-11 22:55:16", "2014-03-11 23:02:26", nospace
"2014-03-11 23:21:34", "2014-03-11 23:23:57", nospace
"2014-03-12 00:45:24", "2014-03-12 00:54:57", nospace
"2014-03-12 01:04:31", "2014-03-12 01:09:18", nospace
"2014-03-12 01:18:51", "2014-03-12 01:40:23", nospace
"2014-03-12 09:34:13", "2014-03-12 09:36:49", nospace
"2014-03-12 09:40:39", "2014-03-12 09:45:56", nospace
"2014-03-13 09:33:31", "2014-03-13 09:52:47", nospace
"2014-03-13 10:02:26", "2014-03-13 10:12:04", nospace
"2014-03-13 10:14:28", "2014-03-13 10:16:52", nospace
"2014-03-13 13:10:45", "2014-03-13 13:17:59", nospace
"2014-03-13 13:20:24", "2014-03-13 13:27:36", nospace
"2014-03-14 06:08:11", "2014-03-14 06:22:41", nospace
"2014-03-14 06:25:06", "2014-03-14 06:29:59", nospace
"2014-03-14 13:20:49", "2014-03-14 13:23:35", nospace
"2014-03-14 13:40:06", "2014-03-14 13:49:48", nospace
"2014-03-14 14:01:55", "2014-03-14 14:06:45", nospace
"2014-03-14 14:09:10", "2014-03-14 14:16:26", nospace
"2014-03-14 15:04:52", "2014-03-14 15:07:17", nospace
"2014-03-14 15:12:08", "2014-03-14 15:19:23", nospace
"2014-03-15 03:37:11", "2014-03-15 03:58:22", nospace
"2014-03-15 04:00:57", "2014-03-15 04:02:18", nospace
"2014-03-15 04:05:02", "2014-03-15 04:07:50", nospace
"2014-03-15 04:35:53", "2014-03-15 04:45:08", nospace
"2014-03-15 04:49:03", "2014-03-15 04:51:46", nospace
"2014-03-15 04:58:24", "2014-03-15 05:01:10", nospace
"2014-03-15 05:10:21", "2014-03-15 05:13:04", nospace
"2014-03-15 05:44:45", "2014-03-15 05:59:03", nospace
"2014-03-15 06:23:20", "2014-03-15 06:28:14", nospace
"2014-03-15 06:45:33", "2014-03-15 06:50:28", nospace
"2014-03-15 06:55:20", "2014-03-15 07:09:59", nospace
"2014-03-15 07:17:19", "2014-03-15 07:22:14", nospace
"2014-03-15 07:34:21", "2014-03-15 08:03:30", nospace
"2014-03-15 08:05:56", "2014-03-15 08:08:22", nospace
"2014-03-15 08:10:47", "2014-03-15 08:20:34", nospace
"2014-03-15 08:40:07", "2014-03-15 08:42:33", nospace
"2014-03-15 08:54:41", "2014-03-15 08:59:35", nospace
"2014-03-15 09:26:18", "2014-03-15 09:28:43", nospace
"2014-03-15 09:33:32", "2014-03-15 09:35:58", nospace
"2014-03-15 09:38:24", "2014-03-15 09:52:52", nospace
"2014-03-15 10:12:23", "2014-03-15 10:17:15", nospace
"2014-03-15 10:19:42", "2014-03-15 10:24:35", nospace
"2014-03-15 10:34:19", "2014-03-15 10:41:37", nospace
"2014-03-16 03:08:07", "2014-03-16 03:27:38", nospace
"2014-03-16 03:32:15", "2014-03-16 03:45:27", nospace
"2014-03-16 04:14:46", "2014-03-16 04:22:06", nospace
"2014-03-16 04:29:26", "2014-03-16 04:44:03", nospace
"2014-03-16 04:56:17", "2014-03-16 05:10:57", nospace
"2014-03-16 05:25:38", "2014-03-16 05:35:25", nospace
"2014-03-16 07:35:05", "2014-03-16 07:42:24", nospace
"2014-03-16 07:44:52", "2014-03-16 07:47:20", nospace
"2014-03-16 07:52:09", "2014-03-16 08:01:57", nospace
"2014-03-16 08:14:11", "2014-03-16 08:16:37", nospace
"2014-03-17 05:04:31", "2014-03-17 05:07:00", nospace
"2014-03-17 09:36:36", "2014-03-17 09:39:05", nospace
"2014-03-17 09:44:00", "2014-03-17 09:48:56", nospace
"2014-03-17 09:56:18", "2014-03-17 09:58:46", nospace
"2014-03-17 13:19:55", "2014-03-17 13:29:45", nospace
"2014-03-18 08:26:32", "2014-03-18 08:53:27", nospace
"2014-03-18 09:21:28", "2014-03-18 09:22:10", nospace
"2014-03-18 09:31:19", "2014-03-18 09:33:47", nospace
"2014-03-18 09:53:34", "2014-03-18 10:03:26", nospace
"2014-03-18 11:35:53", "2014-03-18 11:42:31", nospace
"2014-03-18 12:48:24", "2014-03-18 12:55:50", nospace
"2014-03-18 13:00:49", "2014-03-18 13:03:18", nospace
"2014-03-18 13:20:36", "2014-03-18 13:25:32", nospace
"2014-03-19 08:15:56", "2014-03-19 08:37:23", nospace
"2014-03-19 08:40:09", "2014-03-19 08:51:35", nospace
"2014-03-19 08:52:17", "2014-03-19 08:59:48", nospace
"2014-03-19 09:02:17", "2014-03-19 09:23:58", nospace
"2014-03-19 09:51:19", "2014-03-19 09:53:47", nospace
"2014-03-19 13:18:38", "2014-03-19 13:21:08", nospace
"2014-03-19 13:33:34", "2014-03-19 13:43:30", nospace
"2014-03-20 07:30:13", "2014-03-20 07:35:14", nospace
"2014-03-20 08:25:10", "2014-03-20 08:45:05", nospace
"2014-03-20 08:47:35", "2014-03-20 08:50:06", nospace
"2014-03-20 08:52:36", "2014-03-20 09:02:33", nospace
"2014-03-20 09:30:54", "2014-03-20 09:33:24", nospace
"2014-03-20 11:40:35", "2014-03-20 11:43:04", nospace
"2014-03-20 12:14:06", "2014-03-20 12:31:22", nospace
"2014-03-20 13:16:23", "2014-03-20 13:18:53", nospace
"2014-03-20 13:33:54", "2014-03-20 13:36:23", nospace
"2014-03-21 01:24:03", "2014-03-21 01:41:33", nospace
"2014-03-21 01:44:02", "2014-03-21 02:30:00", nospace
"2014-03-21 02:42:31", "2014-03-21 02:45:02", nospace
"2014-03-21 02:57:32", "2014-03-21 03:02:32", nospace
"2014-03-21 03:05:02", "2014-03-21 03:07:31", nospace
"2014-03-21 03:55:05", "2014-03-21 04:02:36", nospace
"2014-03-21 04:05:06", "2014-03-21 04:07:36", nospace
"2014-03-21 04:15:56", "2014-03-21 04:28:28", nospace
"2014-03-21 08:29:15", "2014-03-21 08:34:16", nospace
"2014-03-21 08:51:49", "2014-03-21 08:54:20", nospace
"2014-03-21 08:59:20", "2014-03-21 09:04:20", nospace
"2014-03-21 09:19:26", "2014-03-21 09:39:29", nospace
"2014-03-21 13:08:38", "2014-03-21 13:28:45", nospace
"2014-03-22 03:46:02", "2014-03-22 03:48:33", nospace
"2014-03-22 03:51:04", "2014-03-22 03:58:37", nospace
"2014-03-22 04:08:41", "2014-03-22 04:18:45", nospace
"2014-03-22 04:23:47", "2014-03-22 04:28:51", nospace
"2014-03-22 04:31:21", "2014-03-22 04:41:25", nospace
"2014-03-22 05:04:03", "2014-03-22 05:11:35", nospace
"2014-03-22 05:44:23", "2014-03-22 05:49:29", nospace
"2014-03-22 05:54:35", "2014-03-22 05:59:37", nospace
"2014-03-22 06:51:28", "2014-03-22 06:53:59", nospace
"2014-03-22 07:56:52", "2014-03-22 08:09:28", nospace
"2014-03-22 09:21:00", "2014-03-22 09:28:33", nospace
"2014-03-23 03:07:09", "2014-03-23 03:14:45", nospace
"2014-03-23 06:13:08", "2014-03-23 06:23:16", nospace
"2014-03-23 06:28:23", "2014-03-23 06:30:53", nospace
"2014-03-23 06:43:35", "2014-03-23 06:54:00", nospace
"2014-03-23 06:56:32", "2014-03-23 06:59:03", nospace
"2014-03-23 07:04:26", "2014-03-23 07:19:14", nospace
"2014-03-23 07:59:47", "2014-03-23 08:02:20", nospace
"2014-03-23 08:07:23", "2014-03-23 08:09:54", nospace
"2014-03-23 08:17:30", "2014-03-23 08:27:37", nospace
"2014-03-23 09:00:34", "2014-03-23 09:08:07", nospace
"2014-03-23 09:18:19", "2014-03-23 09:23:25", nospace
"2014-03-23 09:28:29", "2014-03-23 09:38:35", nospace
"2014-03-23 09:41:06", "2014-03-23 09:54:42", nospace
"2014-03-24 09:27:31", "2014-03-24 09:37:40", nospace
"2014-03-24 09:40:12", "2014-03-24 09:50:24", nospace
"2014-03-24 09:52:56", "2014-03-24 10:03:07", nospace
"2014-03-24 10:33:41", "2014-03-24 10:36:12", nospace
"2014-03-24 10:47:21", "2014-03-24 10:49:30", nospace
"2014-03-24 11:38:15", "2014-03-24 11:40:48", nospace
"2014-03-24 11:43:21", "2014-03-24 11:45:54", nospace
"2014-03-24 11:50:58", "2014-03-24 11:53:32", nospace
"2014-03-24 13:09:54", "2014-03-24 13:14:58", nospace
"2014-03-24 13:17:31", "2014-03-24 13:22:39", nospace
"2014-03-24 13:25:12", "2014-03-24 13:27:45", nospace
"2014-03-24 13:35:24", "2014-03-24 13:45:36", nospace
"2014-03-25 01:07:05", "2014-03-25 01:29:59", nospace
"2014-03-25 04:54:06", "2014-03-25 05:11:58", nospace
"2014-03-25 05:42:35", "2014-03-25 05:50:16", nospace
"2014-03-25 08:26:36", "2014-03-25 08:29:10", nospace
"2014-03-25 08:31:43", "2014-03-25 08:47:06", nospace
"2014-03-25 09:29:29", "2014-03-25 09:31:55", nospace
"2014-03-25 09:34:30", "2014-03-25 09:37:03", nospace
"2014-03-25 10:00:09", "2014-03-25 10:02:44", nospace
"2014-03-25 10:41:08", "2014-03-25 10:43:40", nospace
"2014-03-25 11:37:24", "2014-03-25 11:42:32", nospace
"2014-03-25 12:00:28", "2014-03-25 12:03:02", nospace
"2014-03-26 01:49:44", "2014-03-26 01:54:52", nospace
"2014-03-26 02:05:07", "2014-03-26 02:12:49", nospace
"2014-03-26 02:20:31", "2014-03-26 02:46:12", nospace
"2014-03-26 02:56:28", "2014-03-26 03:09:19", nospace
"2014-03-26 03:14:28", "2014-03-26 03:19:35", nospace
"2014-03-26 03:27:18", "2014-03-26 04:01:49", nospace
"2014-03-26 04:06:56", "2014-03-26 04:14:38", nospace
"2014-03-26 04:55:39", "2014-03-26 04:58:12", nospace
"2014-03-26 05:00:45", "2014-03-26 05:03:20", nospace
"2014-03-26 05:05:54", "2014-03-26 05:16:09", nospace
"2014-03-26 06:15:09", "2014-03-26 06:20:17", nospace
"2014-03-26 06:47:57", "2014-03-26 06:52:26", nospace
"2014-03-26 07:36:00", "2014-03-26 07:41:08", nospace
"2014-03-26 08:32:28", "2014-03-26 08:35:03", nospace
"2014-03-26 08:50:26", "2014-03-26 08:55:34", nospace
"2014-03-26 09:27:18", "2014-03-26 09:32:13", nospace
"2014-03-26 13:12:59", "2014-03-26 13:23:18", nospace
"2014-03-26 13:28:24", "2014-03-26 13:33:34", nospace
"2014-03-26 13:36:07", "2014-03-26 13:38:41", nospace
"2014-03-26 14:05:27", "2014-03-26 14:08:00", nospace
"2014-03-27 01:25:29", "2014-03-27 01:43:30", nospace
"2014-03-27 01:46:04", "2014-03-27 02:04:08", nospace
"2014-03-27 03:03:23", "2014-03-27 03:46:24", nospace
"2014-03-27 03:49:20", "2014-03-27 04:03:44", nospace
"2014-03-27 04:34:40", "2014-03-27 04:39:48", nospace
"2014-03-27 04:47:30", "2014-03-27 04:52:40", nospace
"2014-03-27 09:19:22", "2014-03-27 09:34:49", nospace
"2014-03-27 09:42:32", "2014-03-27 10:05:42", nospace
"2014-03-27 10:21:09", "2014-03-27 10:26:19", nospace
"2014-03-27 10:28:53", "2014-03-27 10:31:27", nospace
"2014-03-27 10:36:37", "2014-03-27 10:39:11", nospace
"2014-03-27 14:35:50", "2014-03-27 14:41:00", nospace
"2014-03-27 14:43:33", "2014-03-27 14:48:42", nospace
"2014-03-27 22:21:49", "2014-03-27 22:42:09", nospace
"2014-03-27 22:44:44", "2014-03-27 22:57:38", nospace
"2014-03-27 23:00:14", "2014-03-27 23:05:24", nospace
"2014-03-28 02:08:31", "2014-03-28 02:59:24", nospace
"2014-03-28 03:19:39", "2014-03-28 03:24:49", nospace
"2014-03-28 03:45:32", "2014-03-28 03:50:42", nospace
"2014-03-28 03:53:16", "2014-03-28 03:58:27", nospace
"2014-03-28 04:01:03", "2014-03-28 04:08:48", nospace
"2014-03-28 04:48:42", "2014-03-28 04:56:27", nospace
"2014-03-28 07:01:40", "2014-03-28 07:06:51", nospace
"2014-03-28 08:03:18", "2014-03-28 08:12:36", nospace
"2014-03-28 08:22:57", "2014-03-28 08:48:57", nospace
"2014-03-28 10:19:32", "2014-03-28 10:27:17", nospace
"2014-03-28 10:45:24", "2014-03-28 10:50:34", nospace
"2014-03-28 11:24:20", "2014-03-28 11:26:55", nospace
"2014-03-28 11:29:30", "2014-03-28 11:48:56", nospace
"2014-03-28 11:53:36", "2014-03-28 11:58:45", nospace
"2014-03-28 12:03:42", "2014-03-28 12:09:33", nospace
"2014-03-28 12:12:07", "2014-03-28 12:22:29", nospace
"2014-03-28 12:30:14", "2014-03-28 12:32:50", nospace
"2014-03-28 15:13:34", "2014-03-28 15:31:39", nospace
"2014-03-29 00:01:39", "2014-03-29 00:21:01", nospace
"2014-03-29 00:22:48", "2014-03-29 00:33:58", nospace
"2014-03-29 00:37:24", "2014-03-29 00:54:22", nospace
"2014-03-29 01:24:27", "2014-03-29 01:32:15", nospace
"2014-03-29 01:59:46", "2014-03-29 02:07:14", nospace
"2014-03-29 02:30:30", "2014-03-29 02:43:30", nospace
"2014-03-29 02:56:28", "2014-03-29 03:09:28", nospace
"2014-03-29 03:12:05", "2014-03-29 03:30:17", nospace
"2014-03-29 03:40:41", "2014-03-29 03:53:40", nospace
"2014-03-29 03:56:15", "2014-03-29 04:01:26", nospace
"2014-03-29 04:06:39", "2014-03-29 04:11:50", nospace
"2014-03-29 04:23:18", "2014-03-29 04:38:55", nospace
"2014-03-29 04:46:44", "2014-03-29 04:49:19", nospace
"2014-03-29 04:51:54", "2014-03-29 05:04:54", nospace
"2014-03-29 08:13:31", "2014-03-29 08:18:44", nospace
"2014-03-29 08:34:22", "2014-03-29 08:56:19", nospace
"2014-03-29 09:09:21", "2014-03-29 09:17:10", nospace
"2014-03-29 09:30:11", "2014-03-29 09:38:00", nospace
"2014-03-30 02:59:32", "2014-03-30 03:07:24", nospace
"2014-03-30 03:28:18", "2014-03-30 03:33:30", nospace
"2014-03-30 03:38:44", "2014-03-30 04:10:02", nospace
"2014-03-30 05:51:45", "2014-03-30 05:59:35", nospace
"2014-03-30 06:10:02", "2014-03-30 06:12:39", nospace
"2014-03-30 06:17:53", "2014-03-30 06:37:00", nospace
"2014-03-30 06:41:36", "2014-03-30 07:22:15", nospace
"2014-03-30 07:37:54", "2014-03-30 07:43:12", nospace
"2014-03-30 07:53:40", "2014-03-30 08:00:53", nospace
"2014-03-30 08:03:10", "2014-03-30 08:10:56", nospace
"2014-03-30 08:15:43", "2014-03-30 08:20:57", nospace
"2014-03-30 08:34:04", "2014-03-30 08:41:54", nospace
"2014-03-30 08:47:09", "2014-03-30 08:55:01", nospace
"2014-03-30 09:08:03", "2014-03-30 09:23:45", nospace
"2014-03-30 09:43:17", "2014-03-30 09:53:46", nospace
"2014-03-31 02:31:55", "2014-03-31 02:37:08", nospace
"2014-03-31 02:39:58", "2014-03-31 02:44:31", nospace
"2014-03-31 03:10:45", "2014-03-31 03:26:30", nospace
"2014-03-31 03:47:28", "2014-03-31 03:50:05", nospace
"2014-03-31 03:55:19", "2014-03-31 04:08:26", nospace
"2014-03-31 04:36:58", "2014-03-31 04:37:44", nospace
"2014-03-31 05:07:20", "2014-03-31 05:42:42", nospace
"2014-03-31 05:47:56", "2014-03-31 06:19:25", nospace
"2014-03-31 06:35:14", "2014-03-31 06:37:52", nospace
"2014-03-31 06:48:16", "2014-03-31 06:56:26", nospace
"2014-03-31 09:30:02", "2014-03-31 09:32:40", nospace
"2014-03-31 09:37:54", "2014-03-31 09:40:31", nospace
"2014-03-31 10:09:18", "2014-03-31 10:11:56", nospace
"2014-03-31 12:28:29", "2014-03-31 12:31:05", nospace
"2014-03-31 13:10:35", "2014-03-31 13:26:22", nospace
"2014-03-31 14:20:09", "2014-03-31 14:33:18", nospace
"2014-03-31 14:41:11", "2014-03-31 14:43:48", nospace
"2014-03-31 15:10:07", "2014-03-31 15:28:30", nospace
"2014-04-01 08:24:20", "2014-04-01 08:29:35", nospace
"2014-04-01 09:19:46", "2014-04-01 09:40:49", nospace
"2014-04-01 09:51:22", "2014-04-01 09:54:01", nospace
"2014-04-01 09:56:38", "2014-04-01 09:59:17", nospace
"2014-04-01 10:01:54", "2014-04-01 10:07:09", nospace
"2014-04-01 13:17:00", "2014-04-01 13:30:11", nospace
"2014-04-01 13:46:02", "2014-04-01 14:01:51", nospace
"2014-04-01 14:12:22", "2014-04-01 14:20:18", nospace
"2014-04-01 14:22:55", "2014-04-01 14:25:35", nospace
"2014-04-02 00:42:44", "2014-04-02 00:50:40", nospace
"2014-04-02 00:55:56", "2014-04-02 01:27:37", nospace
"2014-04-02 01:35:33", "2014-04-02 01:40:50", nospace
"2014-04-02 01:48:46", "2014-04-02 02:12:37", nospace
"2014-04-02 02:49:39", "2014-04-02 03:00:13", nospace
"2014-04-02 03:02:52", "2014-04-02 03:18:46", nospace
"2014-04-02 04:14:30", "2014-04-02 04:20:23", nospace
"2014-04-02 05:57:41", "2014-04-02 06:00:19", nospace
"2014-04-02 06:30:53", "2014-04-02 06:33:48", nospace
"2014-04-02 06:38:22", "2014-04-02 06:43:33", nospace
"2014-04-02 06:57:24", "2014-04-02 07:02:08", nospace
"2014-04-02 07:42:51", "2014-04-02 07:45:30", nospace
"2014-04-02 07:53:28", "2014-04-02 08:01:25", nospace
"2014-04-02 08:04:05", "2014-04-02 08:06:45", nospace
"2014-04-02 08:09:23", "2014-04-02 08:33:14", nospace
"2014-04-02 08:35:53", "2014-04-02 08:43:51", nospace
"2014-04-02 08:59:44", "2014-04-02 09:12:58", nospace
"2014-04-02 09:20:56", "2014-04-02 09:31:32", nospace
"2014-04-02 09:55:22", "2014-04-02 09:58:02", nospace
"2014-04-02 10:00:40", "2014-04-02 10:03:18", nospace
"2014-04-02 10:08:36", "2014-04-02 10:11:14", nospace
"2014-04-02 10:27:08", "2014-04-02 10:29:47", nospace
"2014-04-02 10:45:41", "2014-04-02 10:48:21", nospace
"2014-04-02 12:51:05", "2014-04-02 12:53:44", nospace
"2014-04-02 12:56:24", "2014-04-02 12:59:03", nospace
"2014-04-02 13:01:41", "2014-04-02 13:06:59", nospace
"2014-04-02 13:12:17", "2014-04-02 13:28:13", nospace
"2014-04-03 03:29:50", "2014-04-03 03:37:49", nospace
"2014-04-03 04:41:38", "2014-04-03 04:44:18", nospace
"2014-04-03 04:46:56", "2014-04-03 05:21:30", nospace
"2014-04-03 05:26:50", "2014-04-03 05:32:08", nospace
"2014-04-03 05:42:25", "2014-04-03 05:50:23", nospace
"2014-04-03 09:27:57", "2014-04-03 09:30:36", nospace
"2014-04-03 09:54:32", "2014-04-03 10:02:31", nospace
"2014-04-03 10:10:32", "2014-04-03 10:13:11", nospace
"2014-04-03 13:18:17", "2014-04-03 13:23:35", nospace
"2014-04-03 13:28:54", "2014-04-03 13:36:52", nospace
"2014-04-04 03:21:24", "2014-04-04 03:36:56", nospace
"2014-04-04 04:08:29", "2014-04-04 04:23:13", nospace
"2014-04-04 04:28:20", "2014-04-04 04:33:19", nospace
"2014-04-04 04:40:32", "2014-04-04 04:47:32", nospace
"2014-04-04 06:02:24", "2014-04-04 06:07:42", nospace
"2014-04-04 06:46:40", "2014-04-04 06:54:54", nospace
"2014-04-04 06:57:34", "2014-04-04 07:02:54", nospace
"2014-04-04 07:05:34", "2014-04-04 07:08:13", nospace
"2014-04-04 07:10:54", "2014-04-04 07:13:34", nospace
"2014-04-04 07:18:55", "2014-04-04 07:24:15", nospace
"2014-04-04 08:41:50", "2014-04-04 08:55:10", nospace
"2014-04-04 09:00:30", "2014-04-04 09:03:10", nospace
"2014-04-04 09:08:28", "2014-04-04 09:13:48", nospace
"2014-04-04 09:24:31", "2014-04-04 09:27:11", nospace
"2014-04-04 09:59:18", "2014-04-04 10:04:38", nospace
"2014-04-04 10:23:21", "2014-04-04 10:26:02", nospace
"2014-04-04 12:19:45", "2014-04-04 12:30:25", nospace
"2014-04-05 07:57:30", "2014-04-05 08:13:36", nospace
"2014-04-05 08:24:22", "2014-04-05 08:27:02", nospace
"2014-04-05 08:35:04", "2014-04-05 08:45:49", nospace
"2014-04-05 08:51:11", "2014-04-05 08:53:50", nospace
"2014-04-05 09:07:15", "2014-04-05 09:09:57", nospace
"2014-04-05 09:50:14", "2014-04-05 10:00:59", nospace
"2014-04-05 10:09:01", "2014-04-05 10:11:42", nospace
"2014-04-05 10:14:21", "2014-04-05 10:17:03", nospace
"2014-04-05 10:22:27", "2014-04-05 10:25:07", nospace
"2014-04-05 11:26:57", "2014-04-05 11:29:37", nospace
"2014-04-05 12:49:07", "2014-04-05 12:51:49", nospace
"2014-04-05 12:59:52", "2014-04-05 13:02:34", nospace
"2014-04-06 05:07:02", "2014-04-06 05:09:32", nospace
"2014-04-06 05:18:49", "2014-04-06 05:34:01", nospace
"2014-04-06 06:13:21", "2014-04-06 06:22:43", nospace
"2014-04-06 07:42:35", "2014-04-06 07:50:39", nospace
"2014-04-06 08:05:31", "2014-04-06 08:08:12", nospace
"2014-04-06 08:10:53", "2014-04-06 08:13:35", nospace
"2014-04-06 08:18:58", "2014-04-06 08:21:41", nospace
"2014-04-06 09:12:53", "2014-04-06 09:20:56", nospace
"2014-04-06 13:12:13", "2014-04-06 13:17:38", nobike
"2014-04-06 13:20:19", "2014-04-06 13:23:01", nobike
"2014-04-07 09:49:43", "2014-04-07 10:22:08", nospace
"2014-04-07 17:04:59", "2014-04-07 21:55:52", nospace
"2014-04-08 08:50:35", "2014-04-08 08:53:16", nospace
"2014-04-08 09:04:06", "2014-04-08 09:09:31", nospace
"2014-04-08 09:12:15", "2014-04-08 09:19:06", nospace
"2014-04-08 09:29:58", "2014-04-08 09:32:41", nospace
"2014-04-08 09:43:35", "2014-04-08 09:46:16", nospace
"2014-04-08 09:54:28", "2014-04-08 09:55:54", nospace
"2014-04-08 10:11:20", "2014-04-08 10:13:40", nospace
"2014-04-08 10:15:42", "2014-04-08 10:21:46", nospace
"2014-04-08 10:57:11", "2014-04-08 11:02:37", nospace
"2014-04-08 11:08:04", "2014-04-08 11:16:13", nospace
"2014-04-08 12:18:39", "2014-04-08 12:24:07", nospace
"2014-04-08 13:07:33", "2014-04-08 13:12:59", nospace
"2014-04-08 13:42:53", "2014-04-08 13:51:02", nospace
"2014-04-09 00:49:43", "2014-04-09 01:05:57", nospace
"2014-04-09 01:08:40", "2014-04-09 01:24:40", nospace
"2014-04-09 01:38:40", "2014-04-09 02:11:32", nospace
"2014-04-09 02:36:00", "2014-04-09 02:41:28", nospace
"2014-04-09 02:52:19", "2014-04-09 03:08:39", nospace
"2014-04-09 08:26:48", "2014-04-09 08:45:54", nospace
"2014-04-09 08:51:20", "2014-04-09 08:59:30", nospace
"2014-04-09 09:10:24", "2014-04-09 09:18:36", nospace
"2014-04-09 09:21:19", "2014-04-09 09:40:23", nospace
"2014-04-09 14:35:44", "2014-04-09 14:41:11", nospace
"2014-04-10 11:05:26", "2014-04-10 11:13:38", nospace
"2014-04-10 11:45:11", "2014-04-10 11:47:54", nospace
"2014-04-10 13:26:20", "2014-04-10 13:39:10", nospace
"2014-04-10 13:43:22", "2014-04-10 13:46:29", nospace
"2014-04-11 01:17:09", "2014-04-11 01:46:08", nospace
"2014-04-11 04:40:18", "2014-04-11 04:51:16", nospace
"2014-04-11 08:32:43", "2014-04-11 08:40:56", nospace
"2014-04-11 08:46:25", "2014-04-11 08:49:11", nospace
"2014-04-11 08:51:55", "2014-04-11 08:54:40", nospace
"2014-04-11 08:57:24", "2014-04-11 09:13:53", nospace
"2014-04-11 09:24:51", "2014-04-11 09:25:47", nospace
"2014-04-11 09:27:39", "2014-04-11 09:33:46", nospace
"2014-04-11 09:36:01", "2014-04-11 09:37:23", nospace
"2014-04-11 11:09:38", "2014-04-11 11:17:53", nospace
"2014-04-11 13:12:23", "2014-04-11 13:21:11", nospace
"2014-04-11 13:23:03", "2014-04-11 13:35:52", nospace
"2014-04-12 04:28:39", "2014-04-12 04:34:10", nospace
"2014-04-12 04:56:12", "2014-04-12 05:04:26", nospace
"2014-04-12 05:26:28", "2014-04-12 05:29:14", nospace
"2014-04-12 05:34:44", "2014-04-12 05:43:00", nospace
"2014-04-12 06:10:35", "2014-04-12 06:16:05", nospace
"2014-04-12 06:24:22", "2014-04-12 06:27:15", nospace
"2014-04-12 06:35:24", "2014-04-12 06:40:21", nospace
"2014-04-12 07:40:42", "2014-04-12 07:46:11", nospace
"2014-04-12 08:10:57", "2014-04-12 08:22:00", nospace
"2014-04-12 08:24:44", "2014-04-12 08:27:31", nospace
"2014-04-12 08:38:32", "2014-04-12 08:41:17", nospace
"2014-04-12 08:49:33", "2014-04-12 08:52:17", nospace
"2014-04-12 08:57:48", "2014-04-12 09:14:20", nospace
"2014-04-12 09:16:26", "2014-04-12 09:23:25", nospace
"2014-04-12 09:43:31", "2014-04-12 09:46:16", nospace
"2014-04-12 13:28:46", "2014-04-12 13:37:03", nospace
"2014-04-13 01:47:23", "2014-04-13 01:50:10", nospace
"2014-04-13 02:28:51", "2014-04-13 02:34:22", nospace
"2014-04-13 06:10:32", "2014-04-13 06:13:34", nospace
"2014-04-13 06:33:36", "2014-04-13 06:36:46", nospace
"2014-04-13 06:41:22", "2014-04-13 06:44:08", nospace
"2014-04-13 06:58:19", "2014-04-13 07:03:50", nospace
"2014-04-13 07:06:35", "2014-04-13 07:14:53", nospace
"2014-04-13 07:28:42", "2014-04-13 07:34:13", nospace
"2014-04-13 07:36:59", "2014-04-13 07:42:29", nospace
"2014-04-13 07:45:16", "2014-04-13 07:48:00", nospace
"2014-04-13 08:12:55", "2014-04-13 08:26:45", nospace
"2014-04-13 08:29:31", "2014-04-13 08:35:02", nospace
"2014-04-13 08:59:56", "2014-04-13 09:11:01", nospace
"2014-04-13 09:13:47", "2014-04-13 09:19:19", nospace
"2014-04-13 09:24:50", "2014-04-13 09:30:53", nospace
"2014-04-13 09:45:53", "2014-04-13 09:54:12", nospace
"2014-04-14 08:45:39", "2014-04-14 09:05:04", nospace
"2014-04-14 09:07:50", "2014-04-14 09:10:38", nospace
"2014-04-14 09:13:24", "2014-04-14 09:18:58", nospace
"2014-04-14 09:24:32", "2014-04-14 09:27:19", nospace
"2014-04-14 09:30:06", "2014-04-14 09:32:52", nospace
"2014-04-14 09:38:24", "2014-04-14 09:41:11", nospace
"2014-04-14 09:46:44", "2014-04-14 09:49:31", nospace
"2014-04-14 09:52:17", "2014-04-14 09:57:50", nospace
"2014-04-14 13:23:03", "2014-04-14 13:31:24", nospace
"2014-04-15 01:09:37", "2014-04-15 01:12:26", nospace
"2014-04-15 01:17:59", "2014-04-15 01:58:35", nospace
"2014-04-15 04:44:35", "2014-04-15 04:52:56", nospace
"2014-04-15 08:29:33", "2014-04-15 08:40:43", nospace
"2014-04-15 08:43:31", "2014-04-15 09:00:16", nospace
"2014-04-15 09:08:38", "2014-04-15 09:36:29", nospace
"2014-04-15 09:44:53", "2014-04-15 09:55:59", nospace
"2014-04-15 10:01:34", "2014-04-15 10:04:21", nospace
"2014-04-15 10:25:37", "2014-04-15 10:28:25", nospace
"2014-04-15 10:50:33", "2014-04-15 10:53:09", nospace
"2014-04-15 11:51:07", "2014-04-15 11:56:41", nospace
"2014-04-16 09:28:52", "2014-04-16 09:32:00", nospace
"2014-04-16 09:38:31", "2014-04-16 09:41:18", nospace
"2014-04-16 10:03:42", "2014-04-16 10:12:06", nospace
"2014-04-16 10:59:45", "2014-04-16 11:02:34", nospace
"2014-04-16 13:11:20", "2014-04-16 13:22:30", nospace
"2014-04-17 05:05:39", "2014-04-17 05:11:16", nospace
"2014-04-17 05:16:53", "2014-04-17 05:30:55", nospace
"2014-04-17 05:41:33", "2014-04-17 05:55:10", nospace
"2014-04-17 06:03:35", "2014-04-17 06:17:36", nospace
"2014-04-17 09:34:13", "2014-04-17 09:39:49", nospace
"2014-04-17 09:53:52", "2014-04-17 09:56:41", nospace
"2014-04-17 09:59:29", "2014-04-17 10:02:14", nospace
"2014-04-17 10:24:03", "2014-04-17 10:26:51", nospace
"2014-04-17 11:23:07", "2014-04-17 11:52:59", nospace
"2014-04-17 12:04:13", "2014-04-17 12:07:01", nospace
"2014-04-17 12:09:50", "2014-04-17 12:12:39", nospace
"2014-04-17 12:19:01", "2014-04-17 12:22:14", nospace
"2014-04-17 13:18:24", "2014-04-17 13:26:51", nospace
"2014-04-18 06:30:14", "2014-04-18 06:41:31", nospace
"2014-04-18 06:44:20", "2014-04-18 06:47:09", nospace
"2014-04-18 08:26:51", "2014-04-18 08:49:25", nospace
"2014-04-18 08:57:52", "2014-04-18 09:00:41", nospace
"2014-04-18 09:20:26", "2014-04-18 09:22:09", nospace
"2014-04-18 09:28:20", "2014-04-18 09:33:31", nospace
"2014-04-18 09:36:19", "2014-04-18 09:44:48", nospace
"2014-04-18 10:01:44", "2014-04-18 10:04:32", nospace
"2014-04-18 10:10:09", "2014-04-18 10:15:47", nospace
"2014-04-18 11:26:16", "2014-04-18 11:37:33", nospace
"2014-04-18 12:56:30", "2014-04-18 13:10:37", nospace
"2014-04-18 13:16:15", "2014-04-18 13:19:04", nospace
"2014-04-19 03:49:49", "2014-04-19 03:55:30", nospace
"2014-04-19 04:09:39", "2014-04-19 04:12:28", nospace
"2014-04-19 04:30:01", "2014-04-19 04:43:33", nospace
"2014-04-19 05:53:05", "2014-04-19 05:58:12", nospace
"2014-04-19 07:02:48", "2014-04-19 07:19:48", nospace
"2014-04-19 07:22:38", "2014-04-19 07:33:57", nospace
"2014-04-19 07:48:08", "2014-04-19 07:53:49", nospace
"2014-04-19 08:00:27", "2014-04-19 08:02:02", nospace
"2014-04-19 08:16:32", "2014-04-19 08:35:26", nospace
"2014-04-19 08:38:16", "2014-04-19 09:17:55", nospace
"2014-04-19 09:23:30", "2014-04-19 09:26:41", nospace
"2014-04-19 09:33:31", "2014-04-19 09:42:41", nospace
"2014-04-19 09:48:21", "2014-04-19 09:51:11", nospace
"2014-04-19 11:00:56", "2014-04-19 11:09:25", nospace
"2014-04-19 11:48:59", "2014-04-19 11:51:49", nospace
"2014-04-20 04:52:45", "2014-04-20 04:58:25", nospace
"2014-04-20 06:32:13", "2014-04-20 06:37:54", nospace
"2014-04-20 07:23:45", "2014-04-20 07:29:25", nospace
"2014-04-20 07:40:47", "2014-04-20 07:47:37", nospace
"2014-04-20 08:11:03", "2014-04-20 08:19:35", nospace
"2014-04-20 08:22:24", "2014-04-20 08:44:07", nospace
"2014-04-20 08:49:50", "2014-04-20 09:04:00", nospace
"2014-04-20 09:06:51", "2014-04-20 09:09:41", nospace
"2014-04-20 09:12:43", "2014-04-20 09:25:47", nospace
"2014-04-20 09:28:37", "2014-04-20 09:51:19", nospace
"2014-04-20 10:05:32", "2014-04-20 10:14:00", nospace
"2014-04-20 10:16:52", "2014-04-20 10:25:24", nospace
"2014-04-20 10:31:10", "2014-04-20 10:34:01", nospace
"2014-04-21 09:35:12", "2014-04-21 09:38:04", nospace
"2014-04-21 09:43:48", "2014-04-21 09:49:30", nospace
"2014-04-21 09:52:21", "2014-04-21 10:15:10", nospace
"2014-04-21 10:26:36", "2014-04-21 10:29:26", nospace
"2014-04-21 10:43:42", "2014-04-21 10:51:47", nospace
"2014-04-21 12:10:02", "2014-04-21 12:15:43", nospace
"2014-04-21 13:51:44", "2014-04-21 13:57:27", nospace
"2014-04-21 14:06:02", "2014-04-21 14:08:53", nospace
"2014-04-21 14:14:34", "2014-04-21 14:25:58", nospace
"2014-04-22 13:17:44", "2014-04-22 13:26:18", nospace
"2014-04-22 13:34:53", "2014-04-22 13:43:29", nospace
"2014-04-22 13:49:12", "2014-04-22 13:57:46", nospace
"2014-04-22 14:09:12", "2014-04-22 14:12:03", nospace
"2014-04-22 14:17:46", "2014-04-22 14:29:02", nospace
"2014-04-22 14:37:00", "2014-04-22 14:54:19", nospace
"2014-04-22 22:00:54", "2014-04-22 22:57:25", nospace
"2014-04-22 23:48:08", "2014-04-23 00:02:26", nospace
"2014-04-23 01:12:15", "2014-04-23 01:44:22", nospace
"2014-04-23 02:58:02", "2014-04-23 03:03:46", nospace
"2014-04-23 08:38:07", "2014-04-23 08:55:21", nospace
"2014-04-23 09:01:06", "2014-04-23 09:06:50", nospace
"2014-04-23 09:24:06", "2014-04-23 09:29:50", nospace
"2014-04-23 09:49:59", "2014-04-23 09:58:43", nospace
"2014-04-24 09:31:34", "2014-04-24 09:34:27", nospace
"2014-04-24 09:37:20", "2014-04-24 09:43:06", nospace
"2014-04-24 10:03:17", "2014-04-24 10:06:10", nospace
"2014-04-24 10:11:55", "2014-04-24 10:14:48", nospace
"2014-04-24 10:23:25", "2014-04-24 10:32:05", nospace
"2014-04-24 10:46:28", "2014-04-24 10:52:13", nospace
"2014-04-24 13:08:43", "2014-04-24 13:14:31", nospace
"2014-04-24 13:17:24", "2014-04-24 13:28:54", nospace
"2014-04-24 13:37:36", "2014-04-24 13:40:29", nospace
"2014-04-24 14:07:09", "2014-04-24 14:20:39", nospace
"2014-04-24 14:21:38", "2014-04-24 14:31:31", nospace
"2014-04-24 14:37:16", "2014-04-24 14:51:39", nospace
"2014-04-25 09:11:53", "2014-04-25 09:12:57", nospace
"2014-04-25 09:35:11", "2014-04-25 09:38:04", nospace
"2014-04-25 09:55:24", "2014-04-25 09:58:17", nospace
"2014-04-25 10:33:02", "2014-04-25 10:35:54", nospace
"2014-04-26 01:20:07", "2014-04-26 01:22:27", nospace
"2014-04-26 01:28:40", "2014-04-26 01:51:04", nospace
"2014-04-26 01:53:58", "2014-04-26 02:15:11", nospace
"2014-04-26 04:14:16", "2014-04-26 04:17:10", nospace
"2014-04-26 04:20:04", "2014-04-26 04:22:58", nospace
"2014-04-26 04:25:53", "2014-04-26 04:28:46", nospace
"2014-04-26 04:57:45", "2014-04-26 05:12:14", nospace
"2014-04-26 06:09:25", "2014-04-26 06:15:13", nospace
"2014-04-26 06:23:56", "2014-04-26 06:26:55", nospace
"2014-04-27 02:22:05", "2014-04-27 02:25:20", nospace
"2014-04-27 02:40:57", "2014-04-27 02:44:10", nospace
"2014-04-27 02:52:34", "2014-04-27 02:58:23", nospace
"2014-04-27 03:12:54", "2014-04-27 03:36:12", nospace
"2014-04-27 04:50:54", "2014-04-27 04:56:44", nospace
"2014-04-27 04:59:38", "2014-04-27 05:14:09", nospace
"2014-04-27 06:52:54", "2014-04-27 07:04:34", nospace
"2014-04-27 07:19:07", "2014-04-27 07:22:03", nospace
"2014-04-27 07:24:56", "2014-04-27 07:34:57", nospace
"2014-04-27 07:36:20", "2014-04-27 07:53:11", nospace
"2014-04-27 07:56:06", "2014-04-27 08:07:45", nospace
"2014-04-27 08:19:24", "2014-04-27 08:33:59", nospace
"2014-04-27 08:36:55", "2014-04-27 08:39:49", nospace
"2014-04-27 08:48:35", "2014-04-27 08:54:27", nospace
"2014-04-27 10:18:59", "2014-04-27 10:23:48", nospace
"2014-04-27 10:40:27", "2014-04-27 10:47:32", nospace
"2014-04-27 10:50:26", "2014-04-27 10:53:21", nospace
"2014-04-28 02:53:39", "2014-04-28 02:56:35", nospace
"2014-04-28 03:17:03", "2014-04-28 03:28:45", nospace
"2014-04-28 03:34:35", "2014-04-28 03:46:16", nospace
"2014-04-28 04:09:36", "2014-04-28 04:18:22", nospace
"2014-04-28 05:02:10", "2014-04-28 05:16:44", nospace
"2014-04-28 05:19:40", "2014-04-28 05:34:44", nospace
"2014-04-28 06:17:13", "2014-04-28 06:20:09", nospace
"2014-04-28 07:55:08", "2014-04-28 07:56:27", nospace
"2014-04-28 07:59:05", "2014-04-28 08:02:00", nospace
"2014-04-28 08:04:57", "2014-04-28 08:07:52", nospace
"2014-04-28 08:25:25", "2014-04-28 08:31:17", nospace
"2014-04-28 09:12:14", "2014-04-28 09:15:11", nospace
"2014-04-28 09:18:06", "2014-04-28 09:21:01", nospace
"2014-04-28 09:47:16", "2014-04-28 09:50:12", nospace
"2014-04-28 10:07:43", "2014-04-28 10:16:28", nospace
"2014-04-28 12:30:14", "2014-04-28 12:33:10", nospace
"2014-04-28 12:41:58", "2014-04-28 12:47:49", nospace
"2014-04-28 13:49:09", "2014-04-28 13:54:34", nospace
"2014-04-28 14:43:09", "2014-04-28 14:46:05", nospace
"2014-04-28 14:57:46", "2014-04-28 15:06:33", nospace
"2014-04-28 15:21:10", "2014-04-28 15:24:06", nospace
"2014-04-29 08:17:56", "2014-04-29 08:20:52", nospace
"2014-04-29 08:44:21", "2014-04-29 08:47:15", nospace
"2014-04-29 08:50:12", "2014-04-29 09:18:46", nospace
"2014-04-29 09:20:31", "2014-04-29 09:36:27", nospace
"2014-04-29 09:39:24", "2014-04-29 09:45:15", nospace
"2014-04-29 09:57:54", "2014-04-29 10:02:46", nospace
"2014-04-29 11:50:35", "2014-04-29 11:53:30", nospace
"2014-04-29 11:58:54", "2014-04-29 12:08:28", nospace
"2014-04-29 12:22:05", "2014-04-29 12:27:57", nospace
"2014-04-29 12:33:48", "2014-04-29 12:39:40", nospace
"2014-04-29 12:51:25", "2014-04-29 12:54:21", nospace
"2014-04-29 12:57:17", "2014-04-29 13:03:09", nospace
"2014-04-29 13:23:42", "2014-04-29 13:26:38", nospace
"2014-05-02 03:17:43", "2014-05-02 03:20:00", nospace
"2014-05-02 04:23:07", "2014-05-02 04:46:16", nospace
"2014-05-02 04:52:10", "2014-05-02 04:55:08", nospace
"2014-05-02 08:28:11", "2014-05-02 08:37:04", nospace
"2014-05-02 08:54:52", "2014-05-02 09:03:46", nospace
"2014-05-02 09:12:39", "2014-05-02 09:15:38", nospace
"2014-05-02 09:18:36", "2014-05-02 09:33:24", nospace
"2014-05-02 09:39:18", "2014-05-02 09:42:16", nospace
"2014-05-02 09:48:12", "2014-05-02 09:51:11", nospace
"2014-05-02 09:54:09", "2014-05-02 09:57:08", nospace
"2014-05-02 10:03:03", "2014-05-02 10:06:00", nospace
"2014-05-02 10:11:57", "2014-05-02 10:14:10", nospace
"2014-05-02 10:19:44", "2014-05-02 10:23:04", nospace
"2014-05-02 10:43:49", "2014-05-02 10:46:46", nospace
"2014-05-02 10:52:41", "2014-05-02 10:55:39", nospace
"2014-05-02 10:58:36", "2014-05-02 11:01:36", nospace
"2014-05-02 13:21:14", "2014-05-02 13:24:12", nospace
"2014-05-02 13:30:09", "2014-05-02 13:33:06", nospace
"2014-05-03 01:18:51", "2014-05-03 01:21:49", nospace
"2014-05-03 01:24:47", "2014-05-03 01:36:40", nospace
"2014-05-03 04:05:08", "2014-05-03 04:11:05", nospace
"2014-05-03 04:23:00", "2014-05-03 04:25:59", nospace
"2014-05-03 05:57:26", "2014-05-03 06:03:21", nospace
"2014-05-03 06:18:15", "2014-05-03 06:33:11", nospace
"2014-05-04 10:29:17", "2014-05-04 10:38:13", nobike
"2014-05-04 10:44:10", "2014-05-04 10:53:34", nobike
"2014-05-04 11:06:59", "2014-05-04 11:30:50", nobike
"2014-05-06 08:13:05", "2014-05-06 08:16:03", nospace
"2014-05-06 08:19:04", "2014-05-06 08:25:02", nospace
"2014-05-06 08:28:02", "2014-05-06 08:43:01", nospace
"2014-05-06 09:10:00", "2014-05-06 09:16:01", nospace
"2014-05-07 00:37:19", "2014-05-07 00:40:20", nospace
"2014-05-07 00:49:20", "2014-05-07 01:03:44", nospace
"2014-05-07 01:06:44", "2014-05-07 01:33:46", nospace
"2014-05-07 01:42:50", "2014-05-07 01:45:50", nospace
"2014-05-07 02:03:51", "2014-05-07 02:09:53", nospace
"2014-05-07 08:29:05", "2014-05-07 08:44:06", nospace
"2014-05-07 09:11:13", "2014-05-07 09:47:21", nospace
"2014-05-08 01:07:40", "2014-05-08 01:10:42", nospace
"2014-05-08 01:16:44", "2014-05-08 01:34:51", nospace
"2014-05-08 01:37:52", "2014-05-08 01:55:58", nospace
"2014-05-08 02:02:00", "2014-05-08 02:14:03", nospace
"2014-05-08 02:17:04", "2014-05-08 02:35:12", nospace
"2014-05-08 03:17:29", "2014-05-08 03:23:32", nospace
"2014-05-08 03:26:32", "2014-05-08 03:41:38", nospace
"2014-05-08 04:20:53", "2014-05-08 04:41:21", nospace
"2014-05-08 04:47:23", "2014-05-08 05:11:34", nospace
"2014-05-08 06:18:56", "2014-05-08 06:22:18", nospace
"2014-05-08 06:30:04", "2014-05-08 06:44:44", nospace
"2014-05-08 06:53:49", "2014-05-08 06:59:38", nospace
"2014-05-08 07:14:43", "2014-05-08 07:17:45", nospace
"2014-05-08 09:42:03", "2014-05-08 09:45:05", nospace
"2014-05-08 09:57:08", "2014-05-08 10:03:11", nospace
"2014-05-08 10:33:20", "2014-05-08 10:36:22", nospace
"2014-05-08 10:39:23", "2014-05-08 10:48:27", nospace
"2014-05-08 10:54:29", "2014-05-08 10:57:32", nospace
"2014-05-08 11:15:38", "2014-05-08 11:18:40", nospace
"2014-05-08 13:14:09", "2014-05-08 13:28:28", nospace
"2014-05-08 14:46:56", "2014-05-08 14:49:59", nospace
