"2014-01-31 03:46:40", "2014-01-31 04:24:43", nospace
"2014-01-31 05:29:04", "2014-01-31 05:50:31", nospace
"2014-01-31 06:08:43", "2014-01-31 06:38:55", nospace
"2014-01-31 07:19:47", "2014-01-31 07:59:56", nospace
"2014-01-31 08:26:10", "2014-01-31 08:50:57", nospace
"2014-01-31 08:52:36", "2014-01-31 09:02:17", nospace
"2014-02-01 07:30:26", "2014-02-01 07:40:21", nospace
"2014-02-01 07:55:58", "2014-02-01 08:35:55", nospace
"2014-02-01 08:45:00", "2014-02-01 09:03:52", nospace
"2014-02-02 03:07:46", "2014-02-02 03:11:08", nospace
"2014-02-02 05:55:51", "2014-02-02 06:41:42", nospace
"2014-02-02 06:57:32", "2014-02-02 07:45:37", nospace
"2014-02-02 07:48:50", "2014-02-02 07:51:05", nospace
"2014-02-02 07:53:19", "2014-02-02 07:54:44", nospace
"2014-02-02 08:27:06", "2014-02-02 08:47:47", nospace
"2014-02-02 09:35:38", "2014-02-02 09:37:51", nospace
"2014-02-02 09:44:38", "2014-02-02 10:16:42", nospace
"2014-02-02 11:31:28", "2014-02-02 11:36:35", nobike
"2014-02-02 15:30:51", "2014-02-02 15:33:01", nobike
"2014-02-02 15:46:44", "2014-02-02 16:00:33", nobike
"2014-02-03 02:17:53", "2014-02-03 02:22:57", nospace
"2014-02-03 03:13:06", "2014-02-03 03:22:57", nospace
"2014-02-03 03:24:40", "2014-02-03 03:49:34", nospace
"2014-02-03 04:03:07", "2014-02-03 04:25:09", nospace
"2014-02-03 05:24:24", "2014-02-03 06:30:28", nospace
"2014-02-03 06:38:37", "2014-02-03 06:41:55", nospace
"2014-02-03 07:06:39", "2014-02-03 07:10:19", nospace
"2014-02-03 07:14:55", "2014-02-03 07:24:18", nospace
"2014-02-03 07:26:12", "2014-02-03 07:52:44", nospace
"2014-02-03 08:11:43", "2014-02-03 08:26:53", nospace
"2014-02-03 08:57:39", "2014-02-03 09:14:53", nospace
"2014-02-03 09:16:34", "2014-02-03 09:21:33", nospace
"2014-02-03 09:26:07", "2014-02-03 09:32:35", nospace
"2014-02-03 14:08:19", "2014-02-03 14:17:41", nobike
"2014-02-04 06:40:19", "2014-02-04 06:43:07", nospace
"2014-02-04 06:58:52", "2014-02-04 07:03:35", nospace
"2014-02-04 08:06:55", "2014-02-04 08:19:01", nospace
"2014-02-04 08:43:08", "2014-02-04 08:50:02", nospace
"2014-02-05 08:50:11", "2014-02-05 08:57:14", nospace
"2014-02-05 09:14:20", "2014-02-05 09:41:50", nospace
"2014-02-06 02:37:13", "2014-02-06 02:44:11", nospace
"2014-02-06 02:56:25", "2014-02-06 03:06:57", nospace
"2014-02-06 03:36:38", "2014-02-06 04:28:49", nospace
"2014-02-06 05:58:16", "2014-02-06 06:10:46", nospace
"2014-02-06 06:51:09", "2014-02-06 06:58:11", nospace
"2014-02-06 07:16:29", "2014-02-06 07:48:01", nospace
"2014-02-06 10:21:49", "2014-02-06 10:29:02", nobike
"2014-02-06 10:31:16", "2014-02-06 11:00:52", nobike
"2014-02-06 11:10:38", "2014-02-06 11:13:40", nobike
"2014-02-06 14:18:01", "2014-02-06 14:21:21", nobike
"2014-02-06 14:30:43", "2014-02-06 14:37:27", nobike
"2014-02-06 14:51:05", "2014-02-06 15:07:44", nobike
"2014-02-06 15:15:02", "2014-02-06 15:57:37", nobike
"2014-02-07 02:22:27", "2014-02-07 03:29:30", nospace
"2014-02-07 08:18:00", "2014-02-07 08:37:33", nospace
"2014-02-10 09:47:13", "2014-02-10 09:56:19", nobike
"2014-02-10 09:58:07", "2014-02-10 10:14:24", nobike
"2014-02-10 10:18:03", "2014-02-10 10:36:13", nobike
"2014-02-13 09:52:41", "2014-02-13 10:00:09", nobike
"2014-02-13 13:03:45", "2014-02-13 13:12:32", nobike
"2014-02-15 11:27:50", "2014-02-15 11:58:14", nobike
"2014-02-15 15:07:30", "2014-02-15 15:21:38", nobike
"2014-02-16 05:29:12", "2014-02-16 05:36:49", nospace
"2014-02-16 06:02:52", "2014-02-16 06:04:45", nospace
"2014-02-16 06:18:06", "2014-02-16 06:27:39", nospace
"2014-02-16 06:29:34", "2014-02-16 06:36:32", nospace
"2014-02-16 06:51:04", "2014-02-16 07:14:01", nospace
"2014-02-16 07:15:55", "2014-02-16 07:17:51", nospace
"2014-02-16 07:23:38", "2014-02-16 07:52:17", nospace
"2014-02-16 07:58:02", "2014-02-16 08:01:53", nospace
"2014-02-16 08:11:25", "2014-02-16 08:15:14", nospace
"2014-02-16 08:17:08", "2014-02-16 08:20:58", nospace
"2014-02-16 08:26:43", "2014-02-16 08:37:59", nospace
"2014-02-16 08:39:53", "2014-02-16 08:49:27", nospace
"2014-02-16 09:02:45", "2014-02-16 09:04:41", nospace
"2014-02-16 09:06:35", "2014-02-16 09:14:13", nospace
"2014-02-16 09:16:39", "2014-02-16 09:19:05", nospace
"2014-02-16 09:49:39", "2014-02-16 09:53:29", nospace
"2014-02-17 02:51:24", "2014-02-17 02:53:19", nospace
"2014-02-17 02:55:14", "2014-02-17 03:03:01", nospace
"2014-02-17 03:05:22", "2014-02-17 04:08:09", nospace
"2014-02-17 04:38:55", "2014-02-17 04:50:26", nospace
"2014-02-17 05:47:42", "2014-02-17 05:57:20", nospace
"2014-02-17 06:29:55", "2014-02-17 06:31:51", nospace
"2014-02-17 07:03:14", "2014-02-17 07:28:15", nospace
"2014-02-17 07:30:11", "2014-02-17 07:32:07", nospace
"2014-02-17 11:40:30", "2014-02-17 11:42:26", nobike
"2014-02-17 13:47:03", "2014-02-17 13:48:59", nobike
"2014-02-17 13:50:54", "2014-02-17 14:00:34", nobike
"2014-02-18 00:55:21", "2014-02-18 01:02:48", nospace
"2014-02-18 01:36:52", "2014-02-18 01:40:41", nospace
"2014-02-18 01:48:28", "2014-02-18 01:52:20", nospace
"2014-02-18 02:17:31", "2014-02-18 02:21:24", nospace
"2014-02-18 02:23:19", "2014-02-18 02:27:14", nospace
"2014-02-20 01:48:48", "2014-02-20 02:32:05", nospace
"2014-02-20 03:27:10", "2014-02-20 03:29:07", nospace
"2014-02-20 03:30:19", "2014-02-20 03:46:07", nospace
"2014-02-20 03:57:58", "2014-02-20 04:19:04", nospace
"2014-02-20 04:30:44", "2014-02-20 04:46:31", nospace
"2014-02-20 04:52:25", "2014-02-20 05:10:08", nospace
"2014-02-20 05:16:04", "2014-02-20 05:27:55", nospace
"2014-02-20 10:39:07", "2014-02-20 10:41:05", nobike
"2014-02-20 13:54:58", "2014-02-20 14:12:42", nobike
"2014-02-21 04:56:32", "2014-02-21 05:08:32", nospace
"2014-02-21 06:53:36", "2014-02-21 06:55:34", nospace
"2014-02-21 07:09:27", "2014-02-21 07:15:25", nospace
"2014-02-21 14:08:50", "2014-02-21 14:12:49", nobike
"2014-02-21 14:14:49", "2014-02-21 14:38:37", nobike
"2014-02-21 14:48:32", "2014-02-21 15:02:33", nospace
"2014-02-21 15:16:37", "2014-02-21 15:22:40", nospace
"2014-02-22 01:57:08", "2014-02-22 02:03:06", nospace
"2014-02-22 02:07:05", "2014-02-22 02:09:05", nospace
"2014-02-22 02:11:05", "2014-02-22 02:17:05", nospace
"2014-02-22 03:37:18", "2014-02-22 04:04:34", nospace
"2014-02-22 04:14:33", "2014-02-22 04:20:32", nospace
"2014-02-22 05:26:39", "2014-02-22 05:34:41", nospace
"2014-02-22 06:04:34", "2014-02-22 06:06:34", nospace
"2014-02-22 06:34:39", "2014-02-22 06:36:38", nospace
"2014-02-22 06:40:38", "2014-02-22 07:30:44", nospace
"2014-02-22 07:54:55", "2014-02-22 07:58:54", nospace
"2014-02-22 08:00:54", "2014-02-22 08:08:53", nospace
"2014-02-22 08:10:52", "2014-02-22 08:11:58", nospace
"2014-02-22 08:13:22", "2014-02-22 08:24:14", nospace
"2014-02-22 08:30:16", "2014-02-22 08:38:18", nospace
"2014-02-22 08:44:19", "2014-02-22 08:45:57", nospace
"2014-02-22 08:55:54", "2014-02-22 08:57:54", nospace
"2014-02-22 16:33:03", "2014-02-22 16:39:02", nobike
"2014-02-23 02:24:14", "2014-02-23 02:28:15", nospace
"2014-02-23 02:30:06", "2014-02-23 02:52:11", nospace
"2014-02-23 03:17:28", "2014-02-23 03:31:49", nospace
"2014-02-23 03:39:50", "2014-02-23 03:49:11", nospace
"2014-02-23 03:51:48", "2014-02-23 03:52:48", nospace
"2014-02-23 04:47:47", "2014-02-23 04:57:49", nospace
"2014-02-23 05:43:57", "2014-02-23 05:49:57", nospace
"2014-02-23 05:53:59", "2014-02-23 05:56:01", nospace
"2014-02-23 06:08:05", "2014-02-23 06:26:17", nospace
"2014-02-23 07:24:15", "2014-02-23 07:29:17", nospace
"2014-02-23 07:44:41", "2014-02-23 07:47:21", nospace
"2014-02-23 07:53:10", "2014-02-23 08:03:12", nospace
"2014-02-23 08:57:45", "2014-02-23 09:01:49", nospace
"2014-02-23 09:03:50", "2014-02-23 09:09:53", nospace
"2014-02-23 09:20:01", "2014-02-23 09:34:11", nospace
"2014-02-23 09:36:12", "2014-02-23 09:46:21", nospace
"2014-02-23 10:36:45", "2014-02-23 10:38:46", nobike
"2014-02-23 11:02:58", "2014-02-23 11:09:02", nobike
"2014-02-23 11:13:05", "2014-02-23 11:29:16", nobike
"2014-02-23 12:03:32", "2014-02-23 12:13:21", nobike
"2014-02-23 12:15:22", "2014-02-23 12:33:32", nobike
"2014-02-23 13:33:55", "2014-02-23 13:39:58", nobike
"2014-02-23 13:50:06", "2014-02-23 14:04:12", nobike
"2014-02-23 15:04:46", "2014-02-23 15:32:27", nospace
"2014-02-24 00:19:24", "2014-02-24 00:35:35", nospace
"2014-02-24 03:09:40", "2014-02-24 03:38:55", nospace
"2014-02-24 04:06:51", "2014-02-24 04:08:53", nospace
"2014-02-24 04:12:56", "2014-02-24 04:14:58", nospace
"2014-02-24 04:47:23", "2014-02-24 04:51:25", nospace
"2014-02-24 05:54:01", "2014-02-24 05:56:38", nospace
"2014-02-24 08:25:50", "2014-02-24 08:49:00", nospace
"2014-02-24 08:56:05", "2014-02-24 08:58:36", nospace
"2014-02-24 09:17:07", "2014-02-24 09:27:09", nospace
"2014-02-24 09:51:58", "2014-02-24 09:56:02", nospace
"2014-02-24 13:45:08", "2014-02-24 13:53:00", nobike
"2014-02-24 14:05:48", "2014-02-24 14:13:13", nobike
"2014-02-24 14:15:50", "2014-02-24 14:18:27", nobike
"2014-02-25 00:41:59", "2014-02-25 00:57:47", nospace
"2014-02-25 03:08:36", "2014-02-25 03:18:51", nospace
"2014-02-25 04:20:15", "2014-02-25 04:24:22", nospace
"2014-02-25 14:07:17", "2014-02-25 14:20:02", nobike
"2014-02-25 14:33:49", "2014-02-25 14:37:56", nospace
"2014-02-26 00:13:47", "2014-02-26 00:38:34", nospace
"2014-02-26 00:43:18", "2014-02-26 00:51:39", nospace
"2014-02-26 04:14:42", "2014-02-26 04:56:01", nospace
"2014-02-26 05:00:06", "2014-02-26 05:06:18", nospace
"2014-02-26 05:12:29", "2014-02-26 05:16:37", nospace
"2014-02-26 05:18:41", "2014-02-26 05:34:56", nospace
"2014-02-26 06:14:43", "2014-02-26 06:35:55", nospace
"2014-02-26 09:55:11", "2014-02-26 10:01:14", nobike
"2014-02-26 10:03:18", "2014-02-26 10:09:30", nobike
"2014-02-26 10:15:44", "2014-02-26 10:17:49", nobike
"2014-02-26 10:28:08", "2014-02-26 10:32:16", nobike
"2014-02-26 10:46:19", "2014-02-26 10:50:26", nobike
"2014-02-26 11:17:22", "2014-02-26 11:25:38", nospace
"2014-02-26 12:14:52", "2014-02-26 12:35:30", nospace
"2014-02-26 14:17:57", "2014-02-26 14:20:34", nobike
"2014-02-26 14:34:20", "2014-02-26 14:40:31", nospace
"2014-02-26 14:46:44", "2014-02-26 14:48:49", nospace
"2014-02-27 00:37:09", "2014-02-27 00:46:51", nospace
"2014-02-27 00:49:21", "2014-02-27 00:50:06", nospace
"2014-02-27 00:58:08", "2014-02-27 01:21:10", nospace
"2014-02-27 01:31:59", "2014-02-27 01:52:46", nospace
"2014-02-27 01:57:01", "2014-02-27 02:07:23", nospace
"2014-02-27 02:34:16", "2014-02-27 03:13:46", nospace
"2014-02-27 03:17:56", "2014-02-27 03:28:18", nospace
"2014-02-27 03:57:16", "2014-02-27 04:01:13", nospace
"2014-02-27 04:17:43", "2014-02-27 04:24:00", nospace
"2014-02-27 04:48:58", "2014-02-27 04:51:03", nospace
"2014-02-27 04:53:08", "2014-02-27 04:57:19", nospace
"2014-02-27 04:59:23", "2014-02-27 05:03:36", nospace
"2014-02-27 05:45:11", "2014-02-27 05:57:40", nospace
"2014-02-27 05:59:44", "2014-02-27 06:22:39", nospace
"2014-02-27 08:27:35", "2014-02-27 08:29:40", nospace
"2014-02-27 08:37:57", "2014-02-27 08:42:05", nospace
"2014-02-27 11:29:13", "2014-02-27 11:31:45", nospace
"2014-02-27 11:33:18", "2014-02-27 11:33:58", nospace
"2014-02-27 11:44:04", "2014-02-27 11:46:08", nospace
"2014-02-27 11:50:16", "2014-02-27 11:52:20", nospace
"2014-02-27 12:02:16", "2014-02-27 12:04:20", nospace
"2014-02-27 12:10:31", "2014-02-27 12:16:44", nospace
"2014-02-27 12:20:52", "2014-02-27 12:22:56", nospace
"2014-02-27 12:25:01", "2014-02-27 12:27:05", nospace
"2014-02-27 12:47:44", "2014-02-27 12:53:57", nospace
"2014-02-27 13:20:52", "2014-02-27 13:24:59", nospace
"2014-02-27 13:27:03", "2014-02-27 13:33:15", nospace
"2014-02-27 16:21:40", "2014-02-27 16:34:05", nobike
"2014-02-27 16:36:09", "2014-02-27 16:42:21", nobike
"2014-02-28 00:42:02", "2014-02-28 00:47:57", nospace
"2014-02-28 00:50:34", "2014-02-28 01:02:29", nospace
"2014-02-28 01:03:12", "2014-02-28 01:04:35", nospace
"2014-02-28 01:07:47", "2014-02-28 01:11:55", nospace
"2014-02-28 01:22:14", "2014-02-28 01:24:18", nospace
"2014-02-28 01:28:28", "2014-02-28 01:30:33", nospace
"2014-02-28 01:32:39", "2014-02-28 02:05:42", nospace
"2014-02-28 02:16:05", "2014-02-28 02:38:55", nospace
"2014-02-28 02:59:41", "2014-02-28 03:01:45", nospace
"2014-02-28 03:16:16", "2014-02-28 03:32:34", nospace
"2014-02-28 04:19:53", "2014-02-28 04:26:00", nospace
"2014-02-28 04:31:15", "2014-02-28 04:33:36", nospace
"2014-02-28 04:34:40", "2014-02-28 04:52:10", nospace
"2014-02-28 05:04:44", "2014-02-28 05:16:09", nospace
"2014-02-28 05:18:44", "2014-02-28 05:21:12", nospace
"2014-02-28 05:28:03", "2014-02-28 05:30:08", nospace
"2014-02-28 05:42:38", "2014-02-28 05:50:57", nospace
"2014-02-28 05:55:07", "2014-02-28 05:57:11", nospace
"2014-02-28 06:01:21", "2014-02-28 06:05:32", nospace
"2014-02-28 06:11:45", "2014-02-28 06:17:59", nospace
"2014-02-28 06:26:24", "2014-02-28 07:14:53", nospace
"2014-02-28 07:29:29", "2014-02-28 07:52:22", nospace
"2014-02-28 07:56:34", "2014-02-28 08:25:43", nospace
"2014-02-28 08:29:51", "2014-02-28 08:50:43", nospace
"2014-02-28 08:52:48", "2014-02-28 08:56:57", nospace
"2014-02-28 09:01:08", "2014-02-28 09:57:23", nospace
"2014-02-28 10:02:42", "2014-02-28 10:06:16", nospace
"2014-02-28 10:07:45", "2014-02-28 10:18:07", nospace
"2014-02-28 12:11:39", "2014-02-28 12:13:47", nospace
"2014-02-28 12:15:52", "2014-02-28 12:17:58", nospace
"2014-02-28 12:20:03", "2014-02-28 12:36:44", nospace
"2014-02-28 12:53:22", "2014-02-28 12:57:00", nospace
"2014-02-28 13:21:23", "2014-02-28 13:22:03", nospace
"2014-02-28 13:23:26", "2014-02-28 13:41:51", nospace
"2014-02-28 13:50:12", "2014-02-28 13:52:19", nospace
"2014-02-28 13:54:24", "2014-02-28 13:56:31", nospace
"2014-02-28 14:13:11", "2014-02-28 14:15:16", nospace
"2014-02-28 15:09:13", "2014-02-28 15:11:18", nobike
"2014-02-28 19:08:49", "2014-02-28 19:19:16", nobike
"2014-02-28 23:43:33", "2014-02-28 23:53:47", nospace
"2014-03-01 00:00:04", "2014-03-01 00:12:13", nospace
"2014-03-01 00:18:30", "2014-03-01 00:22:40", nospace
"2014-03-01 00:45:41", "2014-03-01 00:49:51", nospace
"2014-03-01 01:46:28", "2014-03-01 01:52:45", nospace
"2014-03-01 02:19:56", "2014-03-01 02:28:12", nospace
"2014-03-01 05:03:09", "2014-03-01 05:18:45", nospace
"2014-03-01 05:39:31", "2014-03-01 05:56:08", nospace
"2014-03-01 06:05:06", "2014-03-01 06:10:01", nospace
"2014-03-01 06:12:43", "2014-03-01 06:18:57", nospace
"2014-03-01 06:21:37", "2014-03-01 06:24:20", nospace
"2014-03-01 06:26:51", "2014-03-01 06:30:52", nospace
"2014-03-01 06:37:13", "2014-03-01 06:42:33", nospace
"2014-03-01 06:54:09", "2014-03-01 06:58:59", nospace
"2014-03-01 07:05:23", "2014-03-01 07:32:27", nospace
"2014-03-01 07:37:46", "2014-03-01 07:58:18", nospace
"2014-03-01 07:58:59", "2014-03-01 08:07:19", nospace
"2014-03-01 08:10:55", "2014-03-01 08:16:11", nospace
"2014-03-01 08:27:36", "2014-03-01 08:40:30", nospace
"2014-03-01 08:43:10", "2014-03-01 08:45:46", nospace
"2014-03-01 08:46:53", "2014-03-01 08:54:46", nospace
"2014-03-01 09:03:44", "2014-03-01 09:07:56", nospace
"2014-03-01 09:41:37", "2014-03-01 10:01:14", nospace
"2014-03-03 03:42:18", "2014-03-03 03:50:51", nospace
"2014-03-03 10:53:11", "2014-03-03 10:59:21", nobike
"2014-03-03 11:02:06", "2014-03-03 11:04:40", nobike
"2014-03-05 01:32:58", "2014-03-05 01:39:52", nospace
"2014-03-05 01:48:56", "2014-03-05 02:16:31", nospace
"2014-03-05 03:11:45", "2014-03-05 03:53:04", nospace
"2014-03-05 04:09:09", "2014-03-05 04:52:42", nospace
"2014-03-05 05:04:09", "2014-03-05 05:13:32", nospace
"2014-03-05 05:18:09", "2014-03-05 05:20:27", nospace
"2014-03-05 05:22:46", "2014-03-05 05:25:02", nospace
"2014-03-05 10:46:14", "2014-03-05 10:52:16", nospace
"2014-03-05 13:26:20", "2014-03-05 13:47:03", nobike
"2014-03-05 13:49:20", "2014-03-05 13:56:16", nobike
"2014-03-05 14:05:27", "2014-03-05 14:07:46", nospace
"2014-03-07 00:36:11", "2014-03-07 00:43:07", nospace
"2014-03-07 01:01:41", "2014-03-07 01:13:17", nospace
"2014-03-07 01:31:52", "2014-03-07 01:38:49", nospace
"2014-03-07 02:06:26", "2014-03-07 02:24:43", nospace
"2014-03-07 02:29:49", "2014-03-07 03:16:49", nospace
"2014-03-07 03:25:37", "2014-03-07 03:48:12", nospace
"2014-03-07 04:15:30", "2014-03-07 04:19:28", nospace
"2014-03-07 04:33:05", "2014-03-07 05:00:09", nospace
"2014-03-09 03:28:32", "2014-03-09 03:33:17", nospace
"2014-03-09 03:49:45", "2014-03-09 04:13:15", nospace
"2014-03-09 07:48:21", "2014-03-09 08:00:08", nospace
"2014-03-09 08:02:29", "2014-03-09 08:18:56", nospace
"2014-03-09 13:59:14", "2014-03-09 14:22:51", nobike
"2014-03-10 03:16:57", "2014-03-10 03:19:19", nospace
"2014-03-10 03:24:03", "2014-03-10 03:31:07", nospace
"2014-03-10 03:33:28", "2014-03-10 03:40:34", nospace
"2014-03-10 03:52:23", "2014-03-10 04:01:50", nospace
"2014-03-10 04:08:55", "2014-03-10 04:18:24", nospace
"2014-03-10 04:37:18", "2014-03-10 04:49:09", nospace
"2014-03-10 05:12:47", "2014-03-10 05:15:09", nospace
"2014-03-10 05:43:31", "2014-03-10 06:00:06", nospace
"2014-03-10 06:07:11", "2014-03-10 06:19:02", nospace
"2014-03-10 09:58:16", "2014-03-10 10:03:30", nospace
"2014-03-10 10:16:23", "2014-03-10 10:19:07", nospace
"2014-03-10 14:02:32", "2014-03-10 14:14:03", nospace
"2014-03-11 00:37:58", "2014-03-11 00:45:05", nospace
"2014-03-11 01:58:46", "2014-03-11 02:39:11", nospace
"2014-03-11 02:46:18", "2014-03-11 03:26:46", nospace
"2014-03-11 13:34:35", "2014-03-11 13:44:08", nobike
"2014-03-11 13:53:39", "2014-03-11 13:58:28", nospace
"2014-03-11 14:13:14", "2014-03-11 14:15:38", nospace
"2014-03-12 01:52:19", "2014-03-12 02:40:08", nospace
"2014-03-12 09:07:02", "2014-03-12 09:08:39", nospace
"2014-03-12 09:09:25", "2014-03-12 09:10:16", nospace
"2014-03-12 09:18:32", "2014-03-12 09:22:23", nospace
"2014-03-12 09:25:07", "2014-03-12 09:28:48", nospace
"2014-03-12 09:36:49", "2014-03-12 09:40:39", nospace
"2014-03-13 07:47:54", "2014-03-13 07:56:35", nospace
"2014-03-13 13:13:10", "2014-03-13 13:32:24", nobike
"2014-03-13 13:34:49", "2014-03-13 13:42:22", nobike
"2014-03-13 13:45:04", "2014-03-13 13:54:36", nobike
"2014-03-13 13:57:00", "2014-03-13 13:59:25", nobike
"2014-03-13 14:16:18", "2014-03-13 14:21:07", nospace
"2014-03-13 14:28:47", "2014-03-13 14:29:35", nospace
"2014-03-14 00:03:06", "2014-03-14 00:12:45", nospace
"2014-03-14 00:35:50", "2014-03-14 00:45:47", nospace
"2014-03-14 00:56:55", "2014-03-14 01:28:18", nospace
"2014-03-14 01:30:44", "2014-03-14 01:34:53", nospace
"2014-03-14 01:39:52", "2014-03-14 01:41:23", nospace
"2014-03-14 01:50:32", "2014-03-14 02:22:38", nospace
"2014-03-14 03:57:49", "2014-03-14 04:58:13", nospace
"2014-03-14 13:59:29", "2014-03-14 14:04:20", nobike
"2014-03-14 14:06:45", "2014-03-14 14:09:10", nobike
"2014-03-14 14:28:33", "2014-03-14 14:30:58", nobike
"2014-03-14 14:33:24", "2014-03-14 15:00:01", nobike
"2014-03-15 01:06:49", "2014-03-15 01:41:15", nospace
"2014-03-15 03:22:05", "2014-03-15 03:26:59", nospace
"2014-03-15 04:02:18", "2014-03-15 04:07:50", nospace
"2014-03-15 04:11:50", "2014-03-15 04:14:38", nospace
"2014-03-15 05:38:18", "2014-03-15 05:41:03", nospace
"2014-03-15 05:53:51", "2014-03-15 06:08:45", nospace
"2014-03-15 06:28:14", "2014-03-15 06:38:17", nospace
"2014-03-15 07:05:06", "2014-03-15 07:12:26", nospace
"2014-03-15 07:14:52", "2014-03-15 07:17:19", nospace
"2014-03-15 07:19:46", "2014-03-15 07:39:13", nospace
"2014-03-15 07:41:39", "2014-03-15 07:48:57", nospace
"2014-03-15 07:51:23", "2014-03-15 08:10:47", nospace
"2014-03-15 08:13:14", "2014-03-15 08:20:34", nospace
"2014-03-15 08:25:25", "2014-03-15 08:30:22", nospace
"2014-03-15 08:54:41", "2014-03-15 08:57:09", nospace
"2014-03-15 08:59:35", "2014-03-15 09:02:00", nospace
"2014-03-15 09:06:52", "2014-03-15 09:16:33", nospace
"2014-03-15 10:05:04", "2014-03-15 10:41:37", nobike
"2014-03-16 01:42:33", "2014-03-16 01:57:11", nospace
"2014-03-16 01:59:37", "2014-03-16 02:04:32", nospace
"2014-03-16 03:05:41", "2014-03-16 03:17:53", nospace
"2014-03-16 03:20:18", "2014-03-16 03:25:12", nospace
"2014-03-16 03:30:05", "2014-03-16 03:34:25", nospace
"2014-03-16 03:35:41", "2014-03-16 03:57:43", nospace
"2014-03-16 04:07:26", "2014-03-16 04:26:59", nospace
"2014-03-16 04:51:23", "2014-03-16 04:56:17", nospace
"2014-03-16 05:01:09", "2014-03-16 05:10:57", nospace
"2014-03-16 05:13:23", "2014-03-16 05:15:51", nospace
"2014-03-16 05:20:44", "2014-03-16 05:30:32", nospace
"2014-03-16 05:32:58", "2014-03-16 05:43:25", nospace
"2014-03-16 05:48:18", "2014-03-16 05:53:11", nospace
"2014-03-16 06:17:38", "2014-03-16 06:41:09", nospace
"2014-03-16 07:05:11", "2014-03-16 07:18:36", nospace
"2014-03-16 07:21:09", "2014-03-16 07:25:18", nospace
"2014-03-16 07:27:46", "2014-03-16 07:30:12", nospace
"2014-03-16 08:11:45", "2014-03-16 08:16:37", nospace
"2014-03-16 08:28:49", "2014-03-16 08:38:34", nospace
"2014-03-16 08:41:00", "2014-03-16 08:58:04", nospace
"2014-03-16 09:05:24", "2014-03-16 09:07:50", nospace
"2014-03-16 09:15:09", "2014-03-16 09:21:25", nospace
"2014-03-16 09:41:22", "2014-03-16 09:48:24", nospace
"2014-03-16 10:02:20", "2014-03-16 10:07:13", nospace
"2014-03-16 10:17:00", "2014-03-16 10:19:28", nospace
"2014-03-16 11:23:59", "2014-03-16 11:26:25", nospace
"2014-03-16 11:28:51", "2014-03-16 11:31:19", nospace
"2014-03-16 13:37:01", "2014-03-16 13:41:53", nospace
"2014-03-16 23:52:43", "2014-03-17 00:00:03", nospace
"2014-03-17 00:06:28", "2014-03-17 00:09:16", nospace
"2014-03-17 00:11:26", "2014-03-17 00:15:53", nospace
"2014-03-17 00:25:43", "2014-03-17 00:41:33", nospace
"2014-03-17 00:44:19", "2014-03-17 00:46:43", nospace
"2014-03-17 01:00:43", "2014-03-17 01:12:57", nospace
"2014-03-17 04:03:06", "2014-03-17 04:07:59", nospace
"2014-03-17 05:11:57", "2014-03-17 05:14:24", nospace
"2014-03-17 06:08:31", "2014-03-17 06:30:55", nospace
"2014-03-17 12:14:55", "2014-03-17 12:22:19", nobike
"2014-03-17 12:24:46", "2014-03-17 12:32:10", nobike
"2014-03-17 12:44:27", "2014-03-17 12:46:56", nobike
"2014-03-17 14:04:08", "2014-03-17 14:06:36", nospace
"2014-03-18 00:28:01", "2014-03-18 00:32:28", nospace
"2014-03-18 00:34:02", "2014-03-18 00:39:43", nospace
"2014-03-18 01:57:24", "2014-03-18 02:49:11", nospace
"2014-03-18 03:11:24", "2014-03-18 03:16:22", nospace
"2014-03-18 03:28:40", "2014-03-18 03:31:08", nospace
"2014-03-18 03:55:43", "2014-03-18 04:05:40", nospace
"2014-03-18 04:15:00", "2014-03-18 05:07:33", nospace
"2014-03-18 07:39:30", "2014-03-18 07:49:24", nospace
"2014-03-18 07:54:20", "2014-03-18 08:26:32", nospace
"2014-03-18 14:00:13", "2014-03-18 14:10:04", nobike
"2014-03-18 14:12:32", "2014-03-18 14:27:24", nobike
"2014-03-18 23:44:43", "2014-03-18 23:49:40", nospace
"2014-03-18 23:52:09", "2014-03-18 23:54:38", nospace
"2014-03-19 00:04:32", "2014-03-19 00:24:23", nospace
"2014-03-19 01:39:26", "2014-03-19 01:44:24", nospace
"2014-03-19 01:49:20", "2014-03-19 02:09:54", nospace
"2014-03-19 05:39:08", "2014-03-19 05:46:35", nospace
"2014-03-19 06:20:57", "2014-03-19 06:21:42", nospace
"2014-03-19 06:23:14", "2014-03-19 06:32:07", nospace
"2014-03-19 06:34:35", "2014-03-19 06:54:42", nospace
"2014-03-19 07:07:56", "2014-03-19 07:20:49", nospace
"2014-03-19 07:23:34", "2014-03-19 07:30:14", nospace
"2014-03-19 07:32:41", "2014-03-19 07:40:06", nospace
"2014-03-19 07:42:35", "2014-03-19 07:45:04", nospace
"2014-03-19 07:57:45", "2014-03-19 08:10:56", nospace
"2014-03-19 11:09:28", "2014-03-19 11:16:53", nospace
"2014-03-19 11:19:22", "2014-03-19 11:29:18", nospace
"2014-03-19 11:44:13", "2014-03-19 11:51:39", nospace
"2014-03-20 06:27:37", "2014-03-20 06:40:02", nospace
"2014-03-20 06:54:57", "2014-03-20 06:57:49", nospace
"2014-03-20 07:02:47", "2014-03-20 07:05:15", nospace
"2014-03-20 07:07:44", "2014-03-20 07:32:43", nospace
"2014-03-20 07:35:14", "2014-03-20 07:37:43", nospace
"2014-03-20 07:40:12", "2014-03-20 07:42:42", nospace
"2014-03-20 07:45:13", "2014-03-20 08:00:13", nospace
"2014-03-20 08:02:43", "2014-03-20 08:05:13", nospace
"2014-03-20 14:11:23", "2014-03-20 14:13:52", nospace
"2014-03-20 14:16:20", "2014-03-20 14:18:51", nospace
"2014-03-21 01:39:02", "2014-03-21 01:56:33", nospace
"2014-03-21 02:03:40", "2014-03-21 02:47:32", nospace
"2014-03-21 13:36:18", "2014-03-21 13:43:52", nobike
"2014-03-21 14:01:27", "2014-03-21 14:03:58", nospace
"2014-03-21 14:21:34", "2014-03-21 14:26:36", nospace
"2014-03-21 19:04:37", "2014-03-21 19:34:46", nobike
"2014-03-22 01:54:33", "2014-03-22 01:57:03", nospace
"2014-03-22 02:04:36", "2014-03-22 02:07:06", nospace
"2014-03-22 02:14:39", "2014-03-22 02:22:12", nospace
"2014-03-22 02:59:52", "2014-03-22 03:04:54", nospace
"2014-03-22 03:07:24", "2014-03-22 03:12:27", nospace
"2014-03-22 06:33:53", "2014-03-22 06:46:27", nospace
"2014-03-22 06:56:30", "2014-03-22 07:06:33", nospace
"2014-03-22 07:19:08", "2014-03-22 07:51:49", nospace
"2014-03-22 07:54:21", "2014-03-22 07:59:23", nospace
"2014-03-22 08:04:26", "2014-03-22 08:14:31", nospace
"2014-03-22 08:17:02", "2014-03-22 08:19:34", nospace
"2014-03-22 08:22:05", "2014-03-22 08:24:37", nospace
"2014-03-22 09:41:24", "2014-03-22 09:46:35", nospace
"2014-03-22 11:19:21", "2014-03-22 11:29:23", nospace
"2014-03-22 11:43:59", "2014-03-22 11:51:32", nospace
"2014-03-22 14:21:09", "2014-03-22 14:28:42", nobike
"2014-03-22 14:39:02", "2014-03-22 14:44:48", nospace
"2014-03-23 01:50:33", "2014-03-23 02:03:09", nospace
"2014-03-23 02:08:12", "2014-03-23 02:10:44", nospace
"2014-03-23 02:13:16", "2014-03-23 02:34:24", nospace
"2014-03-23 04:20:27", "2014-03-23 04:25:18", nospace
"2014-03-23 06:41:03", "2014-03-23 07:01:34", nospace
"2014-03-23 07:04:26", "2014-03-23 07:16:44", nospace
"2014-03-23 07:26:49", "2014-03-23 07:34:26", nospace
"2014-03-23 07:39:30", "2014-03-23 08:04:51", nospace
"2014-03-23 08:07:23", "2014-03-23 08:09:54", nospace
"2014-03-23 08:12:27", "2014-03-23 08:37:46", nospace
"2014-03-23 08:42:50", "2014-03-23 08:47:54", nospace
"2014-03-23 09:00:34", "2014-03-23 09:03:05", nospace
"2014-03-23 09:43:38", "2014-03-23 09:46:32", nospace
"2014-03-23 09:52:11", "2014-03-23 10:07:23", nospace
"2014-03-23 12:34:13", "2014-03-23 12:36:46", nobike
"2014-03-23 22:46:37", "2014-03-23 23:47:32", nospace
"2014-03-24 03:59:59", "2014-03-24 04:17:44", nospace
"2014-03-24 04:20:16", "2014-03-24 04:45:40", nospace
"2014-03-24 04:48:11", "2014-03-24 04:50:44", nospace
"2014-03-24 05:06:56", "2014-03-24 05:19:40", nospace
"2014-03-24 05:32:25", "2014-03-24 06:19:27", nospace
"2014-03-24 08:45:50", "2014-03-24 08:48:23", nospace
"2014-03-24 13:37:57", "2014-03-24 13:40:30", nobike
"2014-03-24 13:43:03", "2014-03-24 14:13:41", nobike
"2014-03-24 23:50:33", "2014-03-24 23:53:06", nospace
"2014-03-25 00:21:11", "2014-03-25 00:36:30", nospace
"2014-03-25 00:51:47", "2014-03-25 00:59:26", nospace
"2014-03-25 01:09:38", "2014-03-25 01:53:02", nospace
"2014-03-25 02:10:53", "2014-03-25 03:05:30", nospace
"2014-03-25 03:15:44", "2014-03-25 03:37:44", nospace
"2014-03-25 03:43:14", "2014-03-25 03:56:56", nospace
"2014-03-25 04:08:47", "2014-03-25 04:18:05", nospace
"2014-03-25 04:20:38", "2014-03-25 04:25:44", nospace
"2014-03-25 07:07:25", "2014-03-25 07:09:57", nospace
"2014-03-25 07:17:38", "2014-03-25 07:20:11", nospace
"2014-03-25 08:31:43", "2014-03-25 08:44:32", nospace
"2014-03-25 10:36:01", "2014-03-25 10:38:35", nospace
"2014-03-25 10:51:22", "2014-03-25 10:56:30", nospace
"2014-03-25 11:47:40", "2014-03-25 11:52:48", nospace
"2014-03-25 12:00:28", "2014-03-25 12:03:02", nospace
"2014-03-25 12:05:35", "2014-03-25 12:08:09", nospace
"2014-03-25 13:36:11", "2014-03-25 13:51:34", nobike
"2014-03-25 14:01:47", "2014-03-25 14:04:20", nospace
"2014-03-26 02:20:31", "2014-03-26 02:43:36", nospace
"2014-03-26 04:40:14", "2014-03-26 04:42:49", nospace
"2014-03-26 04:45:22", "2014-03-26 05:05:54", nospace
"2014-03-26 05:13:35", "2014-03-26 05:18:43", nospace
"2014-03-26 06:25:25", "2014-03-26 06:28:00", nospace
"2014-03-26 07:02:41", "2014-03-26 07:33:27", nospace
"2014-03-26 07:59:08", "2014-03-26 08:01:43", nospace
"2014-03-26 08:17:06", "2014-03-26 08:24:46", nospace
"2014-03-26 09:21:12", "2014-03-26 09:30:12", nospace
"2014-03-26 14:27:55", "2014-03-26 14:30:27", nospace
"2014-03-26 15:05:43", "2014-03-26 15:13:27", nospace
"2014-03-27 00:35:43", "2014-03-27 00:43:16", nospace
"2014-03-27 01:20:20", "2014-03-27 01:28:04", nospace
"2014-03-27 01:38:22", "2014-03-27 01:51:14", nospace
"2014-03-27 02:06:42", "2014-03-27 02:27:20", nospace
"2014-03-27 02:40:12", "2014-03-27 03:13:42", nospace
"2014-03-27 03:16:15", "2014-03-27 03:23:59", nospace
"2014-03-27 03:46:24", "2014-03-27 03:53:28", nospace
"2014-03-27 03:58:35", "2014-03-27 04:01:10", nospace
"2014-03-27 06:09:42", "2014-03-27 06:12:16", nospace
"2014-03-27 06:14:51", "2014-03-27 06:32:55", nospace
"2014-03-27 06:35:29", "2014-03-27 07:23:30", nospace
"2014-03-27 07:26:05", "2014-03-27 07:33:49", nospace
"2014-03-27 08:04:44", "2014-03-27 08:12:28", nospace
"2014-03-27 08:43:19", "2014-03-27 08:45:53", nospace
"2014-03-27 08:53:37", "2014-03-27 08:56:12", nospace
"2014-03-27 09:34:49", "2014-03-27 09:37:23", nospace
"2014-03-27 09:42:32", "2014-03-27 10:03:07", nospace
"2014-03-27 13:41:42", "2014-03-27 13:46:52", nobike
"2014-03-27 13:49:27", "2014-03-27 13:54:37", nobike
"2014-03-27 14:04:53", "2014-03-27 14:07:28", nospace
"2014-03-27 14:10:03", "2014-03-27 14:15:12", nospace
"2014-03-28 03:02:15", "2014-03-28 03:11:53", nospace
"2014-03-28 03:22:14", "2014-03-28 03:27:26", nospace
"2014-03-28 09:25:11", "2014-03-28 09:32:57", nospace
"2014-03-28 11:16:32", "2014-03-28 11:21:44", nobike
"2014-03-28 14:34:40", "2014-03-28 14:37:16", nospace
"2014-03-29 01:14:03", "2014-03-29 01:37:26", nospace
"2014-03-29 02:48:42", "2014-03-29 02:51:16", nospace
"2014-03-29 02:53:53", "2014-03-29 02:59:04", nospace
"2014-03-29 03:12:05", "2014-03-29 03:19:54", nospace
"2014-03-29 03:40:41", "2014-03-29 03:56:15", nospace
"2014-03-29 05:25:39", "2014-03-29 05:28:16", nospace
"2014-03-29 05:46:29", "2014-03-29 05:49:05", nospace
"2014-03-29 06:43:45", "2014-03-29 06:48:57", nospace
"2014-03-29 07:04:48", "2014-03-29 07:17:50", nospace
"2014-03-29 07:33:24", "2014-03-29 07:38:36", nospace
"2014-03-29 07:54:36", "2014-03-29 08:00:31", nospace
"2014-03-29 08:13:31", "2014-03-29 08:18:44", nospace
"2014-03-29 08:38:40", "2014-03-29 08:40:54", nospace
"2014-03-29 09:30:11", "2014-03-29 09:32:48", nospace
"2014-03-29 10:31:09", "2014-03-29 10:36:21", nobike
"2014-03-29 10:57:08", "2014-03-29 11:50:19", nobike
"2014-03-29 14:06:47", "2014-03-29 14:09:24", nospace
"2014-03-29 14:17:13", "2014-03-29 14:19:50", nospace
"2014-03-30 03:54:22", "2014-03-30 03:56:59", nospace
"2014-03-30 03:59:35", "2014-03-30 04:07:25", nospace
"2014-03-30 06:17:53", "2014-03-30 06:38:41", nospace
"2014-03-30 06:46:17", "2014-03-30 06:47:55", nospace
"2014-03-30 07:03:55", "2014-03-30 07:14:22", nospace
"2014-03-30 07:19:38", "2014-03-30 07:32:41", nospace
"2014-03-30 07:37:54", "2014-03-30 07:48:27", nospace
"2014-03-30 07:57:56", "2014-03-30 08:05:01", nospace
"2014-03-30 08:31:26", "2014-03-30 08:41:54", nospace
"2014-03-30 09:08:03", "2014-03-30 09:10:40", nospace
"2014-03-30 09:13:16", "2014-03-30 09:21:08", nospace
"2014-03-30 09:23:45", "2014-03-30 09:27:34", nospace
"2014-03-30 09:30:12", "2014-03-30 09:35:28", nospace
"2014-03-30 10:30:22", "2014-03-30 10:48:42", nospace
"2014-03-30 11:40:41", "2014-03-30 11:43:19", nospace
"2014-03-30 11:45:56", "2014-03-30 11:51:12", nospace
"2014-03-30 11:53:49", "2014-03-30 12:04:17", nospace
"2014-03-30 12:27:35", "2014-03-30 12:30:00", nospace
"2014-03-30 13:37:25", "2014-03-30 13:58:23", nobike
"2014-03-30 14:08:49", "2014-03-30 14:11:27", nospace
"2014-03-30 14:14:03", "2014-03-30 14:21:54", nospace
"2014-03-31 02:11:51", "2014-03-31 02:29:51", nospace
"2014-03-31 02:52:23", "2014-03-31 03:05:30", nospace
"2014-03-31 03:39:36", "2014-03-31 03:44:52", nospace
"2014-03-31 06:35:14", "2014-03-31 06:40:29", nospace
"2014-03-31 06:54:04", "2014-03-31 07:01:11", nospace
"2014-03-31 14:25:24", "2014-03-31 14:30:40", nobike
"2014-03-31 14:38:34", "2014-03-31 14:43:48", nobike
"2014-03-31 14:54:20", "2014-03-31 15:04:53", nobike
"2014-04-01 08:21:43", "2014-04-01 08:32:13", nospace
"2014-04-01 08:40:08", "2014-04-01 08:48:03", nospace
"2014-04-01 12:40:44", "2014-04-01 12:51:30", nospace
"2014-04-01 12:55:52", "2014-04-01 13:06:26", nospace
"2014-04-01 14:22:55", "2014-04-01 14:25:35", nobike
"2014-04-01 14:54:36", "2014-04-01 14:59:51", nospace
"2014-04-02 01:32:54", "2014-04-02 01:35:33", nospace
"2014-04-02 01:48:46", "2014-04-02 01:51:24", nospace
"2014-04-02 01:59:22", "2014-04-02 02:41:42", nospace
"2014-04-02 06:00:19", "2014-04-02 06:05:36", nospace
"2014-04-02 06:13:33", "2014-04-02 06:30:53", nospace
"2014-04-02 07:02:08", "2014-04-02 07:04:30", nospace
"2014-04-02 07:14:15", "2014-04-02 07:53:28", nospace
"2014-04-02 08:51:48", "2014-04-02 09:02:23", nospace
"2014-04-02 09:18:16", "2014-04-02 09:28:52", nospace
"2014-04-02 10:19:11", "2014-04-02 10:21:51", nospace
"2014-04-02 10:24:30", "2014-04-02 10:32:26", nospace
"2014-04-02 10:35:05", "2014-04-02 10:37:44", nospace
"2014-04-02 10:40:24", "2014-04-02 10:43:02", nospace
"2014-04-02 10:45:41", "2014-04-02 10:56:48", nospace
"2014-04-02 12:48:26", "2014-04-02 12:53:44", nospace
"2014-04-02 12:56:24", "2014-04-02 12:59:03", nospace
"2014-04-02 19:43:44", "2014-04-02 20:07:39", nobike
"2014-04-03 00:37:16", "2014-04-03 00:39:55", nospace
"2014-04-03 00:42:35", "2014-04-03 00:45:15", nospace
"2014-04-03 01:36:56", "2014-04-03 01:47:34", nospace
"2014-04-03 02:00:53", "2014-04-03 02:08:48", nospace
"2014-04-04 02:33:15", "2014-04-04 02:35:56", nospace
"2014-04-04 02:38:37", "2014-04-04 02:43:58", nospace
"2014-04-04 03:10:40", "2014-04-04 03:27:34", nospace
"2014-04-04 04:00:28", "2014-04-04 04:03:07", nospace
"2014-04-04 04:18:26", "2014-04-04 04:21:23", nospace
"2014-04-04 04:28:20", "2014-04-04 04:31:12", nospace
"2014-04-04 04:37:34", "2014-04-04 05:08:55", nospace
"2014-04-04 05:16:57", "2014-04-04 05:24:57", nospace
"2014-04-04 05:38:19", "2014-04-04 05:46:19", nospace
"2014-04-04 06:18:23", "2014-04-04 06:26:29", nospace
"2014-04-04 06:38:59", "2014-04-04 06:43:34", nospace
"2014-04-04 06:57:34", "2014-04-04 07:43:00", nospace
"2014-04-04 07:48:19", "2014-04-04 08:15:02", nospace
"2014-04-04 08:55:10", "2014-04-04 08:57:50", nospace
"2014-04-04 09:03:10", "2014-04-04 09:13:48", nospace
"2014-04-04 09:21:51", "2014-04-04 09:24:31", nospace
"2014-04-04 09:29:52", "2014-04-04 09:56:37", nospace
"2014-04-04 11:53:02", "2014-04-04 12:09:04", nospace
"2014-04-04 14:29:24", "2014-04-04 14:37:27", nobike
"2014-04-04 14:40:07", "2014-04-04 14:53:31", nobike
"2014-04-05 02:03:09", "2014-04-05 02:19:15", nospace
"2014-04-05 02:21:56", "2014-04-05 02:35:20", nospace
"2014-04-05 02:40:41", "2014-04-05 02:51:26", nospace
"2014-04-05 06:16:50", "2014-04-05 06:21:21", nospace
"2014-04-05 06:23:46", "2014-04-05 06:26:48", nospace
"2014-04-05 06:32:08", "2014-04-05 06:44:44", nospace
"2014-04-05 06:48:30", "2014-04-05 06:54:31", nospace
"2014-04-05 06:56:05", "2014-04-05 07:04:03", nospace
"2014-04-05 07:04:46", "2014-04-05 07:49:26", nospace
"2014-04-05 07:54:47", "2014-04-05 08:05:32", nospace
"2014-04-05 08:21:39", "2014-04-05 08:27:02", nospace
"2014-04-05 08:29:44", "2014-04-05 08:51:11", nospace
"2014-04-05 08:53:50", "2014-04-05 08:56:32", nospace
"2014-04-05 09:01:55", "2014-04-05 09:04:35", nospace
"2014-04-05 09:12:39", "2014-04-05 09:23:25", nospace
"2014-04-05 09:28:44", "2014-04-05 09:36:48", nospace
"2014-04-05 11:34:58", "2014-04-05 11:45:43", nospace
"2014-04-05 12:01:50", "2014-04-05 12:04:31", nospace
"2014-04-05 14:41:54", "2014-04-05 15:16:47", nobike
"2014-04-05 15:22:11", "2014-04-05 15:38:16", nobike
"2014-04-05 23:48:17", "2014-04-05 23:50:58", nospace
"2014-04-05 23:59:22", "2014-04-06 00:05:50", nospace
"2014-04-06 00:54:13", "2014-04-06 01:13:01", nospace
"2014-04-06 01:47:57", "2014-04-06 03:18:06", nospace
"2014-04-06 03:26:09", "2014-04-06 03:39:37", nospace
"2014-04-06 03:47:40", "2014-04-06 04:09:13", nospace
"2014-04-06 04:49:33", "2014-04-06 04:54:57", nospace
"2014-04-06 05:07:02", "2014-04-06 05:09:32", nospace
"2014-04-06 05:17:22", "2014-04-06 05:25:57", nospace
"2014-04-06 05:28:38", "2014-04-06 05:31:19", nospace
"2014-04-06 05:36:43", "2014-04-06 05:55:35", nospace
"2014-04-06 05:58:17", "2014-04-06 06:11:45", nospace
"2014-04-06 06:17:15", "2014-04-06 06:23:37", nospace
"2014-04-06 06:39:11", "2014-04-06 07:03:31", nospace
"2014-04-06 07:08:54", "2014-04-06 07:11:46", nospace
"2014-04-06 07:17:54", "2014-04-06 07:20:12", nospace
"2014-04-06 07:37:12", "2014-04-06 07:57:25", nospace
"2014-04-06 08:27:03", "2014-04-06 08:29:44", nospace
"2014-04-06 08:40:32", "2014-04-06 08:45:55", nospace
"2014-04-06 08:48:36", "2014-04-06 08:56:42", nospace
"2014-04-06 09:12:53", "2014-04-06 09:18:15", nospace
"2014-04-06 09:20:56", "2014-04-06 09:42:33", nospace
"2014-04-06 14:39:02", "2014-04-06 14:46:22", nospace
"2014-04-07 17:04:59", "2014-04-07 21:27:13", nospace
"2014-04-07 23:47:23", "2014-04-07 23:50:22", nospace
"2014-04-08 00:51:01", "2014-04-08 01:26:20", nospace
"2014-04-08 01:29:01", "2014-04-08 01:31:44", nospace
"2014-04-08 01:34:28", "2014-04-08 01:42:36", nospace
"2014-04-08 01:50:44", "2014-04-08 01:53:27", nospace
"2014-04-08 02:00:50", "2014-04-08 02:03:55", nospace
"2014-04-08 02:07:08", "2014-04-08 03:24:42", nospace
"2014-04-08 03:27:24", "2014-04-08 03:35:32", nospace
"2014-04-08 03:38:15", "2014-04-08 04:02:44", nospace
"2014-04-08 04:44:52", "2014-04-08 04:53:02", nospace
"2014-04-08 05:59:42", "2014-04-08 06:37:12", nospace
"2014-04-08 06:45:18", "2014-04-08 07:08:36", nospace
"2014-04-08 07:16:22", "2014-04-08 07:24:38", nospace
"2014-04-08 07:38:12", "2014-04-08 07:59:57", nospace
"2014-04-08 08:02:38", "2014-04-08 08:08:04", nospace
"2014-04-08 08:13:30", "2014-04-08 08:21:40", nospace
"2014-04-08 08:24:22", "2014-04-08 08:27:01", nospace
"2014-04-08 09:29:58", "2014-04-08 09:35:25", nospace
"2014-04-08 13:56:29", "2014-04-08 13:59:13", nospace
"2014-04-08 14:45:27", "2014-04-08 14:50:53", nospace
"2014-04-09 00:20:59", "2014-04-09 00:55:09", nospace
"2014-04-09 00:57:51", "2014-04-09 01:03:15", nospace
"2014-04-09 01:05:57", "2014-04-09 01:32:28", nospace
"2014-04-09 01:38:40", "2014-04-09 01:45:31", nospace
"2014-04-09 02:06:05", "2014-04-09 02:16:59", nospace
"2014-04-09 02:27:51", "2014-04-09 02:30:34", nospace
"2014-04-09 02:36:00", "2014-04-09 02:46:53", nospace
"2014-04-09 03:05:57", "2014-04-09 03:30:48", nospace
"2014-04-09 03:44:05", "2014-04-09 03:57:41", nospace
"2014-04-09 04:30:21", "2014-04-09 04:35:47", nospace
"2014-04-09 04:52:08", "2014-04-09 04:54:51", nospace
"2014-04-09 04:57:35", "2014-04-09 05:05:45", nospace
"2014-04-09 06:42:58", "2014-04-09 06:56:56", nospace
"2014-04-09 07:37:45", "2014-04-09 07:51:23", nospace
"2014-04-09 09:18:36", "2014-04-09 09:24:02", nospace
"2014-04-09 09:26:46", "2014-04-09 09:29:30", nospace
"2014-04-09 09:34:57", "2014-04-09 09:37:39", nospace
"2014-04-09 09:56:45", "2014-04-09 09:59:27", nospace
"2014-04-09 10:04:54", "2014-04-09 10:15:46", nospace
"2014-04-09 13:40:11", "2014-04-09 13:44:40", nobike
"2014-04-09 13:47:43", "2014-04-09 13:56:50", nobike
"2014-04-10 00:06:32", "2014-04-10 00:31:05", nospace
"2014-04-10 00:47:29", "2014-04-10 00:52:56", nospace
"2014-04-10 01:01:08", "2014-04-10 01:20:16", nospace
"2014-04-10 09:11:47", "2014-04-10 09:14:31", nospace
"2014-04-10 09:24:42", "2014-04-10 09:27:48", nospace
"2014-04-10 09:29:41", "2014-04-10 09:40:39", nospace
"2014-04-10 09:43:23", "2014-04-10 09:57:01", nospace
"2014-04-10 12:20:43", "2014-04-10 12:26:12", nospace
"2014-04-10 13:04:28", "2014-04-10 13:09:57", nospace
"2014-04-10 14:30:16", "2014-04-10 14:35:51", nobike
"2014-04-10 14:51:38", "2014-04-10 14:57:06", nospace
"2014-04-10 23:38:36", "2014-04-10 23:46:49", nospace
"2014-04-11 00:27:55", "2014-04-11 00:36:06", nospace
"2014-04-11 01:25:01", "2014-04-11 01:46:08", nospace
"2014-04-11 01:51:36", "2014-04-11 01:54:21", nospace
"2014-04-11 01:57:06", "2014-04-11 02:08:05", nospace
"2014-04-11 02:16:18", "2014-04-11 02:49:10", nospace
"2014-04-11 02:54:39", "2014-04-11 03:32:33", nospace
"2014-04-11 03:40:30", "2014-04-11 03:52:56", nospace
"2014-04-11 04:54:01", "2014-04-11 05:36:44", nospace
"2014-04-11 06:04:10", "2014-04-11 06:20:37", nospace
"2014-04-11 09:16:37", "2014-04-11 09:22:07", nospace
"2014-04-11 09:24:51", "2014-04-11 09:30:41", nospace
"2014-04-11 10:39:26", "2014-04-11 10:42:10", nospace
"2014-04-11 13:21:11", "2014-04-11 13:23:03", nospace
"2014-04-11 13:31:19", "2014-04-11 13:33:06", nospace
"2014-04-11 15:01:33", "2014-04-11 15:05:45", nospace
"2014-04-11 15:14:00", "2014-04-11 15:16:45", nospace
"2014-04-11 18:28:23", "2014-04-11 19:42:37", nobike
"2014-04-12 00:54:32", "2014-04-12 01:05:33", nospace
"2014-04-12 02:47:59", "2014-04-12 02:56:14", nospace
"2014-04-12 03:04:29", "2014-04-12 03:07:13", nospace
"2014-04-12 03:09:58", "2014-04-12 03:37:30", nospace
"2014-04-12 03:54:00", "2014-04-12 04:07:46", nospace
"2014-04-12 06:07:50", "2014-04-12 06:13:20", nospace
"2014-04-12 06:16:05", "2014-04-12 06:21:37", nospace
"2014-04-12 06:54:52", "2014-04-12 07:04:51", nospace
"2014-04-12 08:27:31", "2014-04-12 08:33:01", nospace
"2014-04-12 08:38:32", "2014-04-12 08:46:48", nospace
"2014-04-12 08:52:17", "2014-04-12 09:00:34", nospace
"2014-04-12 09:06:05", "2014-04-12 09:18:13", nospace
"2014-04-12 09:23:25", "2014-04-12 09:26:32", nospace
"2014-04-12 09:28:00", "2014-04-12 09:37:59", nospace
"2014-04-12 09:40:45", "2014-04-12 09:43:31", nospace
"2014-04-12 09:46:16", "2014-04-12 09:54:33", nospace
"2014-04-12 11:32:34", "2014-04-12 11:35:19", nospace
"2014-04-12 11:38:05", "2014-04-12 11:40:51", nospace
"2014-04-12 14:08:56", "2014-04-12 14:17:13", nobike
"2014-04-12 14:19:59", "2014-04-12 14:33:12", nobike
"2014-04-12 15:47:01", "2014-04-12 15:52:31", nospace
"2014-04-12 15:55:17", "2014-04-12 16:03:33", nospace
"2014-04-12 20:04:05", "2014-04-12 20:51:02", nobike
"2014-04-13 02:42:38", "2014-04-13 02:51:20", nospace
"2014-04-13 03:30:57", "2014-04-13 03:39:07", nospace
"2014-04-13 03:53:40", "2014-04-13 03:56:42", nospace
"2014-04-13 03:59:50", "2014-04-13 04:08:48", nospace
"2014-04-13 04:11:34", "2014-04-13 04:30:51", nospace
"2014-04-13 04:36:21", "2014-04-13 04:41:53", nospace
"2014-04-13 04:47:24", "2014-04-13 04:52:57", nospace
"2014-04-13 06:00:50", "2014-04-13 06:10:32", nospace
"2014-04-13 06:15:35", "2014-04-13 06:20:20", nospace
"2014-04-13 06:33:36", "2014-04-13 06:36:46", nospace
"2014-04-13 06:52:49", "2014-04-13 08:04:34", nospace
"2014-04-13 08:15:40", "2014-04-13 08:29:31", nospace
"2014-04-13 08:43:19", "2014-04-13 08:51:38", nospace
"2014-04-13 08:57:09", "2014-04-13 09:11:01", nospace
"2014-04-13 11:32:52", "2014-04-13 11:42:46", nospace
"2014-04-13 15:33:49", "2014-04-13 15:37:45", nospace
"2014-04-13 23:19:19", "2014-04-13 23:54:16", nospace
"2014-04-14 00:08:08", "2014-04-14 00:16:27", nospace
"2014-04-14 00:24:46", "2014-04-14 00:56:43", nospace
"2014-04-14 00:58:39", "2014-04-14 01:04:50", nospace
"2014-04-14 01:11:23", "2014-04-14 01:19:03", nospace
"2014-04-14 01:24:35", "2014-04-14 01:35:39", nospace
"2014-04-14 01:44:23", "2014-04-14 02:27:34", nospace
"2014-04-14 04:37:22", "2014-04-14 04:45:54", nospace
"2014-04-14 05:04:32", "2014-04-14 05:07:19", nospace
"2014-04-14 09:35:38", "2014-04-14 09:43:57", nospace
"2014-04-14 10:43:53", "2014-04-14 10:49:26", nospace
"2014-04-14 10:55:01", "2014-04-14 10:57:48", nospace
"2014-04-14 15:28:05", "2014-04-14 15:41:57", nobike
"2014-04-14 23:52:43", "2014-04-14 23:55:30", nospace
"2014-04-14 23:58:18", "2014-04-15 00:02:32", nospace
"2014-04-15 01:04:04", "2014-04-15 01:28:51", nospace
"2014-04-15 01:37:00", "2014-04-15 02:04:09", nospace
"2014-04-15 02:09:45", "2014-04-15 02:37:34", nospace
"2014-04-15 03:05:26", "2014-04-15 03:11:00", nospace
"2014-04-15 03:51:38", "2014-04-15 03:57:14", nospace
"2014-04-15 04:00:01", "2014-04-15 04:13:55", nospace
"2014-04-15 04:16:43", "2014-04-15 04:25:04", nospace
"2014-04-15 04:52:56", "2014-04-15 05:15:12", nospace
"2014-04-15 06:09:52", "2014-04-15 06:46:29", nospace
"2014-04-15 08:26:46", "2014-04-15 08:37:56", nospace
"2014-04-15 11:14:54", "2014-04-15 11:17:41", nospace
"2014-04-15 12:54:12", "2014-04-15 13:02:32", nospace
"2014-04-15 13:05:19", "2014-04-15 13:10:54", nospace
"2014-04-15 22:36:22", "2014-04-15 22:41:57", nobike
"2014-04-16 03:48:12", "2014-04-16 04:07:45", nospace
"2014-04-16 04:16:07", "2014-04-16 04:17:46", nospace
"2014-04-16 04:22:32", "2014-04-16 04:35:24", nospace
"2014-04-16 04:45:51", "2014-04-16 04:51:27", nospace
"2014-04-16 04:54:15", "2014-04-16 05:08:15", nospace
"2014-04-17 03:03:08", "2014-04-17 03:05:56", nospace
"2014-04-17 03:22:46", "2014-04-17 04:02:04", nospace
"2014-04-17 04:15:00", "2014-04-17 04:15:49", nospace
"2014-04-17 04:17:50", "2014-04-17 04:31:56", nospace
"2014-04-17 04:34:45", "2014-04-17 05:00:01", nospace
"2014-04-17 05:14:05", "2014-04-17 05:16:53", nospace
"2014-04-17 12:17:12", "2014-04-17 12:19:01", nospace
"2014-04-17 14:19:11", "2014-04-17 14:21:59", nospace
"2014-04-18 00:14:58", "2014-04-18 00:17:14", nospace
"2014-04-18 00:52:52", "2014-04-18 01:14:06", nospace
"2014-04-18 03:52:54", "2014-04-18 04:15:27", nospace
"2014-04-18 04:21:05", "2014-04-18 04:26:43", nospace
"2014-04-18 04:37:58", "2014-04-18 04:43:37", nospace
"2014-04-18 04:54:51", "2014-04-18 05:06:05", nospace
"2014-04-18 05:17:22", "2014-04-18 05:20:11", nospace
"2014-04-18 05:49:49", "2014-04-18 05:57:32", nospace
"2014-04-18 08:29:39", "2014-04-18 08:35:18", nospace
"2014-04-18 11:34:45", "2014-04-18 11:40:23", nospace
"2014-04-18 11:51:41", "2014-04-18 12:02:58", nospace
"2014-04-18 14:46:37", "2014-04-18 15:00:45", nospace
"2014-04-18 19:46:51", "2014-04-18 19:49:41", nobike
"2014-04-19 00:52:01", "2014-04-19 01:11:23", nospace
"2014-04-19 01:13:29", "2014-04-19 01:16:33", nospace
"2014-04-19 01:55:57", "2014-04-19 02:01:35", nospace
"2014-04-19 02:10:04", "2014-04-19 02:12:53", nospace
"2014-04-19 02:15:43", "2014-04-19 02:28:20", nospace
"2014-04-19 02:31:10", "2014-04-19 02:33:48", nospace
"2014-04-19 02:45:47", "2014-04-19 02:54:18", nospace
"2014-04-19 02:57:06", "2014-04-19 03:02:44", nospace
"2014-04-19 03:05:56", "2014-04-19 03:16:54", nospace
"2014-04-19 03:22:34", "2014-04-19 03:25:23", nospace
"2014-04-19 03:28:46", "2014-04-19 03:30:14", nospace
"2014-04-19 03:33:28", "2014-04-19 03:38:58", nospace
"2014-04-19 03:42:11", "2014-04-19 03:49:49", nospace
"2014-04-19 03:52:40", "2014-04-19 03:55:30", nospace
"2014-04-19 05:51:22", "2014-04-19 06:11:28", nospace
"2014-04-19 06:34:30", "2014-04-19 06:37:24", nospace
"2014-04-19 06:40:13", "2014-04-19 06:43:02", nospace
"2014-04-19 06:59:59", "2014-04-19 07:05:38", nospace
"2014-04-19 07:11:18", "2014-04-19 07:19:48", nospace
"2014-04-19 07:25:27", "2014-04-19 07:31:07", nospace
"2014-04-19 07:33:57", "2014-04-19 07:45:18", nospace
"2014-04-19 08:08:29", "2014-04-19 08:13:20", nospace
"2014-04-19 08:32:35", "2014-04-19 08:49:36", nospace
"2014-04-19 08:55:14", "2014-04-19 08:58:04", nospace
"2014-04-19 09:33:31", "2014-04-19 09:42:41", nospace
"2014-04-19 09:59:41", "2014-04-19 10:05:21", nospace
"2014-04-19 10:16:40", "2014-04-19 10:19:31", nospace
"2014-04-19 10:22:20", "2014-04-19 10:25:10", nospace
"2014-04-19 11:09:25", "2014-04-19 11:15:02", nospace
"2014-04-19 11:17:54", "2014-04-19 11:20:43", nospace
"2014-04-19 12:20:07", "2014-04-19 12:22:56", nospace
"2014-04-19 12:59:50", "2014-04-19 13:02:42", nospace
"2014-04-19 13:36:45", "2014-04-19 13:42:24", nospace
"2014-04-19 14:44:41", "2014-04-19 14:50:20", nobike
"2014-04-19 17:31:43", "2014-04-19 17:57:12", nobike
"2014-04-20 00:25:12", "2014-04-20 00:28:02", nospace
"2014-04-20 00:45:03", "2014-04-20 00:53:35", nospace
"2014-04-20 00:59:14", "2014-04-20 01:13:26", nospace
"2014-04-20 06:26:58", "2014-04-20 06:32:13", nospace
"2014-04-20 06:55:20", "2014-04-20 07:01:00", nospace
"2014-04-20 08:19:35", "2014-04-20 08:22:24", nospace
"2014-04-20 08:52:39", "2014-04-20 08:55:30", nospace
"2014-04-20 08:58:20", "2014-04-20 09:01:10", nospace
"2014-04-20 09:34:17", "2014-04-20 09:39:57", nospace
"2014-04-20 14:11:47", "2014-04-20 14:14:36", nobike
"2014-04-20 14:37:22", "2014-04-20 14:43:02", nospace
"2014-04-21 02:20:02", "2014-04-21 02:40:06", nospace
"2014-04-21 02:51:12", "2014-04-21 03:10:13", nospace
"2014-04-21 03:15:54", "2014-04-21 03:29:10", nospace
"2014-04-21 04:29:00", "2014-04-21 05:00:20", nospace
"2014-04-21 05:06:01", "2014-04-21 05:17:24", nospace
"2014-04-21 05:43:02", "2014-04-21 05:45:54", nospace
"2014-04-21 06:05:48", "2014-04-21 06:08:40", nospace
"2014-04-21 06:34:22", "2014-04-21 07:01:40", nospace
"2014-04-21 09:46:40", "2014-04-21 09:55:12", nospace
"2014-04-21 09:58:03", "2014-04-21 10:00:54", nospace
"2014-04-21 10:09:27", "2014-04-21 10:18:01", nospace
"2014-04-21 13:04:13", "2014-04-21 13:07:04", nospace
"2014-04-21 15:24:55", "2014-04-21 15:27:46", nospace
"2014-04-21 23:30:43", "2014-04-21 23:34:51", nospace
"2014-04-21 23:37:42", "2014-04-21 23:45:49", nospace
"2014-04-22 11:27:41", "2014-04-22 11:30:34", nospace
"2014-04-22 11:36:18", "2014-04-22 11:42:03", nospace
"2014-04-22 23:59:36", "2014-04-23 00:05:18", nospace
"2014-04-23 00:08:09", "2014-04-23 00:13:53", nospace
"2014-04-23 00:30:21", "2014-04-23 00:33:32", nospace
"2014-04-23 00:36:46", "2014-04-23 00:41:33", nospace
"2014-04-23 03:00:54", "2014-04-23 03:09:30", nospace
"2014-04-23 03:42:58", "2014-04-23 03:57:17", nospace
"2014-04-23 04:14:30", "2014-04-23 04:31:43", nospace
"2014-04-23 04:43:09", "2014-04-23 04:54:38", nospace
"2014-04-23 06:32:18", "2014-04-23 06:38:03", nospace
"2014-04-23 07:01:22", "2014-04-23 07:09:59", nospace
"2014-04-23 07:18:35", "2014-04-23 07:24:20", nospace
"2014-04-23 08:15:05", "2014-04-23 08:17:58", nospace
"2014-04-23 12:52:24", "2014-04-23 13:00:53", nospace
"2014-04-23 14:45:37", "2014-04-23 14:48:30", nospace
"2014-04-23 14:54:15", "2014-04-23 14:57:08", nospace
"2014-04-23 15:08:38", "2014-04-23 15:11:30", nospace
"2014-04-24 06:30:02", "2014-04-24 06:33:08", nospace
"2014-04-24 06:49:09", "2014-04-24 06:51:49", nospace
"2014-04-24 06:54:43", "2014-04-24 07:00:28", nospace
"2014-04-24 07:12:22", "2014-04-24 07:17:18", nospace
"2014-04-24 11:09:35", "2014-04-24 11:15:57", nospace
"2014-04-24 11:24:24", "2014-04-24 11:27:38", nospace
"2014-04-24 13:52:03", "2014-04-24 13:54:55", nobike
"2014-04-24 14:07:09", "2014-04-24 14:10:22", nospace
"2014-04-24 19:19:08", "2014-04-24 19:48:02", nobike
"2014-04-25 02:10:07", "2014-04-25 02:21:42", nospace
"2014-04-25 05:17:00", "2014-04-25 05:22:47", nospace
"2014-04-25 07:23:42", "2014-04-25 07:41:01", nospace
"2014-04-25 07:49:39", "2014-04-25 07:52:33", nospace
"2014-04-25 07:55:25", "2014-04-25 07:58:19", nospace
"2014-04-25 08:12:47", "2014-04-25 08:18:34", nospace
"2014-04-25 08:21:26", "2014-04-25 08:31:52", nospace
"2014-04-25 08:47:09", "2014-04-25 08:54:18", nospace
"2014-04-25 09:18:00", "2014-04-25 09:26:32", nospace
"2014-04-25 09:29:26", "2014-04-25 09:35:11", nospace
"2014-04-25 09:46:44", "2014-04-25 09:49:37", nospace
"2014-04-25 11:37:01", "2014-04-25 11:39:34", nospace
"2014-04-25 18:18:22", "2014-04-25 19:56:52", nobike
"2014-04-25 23:42:12", "2014-04-25 23:50:51", nospace
"2014-04-26 12:13:15", "2014-04-26 12:27:47", nospace
"2014-04-26 16:47:26", "2014-04-26 16:52:12", nospace
"2014-04-27 01:55:19", "2014-04-27 02:01:07", nospace
"2014-04-27 02:12:45", "2014-04-27 02:22:05", nospace
"2014-04-27 02:40:57", "2014-04-27 02:52:34", nospace
"2014-04-27 04:56:44", "2014-04-27 05:08:21", nospace
"2014-04-27 05:34:32", "2014-04-27 05:43:16", nospace
"2014-04-27 05:59:03", "2014-04-27 06:02:22", nospace
"2014-04-27 06:06:40", "2014-04-27 06:14:29", nospace
"2014-04-27 06:38:14", "2014-04-27 06:41:12", nospace
"2014-04-27 07:16:12", "2014-04-27 07:19:07", nospace
"2014-04-27 07:26:42", "2014-04-27 07:36:20", nospace
"2014-04-27 07:39:07", "2014-04-27 07:47:21", nospace
"2014-04-27 07:50:15", "2014-04-27 08:01:57", nospace
"2014-04-27 08:04:51", "2014-04-27 08:07:45", nospace
"2014-04-27 08:10:41", "2014-04-27 08:13:35", nospace
"2014-04-27 08:28:10", "2014-04-27 08:33:59", nospace
"2014-04-27 08:36:55", "2014-04-27 08:42:44", nospace
"2014-04-27 08:45:40", "2014-04-27 09:00:15", nospace
"2014-04-27 09:06:05", "2014-04-27 09:09:00", nospace
"2014-04-27 09:14:51", "2014-04-27 09:17:46", nospace
"2014-04-27 10:04:23", "2014-04-27 10:07:19", nospace
"2014-04-27 10:10:13", "2014-04-27 10:13:08", nospace
"2014-04-27 11:02:07", "2014-04-27 11:07:57", nobike
"2014-04-28 23:03:51", "2014-04-28 23:24:19", nospace
"2014-04-28 23:27:14", "2014-04-28 23:36:00", nospace
"2014-04-28 23:39:17", "2014-04-28 23:45:38", nospace
"2014-04-28 23:47:48", "2014-04-28 23:58:35", nospace
"2014-04-29 00:45:28", "2014-04-29 00:48:24", nospace
"2014-04-29 00:51:20", "2014-04-29 00:54:15", nospace
"2014-04-29 01:25:41", "2014-04-29 01:31:32", nospace
"2014-04-29 01:37:24", "2014-04-29 01:40:19", nospace
"2014-04-29 01:43:16", "2014-04-29 01:56:32", nospace
"2014-04-29 02:17:37", "2014-04-29 02:26:28", nospace
"2014-04-29 02:43:31", "2014-04-29 02:46:40", nospace
"2014-04-29 08:41:23", "2014-04-29 08:47:15", nospace
"2014-04-29 09:57:54", "2014-04-29 10:02:46", nospace
"2014-04-29 10:11:16", "2014-04-29 10:13:26", nospace
"2014-04-29 11:53:30", "2014-04-29 11:56:27", nospace
"2014-04-29 12:51:25", "2014-04-29 12:54:21", nospace
"2014-04-29 12:57:17", "2014-04-29 13:03:09", nospace
"2014-04-29 14:01:51", "2014-04-29 14:13:37", nospace
"2014-04-30 00:15:25", "2014-04-30 00:18:21", nospace
"2014-04-30 00:41:53", "2014-04-30 00:50:43", nospace
"2014-04-30 00:56:36", "2014-04-30 01:02:30", nospace
"2014-04-30 01:25:12", "2014-04-30 01:48:43", nospace
"2014-04-30 01:54:36", "2014-04-30 02:12:14", nospace
"2014-04-30 02:21:04", "2014-04-30 02:35:45", nospace
"2014-04-30 02:53:22", "2014-04-30 03:11:00", nospace
"2014-04-30 03:13:57", "2014-04-30 03:28:39", nospace
"2014-04-30 03:49:15", "2014-04-30 04:47:51", nospace
"2014-04-30 04:55:17", "2014-04-30 04:58:14", nospace
"2014-04-30 05:07:04", "2014-04-30 05:18:50", nospace
"2014-04-30 07:08:03", "2014-04-30 07:10:59", nospace
"2014-04-30 07:13:56", "2014-04-30 07:25:43", nospace
"2014-04-30 11:12:16", "2014-04-30 11:56:25", nospace
"2014-04-30 12:05:15", "2014-04-30 12:46:26", nospace
"2014-05-01 01:15:15", "2014-05-01 01:50:41", nospace
"2014-05-01 08:09:01", "2014-05-01 08:11:59", nospace
"2014-05-01 12:04:45", "2014-05-01 12:31:08", nospace
"2014-05-01 12:54:23", "2014-05-01 13:03:17", nospace
"2014-05-01 13:21:55", "2014-05-01 13:30:40", nospace
"2014-05-01 14:47:23", "2014-05-01 14:56:16", nospace
"2014-05-02 00:28:14", "2014-05-02 00:57:03", nospace
"2014-05-02 02:16:58", "2014-05-02 02:19:55", nospace
"2014-05-02 02:54:22", "2014-05-02 02:57:38", nospace
"2014-05-02 05:06:22", "2014-05-02 05:07:12", nospace
"2014-05-02 06:29:16", "2014-05-02 06:35:22", nospace
"2014-05-02 07:55:32", "2014-05-02 07:58:30", nospace
"2014-05-02 08:01:30", "2014-05-02 08:04:27", nospace
"2014-05-02 08:37:04", "2014-05-02 08:43:00", nospace
"2014-05-02 08:54:52", "2014-05-02 08:57:51", nospace
"2014-05-02 10:43:49", "2014-05-02 10:46:46", nobike
"2014-05-02 11:28:32", "2014-05-02 11:40:29", nospace
"2014-05-02 12:43:06", "2014-05-02 12:46:06", nospace
"2014-05-02 12:58:02", "2014-05-02 13:01:02", nospace
"2014-05-02 18:19:14", "2014-05-02 19:36:23", nobike
"2014-05-03 01:10:28", "2014-05-03 01:30:44", nospace
"2014-05-03 02:18:16", "2014-05-03 02:30:08", nospace
"2014-05-03 02:50:55", "2014-05-03 02:59:50", nospace
"2014-05-03 07:03:14", "2014-05-03 07:06:11", nospace
"2014-05-03 07:12:09", "2014-05-03 07:36:40", nospace
"2014-05-03 07:41:47", "2014-05-03 07:47:07", nospace
"2014-05-03 07:50:05", "2014-05-03 07:53:04", nospace
"2014-05-03 07:59:00", "2014-05-03 08:12:51", nospace
"2014-05-03 08:16:18", "2014-05-03 08:25:14", nospace
"2014-05-03 08:31:10", "2014-05-03 08:34:08", nospace
"2014-05-03 08:43:05", "2014-05-03 08:46:04", nospace
"2014-05-03 08:49:03", "2014-05-03 08:52:01", nospace
"2014-05-03 08:54:59", "2014-05-03 08:57:57", nospace
"2014-05-03 14:45:11", "2014-05-03 14:48:09", nospace
"2014-05-03 19:03:48", "2014-05-03 19:39:32", nobike
"2014-05-04 03:21:41", "2014-05-04 03:30:37", nospace
"2014-05-04 03:33:36", "2014-05-04 04:00:24", nospace
"2014-05-04 04:03:21", "2014-05-04 04:09:19", nospace
"2014-05-04 04:15:14", "2014-05-04 04:36:08", nospace
"2014-05-04 04:45:02", "2014-05-04 04:53:58", nospace
"2014-05-04 05:08:52", "2014-05-04 05:11:52", nospace
"2014-05-04 05:35:13", "2014-05-04 05:43:57", nospace
"2014-05-04 05:49:54", "2014-05-04 05:58:50", nospace
"2014-05-04 06:00:37", "2014-05-04 06:02:09", nospace
"2014-05-04 06:19:16", "2014-05-04 06:55:23", nospace
"2014-05-04 07:19:09", "2014-05-04 07:25:08", nospace
"2014-05-04 07:45:57", "2014-05-04 07:48:57", nospace
"2014-05-04 07:57:54", "2014-05-04 08:00:53", nospace
"2014-05-04 08:06:52", "2014-05-04 08:09:51", nospace
"2014-05-04 08:18:48", "2014-05-04 08:27:43", nospace
"2014-05-04 08:30:41", "2014-05-04 08:36:39", nospace
"2014-05-04 08:39:39", "2014-05-04 08:42:38", nospace
"2014-05-04 14:08:08", "2014-05-04 14:09:48", nospace
"2014-05-04 14:13:56", "2014-05-04 14:22:55", nospace
"2014-05-04 14:25:53", "2014-05-04 14:28:53", nospace
"2014-05-05 15:03:27", "2014-05-05 15:09:26", nobike
"2014-05-05 15:33:24", "2014-05-05 15:47:52", nobike
"2014-05-05 15:53:45", "2014-05-05 16:11:45", nobike
"2014-05-05 21:43:36", "2014-05-05 23:28:14", nobike
"2014-05-06 02:38:52", "2014-05-06 02:50:43", nospace
"2014-05-06 02:52:29", "2014-05-06 02:59:06", nospace
"2014-05-06 08:37:03", "2014-05-06 08:49:01", nospace
"2014-05-06 09:19:01", "2014-05-06 09:22:01", nospace
"2014-05-06 13:33:54", "2014-05-06 13:48:54", nobike
"2014-05-06 17:00:51", "2014-05-06 17:39:58", nobike
"2014-05-06 17:47:39", "2014-05-06 18:54:52", nobike
"2014-05-06 18:57:53", "2014-05-06 22:19:31", nobike
"2014-05-06 22:22:31", "2014-05-06 22:31:34", nobike
"2014-05-07 01:18:45", "2014-05-07 01:27:46", nospace
"2014-05-07 01:33:46", "2014-05-07 01:36:48", nospace
"2014-05-07 03:34:09", "2014-05-07 03:49:12", nospace
"2014-05-07 04:01:11", "2014-05-07 04:16:13", nospace
"2014-05-07 14:09:36", "2014-05-07 14:12:36", nobike
"2014-05-07 14:18:37", "2014-05-07 14:21:38", nobike
"2014-05-07 15:54:29", "2014-05-07 16:09:34", nospace
"2014-05-07 22:46:57", "2014-05-07 23:05:26", nospace
"2014-05-07 23:19:33", "2014-05-08 00:07:17", nospace
"2014-05-08 00:22:21", "2014-05-08 00:52:34", nospace
"2014-05-08 00:55:36", "2014-05-08 01:04:39", nospace
"2014-05-08 01:10:42", "2014-05-08 01:13:44", nospace
"2014-05-08 01:19:45", "2014-05-08 01:22:46", nospace
"2014-05-08 01:31:51", "2014-05-08 01:34:51", nospace
"2014-05-08 01:49:57", "2014-05-08 02:29:09", nospace
"2014-05-08 02:32:10", "2014-05-08 02:56:20", nospace
"2014-05-08 02:59:21", "2014-05-08 03:14:26", nospace
"2014-05-08 03:41:38", "2014-05-08 04:08:47", nospace
"2014-05-08 04:44:23", "2014-05-08 04:53:25", nospace
"2014-05-08 04:56:27", "2014-05-08 04:59:28", nospace
"2014-05-08 05:41:48", "2014-05-08 05:44:47", nospace
"2014-05-08 05:47:49", "2014-05-08 05:50:50", nospace
"2014-05-08 06:49:11", "2014-05-08 06:57:11", nospace
"2014-05-08 06:59:38", "2014-05-08 07:05:40", nospace
"2014-05-08 07:14:43", "2014-05-08 07:20:46", nospace
"2014-05-08 08:00:01", "2014-05-08 08:09:05", nospace
"2014-05-08 08:24:09", "2014-05-08 08:36:12", nospace
"2014-05-08 08:39:14", "2014-05-08 08:42:15", nospace
"2014-05-08 10:12:13", "2014-05-08 10:15:16", nobike
"2014-05-08 10:21:16", "2014-05-08 10:24:16", nobike
"2014-05-08 13:28:28", "2014-05-08 13:40:32", nobike
"2014-05-08 13:43:34", "2014-05-08 13:49:35", nobike
"2014-05-08 13:52:36", "2014-05-08 14:04:40", nobike
"2014-05-09 07:50:41", "2014-05-09 07:53:43", nospace
"2014-05-09 08:04:42", "2014-05-09 08:10:47", nospace
"2014-05-09 08:16:51", "2014-05-09 08:19:52", nospace
