"2013-11-28 00:25:52", "2013-11-28 00:58:38", nobike
"2013-11-29 09:34:42", "2013-11-29 09:37:41", nobike
"2013-11-29 10:22:51", "2013-11-29 10:25:50", nobike
"2013-11-29 12:58:48", "2013-11-29 13:07:47", nobike
"2013-11-29 13:10:46", "2013-11-29 13:13:46", nobike
"2013-11-29 13:16:45", "2013-11-29 13:25:45", nobike
"2013-11-29 15:04:57", "2013-11-29 15:13:56", nobike
"2013-11-29 15:19:55", "2013-11-29 15:22:55", nobike
"2013-11-30 06:29:00", "2013-11-30 06:41:04", nospace
"2013-11-30 08:40:57", "2013-11-30 08:47:02", nospace
"2013-11-30 09:07:50", "2013-11-30 09:13:53", nospace
"2013-11-30 12:22:50", "2013-11-30 12:28:53", nospace
"2013-11-30 12:34:56", "2013-11-30 13:10:54", nospace
"2013-11-30 13:31:50", "2013-11-30 13:37:54", nospace
"2013-11-30 13:40:57", "2013-11-30 13:44:00", nospace
"2013-11-30 13:56:06", "2013-11-30 13:58:45", nospace
"2013-11-30 14:01:48", "2013-11-30 14:13:54", nospace
"2013-12-01 03:34:51", "2013-12-01 03:37:53", nospace
"2013-12-01 05:35:05", "2013-12-01 05:40:50", nospace
"2013-12-01 05:53:07", "2013-12-01 06:01:57", nospace
"2013-12-01 06:19:54", "2013-12-01 06:34:49", nospace
"2013-12-01 06:38:03", "2013-12-01 06:41:07", nospace
"2013-12-01 06:43:47", "2013-12-01 06:46:52", nospace
"2013-12-01 06:49:57", "2013-12-01 07:04:53", nospace
"2013-12-01 07:07:56", "2013-12-01 07:11:00", nospace
"2013-12-01 07:14:05", "2013-12-01 07:32:04", nospace
"2013-12-01 08:05:08", "2013-12-01 08:20:03", nospace
"2013-12-01 08:23:06", "2013-12-01 08:26:09", nospace
"2013-12-01 08:38:00", "2013-12-01 08:44:07", nospace
"2013-12-02 08:38:00", "2013-12-02 08:41:05", nospace
"2013-12-02 08:46:54", "2013-12-02 08:49:59", nospace
"2013-12-02 08:58:53", "2013-12-02 09:01:59", nospace
"2013-12-02 09:05:06", "2013-12-02 09:10:54", nospace
"2013-12-02 11:26:09", "2013-12-02 11:28:51", nospace
"2013-12-02 11:55:57", "2013-12-02 12:02:10", nospace
"2013-12-02 13:02:08", "2013-12-02 13:14:06", nospace
"2013-12-02 13:17:12", "2013-12-02 13:23:01", nospace
"2013-12-02 13:26:07", "2013-12-02 13:41:14", nospace
"2013-12-02 13:43:56", "2013-12-02 14:07:54", nospace
"2013-12-05 07:23:02", "2013-12-05 07:38:02", nospace
"2013-12-05 08:08:21", "2013-12-05 08:14:20", nospace
"2013-12-05 08:17:08", "2013-12-05 08:20:22", nospace
"2013-12-05 08:32:02", "2013-12-05 08:35:14", nospace
"2013-12-07 06:17:17", "2013-12-07 06:29:26", nospace
"2013-12-07 06:38:14", "2013-12-07 06:44:30", nospace
"2013-12-07 07:14:22", "2013-12-07 07:20:15", nospace
"2013-12-07 07:23:10", "2013-12-07 07:29:25", nospace
"2013-12-07 07:32:20", "2013-12-07 07:41:30", nospace
"2013-12-07 07:53:15", "2013-12-07 08:02:24", nospace
"2013-12-07 08:08:39", "2013-12-07 08:11:10", nospace
"2013-12-07 08:14:30", "2013-12-07 08:17:26", nospace
"2013-12-07 08:32:24", "2013-12-07 08:38:17", nospace
"2013-12-07 08:56:11", "2013-12-07 09:02:24", nospace
"2013-12-07 09:08:12", "2013-12-07 09:11:08", nospace
"2013-12-07 09:38:16", "2013-12-07 09:47:30", nospace
"2013-12-07 09:53:19", "2013-12-07 09:56:14", nospace
"2013-12-07 15:05:29", "2013-12-07 15:08:26", nospace
"2013-12-07 15:11:22", "2013-12-07 15:26:32", nospace
"2013-12-07 15:29:29", "2013-12-07 15:41:11", nospace
"2013-12-07 16:20:22", "2013-12-07 16:44:19", nospace
"2013-12-08 02:20:21", "2013-12-08 02:29:10", nospace
"2013-12-08 02:35:16", "2013-12-08 02:44:34", nospace
"2013-12-08 02:47:13", "2013-12-08 03:02:23", nospace
"2013-12-08 03:38:13", "2013-12-08 03:41:21", nospace
"2013-12-08 04:02:26", "2013-12-08 04:14:33", nospace
"2013-12-08 05:14:30", "2013-12-08 05:23:13", nospace
"2013-12-08 05:29:28", "2013-12-08 06:08:36", nospace
"2013-12-08 06:47:37", "2013-12-08 07:29:35", nospace
"2013-12-08 07:44:33", "2013-12-08 07:53:28", nospace
"2013-12-08 08:14:17", "2013-12-08 08:26:12", nospace
"2013-12-08 08:29:26", "2013-12-08 08:32:15", nospace
"2013-12-08 08:56:29", "2013-12-08 09:02:26", nospace
"2013-12-08 09:05:13", "2013-12-08 09:14:21", nospace
"2013-12-08 09:20:21", "2013-12-08 09:26:22", nospace
"2013-12-08 10:08:22", "2013-12-08 10:11:36", nospace
"2013-12-08 10:20:36", "2013-12-08 10:32:14", nospace
"2013-12-08 10:44:34", "2013-12-08 10:47:17", nospace
"2013-12-08 10:59:18", "2013-12-08 11:05:35", nospace
"2013-12-08 13:26:37", "2013-12-08 13:32:28", nospace
"2013-12-08 15:08:37", "2013-12-08 15:17:33", nospace
"2013-12-08 15:32:36", "2013-12-08 15:44:30", nospace
"2013-12-09 14:53:25", "2013-12-09 14:56:34", nospace
"2013-12-09 15:02:33", "2013-12-09 15:11:35", nospace
"2013-12-09 17:23:31", "2013-12-09 21:53:34", nospace
"2013-12-09 21:56:43", "2013-12-09 22:05:31", nospace
"2013-12-09 22:20:46", "2013-12-09 22:23:25", nospace
"2013-12-10 00:11:41", "2013-12-10 00:14:25", nospace
"2013-12-10 00:17:40", "2013-12-10 00:29:19", nospace
"2013-12-10 00:44:40", "2013-12-10 00:59:17", nospace
"2013-12-10 04:47:38", "2013-12-10 04:50:28", nospace
"2013-12-10 05:41:32", "2013-12-10 05:44:44", nospace
"2013-12-10 07:26:36", "2013-12-10 07:29:27", nospace
"2013-12-10 09:14:22", "2013-12-10 09:17:45", nospace
"2013-12-10 09:23:23", "2013-12-10 09:29:26", nospace
"2013-12-10 09:41:47", "2013-12-10 09:44:36", nospace
"2013-12-10 09:53:37", "2013-12-10 09:59:49", nospace
"2013-12-10 10:05:27", "2013-12-10 10:11:40", nospace
"2013-12-12 02:41:52", "2013-12-12 02:44:57", nobike
"2013-12-12 02:56:55", "2013-12-12 03:11:29", nobike
"2013-12-12 04:05:43", "2013-12-12 04:17:42", nobike
"2013-12-12 04:20:49", "2013-12-12 04:24:00", nobike
"2013-12-12 04:29:41", "2013-12-12 04:32:51", nobike
"2013-12-15 13:08:58", "2013-12-15 13:20:49", nospace
"2013-12-15 14:09:01", "2013-12-15 14:14:57", nospace
"2013-12-15 15:50:43", "2013-12-15 16:23:58", nospace
"2013-12-16 11:54:02", "2013-12-16 11:57:07", nospace
"2013-12-19 10:14:53", "2013-12-19 10:18:15", nospace
"2013-12-22 10:57:48", "2013-12-22 11:00:36", nospace
"2013-12-22 13:15:32", "2013-12-22 13:30:32", nospace
"2013-12-22 13:45:26", "2013-12-22 14:00:21", nospace
"2013-12-22 14:03:09", "2013-12-22 14:18:03", nospace
"2013-12-22 15:30:29", "2013-12-22 15:36:04", nospace
"2013-12-22 15:42:22", "2013-12-22 15:45:09", nospace
"2013-12-22 15:48:51", "2013-12-22 15:54:26", nospace
"2013-12-22 17:12:24", "2013-12-22 18:51:31", nospace
"2013-12-23 06:24:38", "2013-12-23 06:30:19", nospace
"2013-12-24 13:10:00", "2013-12-24 13:15:50", nospace
"2013-12-24 13:18:45", "2013-12-24 13:21:38", nospace
"2013-12-25 05:57:32", "2013-12-25 06:00:28", nospace
"2013-12-25 06:03:24", "2013-12-25 06:09:17", nospace
"2013-12-25 14:33:23", "2013-12-25 14:45:18", nospace
"2013-12-26 10:21:56", "2013-12-26 10:25:03", nospace
"2013-12-26 10:36:19", "2013-12-26 10:45:25", nospace
"2013-12-27 16:27:59", "2013-12-27 16:39:25", nospace
"2013-12-27 16:45:36", "2013-12-27 17:36:23", nospace
"2013-12-28 15:42:37", "2013-12-28 16:09:32", nospace
"2013-12-28 16:27:48", "2013-12-28 16:45:54", nospace
"2013-12-29 09:00:42", "2013-12-29 09:12:34", nospace
"2013-12-29 09:22:18", "2013-12-29 09:24:29", nospace
"2013-12-29 09:27:44", "2013-12-29 09:30:58", nospace
"2013-12-29 09:39:35", "2013-12-29 09:42:50", nospace
"2013-12-29 14:49:14", "2013-12-29 15:30:27", nospace
"2013-12-29 15:33:38", "2013-12-29 15:36:47", nospace
"2013-12-31 13:58:29", "2013-12-31 14:07:27", nospace
"2013-12-31 14:09:41", "2013-12-31 14:13:03", nospace
"2013-12-31 14:22:03", "2013-12-31 14:36:40", nospace
"2013-12-31 15:01:23", "2013-12-31 15:46:26", nospace
"2013-12-31 15:57:39", "2013-12-31 16:10:02", nospace
"2013-12-31 16:33:56", "2013-12-31 16:37:19", nospace
"2013-12-31 16:48:54", "2013-12-31 16:51:55", nospace
"2013-12-31 17:52:16", "2013-12-31 17:57:53", nospace
"2013-12-31 18:03:31", "2013-12-31 18:06:54", nospace
"2013-12-31 18:13:31", "2013-12-31 18:31:26", nospace
"2013-12-31 18:46:08", "2013-12-31 18:51:46", nospace
"2013-12-31 20:12:53", "2013-12-31 20:37:37", nospace
"2013-12-31 22:13:18", "2013-12-31 22:15:33", nospace
"2014-01-01 05:07:04", "2014-01-01 05:12:40", nospace
"2014-01-01 06:09:41", "2014-01-01 06:13:06", nospace
"2014-01-01 06:52:35", "2014-01-01 07:00:40", nospace
"2014-01-01 07:07:37", "2014-01-01 07:09:57", nospace
"2014-01-01 07:15:41", "2014-01-01 07:22:39", nospace
"2014-01-01 07:24:58", "2014-01-01 07:30:47", nospace
"2014-01-01 07:34:16", "2014-01-01 07:40:04", nospace
"2014-01-01 07:43:32", "2014-01-01 07:48:41", nospace
"2014-01-01 08:06:48", "2014-01-01 08:15:46", nospace
"2014-01-01 08:42:47", "2014-01-01 08:49:41", nospace
"2014-01-01 08:52:00", "2014-01-01 09:01:12", nospace
"2014-01-01 09:04:40", "2014-01-01 09:06:57", nospace
"2014-01-01 09:10:27", "2014-01-01 09:25:28", nospace
"2014-01-02 12:00:47", "2014-01-02 12:03:48", nospace
"2014-01-02 14:04:26", "2014-01-02 14:06:46", nospace
"2014-01-02 14:12:39", "2014-01-02 14:16:09", nospace
"2014-01-02 14:19:39", "2014-01-02 14:21:58", nospace
"2014-01-03 08:45:42", "2014-01-03 08:49:15", nospace
"2014-01-03 09:07:46", "2014-01-03 09:10:08", nospace
"2014-01-05 07:45:50", "2014-01-05 07:55:42", nospace
"2014-01-05 08:04:17", "2014-01-05 08:12:53", nospace
"2014-01-05 08:19:03", "2014-01-05 08:42:53", nospace
"2014-01-05 08:55:10", "2014-01-05 09:01:20", nospace
"2014-01-05 09:16:53", "2014-01-05 09:34:10", nospace
"2014-01-07 13:43:03", "2014-01-07 13:46:24", nobike
"2014-01-07 14:16:58", "2014-01-07 14:22:01", nobike
"2014-01-08 23:58:08", "2014-01-09 00:22:33", nobike
"2014-01-11 01:22:55", "2014-01-11 01:56:04", nobike
"2014-01-11 04:38:00", "2014-01-11 04:43:19", nospace
"2014-01-11 04:49:55", "2014-01-11 05:01:50", nospace
"2014-01-11 07:28:57", "2014-01-11 07:31:38", nospace
"2014-01-11 07:50:26", "2014-01-11 07:53:06", nospace
"2014-01-11 07:58:29", "2014-01-11 08:17:20", nospace
"2014-01-11 08:20:01", "2014-01-11 08:29:25", nospace
"2014-01-11 08:40:12", "2014-01-11 08:46:54", nospace
"2014-01-11 08:49:35", "2014-01-11 08:52:16", nospace
"2014-01-11 08:59:00", "2014-01-11 09:04:11", nospace
"2014-01-11 09:07:09", "2014-01-11 09:13:54", nospace
"2014-01-11 09:19:17", "2014-01-11 09:28:43", nospace
"2014-01-12 05:22:17", "2014-01-12 05:26:18", nospace
"2014-01-12 06:59:25", "2014-01-12 07:02:09", nospace
"2014-01-12 08:31:53", "2014-01-12 08:37:19", nospace
"2014-01-12 08:59:02", "2014-01-12 09:01:46", nospace
"2014-01-15 02:43:31", "2014-01-15 02:52:48", nobike
"2014-01-16 15:47:18", "2014-01-16 15:55:51", nobike
"2014-01-17 06:58:46", "2014-01-17 07:14:23", nospace
"2014-01-18 15:46:32", "2014-01-18 15:50:01", nospace
"2014-01-18 16:25:56", "2014-01-18 16:32:04", nospace
"2014-01-18 16:37:53", "2014-01-18 17:56:40", nospace
"2014-01-19 01:47:26", "2014-01-19 02:11:18", nospace
"2014-01-19 02:59:14", "2014-01-19 03:02:09", nospace
"2014-01-19 03:19:39", "2014-01-19 03:24:00", nospace
"2014-01-19 03:32:42", "2014-01-19 03:47:17", nospace
"2014-01-19 03:50:12", "2014-01-19 03:53:05", nospace
"2014-01-19 03:58:54", "2014-01-19 04:01:49", nospace
"2014-01-19 04:55:45", "2014-01-19 04:58:40", nospace
"2014-01-19 06:58:53", "2014-01-19 07:06:10", nospace
"2014-01-19 07:08:11", "2014-01-19 07:29:56", nospace
"2014-01-19 07:32:55", "2014-01-19 07:35:52", nospace
"2014-01-19 07:41:46", "2014-01-19 07:59:19", nospace
"2014-01-19 08:05:16", "2014-01-19 08:08:13", nospace
"2014-01-19 08:53:36", "2014-01-19 09:05:25", nospace
"2014-01-19 09:17:12", "2014-01-19 09:29:01", nospace
"2014-01-19 09:34:58", "2014-01-19 09:37:56", nospace
"2014-01-19 09:43:50", "2014-01-19 09:46:47", nospace
"2014-01-19 17:28:55", "2014-01-19 17:41:23", nospace
"2014-01-19 19:35:39", "2014-01-19 19:56:16", nospace
"2014-01-19 20:08:05", "2014-01-19 20:25:47", nospace
"2014-01-19 21:23:19", "2014-01-19 21:49:52", nospace
"2014-01-19 23:31:36", "2014-01-19 23:38:59", nospace
"2014-01-19 23:47:49", "2014-01-19 23:50:46", nospace
"2014-01-19 23:59:38", "2014-01-20 00:05:30", nospace
"2014-01-20 01:34:43", "2014-01-20 01:40:57", nospace
"2014-01-20 04:08:55", "2014-01-20 04:38:21", nospace
"2014-01-20 04:50:00", "2014-01-20 04:54:33", nospace
"2014-01-20 05:33:02", "2014-01-20 05:36:00", nospace
"2014-01-20 05:38:58", "2014-01-20 05:41:53", nospace
"2014-01-20 06:20:16", "2014-01-20 06:23:14", nospace
"2014-01-20 06:29:12", "2014-01-20 06:41:07", nospace
"2014-01-20 06:53:32", "2014-01-20 07:14:25", nospace
"2014-01-20 07:17:24", "2014-01-20 07:23:22", nospace
"2014-01-20 07:41:15", "2014-01-20 08:02:02", nospace
"2014-01-21 01:17:51", "2014-01-21 01:20:50", nospace
"2014-01-21 04:52:54", "2014-01-21 05:01:47", nospace
"2014-01-21 05:27:05", "2014-01-21 05:43:46", nospace
"2014-01-21 05:47:03", "2014-01-21 05:56:24", nospace
"2014-01-21 06:11:15", "2014-01-21 06:14:13", nospace
"2014-01-21 06:44:05", "2014-01-21 06:56:05", nospace
"2014-01-21 07:29:05", "2014-01-21 07:44:05", nospace
"2014-01-22 09:06:03", "2014-01-22 09:07:33", nospace
"2014-01-23 06:31:45", "2014-01-23 06:35:42", nospace
"2014-01-23 06:43:47", "2014-01-23 06:52:38", nospace
"2014-01-23 07:02:44", "2014-01-23 07:08:52", nospace
"2014-01-23 07:11:57", "2014-01-23 07:16:33", nospace
"2014-01-23 07:19:38", "2014-01-23 07:22:43", nospace
"2014-01-23 07:28:52", "2014-01-23 07:31:56", nospace
"2014-01-23 07:41:08", "2014-01-23 07:50:20", nospace
"2014-01-23 08:56:16", "2014-01-23 08:57:49", nospace
"2014-01-23 09:00:54", "2014-01-23 09:02:26", nospace
"2014-01-23 09:03:58", "2014-01-23 09:08:36", nospace
"2014-01-24 07:09:58", "2014-01-24 07:20:46", nospace
"2014-01-24 08:14:33", "2014-01-24 08:17:38", nospace
"2014-01-24 08:25:23", "2014-01-24 08:28:27", nospace
"2014-01-24 12:37:55", "2014-01-24 12:52:59", nospace
"2014-01-25 06:09:29", "2014-01-25 06:11:03", nospace
"2014-01-25 06:14:11", "2014-01-25 06:15:44", nospace
"2014-01-25 06:23:59", "2014-01-25 06:28:29", nospace
"2014-01-25 06:48:32", "2014-01-25 06:49:45", nospace
"2014-01-25 06:50:33", "2014-01-25 06:58:47", nospace
"2014-01-25 07:15:19", "2014-01-25 07:16:53", nospace
"2014-01-25 07:41:56", "2014-01-25 07:43:30", nospace
"2014-01-25 07:46:37", "2014-01-25 07:51:20", nospace
"2014-01-25 07:54:29", "2014-01-25 08:00:39", nospace
"2014-01-25 08:14:49", "2014-01-25 08:16:23", nospace
"2014-01-25 08:36:43", "2014-01-25 08:53:56", nospace
"2014-01-25 08:58:38", "2014-01-25 09:01:44", nospace
"2014-01-25 09:08:02", "2014-01-25 09:12:42", nospace
"2014-01-25 17:21:50", "2014-01-25 17:42:15", nospace
"2014-01-26 02:04:16", "2014-01-26 02:07:22", nospace
"2014-01-26 02:08:57", "2014-01-26 02:15:10", nospace
"2014-01-26 02:27:38", "2014-01-26 02:57:15", nospace
"2014-01-26 03:06:37", "2014-01-26 03:12:52", nospace
"2014-01-26 03:23:48", "2014-01-26 03:40:59", nospace
"2014-01-26 04:24:44", "2014-01-26 04:30:59", nospace
"2014-01-26 04:41:55", "2014-01-26 04:46:36", nospace
"2014-01-26 06:19:02", "2014-01-26 06:29:53", nospace
"2014-01-26 06:44:44", "2014-01-26 06:47:54", nospace
"2014-01-26 06:49:31", "2014-01-26 06:52:10", nospace
"2014-01-26 06:54:16", "2014-01-26 07:03:04", nospace
"2014-01-26 07:12:37", "2014-01-26 07:15:45", nospace
"2014-01-26 07:18:54", "2014-01-26 07:23:38", nospace
"2014-01-26 07:29:56", "2014-01-26 07:31:30", nospace
"2014-01-26 07:33:05", "2014-01-26 07:37:48", nospace
"2014-01-26 08:56:04", "2014-01-26 08:57:38", nospace
"2014-01-26 08:59:11", "2014-01-26 09:00:47", nospace
"2014-01-27 02:40:34", "2014-01-27 02:59:37", nospace
"2014-01-27 03:07:36", "2014-01-27 03:13:54", nospace
"2014-01-27 05:28:49", "2014-01-27 05:31:59", nospace
"2014-01-27 05:43:06", "2014-01-27 05:44:41", nospace
"2014-01-27 05:47:52", "2014-01-27 05:49:28", nospace
"2014-01-27 06:36:43", "2014-01-27 06:38:19", nospace
"2014-01-27 07:40:50", "2014-01-27 07:42:26", nospace
"2014-01-27 08:01:39", "2014-01-27 08:20:51", nospace
"2014-01-27 08:22:26", "2014-01-27 08:28:49", nospace
"2014-01-27 08:32:01", "2014-01-27 08:38:25", nospace
"2014-01-27 08:41:37", "2014-01-27 08:46:24", nospace
"2014-01-27 08:56:03", "2014-01-27 08:59:15", nospace
"2014-01-27 09:04:01", "2014-01-27 09:12:01", nospace
"2014-01-27 09:27:59", "2014-01-27 09:29:35", nospace
"2014-01-27 11:29:17", "2014-01-27 11:30:53", nospace
"2014-01-27 11:43:41", "2014-01-27 11:51:44", nospace
"2014-01-27 13:05:04", "2014-01-27 13:06:40", nospace
"2014-01-27 15:40:52", "2014-01-27 16:04:40", nospace
"2014-01-27 16:05:57", "2014-01-27 16:15:26", nospace
"2014-01-27 16:57:39", "2014-01-27 17:26:32", nospace
"2014-01-28 00:56:54", "2014-01-28 01:00:05", nospace
"2014-01-28 01:59:02", "2014-01-28 02:03:50", nospace
"2014-01-28 02:07:02", "2014-01-28 02:11:49", nospace
"2014-01-28 02:19:50", "2014-01-28 02:23:01", nospace
"2014-01-28 02:39:00", "2014-01-28 03:04:11", nospace
"2014-01-28 03:07:23", "2014-01-28 03:15:22", nospace
"2014-01-28 03:21:46", "2014-01-28 03:39:25", nospace
"2014-01-28 03:41:01", "2014-01-28 03:42:37", nospace
"2014-01-28 03:45:50", "2014-01-28 03:47:26", nospace
"2014-01-28 03:50:37", "2014-01-28 03:53:49", nospace
"2014-01-28 04:46:35", "2014-01-28 04:49:46", nospace
"2014-01-28 04:51:23", "2014-01-28 04:53:01", nospace
"2014-01-28 05:44:12", "2014-01-28 05:49:00", nospace
"2014-01-28 06:03:21", "2014-01-28 06:06:34", nospace
"2014-01-28 07:38:17", "2014-01-28 07:54:24", nospace
"2014-01-28 07:56:01", "2014-01-28 07:59:14", nospace
"2014-01-28 08:00:52", "2014-01-28 08:04:05", nospace
"2014-01-28 08:21:51", "2014-01-28 08:25:04", nospace
"2014-01-28 08:26:40", "2014-01-28 08:29:50", nospace
"2014-01-28 08:31:45", "2014-01-28 08:35:57", nospace
"2014-01-29 08:48:56", "2014-01-29 09:08:29", nospace
"2014-01-29 10:02:09", "2014-01-29 10:07:01", nospace
"2014-01-29 10:08:42", "2014-01-29 10:10:18", nospace
"2014-01-31 06:02:06", "2014-01-31 06:08:43", nospace
"2014-01-31 06:25:04", "2014-01-31 06:28:25", nospace
"2014-01-31 06:36:11", "2014-01-31 06:41:05", nospace
"2014-01-31 06:57:54", "2014-01-31 07:01:52", nospace
"2014-01-31 07:04:45", "2014-01-31 07:06:56", nospace
"2014-01-31 07:25:52", "2014-01-31 07:28:03", nospace
"2014-01-31 07:30:13", "2014-01-31 07:37:05", nospace
"2014-01-31 07:39:18", "2014-01-31 07:46:10", nospace
"2014-01-31 08:06:16", "2014-01-31 08:07:54", nospace
"2014-01-31 08:09:35", "2014-01-31 08:17:54", nospace
"2014-01-31 08:42:41", "2014-01-31 08:52:36", nospace
"2014-01-31 09:00:07", "2014-01-31 09:02:17", nospace
"2014-01-31 09:30:41", "2014-01-31 09:35:05", nospace
"2014-01-31 15:46:51", "2014-01-31 15:49:01", nospace
"2014-01-31 16:12:12", "2014-01-31 16:15:33", nospace
"2014-01-31 16:42:05", "2014-01-31 17:44:55", nospace
"2014-01-31 18:03:10", "2014-01-31 21:11:03", nospace
"2014-02-01 00:34:56", "2014-02-01 01:08:07", nospace
"2014-02-01 01:23:02", "2014-02-01 01:39:38", nospace
"2014-02-01 01:56:10", "2014-02-01 02:06:07", nospace
"2014-02-01 07:06:09", "2014-02-01 07:21:19", nospace
"2014-02-01 07:35:46", "2014-02-01 07:40:21", nospace
"2014-02-01 07:46:54", "2014-02-01 07:51:34", nospace
"2014-02-01 08:11:43", "2014-02-01 08:13:58", nospace
"2014-02-01 08:16:16", "2014-02-01 08:17:44", nospace
"2014-02-01 08:18:46", "2014-02-01 08:23:10", nospace
"2014-02-01 08:36:51", "2014-02-01 08:39:02", nospace
"2014-02-01 08:41:13", "2014-02-01 08:45:00", nospace
"2014-02-01 08:45:46", "2014-02-01 09:03:52", nospace
"2014-02-01 09:19:48", "2014-02-01 09:22:03", nospace
"2014-02-01 09:24:16", "2014-02-01 09:26:26", nospace
"2014-02-01 09:37:44", "2014-02-01 09:42:15", nospace
"2014-02-01 10:51:35", "2014-02-01 10:56:37", nospace
"2014-02-01 11:16:42", "2014-02-01 11:20:03", nospace
"2014-02-01 13:31:08", "2014-02-01 14:04:27", nospace
"2014-02-01 14:37:58", "2014-02-01 14:52:42", nospace
"2014-02-01 15:14:37", "2014-02-01 15:37:26", nospace
"2014-02-01 15:40:33", "2014-02-01 16:00:40", nospace
"2014-02-02 03:36:14", "2014-02-02 03:53:03", nospace
"2014-02-02 03:54:44", "2014-02-02 03:58:06", nospace
"2014-02-02 03:59:48", "2014-02-02 04:06:31", nospace
"2014-02-02 04:20:28", "2014-02-02 04:22:41", nospace
"2014-02-02 04:40:34", "2014-02-02 05:17:01", nospace
"2014-02-02 05:19:13", "2014-02-02 05:25:00", nospace
"2014-02-02 05:30:37", "2014-02-02 05:37:38", nospace
"2014-02-02 05:39:51", "2014-02-02 05:42:03", nospace
"2014-02-02 05:46:38", "2014-02-02 06:09:32", nospace
"2014-02-02 06:32:41", "2014-02-02 07:14:05", nospace
"2014-02-02 07:34:52", "2014-02-02 07:36:30", nospace
"2014-02-02 07:39:39", "2014-02-02 07:46:38", nospace
"2014-02-02 07:51:05", "2014-02-02 07:58:01", nospace
"2014-02-02 08:00:14", "2014-02-02 08:03:52", nospace
"2014-02-02 08:04:55", "2014-02-02 08:11:35", nospace
"2014-02-02 08:12:57", "2014-02-02 08:18:12", nospace
"2014-02-02 08:38:37", "2014-02-02 08:45:35", nospace
"2014-02-02 08:47:47", "2014-02-02 08:58:25", nospace
"2014-02-02 08:59:16", "2014-02-02 09:01:28", nospace
"2014-02-02 09:03:41", "2014-02-02 09:16:38", nospace
"2014-02-02 09:17:42", "2014-02-02 09:19:56", nospace
"2014-02-02 09:22:06", "2014-02-02 09:26:37", nospace
"2014-02-02 09:42:15", "2014-02-02 09:49:01", nospace
"2014-02-02 09:51:12", "2014-02-02 09:55:50", nospace
"2014-02-02 09:58:04", "2014-02-02 10:00:16", nospace
"2014-02-02 10:02:04", "2014-02-02 10:07:05", nospace
"2014-02-02 11:28:04", "2014-02-02 11:36:35", nospace
"2014-02-02 11:38:14", "2014-02-02 11:43:18", nospace
"2014-02-02 11:46:41", "2014-02-02 11:55:08", nospace
"2014-02-02 12:08:39", "2014-02-02 12:11:45", nospace
"2014-02-02 12:16:35", "2014-02-02 12:32:54", nospace
"2014-02-02 12:41:02", "2014-02-02 12:41:58", nospace
"2014-02-02 12:44:10", "2014-02-02 12:46:21", nospace
"2014-02-03 00:46:21", "2014-02-03 00:51:26", nospace
"2014-02-03 00:53:07", "2014-02-03 00:54:48", nospace
"2014-02-03 00:56:30", "2014-02-03 01:10:00", nospace
"2014-02-03 01:30:57", "2014-02-03 01:48:45", nospace
"2014-02-03 02:11:07", "2014-02-03 02:28:00", nospace
"2014-02-03 03:39:23", "2014-02-03 03:43:03", nospace
"2014-02-03 03:54:39", "2014-02-03 04:04:49", nospace
"2014-02-03 04:08:11", "2014-02-03 04:09:53", nospace
"2014-02-03 04:11:34", "2014-02-03 04:13:16", nospace
"2014-02-03 04:18:21", "2014-02-03 04:23:27", nospace
"2014-02-03 04:33:38", "2014-02-03 04:37:01", nospace
"2014-02-03 05:34:35", "2014-02-03 05:39:40", nospace
"2014-02-03 06:21:06", "2014-02-03 06:37:11", nospace
"2014-02-03 06:41:55", "2014-02-03 06:57:35", nospace
"2014-02-03 07:00:49", "2014-02-03 07:03:04", nospace
"2014-02-03 07:16:24", "2014-02-03 07:22:02", nospace
"2014-02-03 07:24:18", "2014-02-03 07:43:16", nospace
"2014-02-03 07:50:28", "2014-02-03 07:59:54", nospace
"2014-02-03 08:02:11", "2014-02-03 08:07:13", nospace
"2014-02-03 08:30:18", "2014-02-03 08:40:35", nospace
"2014-02-03 08:47:24", "2014-02-03 09:02:47", nospace
"2014-02-03 09:06:14", "2014-02-03 09:09:40", nospace
"2014-02-03 09:14:53", "2014-02-03 09:19:06", nospace
"2014-02-03 09:19:42", "2014-02-03 09:28:29", nospace
"2014-02-03 09:29:36", "2014-02-03 09:37:06", nospace
"2014-02-03 09:38:54", "2014-02-03 09:45:44", nospace
"2014-02-03 09:49:22", "2014-02-03 10:04:02", nospace
"2014-02-03 12:09:49", "2014-02-03 12:18:06", nospace
"2014-02-03 12:25:31", "2014-02-03 12:30:05", nospace
"2014-02-03 12:41:52", "2014-02-03 12:45:17", nospace
"2014-02-03 12:48:42", "2014-02-03 12:58:52", nospace
"2014-02-03 13:03:59", "2014-02-03 13:05:42", nospace
"2014-02-03 13:10:46", "2014-02-03 13:22:41", nospace
"2014-02-03 13:38:33", "2014-02-03 13:42:26", nospace
"2014-02-03 13:43:30", "2014-02-03 13:47:59", nospace
"2014-02-03 15:45:02", "2014-02-03 15:53:33", nospace
"2014-02-03 16:34:21", "2014-02-03 17:29:06", nospace
"2014-02-03 23:14:55", "2014-02-03 23:24:39", nospace
"2014-02-03 23:41:09", "2014-02-04 00:11:47", nospace
"2014-02-04 00:21:58", "2014-02-04 00:45:52", nospace
"2014-02-04 02:17:52", "2014-02-04 02:19:35", nospace
"2014-02-04 02:23:00", "2014-02-04 02:29:50", nospace
"2014-02-04 02:34:59", "2014-02-04 02:48:39", nospace
"2014-02-04 03:19:52", "2014-02-04 03:25:33", nospace
"2014-02-04 03:27:49", "2014-02-04 03:37:19", nospace
"2014-02-04 03:47:12", "2014-02-04 03:59:02", nospace
"2014-02-04 04:00:38", "2014-02-04 04:11:06", nospace
"2014-02-04 05:19:44", "2014-02-04 05:34:06", nospace
"2014-02-04 06:08:21", "2014-02-04 06:12:44", nospace
"2014-02-04 07:05:48", "2014-02-04 07:09:38", nospace
"2014-02-04 07:17:15", "2014-02-04 07:18:41", nospace
"2014-02-04 07:26:24", "2014-02-04 07:27:49", nospace
"2014-02-04 07:35:43", "2014-02-04 07:36:56", nospace
"2014-02-04 07:38:20", "2014-02-04 07:49:47", nospace
"2014-02-04 08:29:20", "2014-02-04 08:32:47", nospace
"2014-02-04 08:50:02", "2014-02-04 09:12:24", nospace
"2014-02-04 09:14:08", "2014-02-04 09:15:51", nospace
"2014-02-04 13:36:16", "2014-02-04 13:56:57", nospace
"2014-02-04 23:50:54", "2014-02-05 00:05:54", nospace
"2014-02-05 00:09:25", "2014-02-05 00:19:13", nospace
"2014-02-05 00:46:50", "2014-02-05 01:22:57", nospace
"2014-02-05 01:38:29", "2014-02-05 01:59:10", nospace
"2014-02-05 06:53:01", "2014-02-05 06:54:45", nospace
"2014-02-05 08:26:09", "2014-02-05 08:40:45", nospace
"2014-02-05 08:46:57", "2014-02-05 08:50:11", nospace
"2014-02-05 08:52:27", "2014-02-05 08:54:42", nospace
"2014-02-05 08:57:14", "2014-02-05 08:59:28", nospace
"2014-02-05 09:14:20", "2014-02-05 09:15:48", nospace
"2014-02-05 09:18:04", "2014-02-05 09:24:06", nospace
"2014-02-05 09:27:25", "2014-02-05 09:33:16", nospace
"2014-02-05 13:04:55", "2014-02-05 13:10:53", nospace
"2014-02-05 13:21:48", "2014-02-05 13:24:06", nospace
"2014-02-05 13:52:02", "2014-02-05 13:54:17", nospace
"2014-02-05 16:37:51", "2014-02-05 17:42:17", nospace
"2014-02-05 18:18:53", "2014-02-05 18:46:46", nospace
"2014-02-06 02:33:44", "2014-02-06 02:40:42", nospace
"2014-02-06 02:42:26", "2014-02-06 02:45:56", nospace
"2014-02-06 02:58:11", "2014-02-06 03:01:44", nospace
"2014-02-06 04:39:09", "2014-02-06 04:57:43", nospace
"2014-02-06 04:59:56", "2014-02-06 05:02:10", nospace
"2014-02-06 05:23:36", "2014-02-06 05:25:51", nospace
"2014-02-06 06:01:01", "2014-02-06 06:03:17", nospace
"2014-02-06 06:05:31", "2014-02-06 06:07:46", nospace
"2014-02-06 07:08:44", "2014-02-06 07:12:16", nospace
"2014-02-06 07:25:07", "2014-02-06 07:26:54", nospace
"2014-02-06 07:32:12", "2014-02-06 07:48:01", nospace
"2014-02-06 07:49:47", "2014-02-06 07:56:42", nospace
"2014-02-06 07:58:20", "2014-02-06 08:00:04", nospace
"2014-02-06 08:14:09", "2014-02-06 08:15:54", nospace
"2014-02-06 08:33:05", "2014-02-06 08:34:50", nospace
"2014-02-06 08:43:39", "2014-02-06 08:45:25", nospace
"2014-02-06 10:29:02", "2014-02-06 10:33:43", nobike
"2014-02-06 10:35:58", "2014-02-06 10:41:58", nobike
"2014-02-08 10:52:11", "2014-02-08 10:54:44", nospace
"2014-02-08 10:57:11", "2014-02-08 11:09:01", nospace
"2014-02-08 11:18:01", "2014-02-08 11:34:07", nospace
"2014-02-08 11:43:05", "2014-02-08 11:50:12", nospace
"2014-02-08 11:55:34", "2014-02-08 11:57:20", nospace
"2014-02-08 12:00:54", "2014-02-08 12:06:15", nospace
"2014-02-10 09:21:57", "2014-02-10 09:23:45", nospace
"2014-02-10 09:25:26", "2014-02-10 09:36:17", nospace
"2014-02-11 07:25:44", "2014-02-11 07:27:35", nospace
"2014-02-11 07:45:58", "2014-02-11 07:47:47", nospace
"2014-02-11 08:04:21", "2014-02-11 08:13:32", nospace
"2014-02-11 09:28:37", "2014-02-11 09:32:17", nospace
"2014-02-11 10:24:09", "2014-02-11 10:31:31", nospace
"2014-02-11 11:47:57", "2014-02-11 11:55:35", nospace
"2014-02-12 14:26:32", "2014-02-12 14:39:26", nospace
"2014-02-12 16:32:01", "2014-02-12 17:34:12", nospace
"2014-02-13 09:26:26", "2014-02-13 09:32:04", nospace
"2014-02-13 10:48:56", "2014-02-13 10:56:00", nospace
"2014-02-13 11:06:15", "2014-02-13 11:09:13", nospace
"2014-02-13 11:16:15", "2014-02-13 11:22:59", nospace
"2014-02-13 12:08:18", "2014-02-13 12:17:36", nospace
"2014-02-13 16:22:16", "2014-02-13 22:06:09", nospace
"2014-02-14 11:47:27", "2014-02-14 12:11:56", nospace
"2014-02-14 12:16:29", "2014-02-14 12:18:53", nospace
"2014-02-14 12:56:49", "2014-02-14 13:00:36", nospace
"2014-02-14 13:02:29", "2014-02-14 13:17:34", nospace
"2014-02-14 13:28:53", "2014-02-14 13:34:30", nospace
"2014-02-14 13:40:09", "2014-02-14 13:42:02", nospace
"2014-02-14 13:45:40", "2014-02-14 13:55:02", nospace
"2014-02-14 16:20:35", "2014-02-14 17:03:50", nospace
"2014-02-14 17:11:22", "2014-02-14 17:37:43", nospace
"2014-02-16 01:51:12", "2014-02-16 01:58:49", nospace
"2014-02-16 02:04:30", "2014-02-16 02:06:24", nospace
"2014-02-16 02:08:19", "2014-02-16 02:19:41", nospace
"2014-02-16 02:21:35", "2014-02-16 02:23:30", nospace
"2014-02-16 06:19:59", "2014-02-16 06:49:10", nospace
"2014-02-16 06:54:54", "2014-02-16 07:04:28", nospace
"2014-02-16 07:12:07", "2014-02-16 07:17:51", nospace
"2014-02-16 07:19:47", "2014-02-16 07:25:32", nospace
"2014-02-16 07:50:22", "2014-02-16 07:52:17", nospace
"2014-02-16 07:59:57", "2014-02-16 08:01:53", nospace
"2014-02-16 08:09:31", "2014-02-16 08:22:52", nospace
"2014-02-16 08:34:18", "2014-02-16 08:49:27", nospace
"2014-02-16 08:53:14", "2014-02-16 08:58:56", nospace
"2014-02-16 09:47:44", "2014-02-16 09:55:23", nospace
"2014-02-16 09:57:18", "2014-02-16 10:12:24", nospace
"2014-02-16 11:40:17", "2014-02-16 11:46:01", nospace
"2014-02-16 11:57:29", "2014-02-16 12:01:17", nospace
"2014-02-16 13:09:12", "2014-02-16 13:18:46", nospace
"2014-02-16 13:30:14", "2014-02-16 13:39:47", nospace
"2014-02-16 13:51:16", "2014-02-16 13:58:54", nospace
"2014-02-16 14:04:39", "2014-02-16 14:19:59", nospace
"2014-02-16 16:22:32", "2014-02-16 16:37:32", nospace
"2014-02-16 16:44:05", "2014-02-16 16:55:21", nospace
"2014-02-16 17:10:42", "2014-02-16 17:29:52", nospace
"2014-02-17 09:37:55", "2014-02-17 09:39:51", nospace
"2014-02-17 09:41:45", "2014-02-17 09:43:41", nospace
"2014-02-17 09:45:36", "2014-02-17 09:51:23", nospace
"2014-02-17 09:55:12", "2014-02-17 10:02:55", nospace
"2014-02-17 10:04:51", "2014-02-17 10:06:46", nospace
"2014-02-17 10:10:37", "2014-02-17 10:16:22", nospace
"2014-02-17 11:07:41", "2014-02-17 11:15:26", nospace
"2014-02-17 11:25:08", "2014-02-17 11:27:03", nospace
"2014-02-17 11:28:59", "2014-02-17 11:32:49", nospace
"2014-02-17 11:48:12", "2014-02-17 11:56:05", nospace
"2014-02-21 10:13:36", "2014-02-21 10:15:35", nobike
"2014-02-21 10:17:34", "2014-02-21 10:19:34", nobike
"2014-02-21 10:21:34", "2014-02-21 10:25:30", nobike
"2014-02-21 10:33:27", "2014-02-21 10:47:21", nobike
"2014-02-22 03:58:35", "2014-02-22 04:02:33", nospace
"2014-02-22 04:04:34", "2014-02-22 04:26:30", nospace
"2014-02-22 05:28:39", "2014-02-22 05:30:39", nospace
"2014-02-22 06:14:35", "2014-02-22 06:16:35", nospace
"2014-02-22 07:24:40", "2014-02-22 07:30:44", nospace
"2014-02-22 10:41:58", "2014-02-22 10:50:17", nobike
"2014-02-22 10:54:27", "2014-02-22 10:59:18", nobike
"2014-02-22 14:23:24", "2014-02-22 14:29:25", nospace
"2014-02-23 00:39:54", "2014-02-23 00:51:57", nospace
"2014-02-23 00:55:58", "2014-02-23 01:08:01", nospace
"2014-02-23 01:32:06", "2014-02-23 01:38:08", nospace
"2014-02-23 02:57:05", "2014-02-23 03:04:02", nospace
"2014-02-23 03:06:30", "2014-02-23 03:11:06", nospace
"2014-02-23 04:23:40", "2014-02-23 04:27:42", nospace
"2014-02-23 04:31:43", "2014-02-23 04:37:45", nospace
"2014-02-23 04:39:47", "2014-02-23 04:59:49", nospace
"2014-02-23 06:04:03", "2014-02-23 06:16:10", nospace
"2014-02-23 06:22:12", "2014-02-23 06:24:13", nospace
"2014-02-23 06:26:17", "2014-02-23 06:30:20", nospace
"2014-02-23 07:19:10", "2014-02-23 07:20:15", nospace
"2014-02-23 07:29:17", "2014-02-23 07:39:29", nospace
"2014-02-23 07:47:21", "2014-02-23 07:48:01", nospace
"2014-02-23 07:50:05", "2014-02-23 07:55:10", nospace
"2014-02-23 07:59:11", "2014-02-23 08:05:14", nospace
"2014-02-23 08:15:20", "2014-02-23 08:21:23", nospace
"2014-02-23 08:33:32", "2014-02-23 08:39:39", nospace
"2014-02-23 08:49:41", "2014-02-23 08:59:48", nospace
"2014-02-23 09:01:49", "2014-02-23 09:07:52", nospace
"2014-02-23 09:09:53", "2014-02-23 09:11:54", nospace
"2014-02-23 09:13:54", "2014-02-23 09:15:55", nospace
"2014-02-23 09:17:59", "2014-02-23 09:22:04", nospace
"2014-02-23 09:28:08", "2014-02-23 09:34:11", nospace
"2014-02-23 09:38:14", "2014-02-23 09:50:24", nospace
"2014-02-23 09:52:25", "2014-02-23 09:54:27", nospace
"2014-02-23 11:09:02", "2014-02-23 11:13:05", nospace
"2014-02-23 13:31:53", "2014-02-23 13:42:01", nospace
"2014-02-23 13:54:08", "2014-02-23 13:58:09", nospace
"2014-02-23 14:00:09", "2014-02-23 14:02:11", nospace
"2014-02-23 14:26:23", "2014-02-23 14:32:26", nospace
"2014-02-23 14:34:29", "2014-02-23 14:40:32", nospace
"2014-02-23 14:44:34", "2014-02-23 14:58:44", nospace
"2014-02-24 07:55:20", "2014-02-24 07:57:22", nospace
"2014-02-24 08:13:37", "2014-02-24 08:23:48", nospace
"2014-02-25 00:25:39", "2014-02-25 00:37:53", nobike
"2014-02-26 04:06:25", "2014-02-26 04:10:33", nospace
"2014-02-26 06:03:47", "2014-02-26 06:09:59", nospace
"2014-02-26 06:19:49", "2014-02-26 06:22:21", nospace
"2014-02-26 06:24:31", "2014-02-26 06:27:11", nospace
"2014-02-26 07:35:38", "2014-02-26 07:40:45", nospace
"2014-02-26 07:44:49", "2014-02-26 07:47:21", nospace
"2014-02-26 07:53:35", "2014-02-26 08:04:01", nospace
"2014-02-26 08:08:55", "2014-02-26 08:10:00", nospace
"2014-02-26 08:12:32", "2014-02-26 08:17:44", nospace
"2014-02-26 08:21:02", "2014-02-26 08:23:41", nospace
"2014-02-26 08:43:59", "2014-02-26 08:49:59", nospace
"2014-02-26 08:56:29", "2014-02-26 09:04:42", nospace
"2014-02-26 20:58:56", "2014-02-26 21:03:05", nospace
"2014-02-27 04:40:39", "2014-02-27 04:57:19", nospace
"2014-02-27 04:59:23", "2014-02-27 05:28:34", nospace
"2014-02-27 05:47:15", "2014-02-27 05:49:19", nospace
"2014-02-27 05:51:25", "2014-02-27 05:55:34", nospace
"2014-02-27 05:57:40", "2014-02-27 06:12:14", nospace
"2014-02-27 06:14:19", "2014-02-27 06:18:28", nospace
"2014-02-27 06:22:39", "2014-02-27 06:24:44", nospace
"2014-02-27 06:33:36", "2014-02-27 06:37:44", nospace
"2014-02-27 07:33:31", "2014-02-27 07:42:21", nospace
"2014-02-27 07:47:28", "2014-02-27 07:53:30", nospace
"2014-02-27 07:56:01", "2014-02-27 07:58:34", nospace
"2014-02-27 09:02:48", "2014-02-27 09:06:56", nospace
"2014-02-27 09:08:20", "2014-02-27 09:10:54", nospace
"2014-02-27 10:51:57", "2014-02-27 10:57:00", nospace
"2014-02-27 15:58:01", "2014-02-27 16:06:35", nospace
"2014-02-27 16:09:08", "2014-02-27 16:25:49", nospace
"2014-02-27 16:27:54", "2014-02-27 16:38:13", nospace
"2014-02-27 17:33:54", "2014-02-27 18:27:48", nospace
"2014-02-28 03:22:35", "2014-02-28 03:30:34", nospace
"2014-02-28 03:36:43", "2014-02-28 03:59:41", nospace
"2014-02-28 04:28:38", "2014-02-28 04:33:36", nospace
"2014-02-28 04:49:48", "2014-02-28 04:52:10", nospace
"2014-02-28 05:36:23", "2014-02-28 05:42:38", nospace
"2014-02-28 05:44:43", "2014-02-28 05:48:53", nospace
"2014-02-28 05:50:57", "2014-02-28 05:59:17", nospace
"2014-02-28 06:01:21", "2014-02-28 06:05:32", nospace
"2014-02-28 06:11:45", "2014-02-28 06:28:29", nospace
"2014-02-28 06:56:09", "2014-02-28 06:58:14", nospace
"2014-02-28 07:08:37", "2014-02-28 07:23:15", nospace
"2014-02-28 07:25:18", "2014-02-28 07:27:24", nospace
"2014-02-28 07:29:29", "2014-02-28 07:39:51", nospace
"2014-02-28 07:56:34", "2014-02-28 08:04:55", nospace
"2014-02-28 08:06:59", "2014-02-28 08:19:29", nospace
"2014-02-28 08:36:07", "2014-02-28 08:44:28", nospace
"2014-02-28 09:03:12", "2014-02-28 09:07:21", nospace
"2014-02-28 09:09:27", "2014-02-28 09:21:28", nospace
"2014-02-28 09:24:06", "2014-02-28 09:33:02", nospace
"2014-02-28 09:36:19", "2014-02-28 09:47:34", nospace
"2014-02-28 09:51:21", "2014-02-28 09:54:01", nospace
"2014-02-28 09:56:35", "2014-02-28 10:02:42", nospace
"2014-02-28 10:10:22", "2014-02-28 10:13:00", nospace
"2014-02-28 10:22:03", "2014-02-28 10:26:12", nospace
"2014-02-28 10:28:19", "2014-02-28 10:32:25", nospace
"2014-02-28 10:34:28", "2014-02-28 10:47:57", nospace
"2014-02-28 14:58:46", "2014-02-28 15:00:51", nospace
"2014-02-28 15:09:13", "2014-02-28 15:25:56", nospace
"2014-02-28 15:48:57", "2014-02-28 15:51:02", nospace
"2014-03-01 01:25:29", "2014-03-01 01:27:35", nospace
"2014-03-01 02:53:18", "2014-03-01 02:55:24", nospace
"2014-03-01 02:59:33", "2014-03-01 03:24:43", nospace
"2014-03-01 04:56:53", "2014-03-01 04:58:57", nospace
"2014-03-01 05:03:09", "2014-03-01 05:09:26", nospace
"2014-03-01 05:24:17", "2014-03-01 05:30:34", nospace
"2014-03-01 05:35:52", "2014-03-01 05:38:12", nospace
"2014-03-01 05:42:08", "2014-03-01 05:44:45", nospace
"2014-03-01 05:47:16", "2014-03-01 05:53:34", nospace
"2014-03-01 05:56:08", "2014-03-01 06:07:17", nospace
"2014-03-01 06:24:20", "2014-03-01 06:28:11", nospace
"2014-03-01 06:54:09", "2014-03-01 07:31:15", nospace
"2014-03-01 07:35:05", "2014-03-01 07:40:19", nospace
"2014-03-01 07:55:40", "2014-03-01 08:00:25", nospace
"2014-03-01 08:01:49", "2014-03-01 08:04:36", nospace
"2014-03-01 08:43:10", "2014-03-01 08:52:11", nospace
"2014-03-01 09:05:52", "2014-03-01 09:29:02", nospace
"2014-03-01 14:59:25", "2014-03-01 15:03:36", nospace
"2014-03-02 00:26:39", "2014-03-02 00:35:08", nospace
"2014-03-02 02:01:43", "2014-03-02 02:05:57", nospace
"2014-03-02 03:00:50", "2014-03-02 03:30:35", nospace
"2014-03-02 04:34:12", "2014-03-02 04:44:03", nospace
"2014-03-02 04:58:54", "2014-03-02 05:07:24", nospace
"2014-03-02 05:11:40", "2014-03-02 05:13:47", nospace
"2014-03-02 10:43:02", "2014-03-02 10:51:31", nospace
"2014-03-02 10:53:37", "2014-03-02 10:55:45", nospace
"2014-03-02 10:57:52", "2014-03-02 10:59:59", nospace
"2014-03-02 11:23:21", "2014-03-02 11:25:28", nospace
"2014-03-02 11:40:28", "2014-03-02 11:43:04", nospace
"2014-03-02 11:46:20", "2014-03-02 12:01:12", nospace
"2014-03-02 12:03:21", "2014-03-02 12:07:39", nospace
"2014-03-02 12:11:56", "2014-03-02 12:24:41", nospace
"2014-03-02 13:22:08", "2014-03-02 13:34:57", nospace
"2014-03-02 13:41:20", "2014-03-02 13:55:55", nospace
"2014-03-02 13:58:03", "2014-03-02 14:06:33", nospace
"2014-03-02 14:17:13", "2014-03-02 14:30:00", nospace
"2014-03-02 14:49:04", "2014-03-02 14:57:36", nospace
"2014-03-03 03:52:59", "2014-03-03 04:05:51", nospace
"2014-03-03 04:40:24", "2014-03-03 04:51:05", nospace
"2014-03-03 05:01:50", "2014-03-03 05:06:11", nospace
"2014-03-03 05:14:47", "2014-03-03 05:16:56", nospace
"2014-03-03 05:36:18", "2014-03-03 05:40:36", nospace
"2014-03-03 06:34:41", "2014-03-03 06:38:59", nospace
"2014-03-03 08:24:22", "2014-03-03 08:25:39", nospace
"2014-03-03 09:02:14", "2014-03-03 09:14:32", nospace
"2014-03-03 09:16:42", "2014-03-03 09:29:47", nospace
"2014-03-03 10:30:54", "2014-03-03 10:33:33", nospace
"2014-03-03 10:55:36", "2014-03-03 10:59:21", nospace
"2014-03-03 11:02:06", "2014-03-03 11:04:40", nospace
"2014-03-03 11:13:18", "2014-03-03 11:16:02", nospace
"2014-03-03 11:22:47", "2014-03-03 11:25:01", nospace
"2014-03-03 11:52:10", "2014-03-03 11:59:01", nospace
"2014-03-03 12:07:18", "2014-03-03 12:13:32", nospace
"2014-03-03 12:30:13", "2014-03-03 12:35:17", nospace
"2014-03-03 12:41:14", "2014-03-03 12:53:13", nospace
"2014-03-03 16:02:16", "2014-03-03 16:29:12", nospace
"2014-03-03 16:41:58", "2014-03-03 17:01:42", nospace
"2014-03-04 03:47:26", "2014-03-04 03:51:59", nospace
"2014-03-04 04:01:10", "2014-03-04 04:04:01", nospace
"2014-03-04 04:44:28", "2014-03-04 05:05:01", nospace
"2014-03-04 05:34:38", "2014-03-04 05:55:08", nospace
"2014-03-04 06:29:27", "2014-03-04 06:34:01", nospace
"2014-03-05 03:14:03", "2014-03-05 03:20:57", nospace
"2014-03-05 03:32:25", "2014-03-05 03:34:43", nospace
"2014-03-05 03:46:11", "2014-03-05 04:02:15", nospace
"2014-03-05 04:06:53", "2014-03-05 04:20:36", nospace
"2014-03-05 07:26:57", "2014-03-05 07:31:32", nospace
"2014-03-05 07:47:37", "2014-03-05 07:49:55", nospace
"2014-03-05 11:09:15", "2014-03-05 11:11:39", nospace
"2014-03-05 14:49:10", "2014-03-05 14:58:24", nospace
"2014-03-05 15:00:42", "2014-03-05 15:09:55", nospace
"2014-03-05 15:19:09", "2014-03-05 15:21:27", nospace
"2014-03-06 13:33:21", "2014-03-06 13:44:02", nospace
"2014-03-09 04:03:50", "2014-03-09 04:17:58", nospace
"2014-03-09 04:34:22", "2014-03-09 04:36:43", nospace
"2014-03-09 04:39:05", "2014-03-09 04:50:50", nospace
"2014-03-09 06:51:21", "2014-03-09 06:56:02", nospace
"2014-03-09 07:18:26", "2014-03-09 07:23:51", nospace
"2014-03-09 07:43:40", "2014-03-09 07:46:01", nospace
"2014-03-09 08:56:38", "2014-03-09 09:08:21", nospace
"2014-03-09 09:23:24", "2014-03-09 09:28:23", nospace
"2014-03-09 09:32:44", "2014-03-09 09:35:25", nospace
"2014-03-09 14:25:13", "2014-03-09 14:39:18", nospace
"2014-03-09 14:41:39", "2014-03-09 15:14:38", nospace
"2014-03-09 16:02:12", "2014-03-09 16:27:55", nospace
"2014-03-10 04:23:07", "2014-03-10 04:25:31", nospace
"2014-03-10 04:27:52", "2014-03-10 04:32:35", nospace
"2014-03-10 05:55:22", "2014-03-10 05:57:44", nospace
"2014-03-10 06:33:16", "2014-03-10 06:43:05", nospace
"2014-03-10 06:59:37", "2014-03-10 07:25:40", nospace
"2014-03-10 07:28:03", "2014-03-10 07:30:24", nospace
"2014-03-10 09:01:28", "2014-03-10 09:08:26", nospace
"2014-03-10 09:11:10", "2014-03-10 09:25:26", nospace
"2014-03-10 09:38:47", "2014-03-10 09:45:06", nospace
"2014-03-10 10:03:30", "2014-03-10 10:04:34", nospace
"2014-03-10 10:25:39", "2014-03-10 10:28:21", nospace
"2014-03-10 11:07:14", "2014-03-10 11:09:30", nospace
"2014-03-10 11:10:46", "2014-03-10 11:13:08", nospace
"2014-03-10 11:17:51", "2014-03-10 11:24:58", nospace
"2014-03-11 14:05:35", "2014-03-11 14:10:51", nobike
"2014-03-11 23:26:20", "2014-03-11 23:28:43", nobike
"2014-03-11 23:57:30", "2014-03-12 00:02:19", nobike
"2014-03-12 00:07:06", "2014-03-12 00:16:41", nobike
"2014-03-12 02:25:46", "2014-03-12 02:35:21", nobike
"2014-03-12 02:47:20", "2014-03-12 02:54:31", nobike
"2014-03-12 05:36:31", "2014-03-12 05:50:11", nobike
"2014-03-12 05:57:21", "2014-03-12 06:13:10", nobike
"2014-03-13 16:22:14", "2014-03-13 16:34:17", nospace
"2014-03-13 16:36:42", "2014-03-13 17:20:03", nospace
"2014-03-14 00:12:45", "2014-03-14 00:15:10", nobike
"2014-03-15 23:35:32", "2014-03-15 23:50:10", nobike
"2014-03-15 23:52:37", "2014-03-16 00:02:23", nobike
"2014-03-16 05:18:19", "2014-03-16 05:23:10", nospace
"2014-03-16 05:37:51", "2014-03-16 05:40:50", nospace
"2014-03-16 06:10:18", "2014-03-16 06:31:43", nospace
"2014-03-16 06:34:24", "2014-03-16 06:38:23", nospace
"2014-03-16 06:41:09", "2014-03-16 06:59:50", nospace
"2014-03-16 07:01:32", "2014-03-16 07:02:16", nospace
"2014-03-16 07:05:11", "2014-03-16 07:15:45", nospace
"2014-03-16 07:47:20", "2014-03-16 07:54:35", nospace
"2014-03-16 08:01:57", "2014-03-16 08:14:11", nospace
"2014-03-16 08:28:49", "2014-03-16 08:33:41", nospace
"2014-03-16 08:38:34", "2014-03-16 08:43:27", nospace
"2014-03-16 08:48:20", "2014-03-16 08:50:46", nospace
"2014-03-16 08:53:12", "2014-03-16 09:02:57", nospace
"2014-03-16 09:05:24", "2014-03-16 09:10:17", nospace
"2014-03-16 09:15:09", "2014-03-16 09:17:36", nospace
"2014-03-16 09:21:25", "2014-03-16 09:22:18", nospace
"2014-03-16 09:33:18", "2014-03-16 09:36:08", nospace
"2014-03-16 09:38:57", "2014-03-16 09:41:22", nospace
"2014-03-16 11:55:50", "2014-03-16 12:03:12", nospace
"2014-03-16 12:05:40", "2014-03-16 12:08:08", nospace
"2014-03-16 12:10:33", "2014-03-16 12:13:00", nospace
"2014-03-16 12:20:21", "2014-03-16 12:25:14", nospace
"2014-03-16 12:35:00", "2014-03-16 12:39:55", nospace
"2014-03-16 13:37:01", "2014-03-16 13:49:14", nospace
"2014-03-16 14:18:40", "2014-03-16 14:31:55", nospace
"2014-03-16 17:37:40", "2014-03-16 17:42:34", nospace
"2014-03-17 08:29:29", "2014-03-17 08:36:51", nospace
"2014-03-17 08:38:56", "2014-03-17 08:40:25", nospace
"2014-03-17 08:42:29", "2014-03-17 08:52:14", nospace
"2014-03-17 09:26:45", "2014-03-17 09:31:41", nospace
"2014-03-17 11:50:16", "2014-03-17 11:55:11", nospace
"2014-03-18 03:33:36", "2014-03-18 03:40:58", nospace
"2014-03-18 07:12:22", "2014-03-18 07:14:51", nospace
"2014-03-18 07:34:33", "2014-03-18 07:41:58", nospace
"2014-03-18 07:44:27", "2014-03-18 07:49:24", nospace
"2014-03-18 07:51:52", "2014-03-18 08:04:14", nospace
"2014-03-18 10:00:58", "2014-03-18 10:05:55", nospace
"2014-03-18 10:24:05", "2014-03-18 10:26:34", nospace
"2014-03-18 10:31:30", "2014-03-18 10:36:28", nospace
"2014-03-19 12:36:25", "2014-03-19 12:41:22", nobike
"2014-03-19 12:48:50", "2014-03-19 12:53:48", nobike
"2014-03-20 12:23:54", "2014-03-20 12:26:24", nospace
"2014-03-22 07:26:41", "2014-03-22 07:34:13", nospace
"2014-03-22 07:39:15", "2014-03-22 07:49:18", nospace
"2014-03-22 07:54:21", "2014-03-22 07:56:52", nospace
"2014-03-22 07:59:23", "2014-03-22 08:04:26", nospace
"2014-03-22 08:17:02", "2014-03-22 08:39:29", nospace
"2014-03-22 08:46:30", "2014-03-22 08:48:48", nospace
"2014-03-22 08:49:36", "2014-03-22 08:53:22", nospace
"2014-03-22 09:33:41", "2014-03-22 09:36:32", nospace
"2014-03-22 09:39:30", "2014-03-22 09:43:43", nospace
"2014-03-22 14:51:51", "2014-03-22 15:05:05", nospace
"2014-03-22 15:07:37", "2014-03-22 15:10:09", nospace
"2014-03-22 15:12:41", "2014-03-22 15:25:16", nospace
"2014-03-22 15:53:01", "2014-03-22 15:55:32", nospace
"2014-03-22 15:58:02", "2014-03-22 16:00:33", nospace
"2014-03-22 16:03:04", "2014-03-22 16:20:41", nospace
"2014-03-22 16:23:32", "2014-03-22 16:46:52", nospace
"2014-03-23 03:37:27", "2014-03-23 03:42:30", nospace
"2014-03-23 03:57:40", "2014-03-23 04:05:17", nospace
"2014-03-23 04:45:19", "2014-03-23 04:52:22", nospace
"2014-03-23 04:54:30", "2014-03-23 04:58:42", nospace
"2014-03-23 06:20:45", "2014-03-23 06:51:28", nospace
"2014-03-23 06:54:00", "2014-03-23 06:59:03", nospace
"2014-03-23 07:04:26", "2014-03-23 07:09:07", nospace
"2014-03-23 07:16:44", "2014-03-23 07:34:26", nospace
"2014-03-23 07:39:30", "2014-03-23 07:42:01", nospace
"2014-03-23 07:47:06", "2014-03-23 07:49:39", nospace
"2014-03-23 07:52:11", "2014-03-23 07:57:15", nospace
"2014-03-23 08:14:59", "2014-03-23 08:17:30", nospace
"2014-03-23 09:05:36", "2014-03-23 09:18:19", nospace
"2014-03-23 09:31:00", "2014-03-23 09:33:31", nospace
"2014-03-23 09:38:35", "2014-03-23 09:41:06", nospace
"2014-03-23 13:04:37", "2014-03-23 13:12:13", nospace
"2014-03-23 13:50:59", "2014-03-23 13:52:45", nospace
"2014-03-23 14:06:23", "2014-03-23 14:14:00", nospace
"2014-03-23 14:16:31", "2014-03-23 14:21:35", nospace
"2014-03-23 14:26:38", "2014-03-23 14:29:10", nospace
"2014-03-23 14:31:43", "2014-03-23 14:34:16", nospace
"2014-03-23 15:22:24", "2014-03-23 15:32:32", nospace
"2014-03-23 15:45:11", "2014-03-23 16:00:23", nospace
"2014-03-23 16:05:28", "2014-03-23 16:20:42", nospace
"2014-03-23 16:25:48", "2014-03-23 17:01:18", nospace
"2014-03-23 18:19:55", "2014-03-23 18:24:58", nospace
"2014-03-24 00:25:37", "2014-03-24 00:28:10", nospace
"2014-03-24 00:30:42", "2014-03-24 00:45:57", nospace
"2014-03-24 00:51:01", "2014-03-24 00:56:06", nospace
"2014-03-24 02:00:40", "2014-03-24 02:01:36", nospace
"2014-03-24 02:09:37", "2014-03-24 02:36:08", nospace
"2014-03-24 07:52:24", "2014-03-24 08:02:34", nospace
"2014-03-24 08:07:39", "2014-03-24 08:17:50", nospace
"2014-03-24 08:22:54", "2014-03-24 08:48:23", nospace
"2014-03-24 09:23:07", "2014-03-24 09:27:31", nospace
"2014-03-24 11:07:42", "2014-03-24 11:20:25", nospace
"2014-03-24 11:38:15", "2014-03-24 11:40:48", nospace
"2014-03-25 08:16:22", "2014-03-25 08:24:02", nospace
"2014-03-25 08:34:17", "2014-03-25 08:44:32", nospace
"2014-03-25 12:23:28", "2014-03-25 12:33:41", nobike
"2014-03-26 08:55:34", "2014-03-26 08:58:09", nospace
"2014-03-26 09:08:23", "2014-03-26 09:10:56", nospace
"2014-03-26 09:21:12", "2014-03-26 09:32:13", nospace
"2014-03-26 09:53:05", "2014-03-26 09:58:13", nospace
"2014-03-26 10:00:48", "2014-03-26 10:08:30", nospace
"2014-03-26 10:18:49", "2014-03-26 10:21:23", nospace
"2014-03-26 10:26:33", "2014-03-26 10:29:06", nospace
"2014-03-26 10:34:14", "2014-03-26 10:39:22", nospace
"2014-03-27 01:43:30", "2014-03-27 02:01:32", nospace
"2014-03-27 02:04:08", "2014-03-27 02:17:01", nospace
"2014-03-27 02:32:28", "2014-03-27 02:37:38", nospace
"2014-03-27 04:03:44", "2014-03-27 04:08:53", nospace
"2014-03-27 04:11:27", "2014-03-27 04:16:37", nospace
"2014-03-27 04:26:55", "2014-03-27 04:29:31", nospace
"2014-03-27 04:52:40", "2014-03-27 04:55:14", nospace
"2014-03-27 04:56:05", "2014-03-27 04:57:44", nospace
"2014-03-27 05:09:12", "2014-03-27 05:21:57", nospace
"2014-03-27 07:04:11", "2014-03-27 07:15:46", nospace
"2014-03-27 07:18:21", "2014-03-27 07:20:54", nospace
"2014-03-27 07:23:30", "2014-03-27 07:36:24", nospace
"2014-03-27 09:01:20", "2014-03-27 09:03:55", nospace
"2014-03-27 09:06:29", "2014-03-27 09:11:37", nospace
"2014-03-27 09:14:12", "2014-03-27 09:19:22", nospace
"2014-03-27 09:21:57", "2014-03-27 09:29:40", nospace
"2014-03-27 10:05:42", "2014-03-27 10:08:15", nospace
"2014-03-27 10:10:50", "2014-03-27 10:13:25", nospace
"2014-03-27 10:16:00", "2014-03-27 10:21:09", nospace
"2014-03-27 10:36:37", "2014-03-27 10:39:11", nospace
"2014-03-28 04:06:13", "2014-03-28 04:14:45", nospace
"2014-03-28 05:06:38", "2014-03-28 05:09:31", nospace
"2014-03-28 05:43:41", "2014-03-28 05:54:01", nospace
"2014-03-28 07:17:10", "2014-03-28 07:22:21", nospace
"2014-03-28 07:24:55", "2014-03-28 07:45:36", nospace
"2014-03-28 07:53:22", "2014-03-28 08:03:18", nospace
"2014-03-28 08:06:46", "2014-03-28 08:12:36", nospace
"2014-03-28 16:39:07", "2014-03-28 16:57:16", nospace
"2014-03-28 19:12:04", "2014-03-28 19:32:47", nospace
"2014-03-29 00:48:39", "2014-03-29 01:08:51", nospace
"2014-03-29 01:21:52", "2014-03-29 01:24:27", nospace
"2014-03-29 01:37:26", "2014-03-29 01:45:11", nospace
"2014-03-29 02:00:30", "2014-03-29 02:04:23", nospace
"2014-03-29 02:53:53", "2014-03-29 02:56:28", nospace
"2014-03-29 04:06:39", "2014-03-29 04:09:15", nospace
"2014-03-29 04:18:41", "2014-03-29 04:23:18", nospace
"2014-03-29 04:25:58", "2014-03-29 04:33:44", nospace
"2014-03-29 07:30:48", "2014-03-29 07:38:36", nospace
"2014-03-29 07:53:05", "2014-03-29 07:54:36", nospace
"2014-03-29 08:05:42", "2014-03-29 08:23:57", nospace
"2014-03-29 08:36:58", "2014-03-29 08:39:25", nospace
"2014-03-29 08:43:17", "2014-03-29 08:48:32", nospace
"2014-03-29 08:53:43", "2014-03-29 08:58:55", nospace
"2014-03-29 09:01:31", "2014-03-29 09:06:43", nospace
"2014-03-29 09:32:48", "2014-03-29 09:45:48", nospace
"2014-03-29 10:12:51", "2014-03-29 10:20:29", nospace
"2014-03-30 04:45:19", "2014-03-30 04:47:54", nospace
"2014-03-30 04:53:07", "2014-03-30 04:57:31", nospace
"2014-03-30 04:58:58", "2014-03-30 05:23:02", nospace
"2014-03-30 05:25:38", "2014-03-30 05:28:13", nospace
"2014-03-30 05:46:31", "2014-03-30 05:59:35", nospace
"2014-03-30 06:04:48", "2014-03-30 06:10:02", nospace
"2014-03-30 06:23:04", "2014-03-30 06:38:41", nospace
"2014-03-30 06:46:17", "2014-03-30 06:58:43", nospace
"2014-03-30 07:24:52", "2014-03-30 07:27:29", nospace
"2014-03-30 08:44:32", "2014-03-30 09:10:40", nospace
"2014-03-30 09:35:28", "2014-03-30 10:04:13", nospace
"2014-03-30 10:12:01", "2014-03-30 10:14:39", nospace
"2014-03-30 10:19:53", "2014-03-30 10:22:30", nospace
"2014-03-30 10:57:01", "2014-03-30 10:59:10", nospace
"2014-03-31 02:42:03", "2014-03-31 02:42:51", nospace
"2014-03-31 02:49:46", "2014-03-31 02:52:23", nospace
"2014-03-31 02:57:38", "2014-03-31 03:00:15", nospace
"2014-03-31 03:02:52", "2014-03-31 03:05:30", nospace
"2014-03-31 05:50:36", "2014-03-31 06:03:41", nospace
"2014-03-31 11:01:51", "2014-03-31 11:04:29", nospace
"2014-03-31 11:07:08", "2014-03-31 11:09:46", nospace
"2014-04-01 11:10:29", "2014-04-01 11:13:08", nobike
"2014-04-01 11:18:26", "2014-04-01 11:23:40", nobike
"2014-04-02 10:08:36", "2014-04-02 10:19:11", nobike
"2014-04-02 12:09:51", "2014-04-02 12:11:30", nospace
"2014-04-03 01:36:56", "2014-04-03 01:44:53", nospace
"2014-04-04 07:16:15", "2014-04-04 07:34:56", nospace
"2014-04-04 07:43:00", "2014-04-04 07:45:40", nospace
"2014-04-04 08:33:48", "2014-04-04 08:39:10", nospace
"2014-04-04 09:19:09", "2014-04-04 09:24:31", nospace
"2014-04-04 09:32:34", "2014-04-04 09:35:12", nospace
"2014-04-04 09:40:35", "2014-04-04 09:43:16", nospace
"2014-04-04 09:45:56", "2014-04-04 09:56:37", nospace
"2014-04-04 10:04:38", "2014-04-04 10:09:59", nospace
"2014-04-04 14:53:31", "2014-04-04 15:01:31", nospace
"2014-04-04 15:04:14", "2014-04-04 15:16:00", nospace
"2014-04-04 15:32:39", "2014-04-04 15:35:20", nospace
"2014-04-04 16:14:07", "2014-04-04 16:19:30", nospace
"2014-04-04 16:35:01", "2014-04-04 16:39:10", nospace
"2014-04-04 16:44:19", "2014-04-04 16:53:33", nospace
"2014-04-04 17:03:40", "2014-04-04 17:17:04", nospace
"2014-04-05 03:26:21", "2014-04-05 03:39:45", nospace
"2014-04-05 04:34:59", "2014-04-05 04:37:41", nospace
"2014-04-05 05:35:27", "2014-04-05 05:38:08", nospace
"2014-04-05 05:48:53", "2014-04-05 06:03:30", nospace
"2014-04-05 06:13:51", "2014-04-05 06:19:47", nospace
"2014-04-05 06:26:48", "2014-04-05 06:59:03", nospace
"2014-04-05 07:02:05", "2014-04-05 07:05:31", nospace
"2014-04-05 07:19:54", "2014-04-05 07:22:36", nospace
"2014-04-05 07:30:42", "2014-04-05 07:36:04", nospace
"2014-04-05 07:41:26", "2014-04-05 07:52:07", nospace
"2014-04-05 07:54:47", "2014-04-05 08:02:51", nospace
"2014-04-05 08:05:32", "2014-04-05 08:10:53", nospace
"2014-04-05 08:27:02", "2014-04-05 08:29:44", nospace
"2014-04-05 08:32:23", "2014-04-05 08:53:50", nospace
"2014-04-05 08:56:32", "2014-04-05 09:04:35", nospace
"2014-04-05 09:09:57", "2014-04-05 09:31:26", nospace
"2014-04-05 09:34:07", "2014-04-05 09:39:31", nospace
"2014-04-05 09:42:12", "2014-04-05 09:52:55", nospace
"2014-04-05 09:55:37", "2014-04-05 10:06:21", nospace
"2014-04-05 10:17:03", "2014-04-05 10:19:45", nospace
"2014-04-05 10:30:32", "2014-04-05 10:35:54", nospace
"2014-04-05 11:10:48", "2014-04-05 11:13:29", nospace
"2014-04-05 14:15:04", "2014-04-05 14:17:45", nospace
"2014-04-05 14:23:08", "2014-04-05 14:25:48", nospace
"2014-04-05 14:28:31", "2014-04-05 14:33:52", nospace
"2014-04-05 15:11:27", "2014-04-05 15:27:32", nospace
"2014-04-05 15:32:54", "2014-04-05 15:38:16", nospace
"2014-04-05 15:49:00", "2014-04-05 16:02:32", nospace
"2014-04-05 16:06:33", "2014-04-05 16:11:56", nospace
"2014-04-05 17:00:23", "2014-04-05 17:48:43", nospace
"2014-04-06 01:50:38", "2014-04-06 01:58:45", nospace
"2014-04-06 02:01:25", "2014-04-06 02:06:48", nospace
"2014-04-06 03:34:14", "2014-04-06 03:53:03", nospace
"2014-04-06 03:55:44", "2014-04-06 03:58:26", nospace
"2014-04-06 04:14:38", "2014-04-06 04:20:01", nospace
"2014-04-06 04:52:15", "2014-04-06 04:59:33", nospace
"2014-04-06 05:42:07", "2014-04-06 05:47:30", nospace
"2014-04-06 05:50:12", "2014-04-06 05:58:17", nospace
"2014-04-06 06:20:14", "2014-04-06 06:22:43", nospace
"2014-04-06 06:39:11", "2014-04-06 06:58:07", nospace
"2014-04-06 07:03:31", "2014-04-06 07:06:13", nospace
"2014-04-06 07:08:54", "2014-04-06 07:17:54", nospace
"2014-04-06 07:20:58", "2014-04-06 07:25:16", nospace
"2014-04-06 07:34:30", "2014-04-06 08:02:49", nospace
"2014-04-06 08:24:22", "2014-04-06 08:27:03", nospace
"2014-04-06 08:48:36", "2014-04-06 08:51:18", nospace
"2014-04-06 08:54:00", "2014-04-06 08:56:42", nospace
"2014-04-06 09:04:48", "2014-04-06 09:07:29", nospace
"2014-04-06 09:56:01", "2014-04-06 10:06:30", nospace
"2014-04-06 10:07:35", "2014-04-06 10:10:41", nospace
"2014-04-06 10:16:38", "2014-04-06 10:21:45", nospace
"2014-04-06 10:29:49", "2014-04-06 10:32:32", nospace
"2014-04-06 11:21:01", "2014-04-06 11:29:04", nospace
"2014-04-06 11:31:46", "2014-04-06 11:38:11", nospace
"2014-04-06 12:00:52", "2014-04-06 12:10:10", nospace
"2014-04-06 12:30:02", "2014-04-06 12:48:52", nospace
"2014-04-07 11:21:27", "2014-04-07 11:24:24", nospace
"2014-04-07 12:06:27", "2014-04-07 12:09:09", nospace
"2014-04-07 12:38:55", "2014-04-07 12:47:04", nospace
"2014-04-07 12:49:47", "2014-04-07 12:52:29", nospace
"2014-04-07 15:16:30", "2014-04-07 15:21:55", nospace
"2014-04-07 15:27:21", "2014-04-07 15:32:47", nospace
"2014-04-07 15:40:53", "2014-04-07 16:29:46", nospace
"2014-04-07 16:37:54", "2014-04-07 16:51:27", nospace
"2014-04-07 17:07:44", "2014-04-07 21:53:09", nospace
"2014-04-08 00:15:44", "2014-04-08 00:23:53", nospace
"2014-04-08 00:29:18", "2014-04-08 00:32:00", nospace
"2014-04-08 00:34:43", "2014-04-08 00:56:27", nospace
"2014-04-08 01:12:44", "2014-04-08 01:20:54", nospace
"2014-04-08 01:26:20", "2014-04-08 01:34:28", nospace
"2014-04-08 01:50:44", "2014-04-08 02:15:01", nospace
"2014-04-08 10:18:44", "2014-04-08 10:23:55", nospace
"2014-04-08 13:26:35", "2014-04-08 13:45:36", nobike
"2014-04-08 14:45:27", "2014-04-08 14:48:10", nospace
"2014-04-09 13:29:58", "2014-04-09 13:37:07", nobike
"2014-04-09 13:47:43", "2014-04-09 13:51:23", nobike
"2014-04-10 09:35:57", "2014-04-10 09:40:39", nospace
"2014-04-10 14:08:53", "2014-04-10 14:24:07", nobike
"2014-04-10 23:30:23", "2014-04-10 23:33:08", nobike
"2014-04-10 23:52:17", "2014-04-10 23:55:01", nobike
"2014-04-11 11:34:23", "2014-04-11 11:37:07", nospace
"2014-04-11 11:48:06", "2014-04-11 11:50:51", nospace
"2014-04-12 03:01:44", "2014-04-12 03:04:29", nospace
"2014-04-12 03:51:16", "2014-04-12 03:54:00", nospace
"2014-04-12 04:05:01", "2014-04-12 04:07:46", nospace
"2014-04-12 07:32:26", "2014-04-12 07:35:11", nospace
"2014-04-12 07:37:57", "2014-04-12 07:43:27", nospace
"2014-04-12 07:46:11", "2014-04-12 08:05:28", nospace
"2014-04-12 08:08:12", "2014-04-12 08:22:00", nospace
"2014-04-12 08:27:31", "2014-04-12 08:44:04", nospace
"2014-04-12 08:49:33", "2014-04-12 08:55:02", nospace
"2014-04-12 09:08:51", "2014-04-12 09:14:20", nospace
"2014-04-12 09:26:32", "2014-04-12 09:31:09", nospace
"2014-04-12 09:43:31", "2014-04-12 09:49:00", nospace
"2014-04-12 09:57:18", "2014-04-12 10:00:05", nospace
"2014-04-12 10:08:59", "2014-04-12 10:14:22", nospace
"2014-04-12 10:59:31", "2014-04-12 11:05:03", nospace
"2014-04-13 06:41:22", "2014-04-13 06:46:55", nospace
"2014-04-13 07:03:50", "2014-04-13 07:12:07", nospace
"2014-04-13 07:20:25", "2014-04-13 07:28:42", nospace
"2014-04-13 08:15:40", "2014-04-13 08:23:58", nospace
"2014-04-13 09:19:19", "2014-04-13 09:22:06", nospace
"2014-04-13 09:24:50", "2014-04-13 09:43:55", nospace
"2014-04-13 09:45:53", "2014-04-13 09:48:39", nospace
"2014-04-13 10:02:29", "2014-04-13 10:16:18", nospace
"2014-04-13 10:32:52", "2014-04-13 10:35:38", nospace
"2014-04-13 23:19:19", "2014-04-13 23:27:59", nobike
"2014-04-13 23:28:51", "2014-04-13 23:40:25", nobike
"2014-04-14 05:10:05", "2014-04-14 05:12:53", nospace
"2014-04-14 05:46:13", "2014-04-14 05:48:59", nospace
"2014-04-14 05:51:46", "2014-04-14 05:54:32", nospace
"2014-04-14 06:25:03", "2014-04-14 06:27:53", nospace
"2014-04-14 06:30:38", "2014-04-14 06:39:20", nospace
"2014-04-14 06:44:54", "2014-04-14 06:50:28", nospace
"2014-04-14 06:53:15", "2014-04-14 07:00:03", nospace
"2014-04-14 07:50:06", "2014-04-14 07:53:11", nospace
"2014-04-14 07:56:46", "2014-04-14 07:59:31", nospace
"2014-04-14 08:17:54", "2014-04-14 08:23:28", nospace
"2014-04-14 08:48:25", "2014-04-14 08:53:58", nospace
"2014-04-14 09:10:38", "2014-04-14 09:13:24", nospace
"2014-04-15 05:40:17", "2014-04-15 05:45:53", nospace
"2014-04-15 07:42:10", "2014-04-15 07:44:57", nospace
"2014-04-15 07:47:45", "2014-04-15 07:58:53", nospace
"2014-04-15 10:39:32", "2014-04-15 10:42:19", nospace
"2014-04-15 11:00:57", "2014-04-15 11:03:46", nospace
"2014-04-15 13:19:18", "2014-04-15 13:24:52", nobike
"2014-04-15 22:27:58", "2014-04-15 22:36:22", nobike
"2014-04-15 22:41:57", "2014-04-15 22:44:45", nobike
"2014-04-15 23:09:54", "2014-04-15 23:12:42", nobike
"2014-04-15 23:15:30", "2014-04-15 23:23:53", nobike
"2014-04-16 01:36:52", "2014-04-16 01:45:15", nospace
"2014-04-16 01:53:39", "2014-04-16 02:18:47", nospace
"2014-04-16 02:32:46", "2014-04-16 02:52:20", nospace
"2014-04-16 02:55:07", "2014-04-16 03:00:42", nospace
"2014-04-16 05:36:15", "2014-04-16 05:39:02", nospace
"2014-04-16 05:47:26", "2014-04-16 06:01:26", nospace
"2014-04-16 06:04:13", "2014-04-16 06:07:01", nospace
"2014-04-16 06:15:24", "2014-04-16 06:23:48", nospace
"2014-04-16 06:29:27", "2014-04-16 06:33:23", nospace
"2014-04-16 09:38:31", "2014-04-16 09:44:07", nospace
"2014-04-16 09:46:55", "2014-04-16 09:58:07", nospace
"2014-04-16 10:12:06", "2014-04-16 10:14:53", nospace
"2014-04-16 23:59:00", "2014-04-17 00:01:03", nospace
"2014-04-17 00:10:04", "2014-04-17 00:14:45", nospace
"2014-04-17 00:17:35", "2014-04-17 00:28:48", nospace
"2014-04-17 00:45:39", "2014-04-17 01:05:18", nospace
"2014-04-17 01:08:07", "2014-04-17 01:13:42", nospace
"2014-04-17 01:19:21", "2014-04-17 01:22:08", nospace
"2014-04-17 01:24:57", "2014-04-17 01:27:45", nospace
"2014-04-17 02:01:23", "2014-04-17 02:26:39", nospace
"2014-04-17 06:47:51", "2014-04-17 06:51:02", nospace
"2014-04-17 06:53:51", "2014-04-17 06:59:29", nospace
"2014-04-18 04:40:47", "2014-04-18 04:43:37", nospace
"2014-04-18 04:46:26", "2014-04-18 04:57:39", nospace
"2014-04-18 05:08:54", "2014-04-18 05:17:22", nospace
"2014-04-18 06:18:31", "2014-04-18 06:21:22", nospace
"2014-04-18 15:22:25", "2014-04-18 15:25:15", nospace
"2014-04-18 15:59:07", "2014-04-18 16:01:56", nospace
"2014-04-18 16:13:13", "2014-04-18 16:16:02", nospace
"2014-04-18 16:21:42", "2014-04-18 16:24:32", nospace
"2014-04-18 16:27:21", "2014-04-18 16:35:48", nospace
"2014-04-18 16:58:25", "2014-04-18 17:01:14", nospace
"2014-04-19 02:07:15", "2014-04-19 02:15:43", nospace
"2014-04-19 07:25:27", "2014-04-19 07:31:07", nospace
"2014-04-19 08:08:29", "2014-04-19 08:24:06", nospace
"2014-04-19 08:26:55", "2014-04-19 08:49:36", nospace
"2014-04-19 08:52:25", "2014-04-19 08:55:14", nospace
"2014-04-19 08:58:04", "2014-04-19 09:03:45", nospace
"2014-04-19 09:06:34", "2014-04-19 09:17:55", nospace
"2014-04-19 09:45:31", "2014-04-19 09:48:21", nospace
"2014-04-19 09:51:11", "2014-04-19 09:59:41", nospace
"2014-04-19 10:08:11", "2014-04-19 10:13:49", nospace
"2014-04-20 01:21:57", "2014-04-20 01:41:49", nospace
"2014-04-20 01:50:19", "2014-04-20 02:13:03", nospace
"2014-04-20 02:24:25", "2014-04-20 02:32:55", nospace
"2014-04-20 06:20:49", "2014-04-20 06:35:04", nospace
"2014-04-20 07:15:13", "2014-04-20 07:26:35", nospace
"2014-04-20 07:35:07", "2014-04-20 07:45:58", nospace
"2014-04-20 07:59:41", "2014-04-20 08:02:32", nospace
"2014-04-20 08:16:42", "2014-04-20 08:22:24", nospace
"2014-04-20 08:28:07", "2014-04-20 08:30:55", nospace
"2014-04-20 14:45:53", "2014-04-20 14:54:25", nospace
"2014-04-20 15:02:57", "2014-04-20 15:05:49", nospace
"2014-04-20 15:48:27", "2014-04-20 16:33:51", nospace
"2014-04-20 16:39:31", "2014-04-20 16:53:44", nospace
"2014-04-20 23:52:05", "2014-04-21 00:00:36", nospace
"2014-04-21 00:03:26", "2014-04-21 00:17:41", nospace
"2014-04-21 00:20:31", "2014-04-21 00:26:14", nospace
"2014-04-21 01:06:02", "2014-04-21 01:20:17", nospace
"2014-04-21 01:23:08", "2014-04-21 01:31:39", nospace
"2014-04-21 01:37:20", "2014-04-21 01:40:11", nospace
"2014-04-21 01:43:02", "2014-04-21 01:45:52", nospace
"2014-04-21 01:57:15", "2014-04-21 02:00:07", nospace
"2014-04-21 02:05:47", "2014-04-21 02:22:53", nospace
"2014-04-21 02:36:59", "2014-04-21 03:10:13", nospace
"2014-04-21 03:29:10", "2014-04-21 03:34:51", nospace
"2014-04-21 03:51:55", "2014-04-21 04:03:20", nospace
"2014-04-21 04:06:10", "2014-04-21 04:11:53", nospace
"2014-04-21 04:23:17", "2014-04-21 04:29:00", nospace
"2014-04-21 06:00:06", "2014-04-21 06:02:58", nospace
"2014-04-21 07:39:20", "2014-04-21 07:59:16", nospace
"2014-04-21 08:02:07", "2014-04-21 08:10:40", nospace
"2014-04-21 08:46:45", "2014-04-21 08:55:16", nospace
"2014-04-21 09:03:49", "2014-04-21 09:06:40", nospace
"2014-04-21 09:55:12", "2014-04-21 10:00:54", nospace
"2014-04-21 10:06:36", "2014-04-21 10:09:27", nospace
"2014-04-23 02:04:34", "2014-04-23 02:07:42", nospace
"2014-04-23 02:23:37", "2014-04-23 02:49:27", nospace
"2014-04-23 02:55:11", "2014-04-23 03:12:21", nospace
"2014-04-23 03:18:42", "2014-04-23 03:23:25", nospace
"2014-04-23 03:37:13", "2014-04-23 03:40:06", nospace
"2014-04-23 03:42:58", "2014-04-23 04:00:09", nospace
"2014-04-23 05:37:43", "2014-04-23 06:00:39", nospace
"2014-04-23 06:12:10", "2014-04-23 06:15:03", nospace
"2014-04-23 06:17:54", "2014-04-23 06:20:46", nospace
"2014-04-23 06:52:39", "2014-04-23 06:55:38", nospace
"2014-04-23 07:04:13", "2014-04-23 07:32:58", nospace
"2014-04-23 07:35:49", "2014-04-23 07:52:07", nospace
"2014-04-23 08:06:30", "2014-04-23 08:12:13", nospace
"2014-04-23 08:29:30", "2014-04-23 08:32:22", nospace
"2014-04-23 09:47:07", "2014-04-23 09:58:43", nospace
"2014-04-23 12:07:01", "2014-04-23 12:12:55", nospace
"2014-04-23 12:23:40", "2014-04-23 12:26:32", nospace
"2014-04-26 04:02:41", "2014-04-26 04:05:35", nobike
"2014-04-26 04:14:16", "2014-04-26 04:17:10", nobike
"2014-04-26 04:22:58", "2014-04-26 04:49:04", nobike
"2014-04-26 08:05:08", "2014-04-26 08:10:56", nospace
"2014-04-26 08:13:50", "2014-04-26 08:19:38", nospace
"2014-04-26 08:28:18", "2014-04-26 08:31:14", nospace
"2014-04-26 08:37:02", "2014-04-26 08:39:56", nospace
"2014-04-26 11:09:22", "2014-04-26 11:15:08", nospace
"2014-04-26 12:48:09", "2014-04-26 12:51:03", nospace
"2014-04-26 13:36:40", "2014-04-26 13:39:34", nospace
"2014-04-26 14:04:53", "2014-04-26 14:08:03", nospace
"2014-04-26 14:13:34", "2014-04-26 14:19:22", nospace
"2014-04-26 14:22:17", "2014-04-26 14:25:12", nospace
"2014-04-26 14:28:06", "2014-04-26 14:36:49", nospace
"2014-04-26 14:48:25", "2014-04-26 14:54:13", nospace
"2014-04-26 16:04:04", "2014-04-26 16:31:14", nospace
"2014-04-26 16:34:08", "2014-04-26 16:37:04", nospace
"2014-04-26 16:44:16", "2014-04-26 16:49:02", nospace
"2014-04-26 18:38:18", "2014-04-26 19:16:07", nospace
"2014-04-27 02:35:37", "2014-04-27 02:37:44", nospace
"2014-04-27 03:01:17", "2014-04-27 03:07:05", nospace
"2014-04-27 03:15:50", "2014-04-27 03:18:44", nospace
"2014-04-27 03:24:34", "2014-04-27 03:30:23", nospace
"2014-04-27 04:19:49", "2014-04-27 04:26:54", nospace
"2014-04-27 04:28:43", "2014-04-27 04:31:56", nospace
"2014-04-27 04:37:20", "2014-04-27 04:39:18", nospace
"2014-04-27 06:26:12", "2014-04-27 06:44:07", nospace
"2014-04-27 06:52:54", "2014-04-27 06:58:44", nospace
"2014-04-27 07:04:34", "2014-04-27 07:07:28", nospace
"2014-04-27 07:22:03", "2014-04-27 07:39:07", nospace
"2014-04-27 07:42:19", "2014-04-27 07:50:15", nospace
"2014-04-27 07:53:11", "2014-04-27 07:59:02", nospace
"2014-04-27 08:13:35", "2014-04-27 08:16:29", nospace
"2014-04-27 08:22:19", "2014-04-27 08:28:10", nospace
"2014-04-27 08:33:59", "2014-04-27 08:48:35", nospace
"2014-04-27 08:51:31", "2014-04-27 08:57:21", nospace
"2014-04-27 09:03:10", "2014-04-27 09:20:42", nospace
"2014-04-27 10:10:13", "2014-04-27 10:16:03", nospace
"2014-04-27 14:18:35", "2014-04-27 14:41:52", nospace
"2014-04-27 15:30:33", "2014-04-27 15:33:28", nospace
"2014-04-27 15:50:57", "2014-04-27 16:08:28", nospace
"2014-04-27 16:11:23", "2014-04-27 16:14:17", nospace
"2014-04-28 00:34:13", "2014-04-28 00:40:03", nospace
"2014-04-28 00:42:58", "2014-04-28 00:48:48", nospace
"2014-04-28 00:51:43", "2014-04-28 00:57:33", nospace
"2014-04-28 01:15:04", "2014-04-28 01:26:46", nospace
"2014-04-28 01:44:17", "2014-04-28 01:48:56", nospace
"2014-04-28 06:34:51", "2014-04-28 06:37:46", nospace
"2014-04-28 06:43:37", "2014-04-28 06:46:52", nospace
"2014-04-28 06:49:50", "2014-04-28 06:58:34", nospace
"2014-04-28 07:01:28", "2014-04-28 07:04:24", nospace
"2014-04-28 07:07:19", "2014-04-28 07:16:04", nospace
"2014-04-28 07:24:50", "2014-04-28 07:27:45", nospace
"2014-04-28 07:33:33", "2014-04-28 07:36:29", nospace
"2014-04-28 07:37:22", "2014-04-28 07:51:54", nospace
"2014-04-28 07:55:08", "2014-04-28 07:59:05", nospace
"2014-04-29 01:46:11", "2014-04-29 01:49:07", nospace
"2014-04-29 02:20:34", "2014-04-29 02:26:28", nospace
"2014-04-29 02:29:24", "2014-04-29 02:32:19", nospace
"2014-04-29 07:13:27", "2014-04-29 07:28:06", nospace
"2014-04-29 07:39:52", "2014-04-29 08:00:19", nospace
"2014-04-29 09:15:31", "2014-04-29 09:20:31", nospace
"2014-04-29 09:53:04", "2014-04-29 09:57:54", nospace
"2014-04-30 00:15:25", "2014-04-30 00:18:21", nobike
"2014-05-01 15:37:36", "2014-05-01 15:49:27", nospace
"2014-05-01 16:13:06", "2014-05-01 16:33:47", nospace
"2014-05-02 02:59:28", "2014-05-02 03:01:35", nospace
"2014-05-02 03:04:50", "2014-05-02 03:08:05", nospace
"2014-05-02 03:16:10", "2014-05-02 03:23:23", nospace
"2014-05-02 03:26:40", "2014-05-02 03:30:08", nospace
"2014-05-02 03:33:06", "2014-05-02 03:36:03", nospace
"2014-05-02 03:39:01", "2014-05-02 03:41:57", nospace
"2014-05-02 03:44:55", "2014-05-02 03:50:50", nospace
"2014-05-02 06:20:15", "2014-05-02 06:23:13", nospace
"2014-05-02 07:31:49", "2014-05-02 07:34:48", nospace
"2014-05-02 07:49:37", "2014-05-02 08:01:30", nospace
"2014-05-02 08:04:27", "2014-05-02 08:10:21", nospace
"2014-05-02 09:45:14", "2014-05-02 09:48:12", nospace
"2014-05-02 09:54:09", "2014-05-02 10:11:57", nospace
"2014-05-02 10:14:10", "2014-05-02 10:16:15", nospace
"2014-05-02 11:31:33", "2014-05-02 11:43:28", nobike
"2014-05-03 06:33:11", "2014-05-03 06:51:23", nospace
"2014-05-03 06:54:20", "2014-05-03 07:00:16", nospace
"2014-05-03 07:06:11", "2014-05-03 07:09:10", nospace
"2014-05-03 07:12:09", "2014-05-03 08:01:58", nospace
"2014-05-03 09:18:50", "2014-05-03 09:39:38", nospace
"2014-05-03 14:27:21", "2014-05-03 14:33:16", nospace
"2014-05-03 14:39:14", "2014-05-03 14:42:12", nospace
"2014-05-03 14:45:11", "2014-05-03 14:51:09", nospace
"2014-05-03 16:08:31", "2014-05-03 16:26:23", nospace
"2014-05-04 05:52:53", "2014-05-04 06:05:31", nospace
"2014-05-04 06:08:59", "2014-05-04 06:27:42", nospace
"2014-05-04 06:30:57", "2014-05-04 06:33:57", nospace
"2014-05-04 06:36:56", "2014-05-04 06:46:21", nospace
"2014-05-04 07:01:19", "2014-05-04 07:04:17", nospace
"2014-05-04 07:16:11", "2014-05-04 07:19:09", nospace
"2014-05-04 07:42:59", "2014-05-04 07:54:55", nospace
"2014-05-04 07:57:54", "2014-05-04 08:00:53", nospace
"2014-05-04 08:06:52", "2014-05-04 08:12:49", nospace
"2014-05-04 09:51:12", "2014-05-04 09:54:32", nospace
"2014-05-04 09:59:46", "2014-05-04 10:08:24", nospace
"2014-05-04 10:11:23", "2014-05-04 10:17:20", nospace
"2014-05-07 00:22:16", "2014-05-07 00:31:18", nospace
"2014-05-07 00:46:20", "2014-05-07 00:49:20", nospace
"2014-05-07 00:52:20", "2014-05-07 00:54:44", nospace
"2014-05-07 01:30:46", "2014-05-07 01:36:48", nospace
"2014-05-07 01:48:49", "2014-05-07 01:51:50", nospace
"2014-05-07 20:32:06", "2014-05-07 20:45:31", nospace
"2014-05-08 04:14:50", "2014-05-08 04:26:55", nospace
"2014-05-08 04:53:25", "2014-05-08 04:59:28", nospace
"2014-05-08 05:05:30", "2014-05-08 05:14:35", nospace
"2014-05-08 07:50:58", "2014-05-08 07:57:01", nospace
"2014-05-08 08:09:05", "2014-05-08 08:15:06", nospace
"2014-05-08 08:18:07", "2014-05-08 08:21:08", nospace
"2014-05-08 13:52:36", "2014-05-08 13:55:37", nobike
"2014-05-08 13:58:38", "2014-05-08 14:07:42", nobike
"2014-05-08 16:23:17", "2014-05-08 16:41:24", nospace
"2014-05-08 16:50:29", "2014-05-08 17:02:35", nospace
"2014-05-08 17:05:36", "2014-05-08 17:41:51", nospace
