"2013-11-28 08:52:43", "2013-11-28 09:04:56", nospace
"2013-11-28 09:07:53", "2013-11-28 09:10:50", nospace
"2013-11-28 10:01:52", "2013-11-28 10:04:51", nospace
"2013-11-28 14:40:58", "2013-11-28 14:43:56", nobike
"2013-11-28 14:55:48", "2013-11-28 15:16:54", nobike
"2013-11-29 14:23:02", "2013-11-29 14:43:58", nobike
"2013-11-30 03:34:55", "2013-11-30 03:37:58", nospace
"2013-11-30 03:44:01", "2013-11-30 03:47:02", nospace
"2013-11-30 04:29:03", "2013-11-30 04:38:04", nospace
"2013-11-30 04:41:05", "2013-11-30 05:13:52", nospace
"2013-11-30 05:16:53", "2013-11-30 05:19:55", nospace
"2013-11-30 05:28:58", "2013-11-30 06:04:53", nospace
"2013-11-30 06:10:55", "2013-11-30 06:26:22", nospace
"2013-11-30 07:35:03", "2013-11-30 07:38:04", nospace
"2013-11-30 07:52:47", "2013-11-30 07:58:51", nospace
"2013-11-30 08:13:46", "2013-11-30 08:44:01", nospace
"2013-11-30 08:47:02", "2013-11-30 08:50:02", nospace
"2013-11-30 11:59:01", "2013-11-30 12:02:03", nobike
"2013-11-30 12:47:01", "2013-11-30 12:55:45", nobike
"2013-12-01 03:08:03", "2013-12-01 03:19:54", nospace
"2013-12-01 03:31:47", "2013-12-01 03:34:51", nospace
"2013-12-01 03:47:03", "2013-12-01 03:58:51", nospace
"2013-12-01 04:01:56", "2013-12-01 04:04:58", nospace
"2013-12-01 04:56:08", "2013-12-01 04:58:47", nospace
"2013-12-01 05:20:08", "2013-12-01 05:47:00", nospace
"2013-12-01 06:16:51", "2013-12-01 06:22:57", nospace
"2013-12-01 06:26:03", "2013-12-01 06:43:47", nospace
"2013-12-01 06:46:52", "2013-12-01 07:40:51", nospace
"2013-12-01 07:43:54", "2013-12-01 08:13:57", nospace
"2013-12-01 08:17:00", "2013-12-01 08:23:06", nospace
"2013-12-01 08:28:48", "2013-12-01 08:38:00", nospace
"2013-12-01 08:41:03", "2013-12-01 08:55:56", nospace
"2013-12-01 08:59:00", "2013-12-01 09:07:49", nospace
"2013-12-01 09:28:52", "2013-12-01 09:38:06", nospace
"2013-12-01 10:13:58", "2013-12-01 10:17:02", nospace
"2013-12-01 10:28:54", "2013-12-01 10:31:57", nospace
"2013-12-01 16:20:05", "2013-12-01 16:23:08", nobike
"2013-12-02 11:50:09", "2013-12-02 11:52:51", nobike
"2013-12-02 12:04:53", "2013-12-02 12:07:59", nobike
"2013-12-02 12:14:10", "2013-12-02 12:23:03", nobike
"2013-12-04 09:29:08", "2013-12-04 09:32:17", nospace
"2013-12-04 14:14:02", "2013-12-04 14:20:21", nobike
"2013-12-05 14:20:18", "2013-12-05 14:35:11", nobike
"2013-12-05 14:47:13", "2013-12-05 14:59:20", nobike
"2013-12-06 06:29:24", "2013-12-06 06:35:06", nospace
"2013-12-06 13:53:27", "2013-12-06 13:59:14", nobike
"2013-12-07 02:14:28", "2013-12-07 02:20:18", nospace
"2013-12-07 02:38:15", "2013-12-07 03:17:21", nospace
"2013-12-07 03:20:17", "2013-12-07 03:23:11", nospace
"2013-12-07 04:47:11", "2013-12-07 04:50:29", nospace
"2013-12-07 06:08:30", "2013-12-07 06:11:27", nospace
"2013-12-07 06:35:20", "2013-12-07 06:50:20", nospace
"2013-12-07 06:56:31", "2013-12-07 06:59:25", nospace
"2013-12-07 07:20:15", "2013-12-07 07:23:10", nospace
"2013-12-07 08:41:13", "2013-12-07 08:44:09", nospace
"2013-12-08 03:26:17", "2013-12-08 03:32:28", nospace
"2013-12-08 03:44:24", "2013-12-08 03:53:34", nospace
"2013-12-08 03:56:16", "2013-12-08 04:05:28", nospace
"2013-12-08 04:14:33", "2013-12-08 04:17:11", nospace
"2013-12-08 04:20:13", "2013-12-08 04:23:21", nospace
"2013-12-08 04:35:35", "2013-12-08 04:44:26", nospace
"2013-12-08 04:56:18", "2013-12-08 05:05:32", nospace
"2013-12-08 05:20:35", "2013-12-08 05:23:13", nospace
"2013-12-08 05:26:20", "2013-12-08 05:29:28", nospace
"2013-12-08 05:35:35", "2013-12-08 05:56:17", nospace
"2013-12-08 05:59:22", "2013-12-08 06:08:36", nospace
"2013-12-08 06:14:21", "2013-12-08 06:29:24", nospace
"2013-12-08 06:38:37", "2013-12-08 06:53:24", nospace
"2013-12-08 06:56:31", "2013-12-08 07:08:11", nospace
"2013-12-08 07:17:34", "2013-12-08 07:29:35", nospace
"2013-12-08 11:17:15", "2013-12-08 11:20:22", nobike
"2013-12-08 11:47:17", "2013-12-08 11:50:27", nobike
"2013-12-08 13:14:30", "2013-12-08 13:23:29", nobike
"2013-12-08 13:26:37", "2013-12-08 13:29:16", nobike
"2013-12-08 13:38:17", "2013-12-08 13:44:33", nobike
"2013-12-10 14:59:48", "2013-12-10 15:02:34", nobike
"2013-12-10 15:50:26", "2013-12-10 15:53:50", nobike
"2013-12-12 09:36:01", "2013-12-12 09:38:37", nospace
"2013-12-12 09:53:34", "2013-12-12 10:02:36", nospace
"2013-12-13 01:29:32", "2013-12-13 01:35:29", nospace
"2013-12-13 01:38:49", "2013-12-13 01:59:46", nospace
"2013-12-13 10:23:42", "2013-12-13 10:27:09", nospace
"2013-12-15 12:02:41", "2013-12-15 12:44:39", nospace
"2013-12-16 00:06:09", "2013-12-16 00:30:00", nospace
"2013-12-16 00:32:59", "2013-12-16 00:35:58", nospace
"2013-12-16 04:23:53", "2013-12-16 04:26:51", nospace
"2013-12-16 04:41:49", "2013-12-16 04:44:49", nospace
"2013-12-16 05:41:48", "2013-12-16 05:44:47", nospace
"2013-12-16 05:47:47", "2013-12-16 06:20:43", nospace
"2013-12-16 06:23:42", "2013-12-16 06:26:44", nospace
"2013-12-16 06:29:44", "2013-12-16 06:33:10", nospace
"2013-12-16 09:18:17", "2013-12-16 09:21:22", nospace
"2013-12-16 09:26:45", "2013-12-16 09:35:48", nospace
"2013-12-16 09:38:55", "2013-12-16 09:48:10", nospace
"2013-12-18 09:27:16", "2013-12-18 09:33:05", nospace
"2013-12-18 09:48:28", "2013-12-18 09:54:16", nospace
"2013-12-19 11:12:10", "2013-12-19 11:15:32", nospace
"2013-12-22 06:45:16", "2013-12-22 06:51:13", nospace
"2013-12-22 07:30:13", "2013-12-22 07:54:25", nospace
"2013-12-22 07:57:12", "2013-12-22 07:59:59", nospace
"2013-12-22 08:03:42", "2013-12-22 08:06:29", nospace
"2013-12-22 08:15:49", "2013-12-22 08:24:13", nospace
"2013-12-22 08:30:42", "2013-12-22 08:39:05", nospace
"2013-12-22 08:42:49", "2013-12-22 08:51:12", nospace
"2013-12-22 08:53:59", "2013-12-22 08:57:42", nospace
"2013-12-22 09:12:37", "2013-12-22 09:15:24", nospace
"2013-12-25 09:09:14", "2013-12-25 09:15:26", nospace
"2013-12-25 09:21:42", "2013-12-25 09:39:33", nospace
"2013-12-25 09:45:30", "2013-12-25 09:51:29", nospace
"2013-12-25 09:54:26", "2013-12-25 09:57:23", nospace
"2013-12-27 07:01:15", "2013-12-27 07:12:39", nospace
"2013-12-27 09:51:27", "2013-12-27 09:54:35", nospace
"2013-12-27 10:00:49", "2013-12-27 10:07:05", nospace
"2013-12-27 10:12:18", "2013-12-27 10:15:25", nospace
"2013-12-27 10:18:32", "2013-12-27 10:21:38", nospace
"2013-12-27 10:27:52", "2013-12-27 10:34:07", nospace
"2013-12-27 10:40:17", "2013-12-27 10:42:22", nospace
"2013-12-27 11:45:42", "2013-12-27 11:48:51", nospace
"2013-12-28 05:15:45", "2013-12-28 05:27:20", nospace
"2013-12-28 05:30:29", "2013-12-28 05:33:39", nospace
"2013-12-28 07:12:19", "2013-12-28 07:15:32", nospace
"2013-12-28 07:21:58", "2013-12-28 07:25:10", nospace
"2013-12-28 07:36:58", "2013-12-28 07:42:21", nospace
"2013-12-28 07:45:34", "2013-12-28 07:52:01", nospace
"2013-12-28 14:18:55", "2013-12-28 14:25:21", nobike
"2013-12-29 10:40:13", "2013-12-29 11:09:29", nobike
"2013-12-29 11:12:43", "2013-12-29 11:15:58", nobike
"2013-12-30 13:25:30", "2013-12-30 13:31:03", nobike
"2013-12-30 13:55:14", "2013-12-30 14:00:44", nobike
"2013-12-30 14:04:04", "2013-12-30 14:21:49", nobike
"2013-12-30 14:25:08", "2013-12-30 14:28:28", nobike
"2013-12-31 11:58:17", "2013-12-31 12:00:32", nospace
"2013-12-31 12:28:36", "2013-12-31 12:30:51", nospace
"2013-12-31 13:40:28", "2013-12-31 13:46:05", nospace
"2013-12-31 14:07:27", "2013-12-31 14:09:41", nospace
"2013-12-31 14:52:24", "2013-12-31 14:58:01", nospace
"2013-12-31 15:15:57", "2013-12-31 15:19:20", nospace
"2013-12-31 21:33:56", "2013-12-31 22:04:23", nobike
"2014-01-01 03:37:09", "2014-01-01 03:42:47", nospace
"2014-01-01 03:46:09", "2014-01-01 04:07:03", nospace
"2014-01-01 04:45:34", "2014-01-01 04:54:38", nospace
"2014-01-01 05:25:08", "2014-01-01 05:52:27", nospace
"2014-01-01 05:58:10", "2014-01-01 06:07:24", nospace
"2014-01-01 06:09:41", "2014-01-01 06:15:45", nospace
"2014-01-01 06:22:35", "2014-01-01 06:33:56", nospace
"2014-01-01 06:54:53", "2014-01-01 07:22:39", nospace
"2014-01-01 07:24:58", "2014-01-01 07:28:27", nospace
"2014-01-01 07:40:04", "2014-01-01 07:45:51", nospace
"2014-01-01 08:28:03", "2014-01-01 08:46:15", nospace
"2014-01-01 08:49:41", "2014-01-01 08:55:27", nospace
"2014-01-01 09:06:57", "2014-01-01 09:16:12", nospace
"2014-01-01 09:19:40", "2014-01-01 09:22:00", nospace
"2014-01-02 23:16:13", "2014-01-02 23:46:39", nobike
"2014-01-04 04:33:57", "2014-01-04 04:43:30", nospace
"2014-01-04 04:51:50", "2014-01-04 04:55:24", nospace
"2014-01-04 04:57:48", "2014-01-04 05:01:20", nospace
"2014-01-04 09:15:45", "2014-01-04 09:19:21", nospace
"2014-01-04 14:01:52", "2014-01-04 14:04:17", nobike
"2014-01-04 14:07:56", "2014-01-04 14:37:04", nobike
"2014-01-05 03:58:18", "2014-01-05 04:06:50", nospace
"2014-01-05 04:10:28", "2014-01-05 04:19:01", nospace
"2014-01-05 06:32:12", "2014-01-05 06:34:02", nospace
"2014-01-05 06:44:00", "2014-01-05 06:52:43", nospace
"2014-01-05 06:55:33", "2014-01-05 07:16:11", nospace
"2014-01-05 07:40:55", "2014-01-05 07:43:23", nospace
"2014-01-05 07:49:32", "2014-01-05 08:12:53", nospace
"2014-01-05 10:25:47", "2014-01-05 10:42:54", nobike
"2014-01-05 10:52:47", "2014-01-05 10:55:15", nobike
"2014-01-05 13:40:57", "2014-01-05 13:43:25", nobike
"2014-01-05 13:52:03", "2014-01-05 14:01:18", nobike
"2014-01-07 07:52:58", "2014-01-07 07:58:02", nospace
"2014-01-07 13:40:02", "2014-01-07 13:43:03", nobike
"2014-01-07 13:46:24", "2014-01-07 13:49:14", nobike
"2014-01-07 14:01:51", "2014-01-07 14:13:11", nobike
"2014-01-10 07:35:19", "2014-01-10 07:43:17", nospace
"2014-01-10 08:01:52", "2014-01-10 08:04:32", nospace
"2014-01-10 08:25:26", "2014-01-10 08:28:06", nospace
"2014-01-10 08:32:04", "2014-01-10 08:34:43", nospace
"2014-01-10 10:49:27", "2014-01-10 10:52:06", nospace
"2014-01-10 13:55:22", "2014-01-10 13:59:20", nobike
"2014-01-10 19:53:01", "2014-01-10 20:04:53", nobike
"2014-01-10 20:14:10", "2014-01-10 20:55:10", nobike
"2014-01-11 05:07:07", "2014-01-11 05:11:07", nospace
"2014-01-11 06:25:46", "2014-01-11 06:28:24", nospace
"2014-01-11 06:46:56", "2014-01-11 06:49:35", nospace
"2014-01-11 06:55:20", "2014-01-11 06:59:22", nospace
"2014-01-11 07:07:27", "2014-01-11 07:14:12", nospace
"2014-01-11 07:26:15", "2014-01-11 07:41:04", nospace
"2014-01-11 07:43:42", "2014-01-11 08:05:13", nospace
"2014-01-11 08:07:55", "2014-01-11 08:13:19", nospace
"2014-01-12 04:58:41", "2014-01-12 05:01:49", nospace
"2014-01-12 05:38:22", "2014-01-12 05:41:03", nospace
"2014-01-12 06:17:06", "2014-01-12 06:22:29", nospace
"2014-01-12 06:34:35", "2014-01-12 06:37:41", nospace
"2014-01-12 07:47:11", "2014-01-12 07:49:55", nospace
"2014-01-12 11:22:57", "2014-01-12 11:40:22", nobike
"2014-01-12 11:44:29", "2014-01-12 11:47:01", nobike
"2014-01-12 11:49:44", "2014-01-12 11:52:27", nobike
"2014-01-12 11:55:11", "2014-01-12 12:11:27", nobike
"2014-01-13 10:44:05", "2014-01-13 10:46:50", nobike
"2014-01-13 13:31:33", "2014-01-13 13:44:00", nobike
"2014-01-14 11:40:24", "2014-01-14 11:44:34", nobike
"2014-01-14 14:53:25", "2014-01-14 14:58:38", nobike
"2014-01-14 15:02:25", "2014-01-14 15:05:12", nobike
"2014-01-15 12:55:57", "2014-01-15 13:04:22", nobike
"2014-01-15 13:08:37", "2014-01-15 13:14:18", nobike
"2014-01-15 15:52:46", "2014-01-15 16:03:45", nobike
"2014-01-15 16:08:10", "2014-01-15 16:26:27", nobike
"2014-01-15 16:53:02", "2014-01-15 17:53:35", nobike
"2014-01-16 08:31:57", "2014-01-16 08:38:20", nospace
"2014-01-16 08:50:27", "2014-01-16 08:53:16", nospace
"2014-01-16 09:07:30", "2014-01-16 09:11:45", nospace
"2014-01-16 17:50:43", "2014-01-16 18:02:09", nobike
"2014-01-17 07:35:51", "2014-01-17 07:39:03", nospace
"2014-01-17 07:41:35", "2014-01-17 07:46:53", nospace
"2014-01-17 08:01:37", "2014-01-17 08:06:16", nospace
"2014-01-17 08:08:48", "2014-01-17 08:11:15", nospace
"2014-01-17 08:37:12", "2014-01-17 08:40:29", nospace
"2014-01-17 09:00:06", "2014-01-17 09:06:18", nospace
"2014-01-17 09:52:32", "2014-01-17 10:05:26", nospace
"2014-01-17 10:10:35", "2014-01-17 10:13:45", nospace
"2014-01-17 10:52:41", "2014-01-17 10:55:32", nospace
"2014-01-17 13:50:14", "2014-01-17 13:53:05", nospace
"2014-01-18 04:18:14", "2014-01-18 04:20:10", nospace
"2014-01-18 06:59:24", "2014-01-18 07:02:18", nospace
"2014-01-18 07:32:26", "2014-01-18 07:49:48", nospace
"2014-01-18 08:28:46", "2014-01-18 08:41:48", nospace
"2014-01-18 09:23:39", "2014-01-18 09:26:33", nospace
"2014-01-18 09:41:02", "2014-01-18 09:43:56", nospace
"2014-01-18 09:56:47", "2014-01-18 09:59:40", nospace
"2014-01-19 05:28:48", "2014-01-19 05:34:38", nospace
"2014-01-19 05:41:56", "2014-01-19 05:59:28", nospace
"2014-01-19 06:05:16", "2014-01-19 06:08:11", nospace
"2014-01-19 06:22:48", "2014-01-19 06:36:01", nospace
"2014-01-19 06:41:52", "2014-01-19 06:47:46", nospace
"2014-01-19 06:53:38", "2014-01-19 07:10:47", nospace
"2014-01-19 07:13:43", "2014-01-19 07:19:39", nospace
"2014-01-19 07:35:52", "2014-01-19 08:02:18", nospace
"2014-01-19 08:05:16", "2014-01-19 08:14:08", nospace
"2014-01-19 08:17:04", "2014-01-19 08:20:00", nospace
"2014-01-19 09:02:28", "2014-01-19 09:08:23", nospace
"2014-01-19 09:29:01", "2014-01-19 09:34:58", nospace
"2014-01-19 09:43:50", "2014-01-19 09:46:47", nospace
"2014-01-20 06:14:21", "2014-01-20 06:20:16", nospace
"2014-01-20 06:44:06", "2014-01-20 06:50:31", nospace
"2014-01-20 06:53:32", "2014-01-20 06:56:32", nospace
"2014-01-20 07:05:26", "2014-01-20 07:20:23", nospace
"2014-01-20 07:47:14", "2014-01-20 07:50:12", nospace
"2014-01-21 07:26:06", "2014-01-21 07:35:04", nospace
"2014-01-21 07:44:05", "2014-01-21 07:47:05", nospace
"2014-01-21 07:50:06", "2014-01-21 07:53:06", nospace
"2014-01-21 08:02:02", "2014-01-21 08:05:02", nospace
"2014-01-22 07:28:21", "2014-01-22 07:29:52", nospace
"2014-01-22 07:46:36", "2014-01-22 07:55:42", nospace
"2014-01-22 08:00:46", "2014-01-22 08:09:53", nospace
"2014-01-22 08:12:54", "2014-01-22 08:20:29", nospace
"2014-01-22 08:22:01", "2014-01-22 08:38:43", nospace
"2014-01-22 08:40:15", "2014-01-22 08:41:45", nospace
"2014-01-22 14:41:48", "2014-01-22 14:46:35", nobike
"2014-01-23 04:22:11", "2014-01-23 04:25:15", nospace
"2014-01-23 04:28:18", "2014-01-23 04:29:50", nospace
"2014-01-23 04:34:24", "2014-01-23 04:38:58", nospace
"2014-01-23 04:42:00", "2014-01-23 04:46:34", nospace
"2014-01-23 04:49:37", "2014-01-23 04:52:40", nospace
"2014-01-23 09:37:45", "2014-01-23 09:40:49", nospace
"2014-01-23 09:42:22", "2014-01-23 09:53:03", nospace
"2014-01-23 09:54:35", "2014-01-23 09:57:38", nospace
"2014-01-23 10:23:36", "2014-01-23 10:26:38", nospace
"2014-01-23 10:46:29", "2014-01-23 10:49:32", nospace
"2014-01-23 10:51:03", "2014-01-23 10:52:35", nospace
"2014-01-24 04:37:34", "2014-01-24 04:39:06", nospace
"2014-01-24 04:40:38", "2014-01-24 04:46:35", nospace
"2014-01-24 04:57:17", "2014-01-24 05:11:04", nospace
"2014-01-24 05:12:36", "2014-01-24 05:17:12", nospace
"2014-01-24 05:18:44", "2014-01-24 05:24:52", nospace
"2014-01-24 05:26:23", "2014-01-24 05:34:03", nospace
"2014-01-24 05:35:35", "2014-01-24 05:37:06", nospace
"2014-01-24 05:55:29", "2014-01-24 05:58:33", nospace
"2014-01-24 06:40:00", "2014-01-24 06:50:58", nospace
"2014-01-24 06:56:01", "2014-01-24 07:00:40", nospace
"2014-01-24 07:09:58", "2014-01-24 07:13:05", nospace
"2014-01-24 07:14:38", "2014-01-24 07:20:46", nospace
"2014-01-24 07:23:51", "2014-01-24 07:25:25", nospace
"2014-01-24 07:26:58", "2014-01-24 07:28:30", nospace
"2014-01-24 07:33:09", "2014-01-24 07:45:25", nospace
"2014-01-24 07:46:46", "2014-01-24 07:49:49", nospace
"2014-01-24 07:52:36", "2014-01-24 07:58:43", nospace
"2014-01-24 08:17:38", "2014-01-24 08:19:11", nospace
"2014-01-24 08:22:16", "2014-01-24 08:40:48", nospace
"2014-01-24 11:08:39", "2014-01-24 11:11:45", nospace
"2014-01-24 11:17:56", "2014-01-24 11:21:01", nospace
"2014-01-24 11:21:55", "2014-01-24 11:35:17", nospace
"2014-01-24 11:41:59", "2014-01-24 11:46:57", nospace
"2014-01-25 05:16:36", "2014-01-25 05:18:10", nospace
"2014-01-25 05:19:43", "2014-01-25 05:27:34", nospace
"2014-01-25 05:46:10", "2014-01-25 05:58:37", nospace
"2014-01-25 06:00:09", "2014-01-25 06:01:44", nospace
"2014-01-25 06:03:16", "2014-01-25 06:04:48", nospace
"2014-01-25 06:06:23", "2014-01-25 06:28:29", nospace
"2014-01-25 06:33:55", "2014-01-25 06:37:59", nospace
"2014-01-25 06:38:43", "2014-01-25 06:47:18", nospace
"2014-01-25 06:52:41", "2014-01-25 06:54:45", nospace
"2014-01-25 07:00:02", "2014-01-25 07:09:03", nospace
"2014-01-25 07:16:53", "2014-01-25 07:32:32", nospace
"2014-01-25 07:35:41", "2014-01-25 07:37:15", nospace
"2014-01-25 07:38:48", "2014-01-25 07:46:37", nospace
"2014-01-25 07:54:29", "2014-01-25 08:00:39", nospace
"2014-01-25 08:08:32", "2014-01-25 08:11:40", nospace
"2014-01-25 08:16:23", "2014-01-25 08:21:05", nospace
"2014-01-25 08:22:38", "2014-01-25 08:30:27", nospace
"2014-01-25 08:33:35", "2014-01-25 08:38:15", nospace
"2014-01-25 08:49:11", "2014-01-25 08:57:03", nospace
"2014-01-25 13:08:58", "2014-01-25 13:15:15", nobike
"2014-01-25 13:21:32", "2014-01-25 13:23:07", nobike
"2014-01-25 13:35:39", "2014-01-25 13:38:48", nobike
"2014-01-25 13:49:45", "2014-01-25 14:02:18", nobike
"2014-01-25 15:06:33", "2014-01-25 15:12:49", nobike
"2014-01-26 04:21:38", "2014-01-26 04:24:44", nospace
"2014-01-26 07:18:54", "2014-01-26 07:20:28", nospace
"2014-01-26 07:26:46", "2014-01-26 07:29:56", nospace
"2014-01-26 07:33:05", "2014-01-26 07:40:35", nospace
"2014-01-26 07:42:41", "2014-01-26 07:44:48", nospace
"2014-01-26 07:50:21", "2014-01-26 07:52:26", nospace
"2014-01-26 08:49:47", "2014-01-26 08:51:22", nospace
"2014-01-26 08:52:57", "2014-01-26 09:10:14", nospace
"2014-01-26 09:11:49", "2014-01-26 09:14:59", nospace
"2014-01-26 09:19:41", "2014-01-26 09:21:16", nospace
"2014-01-26 12:52:00", "2014-01-26 12:53:35", nospace
"2014-01-27 04:33:17", "2014-01-27 04:43:39", nospace
"2014-01-27 04:57:51", "2014-01-27 04:59:02", nospace
"2014-01-27 05:00:12", "2014-01-27 05:03:23", nospace
"2014-01-27 05:04:59", "2014-01-27 05:08:09", nospace
"2014-01-27 05:09:44", "2014-01-27 05:14:30", nospace
"2014-01-27 05:17:41", "2014-01-27 05:19:16", nospace
"2014-01-27 08:12:35", "2014-01-27 08:24:02", nospace
"2014-01-27 08:48:00", "2014-01-27 08:52:50", nospace
"2014-01-27 08:56:03", "2014-01-27 08:57:39", nospace
"2014-01-27 09:02:25", "2014-01-27 09:08:48", nospace
"2014-01-27 09:12:01", "2014-01-27 09:13:37", nospace
"2014-01-27 09:16:48", "2014-01-27 09:21:36", nospace
"2014-01-27 09:24:48", "2014-01-27 09:32:46", nospace
"2014-01-27 09:39:57", "2014-01-27 09:42:03", nospace
"2014-01-27 10:30:01", "2014-01-27 10:31:39", nospace
"2014-01-27 10:33:15", "2014-01-27 10:34:51", nospace
"2014-01-27 10:46:04", "2014-01-27 10:57:17", nospace
"2014-01-27 11:00:31", "2014-01-27 11:05:18", nospace
"2014-01-27 11:21:17", "2014-01-27 11:26:05", nospace
"2014-01-28 03:49:02", "2014-01-28 03:50:37", nospace
"2014-01-28 04:14:37", "2014-01-28 04:16:12", nospace
"2014-01-28 04:30:33", "2014-01-28 04:33:45", nospace
"2014-01-28 04:35:22", "2014-01-28 04:36:57", nospace
"2014-01-28 06:48:36", "2014-01-28 06:50:41", nospace
"2014-01-28 06:52:44", "2014-01-28 06:55:01", nospace
"2014-01-28 06:59:50", "2014-01-28 07:06:17", nospace
"2014-01-28 07:07:54", "2014-01-28 07:09:30", nospace
"2014-01-28 07:11:07", "2014-01-28 07:12:44", nospace
"2014-01-28 07:14:20", "2014-01-28 07:18:54", nospace
"2014-01-28 07:22:09", "2014-01-28 07:23:46", nospace
"2014-01-28 07:30:13", "2014-01-28 07:38:17", nospace
"2014-01-28 07:39:54", "2014-01-28 07:41:31", nospace
"2014-01-28 07:44:45", "2014-01-28 07:49:35", nospace
"2014-01-28 08:15:25", "2014-01-28 08:18:38", nospace
"2014-01-28 08:21:51", "2014-01-28 08:25:04", nospace
"2014-01-28 08:26:40", "2014-01-28 08:31:45", nospace
"2014-01-28 08:40:04", "2014-01-28 08:47:43", nospace
"2014-01-28 08:50:58", "2014-01-28 08:52:35", nospace
"2014-01-28 09:27:52", "2014-01-28 09:29:29", nospace
"2014-01-28 12:36:23", "2014-01-28 12:38:01", nospace
"2014-01-29 05:03:03", "2014-01-29 05:15:59", nospace
"2014-01-29 05:17:37", "2014-01-29 05:20:52", nospace
"2014-01-29 05:32:12", "2014-01-29 05:46:47", nospace
"2014-01-29 05:48:24", "2014-01-29 05:59:57", nospace
"2014-01-29 06:02:03", "2014-01-29 06:08:20", nospace
"2014-01-29 06:17:06", "2014-01-29 06:18:43", nospace
"2014-01-29 06:41:30", "2014-01-29 06:56:31", nospace
"2014-01-29 06:58:39", "2014-01-29 07:02:55", nospace
"2014-01-29 07:07:42", "2014-01-29 07:17:28", nospace
"2014-01-29 07:22:53", "2014-01-29 07:29:25", nospace
"2014-01-29 07:31:33", "2014-01-29 07:35:33", nospace
"2014-01-29 07:38:07", "2014-01-29 07:51:16", nospace
"2014-01-29 07:53:25", "2014-01-29 08:01:46", nospace
"2014-01-29 08:14:46", "2014-01-29 08:18:02", nospace
"2014-01-29 08:21:17", "2014-01-29 08:26:10", nospace
"2014-01-29 08:42:24", "2014-01-29 08:44:02", nospace
"2014-01-29 08:45:40", "2014-01-29 08:53:48", nospace
"2014-01-29 09:10:06", "2014-01-29 09:15:00", nospace
"2014-01-29 09:19:53", "2014-01-29 09:21:28", nospace
"2014-01-31 05:53:51", "2014-01-31 05:58:48", nospace
"2014-01-31 06:13:41", "2014-01-31 06:30:03", nospace
"2014-01-31 06:33:22", "2014-01-31 07:06:56", nospace
"2014-01-31 07:28:03", "2014-01-31 07:31:59", nospace
"2014-01-31 07:50:34", "2014-01-31 08:01:43", nospace
"2014-01-31 08:22:53", "2014-01-31 08:39:22", nospace
"2014-01-31 08:41:02", "2014-01-31 08:57:04", nospace
"2014-01-31 08:57:56", "2014-01-31 09:00:07", nospace
"2014-01-31 09:17:03", "2014-01-31 09:20:12", nospace
"2014-01-31 09:24:30", "2014-01-31 09:26:06", nospace
"2014-01-31 09:26:49", "2014-01-31 09:30:41", nospace
"2014-01-31 13:19:33", "2014-01-31 13:32:46", nobike
"2014-01-31 13:36:04", "2014-01-31 13:41:01", nobike
"2014-01-31 13:44:20", "2014-01-31 13:57:33", nobike
"2014-01-31 14:00:53", "2014-01-31 14:04:11", nobike
"2014-01-31 14:07:29", "2014-01-31 14:12:49", nobike
"2014-01-31 14:19:00", "2014-01-31 14:24:19", nobike
"2014-01-31 14:40:53", "2014-01-31 14:45:33", nobike
"2014-01-31 14:47:12", "2014-01-31 14:50:31", nobike
"2014-02-01 04:42:47", "2014-02-01 04:51:05", nospace
"2014-02-01 04:52:44", "2014-02-01 04:56:03", nospace
"2014-02-01 06:54:03", "2014-02-01 06:57:15", nospace
"2014-02-01 06:59:26", "2014-02-01 07:03:10", nospace
"2014-02-01 07:21:19", "2014-02-01 07:31:09", nospace
"2014-02-01 07:33:28", "2014-02-01 07:40:21", nospace
"2014-02-01 07:55:58", "2014-02-01 07:57:42", nospace
"2014-02-01 08:02:42", "2014-02-01 08:07:02", nospace
"2014-02-01 08:08:36", "2014-02-01 08:11:43", nospace
"2014-02-01 08:13:58", "2014-02-01 08:16:16", nospace
"2014-02-01 08:18:46", "2014-02-01 08:25:22", nospace
"2014-02-01 08:50:12", "2014-02-01 09:03:11", nospace
"2014-02-01 09:46:37", "2014-02-01 09:50:28", nospace
"2014-02-01 10:12:44", "2014-02-01 10:14:24", nospace
"2014-02-02 03:31:12", "2014-02-02 03:32:53", nospace
"2014-02-02 04:40:34", "2014-02-02 04:51:48", nospace
"2014-02-02 06:00:15", "2014-02-02 06:18:38", nospace
"2014-02-02 06:25:32", "2014-02-02 06:38:27", nospace
"2014-02-02 06:41:42", "2014-02-02 06:47:35", nospace
"2014-02-02 06:51:42", "2014-02-02 07:11:51", nospace
"2014-02-02 07:16:18", "2014-02-02 07:45:37", nospace
"2014-02-02 07:53:19", "2014-02-02 08:02:26", nospace
"2014-02-02 08:04:55", "2014-02-02 08:15:58", nospace
"2014-02-02 08:29:19", "2014-02-02 08:31:06", nospace
"2014-02-02 08:36:20", "2014-02-02 08:43:22", nospace
"2014-02-02 08:45:35", "2014-02-02 08:52:28", nospace
"2014-02-02 08:54:40", "2014-02-02 08:59:16", nospace
"2014-02-02 09:01:28", "2014-02-02 09:03:41", nospace
"2014-02-02 09:35:38", "2014-02-02 09:37:51", nospace
"2014-02-02 09:51:12", "2014-02-02 09:52:59", nospace
"2014-02-02 10:07:05", "2014-02-02 10:09:15", nospace
"2014-02-02 15:12:14", "2014-02-02 15:16:43", nobike
"2014-02-02 15:18:50", "2014-02-02 15:33:01", nobike
"2014-02-03 05:15:56", "2014-02-03 05:34:35", nospace
"2014-02-03 05:43:03", "2014-02-03 05:46:26", nospace
"2014-02-03 05:56:36", "2014-02-03 05:58:17", nospace
"2014-02-03 06:18:39", "2014-02-03 06:41:55", nospace
"2014-02-03 06:44:09", "2014-02-03 07:12:34", nospace
"2014-02-03 07:19:48", "2014-02-03 07:24:18", nospace
"2014-02-03 07:25:32", "2014-02-03 07:35:19", nospace
"2014-02-03 07:50:28", "2014-02-03 07:59:54", nospace
"2014-02-03 08:02:11", "2014-02-03 08:04:01", nospace
"2014-02-03 08:04:58", "2014-02-03 08:09:28", nospace
"2014-02-03 08:11:43", "2014-02-03 08:13:10", nospace
"2014-02-03 08:26:53", "2014-02-03 08:38:52", nospace
"2014-02-03 08:40:35", "2014-02-03 08:52:32", nospace
"2014-02-03 08:59:22", "2014-02-03 09:02:47", nospace
"2014-02-03 09:06:14", "2014-02-03 09:14:53", nospace
"2014-02-03 09:19:42", "2014-02-03 09:28:29", nospace
"2014-02-03 10:01:50", "2014-02-03 10:15:48", nospace
"2014-02-04 02:52:05", "2014-02-04 02:53:47", nospace
"2014-02-04 02:55:29", "2014-02-04 02:58:50", nospace
"2014-02-04 03:14:44", "2014-02-04 03:27:49", nospace
"2014-02-04 05:59:13", "2014-02-04 06:12:44", nospace
"2014-02-04 06:14:17", "2014-02-04 06:23:25", nospace
"2014-02-04 06:24:34", "2014-02-04 06:35:54", nospace
"2014-02-04 06:38:06", "2014-02-04 06:54:26", nospace
"2014-02-04 07:27:49", "2014-02-04 07:36:56", nospace
"2014-02-04 07:38:20", "2014-02-04 07:42:47", nospace
"2014-02-04 08:15:34", "2014-02-04 08:25:52", nospace
"2014-02-04 08:31:03", "2014-02-04 08:36:14", nospace
"2014-02-04 08:43:08", "2014-02-04 08:51:44", nospace
"2014-02-04 08:53:29", "2014-02-04 08:58:37", nospace
"2014-02-04 09:02:06", "2014-02-04 09:07:14", nospace
"2014-02-04 09:34:49", "2014-02-04 09:38:15", nospace
"2014-02-04 09:58:53", "2014-02-04 10:00:37", nospace
"2014-02-04 10:10:34", "2014-02-04 10:17:28", nospace
"2014-02-04 10:19:41", "2014-02-04 10:24:39", nospace
"2014-02-04 10:26:55", "2014-02-04 10:43:17", nospace
"2014-02-04 10:52:31", "2014-02-04 11:00:36", nospace
"2014-02-05 08:12:22", "2014-02-05 08:21:38", nospace
"2014-02-05 11:09:06", "2014-02-05 11:23:46", nospace
"2014-02-05 11:35:15", "2014-02-05 11:37:10", nospace
"2014-02-05 11:38:33", "2014-02-05 11:52:26", nospace
"2014-02-05 11:59:27", "2014-02-05 12:08:50", nospace
"2014-02-06 04:28:49", "2014-02-06 04:30:35", nospace
"2014-02-06 08:41:53", "2014-02-06 08:43:39", nospace
"2014-02-06 08:48:56", "2014-02-06 09:03:01", nospace
"2014-02-06 09:05:16", "2014-02-06 09:12:21", nospace
"2014-02-06 09:40:39", "2014-02-06 09:45:14", nospace
"2014-02-06 09:48:24", "2014-02-06 09:50:40", nospace
"2014-02-06 10:04:41", "2014-02-06 10:09:22", nospace
"2014-02-07 09:17:31", "2014-02-07 09:33:03", nospace
"2014-02-07 11:47:42", "2014-02-07 11:50:04", nospace
"2014-02-07 11:51:50", "2014-02-07 11:53:17", nospace
"2014-02-07 12:18:04", "2014-02-07 12:19:51", nospace
"2014-02-08 02:54:38", "2014-02-08 02:57:58", nospace
"2014-02-08 02:59:45", "2014-02-08 03:02:01", nospace
"2014-02-08 03:06:36", "2014-02-08 03:07:45", nospace
"2014-02-08 03:18:13", "2014-02-08 03:26:52", nospace
"2014-02-08 03:33:36", "2014-02-08 03:35:24", nospace
"2014-02-08 03:46:08", "2014-02-08 03:56:50", nospace
"2014-02-08 04:00:24", "2014-02-08 04:02:11", nospace
"2014-02-08 04:03:58", "2014-02-08 04:05:47", nospace
"2014-02-08 04:09:21", "2014-02-08 04:11:09", nospace
"2014-02-08 04:18:18", "2014-02-08 04:25:58", nospace
"2014-02-08 04:28:14", "2014-02-08 04:31:46", nospace
"2014-02-08 04:33:25", "2014-02-08 04:40:17", nospace
"2014-02-08 04:41:32", "2014-02-08 04:43:31", nospace
"2014-02-08 04:54:52", "2014-02-08 05:01:57", nospace
"2014-02-08 05:04:14", "2014-02-08 05:20:01", nospace
"2014-02-08 05:41:00", "2014-02-08 05:44:15", nospace
"2014-02-08 06:18:45", "2014-02-08 06:22:20", nospace
"2014-02-08 06:27:46", "2014-02-08 06:37:09", nospace
"2014-02-08 06:40:14", "2014-02-08 06:54:56", nospace
"2014-02-08 06:55:47", "2014-02-08 07:01:36", nospace
"2014-02-08 07:03:52", "2014-02-08 07:14:45", nospace
"2014-02-08 07:16:23", "2014-02-08 07:24:50", nospace
"2014-02-08 07:27:04", "2014-02-08 07:30:30", nospace
"2014-02-08 08:38:45", "2014-02-08 08:54:51", nospace
"2014-02-08 09:00:03", "2014-02-08 09:09:18", nospace
"2014-02-08 09:30:54", "2014-02-08 09:36:14", nospace
"2014-02-08 13:12:53", "2014-02-08 13:15:15", nospace
"2014-02-10 02:34:06", "2014-02-10 02:43:07", nospace
"2014-02-10 02:44:56", "2014-02-10 02:46:45", nospace
"2014-02-10 02:48:33", "2014-02-10 02:59:26", nospace
"2014-02-10 03:24:51", "2014-02-10 03:26:41", nospace
"2014-02-10 04:50:03", "2014-02-10 04:51:52", nospace
"2014-02-10 04:55:31", "2014-02-10 05:00:59", nospace
"2014-02-10 05:09:46", "2014-02-10 05:10:55", nospace
"2014-02-10 05:43:33", "2014-02-10 05:45:23", nospace
"2014-02-10 05:47:12", "2014-02-10 05:59:56", nospace
"2014-02-10 06:10:50", "2014-02-10 06:12:40", nospace
"2014-02-10 06:30:53", "2014-02-10 06:32:43", nospace
"2014-02-10 06:43:37", "2014-02-10 06:50:54", nospace
"2014-02-10 07:04:08", "2014-02-10 07:07:10", nospace
"2014-02-10 07:21:31", "2014-02-10 07:24:08", nospace
"2014-02-10 07:58:55", "2014-02-10 08:00:45", nospace
"2014-02-10 09:23:45", "2014-02-10 09:25:26", nospace
"2014-02-10 09:29:01", "2014-02-10 09:30:50", nospace
"2014-02-10 16:04:02", "2014-02-10 17:03:26", nospace
"2014-02-11 03:44:50", "2014-02-11 03:57:41", nospace
"2014-02-11 04:10:29", "2014-02-11 04:27:35", nospace
"2014-02-11 04:36:55", "2014-02-11 05:09:39", nospace
"2014-02-11 05:15:33", "2014-02-11 05:19:07", nospace
"2014-02-13 09:45:12", "2014-02-13 09:47:03", nospace
"2014-02-13 09:52:41", "2014-02-13 09:56:24", nospace
"2014-02-13 10:02:03", "2014-02-13 10:03:55", nospace
"2014-02-13 10:05:47", "2014-02-13 10:13:58", nospace
"2014-02-13 10:20:21", "2014-02-13 10:25:04", nospace
"2014-02-13 10:26:59", "2014-02-13 10:36:13", nospace
"2014-02-15 07:14:52", "2014-02-15 07:23:06", nospace
"2014-02-15 07:25:28", "2014-02-15 07:30:34", nospace
"2014-02-15 07:32:28", "2014-02-15 07:43:51", nospace
"2014-02-15 07:49:33", "2014-02-15 07:57:09", nospace
"2014-02-15 07:59:03", "2014-02-15 08:08:32", nospace
"2014-02-15 08:12:20", "2014-02-15 08:14:13", nospace
"2014-02-15 08:36:56", "2014-02-15 08:38:49", nospace
"2014-02-15 08:42:37", "2014-02-15 08:50:10", nospace
"2014-02-15 08:57:46", "2014-02-15 09:03:29", nospace
"2014-02-15 14:59:51", "2014-02-15 15:02:06", nobike
"2014-02-15 15:03:10", "2014-02-15 15:09:56", nobike
"2014-02-16 05:17:46", "2014-02-16 05:21:34", nospace
"2014-02-16 06:18:06", "2014-02-16 06:21:53", nospace
"2014-02-16 06:31:38", "2014-02-16 06:34:02", nospace
"2014-02-16 06:36:32", "2014-02-16 06:43:23", nospace
"2014-02-16 06:49:10", "2014-02-16 06:51:04", nospace
"2014-02-16 07:25:32", "2014-02-16 07:27:27", nospace
"2014-02-16 07:29:22", "2014-02-16 07:31:17", nospace
"2014-02-16 07:48:27", "2014-02-16 08:30:30", nospace
"2014-02-16 08:32:24", "2014-02-16 08:39:53", nospace
"2014-02-16 08:47:33", "2014-02-16 08:49:27", nospace
"2014-02-16 08:55:08", "2014-02-16 09:02:45", nospace
"2014-02-16 09:21:29", "2014-02-16 09:23:58", nospace
"2014-02-16 13:51:16", "2014-02-16 13:55:06", nospace
"2014-02-16 14:23:48", "2014-02-16 14:27:39", nospace
"2014-02-17 08:33:32", "2014-02-17 08:35:28", nospace
"2014-02-17 08:55:22", "2014-02-17 09:10:46", nospace
"2014-02-17 09:12:07", "2014-02-17 09:16:49", nospace
"2014-02-17 09:18:45", "2014-02-17 09:22:36", nospace
"2014-02-17 09:28:20", "2014-02-17 09:57:08", nospace
"2014-02-17 10:02:55", "2014-02-17 10:04:51", nospace
"2014-02-17 10:10:37", "2014-02-17 10:12:32", nospace
"2014-02-17 10:37:41", "2014-02-17 10:40:07", nospace
"2014-02-17 10:42:30", "2014-02-17 10:43:29", nospace
"2014-02-18 09:44:24", "2014-02-18 09:46:21", nobike
"2014-02-20 01:09:26", "2014-02-20 01:15:20", nobike
"2014-02-20 02:00:36", "2014-02-20 02:02:34", nobike
"2014-02-20 02:06:30", "2014-02-20 02:22:16", nobike
"2014-02-20 10:21:23", "2014-02-20 10:25:19", nospace
"2014-02-20 10:29:14", "2014-02-20 10:31:11", nospace
"2014-02-20 11:16:32", "2014-02-20 11:18:27", nospace
"2014-02-20 11:39:44", "2014-02-20 11:41:42", nospace
"2014-02-20 16:03:14", "2014-02-20 16:38:45", nospace
"2014-02-21 04:58:30", "2014-02-21 05:12:27", nospace
"2014-02-21 06:15:12", "2014-02-21 06:17:11", nospace
"2014-02-21 06:19:10", "2014-02-21 06:25:08", nospace
"2014-02-21 06:27:11", "2014-02-21 06:29:09", nospace
"2014-02-21 06:32:34", "2014-02-21 06:35:31", nospace
"2014-02-21 07:15:25", "2014-02-21 07:23:23", nospace
"2014-02-21 07:25:22", "2014-02-21 07:27:20", nospace
"2014-02-21 07:29:19", "2014-02-21 07:31:19", nospace
"2014-02-21 07:35:17", "2014-02-21 07:39:15", nospace
"2014-02-21 08:50:48", "2014-02-21 08:54:46", nospace
"2014-02-21 08:56:46", "2014-02-21 09:00:59", nospace
"2014-02-21 09:19:01", "2014-02-21 09:24:00", nospace
"2014-02-21 09:27:57", "2014-02-21 09:33:56", nospace
"2014-02-21 09:35:55", "2014-02-21 09:37:56", nospace
"2014-02-21 10:49:19", "2014-02-21 10:51:18", nospace
"2014-02-21 10:55:16", "2014-02-21 10:57:15", nospace
"2014-02-21 16:19:14", "2014-02-21 16:41:50", nospace
"2014-02-21 16:49:07", "2014-02-21 16:57:13", nospace
"2014-02-22 02:57:25", "2014-02-22 03:01:24", nospace
"2014-02-22 03:05:24", "2014-02-22 03:09:24", nospace
"2014-02-22 03:11:22", "2014-02-22 03:13:20", nospace
"2014-02-22 03:15:20", "2014-02-22 03:17:20", nospace
"2014-02-22 03:19:20", "2014-02-22 03:21:19", nospace
"2014-02-22 03:23:18", "2014-02-22 03:31:19", nospace
"2014-02-22 03:33:19", "2014-02-22 03:37:18", nospace
"2014-02-22 03:41:19", "2014-02-22 03:45:18", nospace
"2014-02-22 04:34:28", "2014-02-22 04:35:28", nospace
"2014-02-22 05:56:35", "2014-02-22 06:14:35", nospace
"2014-02-22 06:22:35", "2014-02-22 06:50:29", nospace
"2014-02-22 06:51:08", "2014-02-22 07:12:37", nospace
"2014-02-22 07:14:37", "2014-02-22 07:20:36", nospace
"2014-02-22 07:22:36", "2014-02-22 07:56:54", nospace
"2014-02-22 08:06:53", "2014-02-22 08:18:13", nospace
"2014-02-22 08:20:14", "2014-02-22 08:22:14", nospace
"2014-02-22 08:28:14", "2014-02-22 08:49:53", nospace
"2014-02-22 08:53:53", "2014-02-22 08:59:55", nospace
"2014-02-22 09:01:58", "2014-02-22 09:03:55", nospace
"2014-02-22 09:05:54", "2014-02-22 09:09:56", nospace
"2014-02-22 09:21:54", "2014-02-22 09:25:54", nospace
"2014-02-22 09:27:56", "2014-02-22 09:29:56", nospace
"2014-02-22 13:57:22", "2014-02-22 14:01:23", nospace
"2014-02-22 14:31:26", "2014-02-22 14:33:26", nospace
"2014-02-22 14:39:25", "2014-02-22 14:41:25", nospace
"2014-02-23 03:33:49", "2014-02-23 03:37:50", nospace
"2014-02-23 03:39:50", "2014-02-23 03:44:02", nospace
"2014-02-23 03:57:52", "2014-02-23 04:05:24", nospace
"2014-02-23 04:41:47", "2014-02-23 04:49:48", nospace
"2014-02-23 04:51:48", "2014-02-23 04:57:49", nospace
"2014-02-23 05:17:53", "2014-02-23 05:19:53", nospace
"2014-02-23 05:27:54", "2014-02-23 05:39:55", nospace
"2014-02-23 05:43:57", "2014-02-23 05:47:57", nospace
"2014-02-23 05:58:02", "2014-02-23 06:08:05", nospace
"2014-02-23 06:10:08", "2014-02-23 06:32:21", nospace
"2014-02-23 07:03:04", "2014-02-23 07:49:23", nospace
"2014-02-23 07:50:05", "2014-02-23 07:53:10", nospace
"2014-02-23 08:03:12", "2014-02-23 08:05:14", nospace
"2014-02-23 08:09:17", "2014-02-23 08:11:19", nospace
"2014-02-23 08:13:19", "2014-02-23 08:15:20", nospace
"2014-02-23 08:29:27", "2014-02-23 08:33:32", nospace
"2014-02-23 08:35:35", "2014-02-23 08:43:38", nospace
"2014-02-23 08:45:39", "2014-02-23 08:51:42", nospace
"2014-02-23 08:55:43", "2014-02-23 09:05:52", nospace
"2014-02-23 09:07:52", "2014-02-23 09:09:53", nospace
"2014-02-23 09:11:54", "2014-02-23 09:22:04", nospace
"2014-02-23 09:24:05", "2014-02-23 09:28:08", nospace
"2014-02-23 09:40:15", "2014-02-23 09:50:24", nospace
"2014-02-23 09:52:25", "2014-02-23 10:00:26", nospace
"2014-02-23 14:44:34", "2014-02-23 14:50:39", nobike
"2014-02-23 14:58:44", "2014-02-23 15:00:44", nobike
"2014-02-24 04:02:48", "2014-02-24 04:10:55", nospace
"2014-02-24 04:12:56", "2014-02-24 04:25:07", nospace
"2014-02-24 04:27:09", "2014-02-24 04:41:19", nospace
"2014-02-24 04:43:21", "2014-02-24 04:45:22", nospace
"2014-02-24 04:47:23", "2014-02-24 04:49:24", nospace
"2014-02-24 09:40:53", "2014-02-24 09:49:55", nospace
"2014-02-24 09:51:58", "2014-02-24 10:04:11", nospace
"2014-02-24 10:44:52", "2014-02-24 10:48:56", nospace
"2014-02-24 10:50:57", "2014-02-24 10:55:03", nospace
"2014-02-24 11:16:56", "2014-02-24 11:20:59", nospace
"2014-02-24 14:18:27", "2014-02-24 14:24:58", nospace
"2014-02-24 14:49:22", "2014-02-24 14:53:26", nospace
"2014-02-24 14:55:30", "2014-02-24 15:03:41", nospace
"2014-02-24 16:39:39", "2014-02-24 16:41:41", nospace
"2014-02-24 16:43:44", "2014-02-24 18:27:07", nospace
"2014-02-25 00:31:46", "2014-02-25 00:33:48", nospace
"2014-02-25 00:37:53", "2014-02-25 00:39:56", nospace
"2014-02-25 00:46:03", "2014-02-25 00:50:08", nospace
"2014-02-25 05:11:32", "2014-02-25 05:17:21", nospace
"2014-02-25 06:35:59", "2014-02-25 06:38:33", nospace
"2014-02-25 06:52:15", "2014-02-25 06:53:39", nospace
"2014-02-25 07:12:21", "2014-02-25 07:14:50", nospace
"2014-02-25 07:29:54", "2014-02-25 07:34:16", nospace
"2014-02-25 08:04:51", "2014-02-25 08:06:54", nospace
"2014-02-25 08:13:03", "2014-02-25 08:15:06", nospace
"2014-02-25 08:45:52", "2014-02-25 08:56:14", nospace
"2014-02-25 08:57:56", "2014-02-25 09:04:03", nospace
"2014-02-25 09:10:10", "2014-02-25 09:12:14", nospace
"2014-02-25 09:16:20", "2014-02-25 09:18:22", nospace
"2014-02-25 09:24:31", "2014-02-25 09:42:57", nospace
"2014-02-25 09:45:00", "2014-02-25 09:47:03", nospace
"2014-02-25 09:55:16", "2014-02-25 09:57:19", nospace
"2014-02-25 10:21:59", "2014-02-25 10:24:02", nospace
"2014-02-25 15:10:50", "2014-02-25 15:17:00", nospace
"2014-02-25 15:25:12", "2014-02-25 15:35:31", nospace
"2014-02-25 15:58:21", "2014-02-25 16:05:53", nospace
"2014-02-25 16:12:05", "2014-02-25 16:16:12", nospace
"2014-02-26 04:12:37", "2014-02-26 04:14:42", nospace
"2014-02-26 04:16:44", "2014-02-26 04:47:44", nospace
"2014-02-26 04:49:48", "2014-02-26 05:00:06", nospace
"2014-02-26 06:09:59", "2014-02-26 06:17:18", nospace
"2014-02-26 09:48:54", "2014-02-26 09:50:58", nospace
"2014-02-26 10:13:39", "2014-02-26 10:19:52", nospace
"2014-02-26 10:28:08", "2014-02-26 10:30:12", nospace
"2014-02-26 10:32:16", "2014-02-26 10:36:24", nospace
"2014-02-26 10:38:33", "2014-02-26 10:39:17", nospace
"2014-02-26 10:54:33", "2014-02-26 11:06:55", nospace
"2014-02-26 11:46:21", "2014-02-26 11:50:27", nospace
"2014-02-26 12:25:12", "2014-02-26 12:29:18", nospace
"2014-02-26 12:55:31", "2014-02-26 12:56:16", nospace
"2014-02-26 13:01:25", "2014-02-26 13:03:56", nospace
"2014-02-26 13:06:05", "2014-02-26 13:12:18", nospace
"2014-02-26 13:16:27", "2014-02-26 13:20:37", nospace
"2014-02-27 01:25:45", "2014-02-27 01:27:49", nospace
"2014-02-27 01:36:08", "2014-02-27 01:38:13", nospace
"2014-02-27 01:40:18", "2014-02-27 01:42:23", nospace
"2014-02-27 02:25:57", "2014-02-27 02:28:02", nospace
"2014-02-27 04:09:22", "2014-02-27 04:11:28", nospace
"2014-02-27 05:13:57", "2014-02-27 05:16:03", nospace
"2014-02-27 05:18:08", "2014-02-27 05:20:12", nospace
"2014-02-27 05:22:17", "2014-02-27 05:24:23", nospace
"2014-02-27 05:26:29", "2014-02-27 05:28:34", nospace
"2014-02-27 05:30:38", "2014-02-27 05:38:56", nospace
"2014-02-27 05:45:11", "2014-02-27 05:47:15", nospace
"2014-02-27 05:53:30", "2014-02-27 05:55:34", nospace
"2014-02-27 06:16:23", "2014-02-27 06:18:28", nospace
"2014-02-27 06:37:44", "2014-02-27 06:43:58", nospace
"2014-02-27 06:58:27", "2014-02-27 07:00:31", nospace
"2014-02-27 07:02:34", "2014-02-27 07:10:46", nospace
"2014-02-27 07:14:55", "2014-02-27 07:16:58", nospace
"2014-02-27 08:06:58", "2014-02-27 08:09:13", nospace
"2014-02-27 08:09:55", "2014-02-27 08:13:05", nospace
"2014-02-27 09:33:40", "2014-02-27 09:37:48", nospace
"2014-02-27 09:41:56", "2014-02-27 09:50:12", nospace
"2014-02-27 09:55:03", "2014-02-27 10:02:59", nospace
"2014-02-27 10:16:46", "2014-02-27 10:20:01", nospace
"2014-02-27 10:27:12", "2014-02-27 10:29:43", nospace
"2014-02-27 10:31:05", "2014-02-27 10:36:24", nospace
"2014-02-27 10:40:15", "2014-02-27 10:49:20", nospace
"2014-02-27 10:51:57", "2014-02-27 10:54:30", nospace
"2014-02-27 10:57:00", "2014-02-27 11:05:45", nospace
"2014-02-27 11:06:30", "2014-02-27 11:09:09", nospace
"2014-02-27 11:11:46", "2014-02-27 11:14:25", nospace
"2014-02-27 11:20:36", "2014-02-27 11:24:02", nospace
"2014-02-27 11:29:13", "2014-02-27 11:37:51", nospace
"2014-02-27 11:54:06", "2014-02-27 12:04:20", nospace
"2014-02-27 12:06:23", "2014-02-27 12:22:56", nospace
"2014-02-27 12:37:25", "2014-02-27 12:47:44", nospace
"2014-02-27 12:49:49", "2014-02-27 12:51:53", nospace
"2014-02-27 13:20:52", "2014-02-27 13:22:56", nospace
"2014-02-27 15:29:18", "2014-02-27 15:55:30", nospace
"2014-02-27 16:04:01", "2014-02-27 16:09:08", nospace
"2014-02-28 02:11:56", "2014-02-28 02:32:42", nospace
"2014-02-28 02:47:12", "2014-02-28 03:07:57", nospace
"2014-02-28 03:14:12", "2014-02-28 03:28:50", nospace
"2014-02-28 03:34:39", "2014-02-28 03:36:43", nospace
"2014-02-28 03:40:55", "2014-02-28 03:59:41", nospace
"2014-02-28 04:26:00", "2014-02-28 04:28:38", nospace
"2014-02-28 04:34:40", "2014-02-28 04:42:30", nospace
"2014-02-28 04:58:29", "2014-02-28 05:13:30", nospace
"2014-02-28 05:16:09", "2014-02-28 05:18:44", nospace
"2014-02-28 05:28:03", "2014-02-28 05:30:08", nospace
"2014-02-28 05:46:48", "2014-02-28 05:50:57", nospace
"2014-02-28 06:17:59", "2014-02-28 06:22:10", nospace
"2014-02-28 06:24:14", "2014-02-28 06:28:29", nospace
"2014-02-28 06:50:15", "2014-02-28 06:58:14", nospace
"2014-02-28 07:00:18", "2014-02-28 07:16:59", nospace
"2014-02-28 07:19:04", "2014-02-28 07:33:38", nospace
"2014-02-28 07:54:29", "2014-02-28 07:58:39", nospace
"2014-02-28 08:00:45", "2014-02-28 08:02:49", nospace
"2014-02-28 08:17:24", "2014-02-28 08:46:33", nospace
"2014-02-28 08:50:43", "2014-02-28 08:54:52", nospace
"2014-02-28 09:09:27", "2014-02-28 09:11:32", nospace
"2014-02-28 09:13:36", "2014-02-28 09:24:06", nospace
"2014-02-28 09:26:47", "2014-02-28 09:30:20", nospace
"2014-02-28 09:33:02", "2014-02-28 09:39:53", nospace
"2014-02-28 09:48:42", "2014-02-28 10:02:42", nospace
"2014-02-28 10:17:25", "2014-02-28 10:22:03", nospace
"2014-02-28 10:53:18", "2014-02-28 10:54:22", nospace
"2014-02-28 10:59:40", "2014-02-28 11:15:54", nospace
"2014-02-28 11:20:05", "2014-02-28 11:26:09", nospace
"2014-02-28 11:42:28", "2014-02-28 11:48:45", nospace
"2014-02-28 12:03:18", "2014-02-28 12:05:23", nospace
"2014-02-28 12:45:06", "2014-02-28 12:47:10", nospace
"2014-02-28 13:04:32", "2014-02-28 13:07:14", nospace
"2014-02-28 13:09:57", "2014-02-28 13:12:39", nospace
"2014-03-01 04:33:52", "2014-03-01 04:35:58", nospace
"2014-03-01 04:38:04", "2014-03-01 05:15:43", nospace
"2014-03-01 05:33:14", "2014-03-01 05:38:12", nospace
"2014-03-01 05:39:31", "2014-03-01 05:48:17", nospace
"2014-03-01 05:53:34", "2014-03-01 05:58:12", nospace
"2014-03-01 06:33:38", "2014-03-01 06:45:02", nospace
"2014-03-01 06:46:27", "2014-03-01 06:49:07", nospace
"2014-03-01 06:54:09", "2014-03-01 07:01:39", nospace
"2014-03-01 07:08:02", "2014-03-01 07:19:40", nospace
"2014-03-01 07:26:06", "2014-03-01 07:28:45", nospace
"2014-03-01 07:31:15", "2014-03-01 07:35:05", nospace
"2014-03-01 07:37:46", "2014-03-01 07:40:19", nospace
"2014-03-01 07:44:05", "2014-03-01 07:50:22", nospace
"2014-03-01 08:31:31", "2014-03-01 08:34:11", nospace
"2014-03-01 08:36:41", "2014-03-01 08:43:10", nospace
"2014-03-01 08:52:11", "2014-03-01 09:22:41", nospace
"2014-03-01 09:31:07", "2014-03-01 09:37:25", nospace
"2014-03-01 09:41:37", "2014-03-01 09:52:24", nospace
"2014-03-01 10:01:14", "2014-03-01 10:03:36", nospace
"2014-03-01 10:04:23", "2014-03-01 10:24:00", nospace
"2014-03-01 10:26:05", "2014-03-01 10:44:58", nospace
"2014-03-01 11:14:27", "2014-03-01 11:18:41", nospace
"2014-03-02 06:46:48", "2014-03-02 06:52:45", nospace
"2014-03-02 07:13:48", "2014-03-02 07:17:18", nospace
"2014-03-02 07:19:57", "2014-03-02 07:22:36", nospace
"2014-03-02 07:28:41", "2014-03-02 07:46:05", nospace
"2014-03-02 07:50:18", "2014-03-02 07:58:46", nospace
"2014-03-02 08:00:53", "2014-03-02 08:09:22", nospace
"2014-03-02 14:59:51", "2014-03-02 15:05:49", nospace
"2014-03-02 15:07:55", "2014-03-02 15:18:32", nospace
"2014-03-02 15:20:41", "2014-03-02 15:41:47", nospace
"2014-03-02 15:43:44", "2014-03-02 15:47:56", nospace
"2014-03-02 15:51:58", "2014-03-02 15:58:13", nospace
"2014-03-03 07:39:30", "2014-03-03 07:41:39", nospace
"2014-03-03 07:43:48", "2014-03-03 07:45:59", nospace
"2014-03-03 07:56:51", "2014-03-03 08:24:22", nospace
"2014-03-03 10:24:08", "2014-03-03 10:36:08", nospace
"2014-03-03 12:01:36", "2014-03-03 12:07:18", nospace
"2014-03-03 12:12:15", "2014-03-03 12:13:32", nospace
"2014-03-03 12:31:44", "2014-03-03 12:35:17", nospace
"2014-03-03 12:37:58", "2014-03-03 12:40:33", nospace
"2014-03-03 12:41:14", "2014-03-03 12:44:19", nospace
"2014-03-03 12:55:50", "2014-03-03 13:19:08", nospace
"2014-03-03 13:37:15", "2014-03-03 13:38:19", nospace
"2014-03-03 13:50:04", "2014-03-03 13:55:16", nospace
"2014-03-03 13:56:00", "2014-03-03 14:04:06", nospace
"2014-03-03 14:06:16", "2014-03-03 14:14:57", nospace
"2014-03-03 14:41:19", "2014-03-03 14:47:52", nospace
"2014-03-03 14:49:05", "2014-03-03 15:08:17", nospace
"2014-03-03 15:22:59", "2014-03-03 15:25:09", nospace
"2014-03-05 11:52:16", "2014-03-05 11:54:34", nospace
"2014-03-05 13:40:10", "2014-03-05 14:16:59", nospace
"2014-03-07 03:48:12", "2014-03-07 03:54:50", nospace
"2014-03-07 03:57:17", "2014-03-07 04:24:35", nospace
"2014-03-07 04:50:52", "2014-03-07 04:55:31", nospace
"2014-03-07 05:07:06", "2014-03-07 05:32:37", nospace
"2014-03-07 05:41:56", "2014-03-07 05:51:13", nospace
"2014-03-07 06:19:09", "2014-03-07 06:21:30", nospace
"2014-03-07 06:23:49", "2014-03-07 06:26:13", nospace
"2014-03-09 06:38:07", "2014-03-09 06:46:28", nospace
"2014-03-09 06:49:00", "2014-03-09 06:56:02", nospace
"2014-03-09 10:07:54", "2014-03-09 10:10:16", nospace
"2014-03-09 11:18:42", "2014-03-09 11:21:03", nospace
"2014-03-09 11:32:40", "2014-03-09 11:37:23", nospace
"2014-03-10 10:03:30", "2014-03-10 10:04:34", nospace
"2014-03-10 10:13:39", "2014-03-10 10:28:21", nospace
"2014-03-10 10:32:06", "2014-03-10 10:34:48", nospace
"2014-03-10 10:37:29", "2014-03-10 10:46:33", nospace
"2014-03-10 10:50:24", "2014-03-10 10:58:09", nospace
"2014-03-10 10:59:23", "2014-03-10 11:13:08", nospace
"2014-03-10 11:15:30", "2014-03-10 11:22:35", nospace
"2014-03-10 11:29:40", "2014-03-10 11:32:01", nospace
"2014-03-10 11:36:45", "2014-03-10 11:39:06", nospace
"2014-03-10 11:46:12", "2014-03-10 11:48:34", nospace
"2014-03-10 11:50:56", "2014-03-10 11:53:19", nospace
"2014-03-10 13:18:33", "2014-03-10 13:23:16", nospace
"2014-03-10 13:25:38", "2014-03-10 13:30:22", nospace
"2014-03-10 13:42:01", "2014-03-10 13:44:23", nospace
"2014-03-10 13:53:25", "2014-03-10 13:59:49", nospace
"2014-03-10 14:44:03", "2014-03-10 15:05:12", nospace
"2014-03-10 15:40:42", "2014-03-10 15:47:48", nospace
"2014-03-11 09:16:02", "2014-03-11 09:45:08", nospace
"2014-03-11 09:49:54", "2014-03-11 09:59:25", nospace
"2014-03-11 10:01:47", "2014-03-11 10:08:56", nospace
"2014-03-11 12:08:09", "2014-03-11 12:10:31", nospace
"2014-03-11 12:29:33", "2014-03-11 12:31:57", nospace
"2014-03-11 12:34:19", "2014-03-11 12:36:43", nospace
"2014-03-11 12:39:06", "2014-03-11 12:47:43", nospace
"2014-03-11 13:13:07", "2014-03-11 13:29:50", nospace
"2014-03-11 14:44:06", "2014-03-11 14:48:29", nospace
"2014-03-11 14:50:44", "2014-03-11 14:56:24", nospace
"2014-03-11 15:01:10", "2014-03-11 15:03:33", nospace
"2014-03-12 09:34:13", "2014-03-12 09:43:25", nospace
"2014-03-12 09:45:56", "2014-03-12 09:52:23", nospace
"2014-03-12 10:19:27", "2014-03-12 10:21:50", nospace
"2014-03-13 12:38:54", "2014-03-13 12:41:18", nospace
"2014-03-13 13:13:10", "2014-03-13 13:15:35", nospace
"2014-03-13 13:17:59", "2014-03-13 13:20:24", nospace
"2014-03-13 13:22:48", "2014-03-13 13:25:13", nospace
"2014-03-14 08:55:59", "2014-03-14 09:00:50", nospace
"2014-03-14 09:08:05", "2014-03-14 09:10:29", nospace
"2014-03-14 09:15:20", "2014-03-14 09:22:34", nospace
"2014-03-14 09:27:25", "2014-03-14 09:34:38", nospace
"2014-03-14 09:39:28", "2014-03-14 09:46:42", nospace
"2014-03-14 09:53:57", "2014-03-14 09:59:27", nospace
"2014-03-14 10:02:17", "2014-03-14 10:07:46", nospace
"2014-03-14 12:12:09", "2014-03-14 12:14:33", nospace
"2014-03-14 14:04:20", "2014-03-14 14:21:18", nospace
"2014-03-14 14:30:58", "2014-03-14 14:33:24", nospace
"2014-03-14 14:35:49", "2014-03-14 14:38:15", nospace
"2014-03-14 14:43:05", "2014-03-14 14:47:56", nospace
"2014-03-14 14:50:22", "2014-03-14 14:55:11", nospace
"2014-03-15 03:14:48", "2014-03-15 03:19:40", nospace
"2014-03-15 03:24:32", "2014-03-15 03:26:59", nospace
"2014-03-15 03:55:39", "2014-03-15 04:05:02", nospace
"2014-03-15 04:23:48", "2014-03-15 04:26:34", nospace
"2014-03-15 04:30:17", "2014-03-15 04:39:41", nospace
"2014-03-15 04:42:26", "2014-03-15 04:54:35", nospace
"2014-03-15 05:05:51", "2014-03-15 05:13:04", nospace
"2014-03-15 05:15:46", "2014-03-15 05:29:01", nospace
"2014-03-15 05:50:13", "2014-03-15 06:01:28", nospace
"2014-03-15 06:06:19", "2014-03-15 06:08:45", nospace
"2014-03-15 06:18:29", "2014-03-15 06:33:10", nospace
"2014-03-15 06:35:51", "2014-03-15 06:55:20", nospace
"2014-03-15 06:57:47", "2014-03-15 07:05:06", nospace
"2014-03-15 07:09:59", "2014-03-15 07:22:14", nospace
"2014-03-15 07:24:39", "2014-03-15 07:29:30", nospace
"2014-03-15 07:31:55", "2014-03-15 08:01:06", nospace
"2014-03-15 08:03:30", "2014-03-15 08:20:34", nospace
"2014-03-15 08:25:25", "2014-03-15 08:37:41", nospace
"2014-03-15 08:40:07", "2014-03-15 08:49:51", nospace
"2014-03-15 08:54:41", "2014-03-15 08:59:35", nospace
"2014-03-15 09:02:00", "2014-03-15 09:04:27", nospace
"2014-03-15 09:06:52", "2014-03-15 09:14:08", nospace
"2014-03-15 09:19:00", "2014-03-15 09:23:51", nospace
"2014-03-15 09:35:58", "2014-03-15 09:45:32", nospace
"2014-03-15 10:07:30", "2014-03-15 10:17:15", nospace
"2014-03-15 10:58:42", "2014-03-15 11:03:33", nospace
"2014-03-16 03:08:07", "2014-03-16 03:10:33", nospace
"2014-03-16 03:33:42", "2014-03-16 04:02:34", nospace
"2014-03-16 04:29:26", "2014-03-16 04:46:29", nospace
"2014-03-16 04:48:56", "2014-03-16 04:51:23", nospace
"2014-03-16 05:25:38", "2014-03-16 05:39:24", nospace
"2014-03-16 05:40:50", "2014-03-16 05:41:33", nospace
"2014-03-16 05:48:18", "2014-03-16 05:53:11", nospace
"2014-03-16 06:22:31", "2014-03-16 06:34:24", nospace
"2014-03-16 06:59:50", "2014-03-16 07:09:42", nospace
"2014-03-16 07:10:29", "2014-03-16 07:11:16", nospace
"2014-03-16 07:21:09", "2014-03-16 07:27:46", nospace
"2014-03-16 07:32:39", "2014-03-16 07:52:09", nospace
"2014-03-16 07:59:31", "2014-03-16 08:23:57", nospace
"2014-03-16 08:38:34", "2014-03-16 08:43:27", nospace
"2014-03-16 08:45:53", "2014-03-16 08:53:12", nospace
"2014-03-16 08:55:38", "2014-03-16 09:05:24", nospace
"2014-03-16 12:27:40", "2014-03-16 12:44:49", nobike
"2014-03-16 12:47:19", "2014-03-16 12:52:14", nobike
"2014-03-17 01:08:04", "2014-03-17 01:30:08", nobike
"2014-03-17 04:15:21", "2014-03-17 04:37:28", nospace
"2014-03-17 09:58:46", "2014-03-17 10:01:14", nospace
"2014-03-17 10:06:09", "2014-03-17 10:08:36", nospace
"2014-03-17 10:11:03", "2014-03-17 10:13:31", nospace
"2014-03-17 10:18:24", "2014-03-17 10:23:23", nospace
"2014-03-17 10:25:51", "2014-03-17 10:28:18", nospace
"2014-03-17 12:58:18", "2014-03-17 13:03:27", nospace
"2014-03-17 13:07:36", "2014-03-17 13:17:28", nospace
"2014-03-17 13:19:55", "2014-03-17 13:22:23", nospace
"2014-03-17 13:27:18", "2014-03-17 13:37:08", nospace
"2014-03-17 13:42:02", "2014-03-17 13:44:29", nospace
"2014-03-17 13:46:56", "2014-03-17 13:49:24", nospace
"2014-03-18 09:58:31", "2014-03-18 10:03:26", nospace
"2014-03-18 10:07:55", "2014-03-18 10:08:44", nospace
"2014-03-18 10:21:36", "2014-03-18 10:24:05", nospace
"2014-03-18 13:15:39", "2014-03-18 13:23:04", nospace
"2014-03-18 13:28:01", "2014-03-18 13:32:56", nospace
"2014-03-18 13:35:25", "2014-03-18 13:37:54", nospace
"2014-03-18 13:40:21", "2014-03-18 13:47:47", nospace
"2014-03-18 13:50:17", "2014-03-18 13:52:46", nospace
"2014-03-18 13:55:15", "2014-03-18 14:00:13", nospace
"2014-03-18 14:02:40", "2014-03-18 14:05:09", nospace
"2014-03-19 06:34:35", "2014-03-19 06:37:04", nospace
"2014-03-19 08:33:13", "2014-03-19 08:49:34", nospace
"2014-03-19 08:51:35", "2014-03-19 09:04:06", nospace
"2014-03-19 09:09:04", "2014-03-19 09:14:02", nospace
"2014-03-19 09:21:29", "2014-03-19 09:43:51", nospace
"2014-03-19 09:46:20", "2014-03-19 09:53:47", nospace
"2014-03-19 09:56:15", "2014-03-19 09:58:44", nospace
"2014-03-19 10:01:13", "2014-03-19 10:16:10", nospace
"2014-03-19 10:26:07", "2014-03-19 10:28:38", nospace
"2014-03-19 10:33:36", "2014-03-19 10:36:04", nospace
"2014-03-19 10:38:32", "2014-03-19 10:41:01", nospace
"2014-03-19 10:41:45", "2014-03-19 10:43:13", nospace
"2014-03-19 10:44:36", "2014-03-19 10:47:05", nospace
"2014-03-19 10:52:03", "2014-03-19 11:09:28", nospace
"2014-03-19 11:54:08", "2014-03-19 11:59:05", nospace
"2014-03-19 13:13:39", "2014-03-19 13:31:06", nospace
"2014-03-19 13:36:03", "2014-03-19 13:43:30", nospace
"2014-03-19 23:01:24", "2014-03-19 23:11:21", nobike
"2014-03-19 23:13:49", "2014-03-19 23:18:49", nobike
"2014-03-19 23:28:45", "2014-03-19 23:33:43", nobike
"2014-03-20 10:58:05", "2014-03-20 11:00:35", nospace
"2014-03-20 11:15:36", "2014-03-20 11:18:05", nospace
"2014-03-20 11:20:36", "2014-03-20 11:23:07", nospace
"2014-03-20 11:25:37", "2014-03-20 11:28:06", nospace
"2014-03-20 14:23:50", "2014-03-20 14:33:48", nospace
"2014-03-20 16:30:36", "2014-03-20 16:57:00", nospace
"2014-03-21 09:41:59", "2014-03-21 09:59:32", nospace
"2014-03-21 13:13:39", "2014-03-21 13:16:09", nospace
"2014-03-21 14:36:35", "2014-03-21 14:49:08", nospace
"2014-03-22 02:14:39", "2014-03-22 02:37:16", nospace
"2014-03-22 03:02:23", "2014-03-22 03:24:39", nospace
"2014-03-22 03:26:15", "2014-03-22 03:38:29", nospace
"2014-03-22 03:40:59", "2014-03-22 03:43:31", nospace
"2014-03-22 03:46:02", "2014-03-22 03:48:33", nospace
"2014-03-22 03:56:06", "2014-03-22 03:58:37", nospace
"2014-03-22 04:01:08", "2014-03-22 04:26:18", nospace
"2014-03-22 04:28:51", "2014-03-22 04:31:21", nospace
"2014-03-22 04:51:28", "2014-03-22 04:53:59", nospace
"2014-03-22 05:06:33", "2014-03-22 05:11:35", nospace
"2014-03-22 05:19:07", "2014-03-22 05:21:39", nospace
"2014-03-22 05:26:42", "2014-03-22 05:29:13", nospace
"2014-03-22 05:49:29", "2014-03-22 05:52:02", nospace
"2014-03-22 05:54:35", "2014-03-22 05:57:07", nospace
"2014-03-22 05:59:37", "2014-03-22 06:08:21", nospace
"2014-03-22 06:20:58", "2014-03-22 06:26:04", nospace
"2014-03-22 06:43:56", "2014-03-22 07:01:32", nospace
"2014-03-22 07:04:03", "2014-03-22 07:06:33", nospace
"2014-03-22 07:19:08", "2014-03-22 07:31:42", nospace
"2014-03-22 07:41:45", "2014-03-22 07:56:52", nospace
"2014-03-22 08:09:28", "2014-03-22 08:24:37", nospace
"2014-03-22 09:28:33", "2014-03-22 09:31:04", nospace
"2014-03-23 02:23:22", "2014-03-23 02:26:47", nospace
"2014-03-23 02:54:33", "2014-03-23 02:57:04", nospace
"2014-03-23 02:59:36", "2014-03-23 03:12:13", nospace
"2014-03-23 03:29:53", "2014-03-23 03:34:56", nospace
"2014-03-23 03:52:36", "2014-03-23 03:57:40", nospace
"2014-03-23 04:00:12", "2014-03-23 04:10:20", nospace
"2014-03-23 04:12:51", "2014-03-23 04:29:16", nospace
"2014-03-23 04:34:32", "2014-03-23 04:35:23", nospace
"2014-03-23 04:49:28", "2014-03-23 04:58:42", nospace
"2014-03-23 05:03:47", "2014-03-23 05:16:26", nospace
"2014-03-23 05:43:17", "2014-03-23 05:50:23", nospace
"2014-03-23 05:52:53", "2014-03-23 06:13:08", nospace
"2014-03-23 06:30:53", "2014-03-23 06:35:59", nospace
"2014-03-23 06:38:31", "2014-03-23 06:54:00", nospace
"2014-03-23 07:06:36", "2014-03-23 07:09:07", nospace
"2014-03-23 07:19:14", "2014-03-23 07:21:46", nospace
"2014-03-23 07:44:34", "2014-03-23 07:57:15", nospace
"2014-03-23 08:02:20", "2014-03-23 08:25:06", nospace
"2014-03-23 08:27:37", "2014-03-23 08:42:50", nospace
"2014-03-23 08:50:26", "2014-03-23 09:03:05", nospace
"2014-03-23 09:05:36", "2014-03-23 09:10:40", nospace
"2014-03-23 09:13:13", "2014-03-23 09:28:29", nospace
"2014-03-23 09:43:38", "2014-03-23 09:57:14", nospace
"2014-03-23 09:59:46", "2014-03-23 10:07:23", nospace
"2014-03-23 10:17:30", "2014-03-23 10:25:04", nospace
"2014-03-24 09:08:45", "2014-03-24 09:11:18", nospace
"2014-03-24 09:30:05", "2014-03-24 09:42:46", nospace
"2014-03-24 09:45:19", "2014-03-24 09:50:24", nospace
"2014-03-24 09:55:29", "2014-03-24 10:00:35", nospace
"2014-03-24 10:15:51", "2014-03-24 10:20:57", nospace
"2014-03-24 10:26:02", "2014-03-24 10:38:44", nospace
"2014-03-24 11:48:25", "2014-03-24 12:03:44", nospace
"2014-03-24 13:17:31", "2014-03-24 13:25:12", nospace
"2014-03-24 13:32:50", "2014-03-24 13:40:30", nospace
"2014-03-24 13:50:42", "2014-03-24 14:00:56", nospace
"2014-03-24 14:13:41", "2014-03-24 14:16:13", nospace
"2014-03-24 14:28:59", "2014-03-24 14:34:06", nospace
"2014-03-25 06:10:39", "2014-03-25 06:13:13", nospace
"2014-03-25 06:15:47", "2014-03-25 06:18:21", nospace
"2014-03-25 06:23:26", "2014-03-25 06:26:03", nospace
"2014-03-25 06:28:36", "2014-03-25 06:37:59", nospace
"2014-03-25 06:38:44", "2014-03-25 07:04:51", nospace
"2014-03-25 07:07:25", "2014-03-25 07:17:38", nospace
"2014-03-25 07:20:11", "2014-03-25 07:22:43", nospace
"2014-03-25 07:25:16", "2014-03-25 07:32:57", nospace
"2014-03-25 07:35:28", "2014-03-25 07:48:13", nospace
"2014-03-25 07:53:18", "2014-03-25 07:58:27", nospace
"2014-03-25 08:01:00", "2014-03-25 08:06:07", nospace
"2014-03-25 08:13:49", "2014-03-25 08:16:22", nospace
"2014-03-25 08:21:29", "2014-03-25 08:34:17", nospace
"2014-03-25 08:41:57", "2014-03-25 08:47:06", nospace
"2014-03-25 08:49:39", "2014-03-25 08:52:14", nospace
"2014-03-25 09:07:31", "2014-03-25 09:17:46", nospace
"2014-03-25 09:22:55", "2014-03-25 09:28:02", nospace
"2014-03-25 09:28:46", "2014-03-25 09:29:29", nospace
"2014-03-25 09:31:55", "2014-03-25 09:34:30", nospace
"2014-03-25 09:49:53", "2014-03-25 09:52:26", nospace
"2014-03-25 09:57:33", "2014-03-25 10:00:09", nospace
"2014-03-25 10:05:19", "2014-03-25 10:07:54", nospace
"2014-03-25 10:28:20", "2014-03-25 10:33:26", nospace
"2014-03-25 10:38:35", "2014-03-25 10:43:40", nospace
"2014-03-25 11:16:57", "2014-03-25 11:19:31", nospace
"2014-03-25 11:24:38", "2014-03-25 11:34:50", nospace
"2014-03-25 11:45:06", "2014-03-25 11:47:40", nospace
"2014-03-25 11:52:48", "2014-03-25 11:55:21", nospace
"2014-03-25 12:05:35", "2014-03-25 12:08:09", nospace
"2014-03-25 12:46:35", "2014-03-25 12:49:08", nospace
"2014-03-25 12:56:48", "2014-03-25 13:01:54", nospace
"2014-03-25 13:04:29", "2014-03-25 13:06:16", nospace
"2014-03-25 13:13:10", "2014-03-25 13:15:44", nospace
"2014-03-25 13:23:25", "2014-03-25 13:28:31", nospace
"2014-03-26 06:36:15", "2014-03-26 06:38:50", nospace
"2014-03-26 06:40:18", "2014-03-26 06:47:57", nospace
"2014-03-26 06:49:26", "2014-03-26 06:52:26", nospace
"2014-03-26 06:54:59", "2014-03-26 07:02:41", nospace
"2014-03-26 07:05:14", "2014-03-26 07:10:21", nospace
"2014-03-26 07:56:34", "2014-03-26 08:04:17", nospace
"2014-03-26 08:09:24", "2014-03-26 08:11:57", nospace
"2014-03-26 09:47:57", "2014-03-26 09:55:39", nospace
"2014-03-26 09:58:13", "2014-03-26 10:00:48", nospace
"2014-03-26 10:03:22", "2014-03-26 10:08:30", nospace
"2014-03-26 10:11:05", "2014-03-26 10:21:23", nospace
"2014-03-26 10:23:59", "2014-03-26 10:26:33", nospace
"2014-03-26 10:52:45", "2014-03-26 10:55:21", nospace
"2014-03-26 10:56:53", "2014-03-26 10:59:47", nospace
"2014-03-26 11:02:39", "2014-03-26 11:11:26", nospace
"2014-03-26 11:13:57", "2014-03-26 11:18:18", nospace
"2014-03-26 11:23:12", "2014-03-26 11:31:48", nospace
"2014-03-26 11:34:23", "2014-03-26 11:36:55", nospace
"2014-03-26 12:10:18", "2014-03-26 12:12:53", nospace
"2014-03-27 07:49:17", "2014-03-27 07:54:27", nospace
"2014-03-27 07:57:01", "2014-03-27 07:59:35", nospace
"2014-03-27 08:02:09", "2014-03-27 08:09:54", nospace
"2014-03-27 08:12:28", "2014-03-27 08:15:03", nospace
"2014-03-27 08:17:38", "2014-03-27 08:20:12", nospace
"2014-03-27 08:22:45", "2014-03-27 08:27:54", nospace
"2014-03-27 08:30:28", "2014-03-27 08:38:09", nospace
"2014-03-27 08:40:44", "2014-03-27 08:45:53", nospace
"2014-03-27 08:48:27", "2014-03-27 09:06:29", nospace
"2014-03-27 09:19:22", "2014-03-27 09:29:40", nospace
"2014-03-27 09:32:15", "2014-03-27 09:37:23", nospace
"2014-03-27 09:39:58", "2014-03-27 09:42:32", nospace
"2014-03-27 10:00:32", "2014-03-27 10:05:42", nospace
"2014-03-27 10:10:50", "2014-03-27 10:13:25", nospace
"2014-03-27 10:18:36", "2014-03-27 10:21:09", nospace
"2014-03-27 10:39:11", "2014-03-27 10:44:21", nospace
"2014-03-27 10:49:30", "2014-03-27 10:54:40", nospace
"2014-03-27 11:02:25", "2014-03-27 11:05:00", nospace
"2014-03-27 13:22:21", "2014-03-27 13:24:56", nospace
"2014-03-28 00:49:56", "2014-03-28 00:52:30", nospace
"2014-03-28 07:50:47", "2014-03-28 07:53:22", nospace
"2014-03-28 07:55:57", "2014-03-28 07:57:33", nospace
"2014-03-28 08:03:18", "2014-03-28 08:05:56", nospace
"2014-03-28 08:25:33", "2014-03-28 08:33:22", nospace
"2014-03-28 08:36:00", "2014-03-28 08:56:42", nospace
"2014-03-28 08:59:18", "2014-03-28 09:07:03", nospace
"2014-03-28 09:12:13", "2014-03-28 09:27:47", nospace
"2014-03-28 09:43:19", "2014-03-28 09:48:28", nospace
"2014-03-28 09:53:38", "2014-03-28 09:56:12", nospace
"2014-03-28 09:58:47", "2014-03-28 10:06:33", nospace
"2014-03-28 10:11:44", "2014-03-28 10:29:52", nospace
"2014-03-28 10:32:27", "2014-03-28 10:37:38", nospace
"2014-03-28 11:03:33", "2014-03-28 11:08:44", nospace
"2014-03-28 11:11:20", "2014-03-28 11:29:30", nospace
"2014-03-28 11:32:05", "2014-03-28 11:36:08", nospace
"2014-03-28 11:39:01", "2014-03-28 11:41:58", nospace
"2014-03-28 11:44:21", "2014-03-28 11:48:56", nospace
"2014-03-28 13:09:09", "2014-03-28 13:11:43", nospace
"2014-03-28 13:16:54", "2014-03-28 13:22:07", nospace
"2014-03-28 13:27:18", "2014-03-28 13:29:54", nospace
"2014-03-28 14:13:58", "2014-03-28 14:16:33", nospace
"2014-03-28 14:39:51", "2014-03-28 14:45:03", nospace
"2014-03-28 16:05:21", "2014-03-28 16:18:21", nospace
"2014-03-28 16:20:58", "2014-03-28 16:36:31", nospace
"2014-03-28 16:52:05", "2014-03-28 17:25:48", nospace
"2014-03-29 01:42:36", "2014-03-29 01:50:23", nospace
"2014-03-29 01:52:58", "2014-03-29 01:59:46", nospace
"2014-03-29 02:11:29", "2014-03-29 02:20:07", nospace
"2014-03-29 02:25:19", "2014-03-29 02:38:17", nospace
"2014-03-29 03:27:41", "2014-03-29 03:32:54", nospace
"2014-03-29 04:33:44", "2014-03-29 04:36:20", nospace
"2014-03-29 04:41:32", "2014-03-29 04:46:44", nospace
"2014-03-29 04:49:19", "2014-03-29 04:59:42", nospace
"2014-03-29 05:15:17", "2014-03-29 05:25:39", nospace
"2014-03-29 05:43:53", "2014-03-29 05:51:42", nospace
"2014-03-29 06:12:31", "2014-03-29 06:15:08", nospace
"2014-03-29 06:17:44", "2014-03-29 06:48:57", nospace
"2014-03-29 07:46:24", "2014-03-29 07:53:05", nospace
"2014-03-29 07:54:36", "2014-03-29 07:57:54", nospace
"2014-03-29 08:00:31", "2014-03-29 08:03:07", nospace
"2014-03-29 08:05:42", "2014-03-29 08:08:19", nospace
"2014-03-29 08:10:55", "2014-03-29 08:16:07", nospace
"2014-03-29 08:18:44", "2014-03-29 08:21:21", nospace
"2014-03-29 08:23:57", "2014-03-29 08:38:40", nospace
"2014-03-29 08:39:25", "2014-03-29 08:40:54", nospace
"2014-03-29 08:43:17", "2014-03-29 08:53:43", nospace
"2014-03-29 09:01:31", "2014-03-29 09:06:43", nospace
"2014-03-29 09:14:35", "2014-03-29 09:27:35", nospace
"2014-03-29 09:32:48", "2014-03-29 09:38:00", nospace
"2014-03-29 09:40:35", "2014-03-29 09:43:11", nospace
"2014-03-29 09:53:37", "2014-03-29 10:01:25", nospace
"2014-03-29 10:03:28", "2014-03-29 10:07:22", nospace
"2014-03-29 10:12:51", "2014-03-29 10:17:33", nospace
"2014-03-30 03:04:46", "2014-03-30 03:07:24", nospace
"2014-03-30 03:25:42", "2014-03-30 03:30:55", nospace
"2014-03-30 03:36:09", "2014-03-30 03:41:21", nospace
"2014-03-30 03:59:35", "2014-03-30 04:04:48", nospace
"2014-03-30 04:07:25", "2014-03-30 04:13:40", nospace
"2014-03-30 04:31:56", "2014-03-30 04:34:51", nospace
"2014-03-30 08:03:55", "2014-03-30 08:05:01", nospace
"2014-03-30 08:28:48", "2014-03-30 08:31:26", nospace
"2014-03-30 08:36:41", "2014-03-30 08:44:32", nospace
"2014-03-30 08:55:01", "2014-03-30 09:05:27", nospace
"2014-03-30 09:10:40", "2014-03-30 09:15:54", nospace
"2014-03-30 09:21:08", "2014-03-30 09:24:41", nospace
"2014-03-30 09:25:26", "2014-03-30 09:27:34", nospace
"2014-03-30 09:58:59", "2014-03-30 10:01:36", nospace
"2014-03-30 10:04:13", "2014-03-30 10:06:50", nospace
"2014-03-30 10:38:13", "2014-03-30 10:40:51", nospace
"2014-03-31 04:37:44", "2014-03-31 04:47:00", nospace
"2014-03-31 04:48:58", "2014-03-31 05:02:05", nospace
"2014-03-31 05:40:05", "2014-03-31 05:42:42", nospace
"2014-03-31 09:27:25", "2014-03-31 09:32:40", nospace
"2014-03-31 09:45:46", "2014-03-31 09:48:24", nospace
"2014-03-31 09:56:15", "2014-03-31 10:04:05", nospace
"2014-03-31 10:14:35", "2014-03-31 10:17:13", nospace
"2014-03-31 11:41:15", "2014-03-31 11:43:52", nospace
"2014-03-31 11:46:29", "2014-03-31 11:51:44", nospace
"2014-03-31 12:25:52", "2014-03-31 12:31:05", nospace
"2014-03-31 12:33:43", "2014-03-31 12:38:58", nospace
"2014-03-31 12:41:36", "2014-03-31 12:46:52", nospace
"2014-03-31 12:49:30", "2014-03-31 12:52:09", nospace
"2014-04-01 08:37:29", "2014-04-01 08:55:58", nospace
"2014-04-01 09:11:48", "2014-04-01 09:17:06", nospace
"2014-04-01 09:19:46", "2014-04-01 09:27:41", nospace
"2014-04-01 09:40:49", "2014-04-01 09:43:28", nospace
"2014-04-01 09:46:06", "2014-04-01 09:51:22", nospace
"2014-04-01 09:56:38", "2014-04-01 09:59:17", nospace
"2014-04-01 10:01:54", "2014-04-01 10:12:27", nospace
"2014-04-01 10:15:06", "2014-04-01 10:17:43", nospace
"2014-04-01 10:52:02", "2014-04-01 10:54:40", nospace
"2014-04-01 10:57:17", "2014-04-01 10:59:55", nospace
"2014-04-01 11:02:36", "2014-04-01 11:05:13", nospace
"2014-04-01 11:13:08", "2014-04-01 11:15:47", nospace
"2014-04-02 02:41:42", "2014-04-02 02:52:17", nospace
"2014-04-02 03:00:13", "2014-04-02 03:08:09", nospace
"2014-04-02 03:16:07", "2014-04-02 03:18:46", nospace
"2014-04-02 03:53:09", "2014-04-02 04:11:41", nospace
"2014-04-02 04:20:23", "2014-04-02 04:37:17", nospace
"2014-04-02 04:40:12", "2014-04-02 05:07:03", nospace
"2014-04-02 06:00:19", "2014-04-02 06:02:59", nospace
"2014-04-02 06:44:34", "2014-04-02 06:47:28", nospace
"2014-04-02 06:50:24", "2014-04-02 06:54:29", nospace
"2014-04-02 06:57:24", "2014-04-02 07:04:30", nospace
"2014-04-02 08:49:09", "2014-04-02 08:51:48", nospace
"2014-04-02 08:57:05", "2014-04-02 08:59:44", nospace
"2014-04-02 09:20:56", "2014-04-02 09:28:52", nospace
"2014-04-02 09:31:32", "2014-04-02 09:50:05", nospace
"2014-04-02 10:00:40", "2014-04-02 10:03:18", nospace
"2014-04-02 10:16:31", "2014-04-02 10:27:08", nospace
"2014-04-02 10:29:47", "2014-04-02 10:32:26", nospace
"2014-04-02 10:35:05", "2014-04-02 10:37:44", nospace
"2014-04-02 10:52:29", "2014-04-02 10:53:52", nospace
"2014-04-02 11:01:50", "2014-04-02 11:09:01", nospace
"2014-04-02 11:11:14", "2014-04-02 11:13:34", nospace
"2014-04-02 11:29:29", "2014-04-02 11:41:39", nospace
"2014-04-02 11:45:45", "2014-04-02 11:48:42", nospace
"2014-04-02 12:45:47", "2014-04-02 12:53:44", nospace
"2014-04-04 03:55:06", "2014-04-04 03:57:46", nospace
"2014-04-04 04:05:49", "2014-04-04 04:08:29", nospace
"2014-04-04 04:13:50", "2014-04-04 04:21:23", nospace
"2014-04-04 04:31:12", "2014-04-04 04:33:19", nospace
"2014-04-04 04:47:32", "2014-04-04 04:50:12", nospace
"2014-04-04 04:52:52", "2014-04-04 05:03:33", nospace
"2014-04-04 05:19:37", "2014-04-04 05:38:19", nospace
"2014-04-04 05:46:19", "2014-04-04 06:13:03", nospace
"2014-04-04 06:15:42", "2014-04-04 06:18:23", nospace
"2014-04-04 06:21:04", "2014-04-04 06:26:29", nospace
"2014-04-04 06:35:04", "2014-04-04 06:46:40", nospace
"2014-04-04 06:47:24", "2014-04-04 07:26:55", nospace
"2014-04-04 07:29:36", "2014-04-04 07:34:56", nospace
"2014-04-04 07:53:39", "2014-04-04 08:04:21", nospace
"2014-04-04 08:07:00", "2014-04-04 08:15:02", nospace
"2014-04-04 08:17:43", "2014-04-04 08:23:06", nospace
"2014-04-04 08:25:47", "2014-04-04 08:33:48", nospace
"2014-04-04 08:57:50", "2014-04-04 09:00:30", nospace
"2014-04-04 09:03:10", "2014-04-04 09:05:48", nospace
"2014-04-04 09:29:52", "2014-04-04 09:37:52", nospace
"2014-04-04 09:43:16", "2014-04-04 09:48:36", nospace
"2014-04-04 10:04:38", "2014-04-04 10:26:02", nospace
"2014-04-04 12:38:26", "2014-04-04 12:46:27", nospace
"2014-04-04 15:19:02", "2014-04-04 15:43:20", nospace
"2014-04-05 03:47:47", "2014-04-05 03:50:28", nospace
"2014-04-05 03:53:09", "2014-04-05 03:55:50", nospace
"2014-04-05 03:58:31", "2014-04-05 04:03:51", nospace
"2014-04-05 04:52:34", "2014-04-05 04:57:01", nospace
"2014-04-05 05:43:31", "2014-04-05 05:54:14", nospace
"2014-04-05 05:59:36", "2014-04-05 06:02:18", nospace
"2014-04-05 06:03:30", "2014-04-05 06:26:48", nospace
"2014-04-05 06:29:51", "2014-04-05 06:48:30", nospace
"2014-04-05 06:51:31", "2014-04-05 06:54:31", nospace
"2014-04-05 06:56:05", "2014-04-05 07:04:03", nospace
"2014-04-05 07:04:46", "2014-04-05 07:22:36", nospace
"2014-04-05 07:25:18", "2014-04-05 07:46:47", nospace
"2014-04-05 07:49:26", "2014-04-05 07:52:07", nospace
"2014-04-05 07:54:47", "2014-04-05 08:05:32", nospace
"2014-04-05 08:08:13", "2014-04-05 08:24:22", nospace
"2014-04-05 08:27:02", "2014-04-05 08:45:49", nospace
"2014-04-05 08:48:30", "2014-04-05 08:51:11", nospace
"2014-04-05 09:20:43", "2014-04-05 09:23:25", nospace
"2014-04-05 09:31:26", "2014-04-05 09:34:07", nospace
"2014-04-05 10:03:40", "2014-04-05 10:06:21", nospace
"2014-04-05 10:30:32", "2014-04-05 10:33:13", nospace
"2014-04-06 03:53:03", "2014-04-06 03:58:26", nospace
"2014-04-06 04:01:07", "2014-04-06 04:03:49", nospace
"2014-04-06 05:18:49", "2014-04-06 05:20:35", nospace
"2014-04-06 05:31:19", "2014-04-06 05:34:01", nospace
"2014-04-06 05:39:25", "2014-04-06 05:44:48", nospace
"2014-04-06 06:32:04", "2014-04-06 06:50:01", nospace
"2014-04-06 06:52:43", "2014-04-06 07:10:46", nospace
"2014-04-06 07:11:46", "2014-04-06 07:28:18", nospace
"2014-04-06 07:39:53", "2014-04-06 07:45:16", nospace
"2014-04-06 07:57:25", "2014-04-06 08:32:27", nospace
"2014-04-06 08:40:32", "2014-04-06 08:43:13", nospace
"2014-04-06 09:07:29", "2014-04-06 09:10:11", nospace
"2014-04-06 09:45:15", "2014-04-06 09:47:56", nospace
"2014-04-06 11:12:56", "2014-04-06 11:21:01", nospace
"2014-04-07 04:38:09", "2014-04-07 05:16:00", nobike
"2014-04-07 09:49:43", "2014-04-07 09:55:07", nospace
"2014-04-07 14:20:49", "2014-04-07 14:26:14", nospace
"2014-04-07 14:50:35", "2014-04-07 14:53:17", nospace
"2014-04-07 14:57:51", "2014-04-07 15:13:50", nospace
"2014-04-07 15:59:57", "2014-04-07 16:10:49", nospace
"2014-04-07 16:13:32", "2014-04-07 16:54:09", nospace
"2014-04-07 17:07:44", "2014-04-07 21:55:52", nospace
"2014-04-07 22:01:18", "2014-04-07 22:06:45", nospace
"2014-04-07 22:12:09", "2014-04-07 22:14:53", nospace
"2014-04-08 03:43:40", "2014-04-08 03:57:14", nospace
"2014-04-08 03:59:58", "2014-04-08 04:02:44", nospace
"2014-04-08 04:09:35", "2014-04-08 04:12:18", nospace
"2014-04-08 04:34:01", "2014-04-08 04:47:35", nospace
"2014-04-08 04:53:02", "2014-04-08 04:58:29", nospace
"2014-04-08 05:17:27", "2014-04-08 05:22:52", nospace
"2014-04-08 05:28:18", "2014-04-08 05:31:02", nospace
"2014-04-08 05:32:47", "2014-04-08 05:40:40", nospace
"2014-04-08 05:46:05", "2014-04-08 05:56:59", nospace
"2014-04-08 08:32:45", "2014-04-08 08:35:44", nospace
"2014-04-08 08:37:50", "2014-04-08 08:47:51", nospace
"2014-04-08 08:53:16", "2014-04-08 09:24:33", nospace
"2014-04-08 09:27:15", "2014-04-08 09:43:35", nospace
"2014-04-08 09:49:00", "2014-04-08 09:54:28", nospace
"2014-04-08 10:11:20", "2014-04-08 10:13:40", nospace
"2014-04-08 10:15:42", "2014-04-08 10:21:46", nospace
"2014-04-08 10:23:55", "2014-04-08 10:28:31", nospace
"2014-04-08 10:36:40", "2014-04-08 10:41:06", nospace
"2014-04-08 11:21:38", "2014-04-08 11:32:29", nospace
"2014-04-08 12:10:28", "2014-04-08 12:21:22", nospace
"2014-04-08 13:18:26", "2014-04-08 13:23:52", nospace
"2014-04-08 13:32:01", "2014-04-08 13:45:36", nospace
"2014-04-08 13:48:21", "2014-04-08 13:53:46", nospace
"2014-04-08 14:20:58", "2014-04-08 14:23:41", nospace
"2014-04-09 02:30:34", "2014-04-09 02:33:17", nospace
"2014-04-09 02:44:10", "2014-04-09 02:46:53", nospace
"2014-04-09 02:49:36", "2014-04-09 02:57:46", nospace
"2014-04-09 03:03:13", "2014-04-09 03:11:23", nospace
"2014-04-09 03:35:54", "2014-04-09 03:41:21", nospace
"2014-04-09 03:52:14", "2014-04-09 03:57:41", nospace
"2014-04-09 04:08:34", "2014-04-09 04:16:44", nospace
"2014-04-09 04:19:27", "2014-04-09 04:22:10", nospace
"2014-04-09 04:24:54", "2014-04-09 04:57:35", nospace
"2014-04-09 05:00:18", "2014-04-09 05:51:10", nospace
"2014-04-09 06:34:47", "2014-04-09 06:48:45", nospace
"2014-04-09 06:56:56", "2014-04-09 07:24:07", nospace
"2014-04-09 09:07:42", "2014-04-09 09:24:02", nospace
"2014-04-09 09:26:46", "2014-04-09 09:40:23", nospace
"2014-04-09 09:43:07", "2014-04-09 09:56:45", nospace
"2014-04-09 11:21:10", "2014-04-09 11:22:16", nospace
"2014-04-09 11:23:14", "2014-04-09 11:26:13", nospace
"2014-04-09 11:49:56", "2014-04-09 11:58:04", nospace
"2014-04-09 15:08:29", "2014-04-09 15:11:13", nospace
"2014-04-09 15:27:33", "2014-04-09 16:05:42", nospace
"2014-04-09 16:13:56", "2014-04-09 16:16:40", nospace
"2014-04-09 16:19:24", "2014-04-09 16:24:52", nospace
"2014-04-10 04:26:17", "2014-04-10 04:50:52", nospace
"2014-04-10 04:53:36", "2014-04-10 04:56:20", nospace
"2014-04-10 04:59:03", "2014-04-10 05:07:14", nospace
"2014-04-10 05:09:57", "2014-04-10 05:15:25", nospace
"2014-04-10 05:23:40", "2014-04-10 05:26:23", nospace
"2014-04-10 06:12:51", "2014-04-10 06:21:03", nospace
"2014-04-10 06:24:14", "2014-04-10 06:33:03", nospace
"2014-04-10 06:41:04", "2014-04-10 06:42:44", nospace
"2014-04-10 06:48:49", "2014-04-10 06:51:04", nospace
"2014-04-10 06:58:35", "2014-04-10 07:01:18", nospace
"2014-04-10 07:04:04", "2014-04-10 07:06:47", nospace
"2014-04-10 07:09:32", "2014-04-10 07:15:00", nospace
"2014-04-10 07:20:28", "2014-04-10 07:23:13", nospace
"2014-04-10 07:28:39", "2014-04-10 07:31:23", nospace
"2014-04-10 07:36:51", "2014-04-10 07:39:35", nospace
"2014-04-10 07:45:03", "2014-04-10 07:58:42", nospace
"2014-04-10 08:04:12", "2014-04-10 08:06:55", nospace
"2014-04-10 08:09:39", "2014-04-10 08:12:22", nospace
"2014-04-10 09:11:47", "2014-04-10 09:17:16", nospace
"2014-04-10 09:18:49", "2014-04-10 09:24:42", nospace
"2014-04-10 09:35:57", "2014-04-10 09:40:39", nospace
"2014-04-10 09:43:23", "2014-04-10 09:46:07", nospace
"2014-04-10 09:48:51", "2014-04-10 09:51:35", nospace
"2014-04-10 09:54:18", "2014-04-10 09:57:01", nospace
"2014-04-10 10:07:58", "2014-04-10 10:16:10", nospace
"2014-04-10 10:29:52", "2014-04-10 10:40:47", nospace
"2014-04-10 10:43:33", "2014-04-10 10:49:01", nospace
"2014-04-10 10:51:44", "2014-04-10 10:57:12", nospace
"2014-04-10 10:59:57", "2014-04-10 11:02:42", nospace
"2014-04-10 11:05:26", "2014-04-10 11:08:09", nospace
"2014-04-10 11:10:53", "2014-04-10 11:13:38", nospace
"2014-04-10 12:07:04", "2014-04-10 12:12:34", nospace
"2014-04-10 12:18:00", "2014-04-10 12:23:27", nospace
"2014-04-10 12:26:12", "2014-04-10 12:31:39", nospace
"2014-04-10 13:48:43", "2014-04-10 13:49:43", nospace
"2014-04-10 13:57:55", "2014-04-10 14:00:39", nospace
"2014-04-10 14:08:53", "2014-04-10 14:11:36", nospace
"2014-04-10 15:02:33", "2014-04-10 15:08:04", nospace
"2014-04-11 02:30:02", "2014-04-11 02:32:45", nospace
"2014-04-11 02:51:55", "2014-04-11 02:54:39", nospace
"2014-04-11 03:00:08", "2014-04-11 03:11:06", nospace
"2014-04-11 03:48:27", "2014-04-11 03:52:56", nospace
"2014-04-11 04:12:53", "2014-04-11 04:15:38", nospace
"2014-04-11 04:21:07", "2014-04-11 04:37:33", nospace
"2014-04-11 04:48:31", "2014-04-11 04:51:16", nospace
"2014-04-11 04:54:01", "2014-04-11 04:56:45", nospace
"2014-04-11 05:11:42", "2014-04-11 05:13:27", nospace
"2014-04-11 05:33:58", "2014-04-11 05:50:28", nospace
"2014-04-11 06:04:10", "2014-04-11 06:12:23", nospace
"2014-04-11 06:15:08", "2014-04-11 06:17:53", nospace
"2014-04-11 06:26:09", "2014-04-11 06:28:53", nospace
"2014-04-11 06:31:37", "2014-04-11 06:37:28", nospace
"2014-04-11 06:48:33", "2014-04-11 06:54:01", nospace
"2014-04-11 07:07:43", "2014-04-11 07:10:28", nospace
"2014-04-11 07:13:13", "2014-04-11 07:32:25", nospace
"2014-04-11 07:51:35", "2014-04-11 07:57:03", nospace
"2014-04-11 07:59:48", "2014-04-11 08:02:32", nospace
"2014-04-11 08:54:40", "2014-04-11 08:57:24", nospace
"2014-04-11 09:00:09", "2014-04-11 09:02:54", nospace
"2014-04-11 09:11:07", "2014-04-11 09:13:53", nospace
"2014-04-11 09:16:37", "2014-04-11 09:45:41", nospace
"2014-04-11 09:51:10", "2014-04-11 09:56:39", nospace
"2014-04-11 10:02:09", "2014-04-11 10:04:53", nospace
"2014-04-11 10:09:24", "2014-04-11 10:10:14", nospace
"2014-04-11 10:18:12", "2014-04-11 10:19:46", nospace
"2014-04-11 10:50:26", "2014-04-11 11:01:23", nospace
"2014-04-11 11:04:07", "2014-04-11 11:06:54", nospace
"2014-04-11 11:15:08", "2014-04-11 11:23:23", nospace
"2014-04-11 11:37:07", "2014-04-11 11:48:06", nospace
"2014-04-11 12:10:04", "2014-04-11 12:12:49", nospace
"2014-04-11 12:25:42", "2014-04-11 12:36:40", nospace
"2014-04-11 12:39:24", "2014-04-11 12:47:38", nospace
"2014-04-11 12:50:24", "2014-04-11 12:55:54", nospace
"2014-04-11 13:33:06", "2014-04-11 13:35:52", nospace
"2014-04-12 02:36:58", "2014-04-12 02:47:59", nospace
"2014-04-12 02:56:14", "2014-04-12 03:18:13", nospace
"2014-04-12 03:20:58", "2014-04-12 03:32:00", nospace
"2014-04-12 03:34:45", "2014-04-12 03:40:15", nospace
"2014-04-12 03:43:00", "2014-04-12 03:51:16", nospace
"2014-04-12 04:23:29", "2014-04-12 04:28:39", nospace
"2014-04-12 04:45:11", "2014-04-12 04:53:27", nospace
"2014-04-12 05:34:44", "2014-04-12 05:43:00", nospace
"2014-04-12 05:48:31", "2014-04-12 05:51:16", nospace
"2014-04-12 05:54:02", "2014-04-12 06:02:17", nospace
"2014-04-12 06:05:03", "2014-04-12 06:21:37", nospace
"2014-04-12 06:40:21", "2014-04-12 06:43:29", nospace
"2014-04-12 06:44:52", "2014-04-12 06:49:14", nospace
"2014-04-12 06:59:20", "2014-04-12 07:04:51", nospace
"2014-04-12 07:15:54", "2014-04-12 07:18:39", nospace
"2014-04-12 07:37:57", "2014-04-12 08:05:28", nospace
"2014-04-12 08:22:00", "2014-04-12 08:24:44", nospace
"2014-04-12 08:33:01", "2014-04-12 08:44:04", nospace
"2014-04-12 08:55:02", "2014-04-12 09:51:46", nospace
"2014-04-12 10:45:44", "2014-04-12 10:48:30", nospace
"2014-04-12 13:20:31", "2014-04-12 13:28:46", nospace
"2014-04-13 02:09:30", "2014-04-13 02:20:34", nospace
"2014-04-13 02:23:21", "2014-04-13 02:28:51", nospace
"2014-04-13 02:31:36", "2014-04-13 02:51:20", nospace
"2014-04-13 02:54:31", "2014-04-13 03:14:57", nospace
"2014-04-13 03:19:39", "2014-04-13 03:27:45", nospace
"2014-04-13 03:42:10", "2014-04-13 03:53:40", nospace
"2014-04-13 04:08:48", "2014-04-13 04:11:34", nospace
"2014-04-13 04:14:18", "2014-04-13 04:17:03", nospace
"2014-04-13 04:33:36", "2014-04-13 04:41:53", nospace
"2014-04-13 04:44:38", "2014-04-13 04:50:11", nospace
"2014-04-13 04:52:57", "2014-04-13 04:58:30", nospace
"2014-04-13 05:01:16", "2014-04-13 05:06:51", nospace
"2014-04-13 05:23:24", "2014-04-13 05:26:12", nospace
"2014-04-13 05:28:57", "2014-04-13 05:31:43", nospace
"2014-04-13 05:37:13", "2014-04-13 05:39:59", nospace
"2014-04-13 05:48:06", "2014-04-13 06:07:25", nospace
"2014-04-13 06:10:32", "2014-04-13 06:13:34", nospace
"2014-04-13 06:17:34", "2014-04-13 06:20:20", nospace
"2014-04-13 06:23:07", "2014-04-13 06:25:57", nospace
"2014-04-13 06:28:00", "2014-04-13 06:28:53", nospace
"2014-04-13 06:30:29", "2014-04-13 06:52:49", nospace
"2014-04-13 07:01:05", "2014-04-13 07:06:35", nospace
"2014-04-13 07:09:21", "2014-04-13 07:17:40", nospace
"2014-04-13 07:25:56", "2014-04-13 07:39:44", nospace
"2014-04-13 07:50:46", "2014-04-13 08:04:34", nospace
"2014-04-13 08:15:40", "2014-04-13 08:26:45", nospace
"2014-04-13 08:29:31", "2014-04-13 08:40:33", nospace
"2014-04-13 09:02:42", "2014-04-13 09:05:29", nospace
"2014-04-13 09:08:16", "2014-04-13 09:11:01", nospace
"2014-04-13 09:16:34", "2014-04-13 09:34:01", nospace
"2014-04-13 09:35:14", "2014-04-13 09:43:55", nospace
"2014-04-13 11:32:52", "2014-04-13 11:36:53", nospace
"2014-04-14 06:30:38", "2014-04-14 06:36:12", nospace
"2014-04-14 07:15:59", "2014-04-14 07:24:17", nospace
"2014-04-14 07:27:57", "2014-04-14 07:29:59", nospace
"2014-04-14 07:36:06", "2014-04-14 07:43:43", nospace
"2014-04-14 08:40:07", "2014-04-14 08:42:53", nospace
"2014-04-14 09:21:45", "2014-04-14 09:24:32", nospace
"2014-04-14 09:27:19", "2014-04-14 09:43:57", nospace
"2014-04-14 09:52:17", "2014-04-14 09:55:04", nospace
"2014-04-14 10:00:34", "2014-04-14 10:06:10", nospace
"2014-04-14 10:11:43", "2014-04-14 10:14:30", nospace
"2014-04-14 10:39:20", "2014-04-14 10:41:06", nospace
"2014-04-14 10:52:15", "2014-04-14 10:57:48", nospace
"2014-04-14 13:20:16", "2014-04-14 13:23:03", nospace
"2014-04-14 13:25:49", "2014-04-14 13:28:38", nospace
"2014-04-15 01:31:59", "2014-04-15 01:35:02", nospace
"2014-04-15 01:37:00", "2014-04-15 01:40:04", nospace
"2014-04-15 02:18:06", "2014-04-15 02:34:48", nospace
"2014-04-15 02:48:44", "2014-04-15 03:57:14", nospace
"2014-04-15 04:39:00", "2014-04-15 04:41:48", nospace
"2014-04-15 05:12:26", "2014-04-15 05:23:35", nospace
"2014-04-15 06:09:52", "2014-04-15 06:18:09", nospace
"2014-04-15 06:35:00", "2014-04-15 06:38:07", nospace
"2014-04-15 06:43:42", "2014-04-15 06:57:39", nospace
"2014-04-15 07:05:59", "2014-04-15 07:11:34", nospace
"2014-04-15 09:53:12", "2014-04-15 09:55:59", nospace
"2014-04-15 09:58:47", "2014-04-15 10:01:34", nospace
"2014-04-15 10:04:21", "2014-04-15 10:09:53", nospace
"2014-04-15 10:10:42", "2014-04-15 10:11:40", nospace
"2014-04-15 10:25:37", "2014-04-15 10:28:25", nospace
"2014-04-15 10:31:10", "2014-04-15 10:33:58", nospace
"2014-04-15 10:39:32", "2014-04-15 10:45:05", nospace
"2014-04-15 10:52:19", "2014-04-15 10:58:11", nospace
"2014-04-16 09:06:02", "2014-04-16 09:08:49", nospace
"2014-04-16 09:25:34", "2014-04-16 09:27:13", nospace
"2014-04-16 09:36:40", "2014-04-16 09:38:31", nospace
"2014-04-16 09:46:55", "2014-04-16 09:49:42", nospace
"2014-04-16 10:26:08", "2014-04-16 10:28:56", nospace
"2014-04-17 02:54:42", "2014-04-17 03:03:08", nospace
"2014-04-17 03:08:46", "2014-04-17 04:02:04", nospace
"2014-04-17 04:13:17", "2014-04-17 04:23:26", nospace
"2014-04-17 04:26:17", "2014-04-17 04:34:45", nospace
"2014-04-17 04:37:34", "2014-04-17 04:40:23", nospace
"2014-04-17 04:48:49", "2014-04-17 05:02:50", nospace
"2014-04-17 05:16:53", "2014-04-17 05:25:19", nospace
"2014-04-17 05:47:28", "2014-04-17 05:51:52", nospace
"2014-04-17 05:55:10", "2014-04-17 05:57:58", nospace
"2014-04-17 06:06:23", "2014-04-17 06:11:59", nospace
"2014-04-17 06:27:54", "2014-04-17 06:34:46", nospace
"2014-04-17 11:58:36", "2014-04-17 12:01:23", nospace
"2014-04-17 12:07:01", "2014-04-17 12:12:39", nospace
"2014-04-17 12:19:01", "2014-04-17 12:25:32", nospace
"2014-04-17 13:15:35", "2014-04-17 13:18:24", nospace
"2014-04-17 14:09:36", "2014-04-17 14:15:53", nospace
"2014-04-18 03:14:53", "2014-04-18 03:16:20", nospace
"2014-04-18 07:26:35", "2014-04-18 07:32:12", nospace
"2014-04-18 07:37:50", "2014-04-18 07:43:28", nospace
"2014-04-18 07:49:07", "2014-04-18 07:50:47", nospace
"2014-04-18 08:55:03", "2014-04-18 08:57:52", nospace
"2014-04-18 09:00:41", "2014-04-18 09:17:37", nospace
"2014-04-18 09:28:20", "2014-04-18 09:36:19", nospace
"2014-04-18 09:39:09", "2014-04-18 09:44:48", nospace
"2014-04-18 09:58:53", "2014-04-18 10:01:44", nospace
"2014-04-18 10:10:09", "2014-04-18 10:12:58", nospace
"2014-04-18 10:15:47", "2014-04-18 10:24:14", nospace
"2014-04-18 10:32:42", "2014-04-18 10:35:30", nospace
"2014-04-18 10:41:08", "2014-04-18 10:46:46", nospace
"2014-04-18 10:52:24", "2014-04-18 11:03:41", nospace
"2014-04-18 11:20:37", "2014-04-18 11:23:26", nospace
"2014-04-18 12:30:57", "2014-04-18 12:59:20", nospace
"2014-04-18 13:13:26", "2014-04-18 13:19:04", nospace
"2014-04-18 13:30:18", "2014-04-18 13:33:08", nospace
"2014-04-18 13:50:04", "2014-04-18 13:55:44", nospace
"2014-04-18 13:58:33", "2014-04-18 14:09:52", nospace
"2014-04-19 01:12:22", "2014-04-19 01:16:33", nospace
"2014-04-19 01:19:41", "2014-04-19 01:28:17", nospace
"2014-04-19 01:33:19", "2014-04-19 01:38:59", nospace
"2014-04-19 01:50:17", "2014-04-19 02:04:25", nospace
"2014-04-19 02:15:43", "2014-04-19 02:22:39", nospace
"2014-04-19 02:25:29", "2014-04-19 02:31:10", nospace
"2014-04-19 02:33:48", "2014-04-19 02:48:41", nospace
"2014-04-19 02:51:27", "2014-04-19 02:59:55", nospace
"2014-04-19 03:11:14", "2014-04-19 03:14:05", nospace
"2014-04-19 03:19:44", "2014-04-19 03:25:23", nospace
"2014-04-19 04:12:28", "2014-04-19 04:20:32", nospace
"2014-04-19 04:22:17", "2014-04-19 04:30:01", nospace
"2014-04-19 04:51:04", "2014-04-19 04:53:54", nospace
"2014-04-19 05:08:04", "2014-04-19 05:10:54", nospace
"2014-04-19 05:22:14", "2014-04-19 05:25:05", nospace
"2014-04-19 05:48:12", "2014-04-19 05:55:22", nospace
"2014-04-19 06:01:02", "2014-04-19 06:03:51", nospace
"2014-04-19 06:08:48", "2014-04-19 06:22:49", nospace
"2014-04-19 06:40:13", "2014-04-19 06:54:20", nospace
"2014-04-19 06:57:09", "2014-04-19 06:59:59", nospace
"2014-04-19 07:02:48", "2014-04-19 07:05:38", nospace
"2014-04-19 07:11:18", "2014-04-19 07:14:09", nospace
"2014-04-19 07:36:46", "2014-04-19 07:45:18", nospace
"2014-04-19 07:48:08", "2014-04-19 07:53:49", nospace
"2014-04-19 07:56:39", "2014-04-19 08:10:06", nospace
"2014-04-19 08:18:39", "2014-04-19 09:03:45", nospace
"2014-04-19 09:06:34", "2014-04-19 09:15:05", nospace
"2014-04-19 09:26:41", "2014-04-19 09:30:16", nospace
"2014-04-19 09:33:31", "2014-04-19 09:39:51", nospace
"2014-04-19 09:45:31", "2014-04-19 09:54:02", nospace
"2014-04-19 09:56:52", "2014-04-19 09:59:41", nospace
"2014-04-19 10:25:10", "2014-04-19 10:30:49", nospace
"2014-04-19 10:36:28", "2014-04-19 10:39:18", nospace
"2014-04-20 02:30:06", "2014-04-20 02:38:36", nospace
"2014-04-20 05:06:58", "2014-04-20 05:12:39", nospace
"2014-04-20 05:41:06", "2014-04-20 05:46:46", nospace
"2014-04-20 05:55:16", "2014-04-20 06:00:56", nospace
"2014-04-20 06:15:07", "2014-04-20 06:23:39", nospace
"2014-04-20 06:35:04", "2014-04-20 06:37:54", nospace
"2014-04-20 06:46:26", "2014-04-20 06:49:18", nospace
"2014-04-20 07:01:00", "2014-04-20 07:03:51", nospace
"2014-04-20 07:06:41", "2014-04-20 07:20:54", nospace
"2014-04-20 07:29:25", "2014-04-20 07:37:57", nospace
"2014-04-20 07:40:47", "2014-04-20 07:53:56", nospace
"2014-04-20 07:55:31", "2014-04-20 08:25:16", nospace
"2014-04-20 08:44:07", "2014-04-20 08:46:58", nospace
"2014-04-20 08:52:39", "2014-04-20 09:06:51", nospace
"2014-04-20 09:09:41", "2014-04-20 09:11:23", nospace
"2014-04-20 09:19:03", "2014-04-20 09:20:48", nospace
"2014-04-20 09:54:10", "2014-04-20 09:59:51", nospace
"2014-04-20 10:02:41", "2014-04-20 10:11:10", nospace
"2014-04-20 10:14:00", "2014-04-20 10:19:43", nospace
"2014-04-20 10:51:02", "2014-04-20 10:56:41", nospace
"2014-04-20 12:44:32", "2014-04-20 12:50:12", nospace
"2014-04-20 13:00:15", "2014-04-20 13:01:49", nospace
"2014-04-21 01:43:02", "2014-04-21 01:51:34", nospace
"2014-04-21 01:54:24", "2014-04-21 02:00:07", nospace
"2014-04-21 02:48:04", "2014-04-21 02:58:50", nospace
"2014-04-21 09:26:38", "2014-04-21 09:46:40", nospace
"2014-04-21 09:49:30", "2014-04-21 09:58:03", nospace
"2014-04-21 10:00:54", "2014-04-21 10:06:36", nospace
"2014-04-21 10:20:54", "2014-04-21 10:26:36", nospace
"2014-04-21 10:43:42", "2014-04-21 10:51:47", nospace
"2014-04-21 10:55:00", "2014-04-21 11:01:56", nospace
"2014-04-21 12:32:49", "2014-04-21 12:35:40", nospace
"2014-04-22 09:39:52", "2014-04-22 09:48:26", nospace
"2014-04-22 09:51:18", "2014-04-22 09:54:10", nospace
"2014-04-22 11:08:35", "2014-04-22 11:14:19", nospace
"2014-04-23 08:17:58", "2014-04-23 08:23:46", nospace
"2014-04-23 08:26:38", "2014-04-23 08:29:30", nospace
"2014-04-23 08:40:59", "2014-04-23 08:58:14", nospace
"2014-04-23 09:15:28", "2014-04-23 09:32:44", nospace
"2014-04-23 09:35:35", "2014-04-23 09:49:59", nospace
"2014-04-23 09:52:39", "2014-04-23 09:58:43", nospace
"2014-04-23 10:09:10", "2014-04-23 10:20:37", nospace
"2014-04-23 10:38:02", "2014-04-23 10:40:53", nospace
"2014-04-23 10:43:45", "2014-04-23 10:52:22", nospace
"2014-04-23 11:06:41", "2014-04-23 11:12:25", nospace
"2014-04-23 11:15:20", "2014-04-23 11:18:10", nospace
"2014-04-23 11:21:04", "2014-04-23 11:23:56", nospace
"2014-04-23 15:02:51", "2014-04-23 15:23:00", nospace
"2014-04-23 15:34:28", "2014-04-23 15:37:21", nospace
"2014-04-24 06:03:02", "2014-04-24 06:05:55", nospace
"2014-04-24 06:14:34", "2014-04-24 06:25:59", nospace
"2014-04-24 06:30:02", "2014-04-24 06:33:08", nospace
"2014-04-24 06:39:58", "2014-04-24 06:46:50", nospace
"2014-04-24 06:49:09", "2014-04-24 06:51:49", nospace
"2014-04-24 06:57:36", "2014-04-24 07:00:28", nospace
"2014-04-24 09:11:23", "2014-04-24 09:14:16", nospace
"2014-04-24 09:22:55", "2014-04-24 09:43:06", nospace
"2014-04-24 10:11:55", "2014-04-24 10:14:48", nospace
"2014-04-24 11:08:37", "2014-04-24 11:09:35", nospace
"2014-04-24 11:27:38", "2014-04-24 11:35:49", nospace
"2014-04-24 11:43:08", "2014-04-24 11:57:34", nospace
"2014-04-24 13:02:58", "2014-04-24 13:05:51", nospace
"2014-04-24 13:34:41", "2014-04-24 13:37:36", nospace
"2014-04-24 13:40:29", "2014-04-24 13:49:09", nospace
"2014-04-24 13:52:03", "2014-04-24 13:57:47", nospace
"2014-04-24 14:43:02", "2014-04-24 14:45:54", nospace
"2014-04-24 15:17:35", "2014-04-24 15:20:28", nospace
"2014-04-25 08:09:54", "2014-04-25 08:28:38", nospace
"2014-04-25 08:33:59", "2014-04-25 08:35:53", nospace
"2014-04-25 08:42:15", "2014-04-25 08:43:57", nospace
"2014-04-25 09:00:44", "2014-04-25 09:04:16", nospace
"2014-04-25 09:07:10", "2014-04-25 09:18:00", nospace
"2014-04-25 09:21:10", "2014-04-25 09:23:41", nospace
"2014-04-25 09:26:32", "2014-04-25 09:29:26", nospace
"2014-04-25 09:32:17", "2014-04-25 09:40:58", nospace
"2014-04-25 09:49:37", "2014-04-25 09:52:31", nospace
"2014-04-25 10:06:58", "2014-04-25 10:09:52", nospace
"2014-04-25 10:24:21", "2014-04-25 10:27:14", nospace
"2014-04-25 10:41:41", "2014-04-25 10:44:36", nospace
"2014-04-25 11:01:57", "2014-04-25 11:16:26", nospace
"2014-04-25 12:22:58", "2014-04-25 12:37:25", nospace
"2014-04-25 12:40:19", "2014-04-25 12:43:13", nospace
"2014-04-25 12:46:06", "2014-04-25 12:51:55", nospace
"2014-04-25 12:54:48", "2014-04-25 13:12:10", nospace
"2014-04-25 13:17:59", "2014-04-25 13:20:53", nospace
"2014-04-25 13:23:47", "2014-04-25 13:29:34", nospace
"2014-04-26 05:37:32", "2014-04-26 05:43:21", nospace
"2014-04-26 05:49:09", "2014-04-26 06:12:19", nospace
"2014-04-26 06:41:49", "2014-04-26 06:56:19", nospace
"2014-04-26 08:13:50", "2014-04-26 08:16:44", nospace
"2014-04-26 08:19:38", "2014-04-26 08:22:31", nospace
"2014-04-26 14:25:12", "2014-04-26 14:28:06", nospace
"2014-04-27 04:14:00", "2014-04-27 04:19:49", nospace
"2014-04-27 04:28:43", "2014-04-27 04:31:56", nospace
"2014-04-27 04:35:08", "2014-04-27 04:39:18", nospace
"2014-04-27 04:50:54", "2014-04-27 05:17:04", nospace
"2014-04-27 05:34:32", "2014-04-27 05:37:27", nospace
"2014-04-27 05:40:21", "2014-04-27 05:52:00", nospace
"2014-04-27 06:26:12", "2014-04-27 06:29:07", nospace
"2014-04-27 06:32:25", "2014-04-27 06:38:14", nospace
"2014-04-27 06:44:07", "2014-04-27 06:55:49", nospace
"2014-04-27 07:07:28", "2014-04-27 07:16:12", nospace
"2014-04-27 07:19:07", "2014-04-27 07:26:42", nospace
"2014-04-27 07:42:19", "2014-04-27 07:45:36", nospace
"2014-04-27 07:53:11", "2014-04-27 08:19:24", nospace
"2014-04-27 08:33:59", "2014-04-27 08:48:35", nospace
"2014-04-27 08:57:21", "2014-04-27 09:43:58", nospace
"2014-04-27 09:49:49", "2014-04-27 09:52:43", nospace
"2014-04-27 12:43:14", "2014-04-27 12:49:03", nospace
"2014-04-27 12:54:54", "2014-04-27 12:57:48", nospace
"2014-04-28 06:20:09", "2014-04-28 06:46:52", nospace
"2014-04-28 07:16:04", "2014-04-28 07:24:50", nospace
"2014-04-28 07:55:08", "2014-04-28 07:59:05", nospace
"2014-04-28 08:16:38", "2014-04-28 08:25:25", nospace
"2014-04-28 09:21:01", "2014-04-28 09:47:16", nospace
"2014-04-28 09:58:57", "2014-04-28 10:01:53", nospace
"2014-04-28 10:04:48", "2014-04-28 10:10:39", nospace
"2014-04-28 10:34:02", "2014-04-28 10:36:58", nospace
"2014-04-28 11:26:42", "2014-04-28 11:29:39", nospace
"2014-04-28 11:32:34", "2014-04-28 11:38:25", nospace
"2014-04-28 12:50:43", "2014-04-28 12:56:35", nospace
"2014-04-28 12:59:29", "2014-04-28 13:02:25", nospace
"2014-04-28 13:08:16", "2014-04-28 13:35:52", nospace
"2014-04-28 14:37:19", "2014-04-28 14:40:15", nospace
"2014-04-28 16:07:56", "2014-04-28 16:24:10", nospace
"2014-04-28 16:51:00", "2014-04-28 16:53:56", nospace
"2014-04-29 01:43:16", "2014-04-29 01:49:07", nospace
"2014-04-29 01:53:20", "2014-04-29 01:59:44", nospace
"2014-04-29 02:01:01", "2014-04-29 02:09:22", nospace
"2014-04-29 02:14:42", "2014-04-29 02:20:34", nospace
"2014-04-29 03:56:38", "2014-04-29 04:05:25", nospace
"2014-04-29 05:56:48", "2014-04-29 06:17:19", nospace
"2014-04-29 06:20:15", "2014-04-29 06:41:05", nospace
"2014-04-29 07:10:31", "2014-04-29 07:16:23", nospace
"2014-04-29 07:19:20", "2014-04-29 07:33:57", nospace
"2014-04-29 07:36:54", "2014-04-29 07:39:52", nospace
"2014-04-29 07:42:46", "2014-04-29 07:54:28", nospace
"2014-04-29 08:47:15", "2014-04-29 08:56:04", nospace
"2014-04-29 08:59:00", "2014-04-29 09:04:50", nospace
"2014-04-29 09:12:20", "2014-04-29 09:18:46", nospace
"2014-04-29 09:39:24", "2014-04-29 09:48:11", nospace
"2014-04-29 10:20:57", "2014-04-29 10:31:24", nospace
"2014-05-02 08:01:30", "2014-05-02 08:04:27", nospace
"2014-05-02 08:19:15", "2014-05-02 08:45:57", nospace
"2014-05-02 08:48:55", "2014-05-02 08:51:53", nospace
"2014-05-02 09:39:18", "2014-05-02 09:42:16", nospace
"2014-05-02 10:00:05", "2014-05-02 10:03:03", nospace
"2014-05-02 10:08:58", "2014-05-02 10:11:57", nospace
"2014-05-02 10:23:04", "2014-05-02 10:24:04", nospace
"2014-05-02 10:26:00", "2014-05-02 10:31:59", nospace
"2014-05-02 10:37:53", "2014-05-02 10:40:52", nospace
"2014-05-02 10:55:39", "2014-05-02 11:01:36", nospace
"2014-05-02 14:35:35", "2014-05-02 14:44:28", nospace
"2014-05-03 02:56:52", "2014-05-03 03:17:39", nospace
"2014-05-03 05:33:38", "2014-05-03 05:36:36", nospace
"2014-05-03 06:03:21", "2014-05-03 06:06:20", nospace
"2014-05-03 06:21:14", "2014-05-03 06:24:12", nospace
"2014-05-03 06:27:15", "2014-05-03 06:36:23", nospace
"2014-05-03 06:39:28", "2014-05-03 06:51:23", nospace
"2014-05-03 06:54:20", "2014-05-03 06:57:17", nospace
"2014-05-03 07:00:16", "2014-05-03 07:12:09", nospace
"2014-05-03 07:50:05", "2014-05-03 07:53:04", nospace
"2014-05-03 07:56:02", "2014-05-03 08:01:58", nospace
"2014-05-03 08:03:45", "2014-05-03 08:28:11", nospace
"2014-05-03 08:31:10", "2014-05-03 08:34:08", nospace
"2014-05-03 08:37:08", "2014-05-03 08:57:57", nospace
"2014-05-03 09:00:56", "2014-05-03 09:06:54", nospace
"2014-05-03 09:15:50", "2014-05-03 09:18:50", nospace
"2014-05-03 09:24:47", "2014-05-03 09:48:34", nospace
"2014-05-03 10:06:25", "2014-05-03 10:21:14", nospace
"2014-05-03 10:45:00", "2014-05-03 10:47:58", nospace
"2014-05-03 13:33:45", "2014-05-03 13:42:39", nobike
"2014-05-03 13:57:33", "2014-05-03 14:00:31", nobike
"2014-05-04 04:53:58", "2014-05-04 05:02:55", nospace
"2014-05-04 05:11:52", "2014-05-04 05:15:57", nospace
"2014-05-04 05:33:18", "2014-05-04 05:35:13", nospace
"2014-05-04 05:52:53", "2014-05-04 06:17:23", nospace
"2014-05-04 06:26:01", "2014-05-04 06:36:56", nospace
"2014-05-04 06:39:56", "2014-05-04 06:58:21", nospace
"2014-05-04 07:04:17", "2014-05-04 07:07:16", nospace
"2014-05-04 07:16:11", "2014-05-04 07:22:09", nospace
"2014-05-04 07:25:08", "2014-05-04 07:28:06", nospace
"2014-05-04 07:31:05", "2014-05-04 07:37:02", nospace
"2014-05-04 07:42:59", "2014-05-04 07:45:57", nospace
"2014-05-04 08:18:48", "2014-05-04 08:27:43", nospace
"2014-05-04 08:33:41", "2014-05-04 08:51:34", nospace
"2014-05-04 09:03:27", "2014-05-04 09:18:25", nospace
"2014-05-04 09:54:32", "2014-05-04 09:57:51", nospace
"2014-05-05 09:47:48", "2014-05-05 09:56:44", nospace
"2014-05-05 12:37:41", "2014-05-05 12:40:41", nospace
"2014-05-05 12:46:22", "2014-05-05 12:48:59", nospace
"2014-05-05 12:51:59", "2014-05-05 13:00:59", nospace
"2014-05-05 13:19:00", "2014-05-05 13:30:58", nospace
"2014-05-05 13:39:57", "2014-05-05 13:42:55", nospace
"2014-05-06 11:24:51", "2014-05-06 11:27:52", nospace
"2014-05-06 11:36:52", "2014-05-06 11:48:50", nospace
"2014-05-06 12:06:52", "2014-05-06 12:09:52", nospace
"2014-05-06 12:18:55", "2014-05-06 12:27:53", nospace
"2014-05-06 13:12:54", "2014-05-06 13:21:54", nospace
"2014-05-06 13:24:55", "2014-05-06 13:36:55", nospace
"2014-05-06 14:54:59", "2014-05-06 15:10:00", nospace
"2014-05-06 15:13:01", "2014-05-06 15:16:00", nospace
"2014-05-06 15:19:01", "2014-05-06 15:22:01", nospace
"2014-05-06 23:37:11", "2014-05-06 23:43:12", nospace
"2014-05-07 00:22:16", "2014-05-07 00:28:17", nospace
"2014-05-07 00:31:18", "2014-05-07 00:37:19", nospace
"2014-05-07 00:40:20", "2014-05-07 00:43:20", nospace
"2014-05-07 00:46:20", "2014-05-07 00:49:20", nospace
"2014-05-07 01:30:46", "2014-05-07 01:36:48", nospace
"2014-05-07 02:18:56", "2014-05-07 02:30:58", nospace
"2014-05-07 02:36:57", "2014-05-07 02:43:00", nospace
"2014-05-07 03:01:01", "2014-05-07 03:04:01", nospace
"2014-05-07 07:01:41", "2014-05-07 07:31:53", nospace
"2014-05-07 08:53:08", "2014-05-07 09:05:12", nospace
"2014-05-07 09:14:14", "2014-05-07 09:20:17", nospace
"2014-05-07 15:03:48", "2014-05-07 15:12:51", nospace
"2014-05-08 04:05:47", "2014-05-08 04:11:49", nospace
"2014-05-08 04:35:20", "2014-05-08 04:38:19", nospace
"2014-05-08 04:41:21", "2014-05-08 04:47:23", nospace
"2014-05-08 04:53:25", "2014-05-08 04:56:27", nospace
"2014-05-08 05:02:29", "2014-05-08 05:29:42", nospace
"2014-05-08 05:32:43", "2014-05-08 05:38:46", nospace
"2014-05-08 05:44:47", "2014-05-08 05:56:53", nospace
"2014-05-08 05:59:55", "2014-05-08 06:18:56", nospace
"2014-05-08 06:22:18", "2014-05-08 06:38:42", nospace
"2014-05-08 06:53:49", "2014-05-08 07:02:38", nospace
"2014-05-08 07:26:48", "2014-05-08 07:29:51", nospace
