"2013-11-28 11:22:57", "2013-11-28 11:34:49", nobike
"2013-11-28 11:37:48", "2013-11-28 11:46:43", nobike
"2013-11-28 12:25:57", "2013-11-28 12:28:56", nobike
"2013-11-28 12:34:53", "2013-11-28 12:46:43", nobike
"2013-11-28 14:40:58", "2013-11-28 15:04:41", nobike
"2013-11-28 23:31:39", "2013-11-28 23:37:59", nospace
"2013-11-28 23:46:55", "2013-11-28 23:58:50", nospace
"2013-11-29 00:04:51", "2013-11-29 00:40:54", nospace
"2013-11-29 00:43:54", "2013-11-29 00:55:51", nospace
"2013-11-29 00:58:51", "2013-11-29 01:01:49", nospace
"2013-11-29 01:04:49", "2013-11-29 01:13:50", nospace
"2013-11-29 13:19:46", "2013-11-29 13:55:42", nobike
"2013-11-30 06:41:04", "2013-11-30 06:44:03", nospace
"2013-11-30 06:47:04", "2013-11-30 06:55:45", nospace
"2013-11-30 07:04:51", "2013-11-30 07:10:53", nospace
"2013-11-30 07:16:56", "2013-11-30 07:19:57", nospace
"2013-11-30 07:32:03", "2013-11-30 07:46:46", nospace
"2013-11-30 07:58:51", "2013-11-30 08:16:47", nospace
"2013-12-01 02:29:04", "2013-12-01 02:32:08", nospace
"2013-12-01 03:19:54", "2013-12-01 03:26:01", nospace
"2013-12-01 03:37:53", "2013-12-01 03:55:47", nospace
"2013-12-01 04:11:03", "2013-12-01 04:25:56", nospace
"2013-12-01 04:28:59", "2013-12-01 04:38:09", nospace
"2013-12-01 04:43:54", "2013-12-01 04:53:05", nospace
"2013-12-01 04:56:08", "2013-12-01 05:11:00", nospace
"2013-12-01 05:28:57", "2013-12-01 05:32:01", nospace
"2013-12-01 05:35:05", "2013-12-01 05:53:07", nospace
"2013-12-01 06:08:04", "2013-12-01 06:16:51", nospace
"2013-12-01 06:32:08", "2013-12-01 06:43:47", nospace
"2013-12-01 06:46:52", "2013-12-01 06:56:04", nospace
"2013-12-01 07:16:47", "2013-12-01 07:40:51", nospace
"2013-12-01 07:43:54", "2013-12-01 08:05:08", nospace
"2013-12-01 08:13:57", "2013-12-01 08:20:03", nospace
"2013-12-01 08:26:09", "2013-12-01 08:28:48", nospace
"2013-12-01 08:38:00", "2013-12-01 08:46:48", nospace
"2013-12-01 12:59:00", "2013-12-01 13:05:09", nobike
"2013-12-01 13:10:53", "2013-12-01 13:23:10", nobike
"2013-12-01 13:28:55", "2013-12-01 13:50:00", nobike
"2013-12-01 14:11:04", "2013-12-01 14:52:56", nobike
"2013-12-02 07:17:03", "2013-12-02 07:22:52", nospace
"2013-12-02 07:29:05", "2013-12-02 07:41:03", nospace
"2013-12-02 07:47:13", "2013-12-02 08:01:58", nospace
"2013-12-02 11:07:58", "2013-12-02 11:11:05", nobike
"2013-12-02 11:14:11", "2013-12-02 11:35:03", nobike
"2013-12-02 11:52:51", "2013-12-02 11:55:57", nobike
"2013-12-03 00:07:57", "2013-12-03 00:23:08", nospace
"2013-12-03 00:26:14", "2013-12-03 00:40:55", nospace
"2013-12-03 00:44:02", "2013-12-03 00:52:58", nospace
"2013-12-03 03:20:01", "2013-12-03 04:08:00", nospace
"2013-12-03 04:37:54", "2013-12-03 04:44:11", nospace
"2013-12-03 05:32:13", "2013-12-03 05:38:05", nospace
"2013-12-03 10:55:55", "2013-12-03 11:14:16", nobike
"2013-12-03 11:16:59", "2013-12-03 11:23:15", nobike
"2013-12-03 11:25:59", "2013-12-03 11:38:08", nobike
"2013-12-03 11:41:15", "2013-12-03 11:47:08", nobike
"2013-12-03 11:56:06", "2013-12-03 12:14:05", nobike
"2013-12-03 14:29:13", "2013-12-03 14:53:06", nobike
"2013-12-03 14:59:00", "2013-12-03 15:11:09", nobike
"2013-12-04 04:07:59", "2013-12-04 04:14:19", nospace
"2013-12-04 04:17:06", "2013-12-04 04:44:17", nospace
"2013-12-04 04:47:02", "2013-12-04 05:05:08", nospace
"2013-12-04 05:08:18", "2013-12-04 05:23:13", nospace
"2013-12-04 06:32:02", "2013-12-04 06:50:03", nospace
"2013-12-04 06:56:17", "2013-12-04 07:08:01", nospace
"2013-12-04 07:11:10", "2013-12-04 07:20:13", nospace
"2013-12-04 10:32:00", "2013-12-04 11:11:03", nobike
"2013-12-04 11:32:01", "2013-12-04 11:35:12", nobike
"2013-12-05 00:05:01", "2013-12-05 00:14:06", nospace
"2013-12-05 00:17:15", "2013-12-05 00:23:11", nospace
"2013-12-05 00:32:18", "2013-12-05 00:41:00", nospace
"2013-12-05 00:56:01", "2013-12-05 01:23:20", nospace
"2013-12-05 01:41:09", "2013-12-05 01:59:00", nospace
"2013-12-05 10:20:03", "2013-12-05 10:59:15", nobike
"2013-12-05 11:05:21", "2013-12-05 11:08:12", nobike
"2013-12-05 11:11:01", "2013-12-05 11:17:02", nobike
"2013-12-05 11:38:21", "2013-12-05 11:41:10", nobike
"2013-12-05 11:47:11", "2013-12-05 11:50:23", nobike
"2013-12-05 13:38:09", "2013-12-05 14:11:03", nobike
"2013-12-06 01:44:19", "2013-12-06 02:05:09", nospace
"2013-12-06 02:44:26", "2013-12-06 02:47:17", nospace
"2013-12-06 03:47:22", "2013-12-06 03:59:12", nospace
"2013-12-06 04:56:11", "2013-12-06 05:05:13", nospace
"2013-12-06 05:20:22", "2013-12-06 05:41:24", nospace
"2013-12-06 11:02:18", "2013-12-06 11:08:26", nobike
"2013-12-06 12:02:07", "2013-12-06 12:11:10", nobike
"2013-12-06 13:50:11", "2013-12-06 14:02:06", nobike
"2013-12-06 15:32:13", "2013-12-06 15:41:19", nobike
"2013-12-07 01:02:23", "2013-12-07 01:05:17", nospace
"2013-12-07 01:14:27", "2013-12-07 01:17:23", nospace
"2013-12-07 01:23:14", "2013-12-07 01:29:29", nospace
"2013-12-07 01:32:24", "2013-12-07 01:35:18", nospace
"2013-12-07 02:23:14", "2013-12-07 02:29:30", nospace
"2013-12-07 02:35:21", "2013-12-07 02:38:15", nospace
"2013-12-07 03:38:17", "2013-12-07 03:53:19", nospace
"2013-12-07 03:59:10", "2013-12-07 04:11:15", nospace
"2013-12-07 04:20:24", "2013-12-07 04:35:28", nospace
"2013-12-07 04:38:22", "2013-12-07 04:41:19", nospace
"2013-12-07 06:44:30", "2013-12-07 06:47:26", nospace
"2013-12-07 07:08:30", "2013-12-07 07:17:19", nospace
"2013-12-07 07:32:20", "2013-12-07 07:50:19", nospace
"2013-12-07 08:44:09", "2013-12-07 08:56:11", nospace
"2013-12-07 09:23:13", "2013-12-07 09:26:10", nospace
"2013-12-07 14:38:17", "2013-12-07 14:47:25", nobike
"2013-12-08 00:50:26", "2013-12-08 01:02:10", nospace
"2013-12-08 04:23:21", "2013-12-08 04:50:35", nospace
"2013-12-08 05:02:28", "2013-12-08 05:08:12", nospace
"2013-12-08 05:38:11", "2013-12-08 05:59:22", nospace
"2013-12-08 06:11:19", "2013-12-08 06:20:32", nospace
"2013-12-08 06:32:11", "2013-12-08 06:41:20", nospace
"2013-12-08 06:53:24", "2013-12-08 07:41:24", nospace
"2013-12-08 07:56:12", "2013-12-08 08:23:28", nospace
"2013-12-08 08:32:15", "2013-12-08 08:50:29", nospace
"2013-12-08 08:53:13", "2013-12-08 09:11:36", nospace
"2013-12-08 09:14:21", "2013-12-08 09:26:22", nospace
"2013-12-08 09:41:34", "2013-12-08 09:53:36", nospace
"2013-12-08 09:56:21", "2013-12-08 09:59:28", nospace
"2013-12-08 23:20:38", "2013-12-08 23:53:20", nospace
"2013-12-09 00:29:24", "2013-12-09 00:50:35", nospace
"2013-12-09 00:59:38", "2013-12-09 01:14:34", nospace
"2013-12-09 01:17:19", "2013-12-09 02:02:25", nospace
"2013-12-09 03:02:29", "2013-12-09 03:17:16", nospace
"2013-12-09 04:23:35", "2013-12-09 04:44:32", nospace
"2013-12-09 04:47:17", "2013-12-09 04:53:38", nospace
"2013-12-09 05:02:13", "2013-12-09 05:35:19", nospace
"2013-12-09 05:38:29", "2013-12-09 05:44:25", nospace
"2013-12-09 06:53:43", "2013-12-09 07:38:32", nospace
"2013-12-09 07:41:38", "2013-12-09 07:44:44", nospace
"2013-12-09 08:23:40", "2013-12-09 08:29:41", nospace
"2013-12-09 12:11:31", "2013-12-09 12:20:17", nobike
"2013-12-09 13:38:37", "2013-12-09 13:47:30", nobike
"2013-12-09 13:53:44", "2013-12-09 14:08:15", nobike
"2013-12-09 14:20:45", "2013-12-09 14:26:29", nobike
"2013-12-10 04:02:48", "2013-12-10 04:08:36", nospace
"2013-12-10 04:11:46", "2013-12-10 05:11:43", nospace
"2013-12-10 11:02:38", "2013-12-10 11:41:26", nobike
"2013-12-10 23:29:25", "2013-12-11 00:11:33", nospace
"2013-12-11 00:14:22", "2013-12-11 00:20:34", nospace
"2013-12-11 00:26:51", "2013-12-11 00:35:29", nospace
"2013-12-11 00:38:22", "2013-12-11 00:44:43", nospace
"2013-12-11 00:56:44", "2013-12-11 00:59:34", nospace
"2013-12-11 01:26:34", "2013-12-11 01:53:42", nospace
"2013-12-11 04:17:22", "2013-12-11 05:29:33", nospace
"2013-12-11 06:11:39", "2013-12-11 06:14:34", nospace
"2013-12-11 06:50:25", "2013-12-11 07:02:55", nospace
"2013-12-12 04:11:44", "2013-12-12 04:14:34", nospace
"2013-12-12 05:50:59", "2013-12-12 05:53:30", nospace
"2013-12-12 10:26:41", "2013-12-12 10:29:56", nobike
"2013-12-12 10:44:59", "2013-12-12 10:47:35", nobike
"2013-12-12 10:50:52", "2013-12-12 10:53:26", nobike
"2013-12-12 10:56:42", "2013-12-12 11:05:50", nobike
"2013-12-12 11:14:55", "2013-12-12 11:17:32", nobike
"2013-12-12 11:20:47", "2013-12-12 11:24:03", nobike
"2013-12-12 11:32:37", "2013-12-12 11:45:02", nobike
"2013-12-12 11:47:53", "2013-12-12 11:53:35", nobike
"2013-12-12 13:50:48", "2013-12-12 14:29:55", nobike
"2013-12-13 00:30:02", "2013-12-13 00:50:32", nospace
"2013-12-13 02:05:44", "2013-12-13 02:09:01", nospace
"2013-12-13 14:32:29", "2013-12-13 14:47:31", nobike
"2013-12-16 00:03:11", "2013-12-16 00:06:09", nospace
"2013-12-16 00:09:07", "2013-12-16 00:15:05", nospace
"2013-12-16 00:27:01", "2013-12-16 00:50:51", nospace
"2013-12-16 01:02:46", "2013-12-16 01:11:40", nospace
"2013-12-16 01:20:57", "2013-12-16 01:33:19", nospace
"2013-12-16 02:30:04", "2013-12-16 02:50:48", nospace
"2013-12-18 11:57:02", "2013-12-18 12:30:14", nobike
"2013-12-19 10:09:00", "2013-12-19 10:21:38", nobike
"2013-12-19 10:24:09", "2013-12-19 10:41:49", nobike
"2013-12-19 10:45:10", "2013-12-19 11:08:49", nobike
"2013-12-19 11:12:10", "2013-12-19 11:18:04", nobike
"2013-12-19 11:21:28", "2013-12-19 11:27:20", nobike
"2013-12-19 11:33:16", "2013-12-19 12:06:09", nobike
"2013-12-21 07:36:46", "2013-12-21 07:45:06", nospace
"2013-12-21 08:06:27", "2013-12-21 08:15:44", nospace
"2013-12-21 09:09:35", "2013-12-21 09:30:03", nospace
"2013-12-21 11:18:22", "2013-12-21 13:06:21", nospace
"2013-12-22 05:15:12", "2013-12-22 05:21:44", nospace
"2013-12-22 05:42:14", "2013-12-22 05:51:17", nospace
"2013-12-22 06:15:26", "2013-12-22 06:30:22", nospace
"2013-12-22 06:35:58", "2013-12-22 06:42:29", nospace
"2013-12-22 06:53:59", "2013-12-22 07:06:00", nospace
"2013-12-22 09:03:18", "2013-12-22 09:06:06", nospace
"2013-12-22 13:45:26", "2013-12-22 14:45:04", nobike
"2013-12-24 10:30:24", "2013-12-24 10:36:10", nobike
"2013-12-24 12:33:11", "2013-12-24 12:48:44", nobike
"2013-12-25 04:46:03", "2013-12-25 05:00:47", nospace
"2013-12-25 07:22:07", "2013-12-25 07:31:02", nospace
"2013-12-25 07:39:58", "2013-12-25 08:36:30", nospace
"2013-12-26 10:06:24", "2013-12-26 10:40:14", nobike
"2013-12-26 11:18:37", "2013-12-26 11:21:43", nobike
"2013-12-26 11:24:50", "2013-12-26 11:39:22", nobike
"2013-12-27 09:54:35", "2013-12-27 10:27:52", nobike
"2013-12-27 10:37:09", "2013-12-27 11:09:28", nobike
"2013-12-27 11:12:37", "2013-12-27 11:48:51", nobike
"2013-12-27 12:06:32", "2013-12-27 12:12:47", nobike
"2013-12-27 14:01:03", "2013-12-27 14:04:08", nobike
"2013-12-27 14:18:37", "2013-12-27 15:18:42", nobike
"2013-12-29 08:51:42", "2013-12-29 09:03:57", nospace
"2013-12-30 06:36:41", "2013-12-30 06:43:29", nospace
"2013-12-30 08:25:00", "2013-12-30 08:33:50", nospace
"2013-12-30 10:54:53", "2013-12-30 11:01:19", nobike
"2013-12-30 11:03:30", "2013-12-30 11:15:30", nobike
"2013-12-30 11:27:33", "2013-12-30 11:51:30", nobike
"2013-12-30 13:34:17", "2013-12-30 14:30:42", nobike
"2013-12-30 14:34:01", "2013-12-30 14:51:37", nobike
"2013-12-30 15:00:52", "2013-12-30 15:07:29", nobike
"2013-12-31 06:31:18", "2013-12-31 06:40:14", nospace
"2013-12-31 06:46:13", "2013-12-31 06:55:08", nospace
"2013-12-31 10:28:30", "2013-12-31 10:37:28", nobike
"2013-12-31 18:51:46", "2013-12-31 19:04:08", nobike
"2014-01-01 00:37:00", "2014-01-01 00:39:42", nobike
"2014-01-01 00:43:12", "2014-01-01 00:57:52", nobike
"2014-01-01 05:58:10", "2014-01-01 06:09:41", nospace
"2014-01-01 06:13:06", "2014-01-01 06:15:45", nospace
"2014-01-01 06:18:34", "2014-01-01 06:37:21", nospace
"2014-01-01 07:00:40", "2014-01-01 07:07:37", nospace
"2014-01-01 07:40:04", "2014-01-01 07:51:34", nospace
"2014-01-01 07:58:40", "2014-01-01 08:06:48", nospace
"2014-01-01 09:04:40", "2014-01-01 09:22:00", nospace
"2014-01-01 09:33:33", "2014-01-01 09:43:00", nospace
"2014-01-01 14:04:19", "2014-01-01 14:19:21", nobike
"2014-01-01 14:21:39", "2014-01-01 14:25:07", nobike
"2014-01-02 02:27:37", "2014-01-02 02:34:13", nospace
"2014-01-02 02:39:59", "2014-01-02 02:51:56", nospace
"2014-01-02 04:00:54", "2014-01-02 04:16:30", nospace
"2014-01-02 05:12:44", "2014-01-02 05:42:55", nospace
"2014-01-02 05:46:25", "2014-01-02 05:57:54", nospace
"2014-01-02 06:07:12", "2014-01-02 06:31:40", nospace
"2014-01-02 10:42:48", "2014-01-02 10:46:16", nobike
"2014-01-02 10:52:06", "2014-01-02 11:01:20", nobike
"2014-01-02 11:10:04", "2014-01-02 11:15:40", nobike
"2014-01-02 11:19:11", "2014-01-02 11:30:52", nobike
"2014-01-02 12:00:47", "2014-01-02 12:07:13", nobike
"2014-01-02 12:13:03", "2014-01-02 12:24:45", nobike
"2014-01-02 12:43:24", "2014-01-02 12:45:44", nobike
"2014-01-02 12:52:47", "2014-01-02 13:51:57", nobike
"2014-01-03 02:43:41", "2014-01-03 02:55:24", nospace
"2014-01-03 02:57:45", "2014-01-03 03:07:06", nospace
"2014-01-03 03:16:31", "2014-01-03 03:31:45", nospace
"2014-01-03 08:22:10", "2014-01-03 08:39:45", nospace
"2014-01-03 15:39:50", "2014-01-03 15:45:47", nobike
"2014-01-04 06:46:34", "2014-01-04 06:49:04", nospace
"2014-01-04 07:24:48", "2014-01-04 07:58:46", nospace
"2014-01-04 08:01:13", "2014-01-04 08:13:18", nospace
"2014-01-04 08:16:25", "2014-01-04 08:25:25", nospace
"2014-01-04 09:09:53", "2014-01-04 09:13:19", nospace
"2014-01-04 15:43:35", "2014-01-04 16:01:47", nobike
"2014-01-04 16:07:54", "2014-01-04 16:40:41", nobike
"2014-01-05 05:49:02", "2014-01-05 06:04:51", nospace
"2014-01-05 06:25:02", "2014-01-05 06:34:02", nospace
"2014-01-05 06:37:46", "2014-01-05 07:10:02", nospace
"2014-01-05 07:22:24", "2014-01-05 07:40:55", nospace
"2014-01-05 07:45:50", "2014-01-05 07:52:00", nospace
"2014-01-05 07:55:42", "2014-01-05 07:58:10", nospace
"2014-01-05 08:01:51", "2014-01-05 08:19:03", nospace
"2014-01-05 08:22:46", "2014-01-05 08:25:15", nospace
"2014-01-05 08:55:10", "2014-01-05 09:03:57", nospace
"2014-01-05 09:10:45", "2014-01-05 09:13:14", nospace
"2014-01-05 09:19:22", "2014-01-05 09:31:43", nospace
"2014-01-05 09:34:10", "2014-01-05 09:37:48", nospace
"2014-01-05 09:41:17", "2014-01-05 09:52:33", nospace
"2014-01-06 02:49:15", "2014-01-06 03:13:40", nospace
"2014-01-06 04:02:01", "2014-01-06 04:04:29", nospace
"2014-01-06 04:10:40", "2014-01-06 04:16:51", nospace
"2014-01-06 04:23:02", "2014-01-06 04:28:00", nospace
"2014-01-06 04:37:56", "2014-01-06 05:01:22", nospace
"2014-01-06 05:19:55", "2014-01-06 05:49:37", nospace
"2014-01-06 05:58:19", "2014-01-06 06:10:34", nospace
"2014-01-06 14:16:36", "2014-01-06 14:46:56", nobike
"2014-01-07 03:25:39", "2014-01-07 03:31:06", nospace
"2014-01-07 03:55:52", "2014-01-07 04:07:12", nospace
"2014-01-07 04:39:59", "2014-01-07 04:58:37", nospace
"2014-01-07 05:37:45", "2014-01-07 05:46:34", nospace
"2014-01-07 07:31:30", "2014-01-07 08:04:19", nospace
"2014-01-07 08:08:05", "2014-01-07 08:21:57", nospace
"2014-01-07 10:34:17", "2014-01-07 10:49:43", nobike
"2014-01-07 11:30:56", "2014-01-07 11:41:00", nobike
"2014-01-07 11:43:30", "2014-01-07 11:46:02", nobike
"2014-01-07 14:38:05", "2014-01-07 14:49:28", nobike
"2014-01-08 01:52:56", "2014-01-08 01:55:28", nospace
"2014-01-08 02:13:13", "2014-01-08 02:19:35", nospace
"2014-01-08 02:58:46", "2014-01-08 03:47:01", nospace
"2014-01-08 03:52:06", "2014-01-08 03:58:26", nospace
"2014-01-08 04:11:06", "2014-01-08 04:13:38", nospace
"2014-01-08 04:20:00", "2014-01-08 04:40:06", nospace
"2014-01-08 05:01:46", "2014-01-08 05:17:05", nospace
"2014-01-08 05:26:00", "2014-01-08 05:59:07", nospace
"2014-01-08 06:40:01", "2014-01-08 06:55:57", nospace
"2014-01-08 07:39:59", "2014-01-08 08:01:55", nospace
"2014-01-09 10:20:01", "2014-01-09 10:40:49", nobike
"2014-01-10 00:13:24", "2014-01-10 00:28:56", nospace
"2014-01-10 00:56:13", "2014-01-10 00:58:48", nospace
"2014-01-10 04:04:29", "2014-01-10 04:07:05", nospace
"2014-01-10 04:10:58", "2014-01-10 04:20:06", nospace
"2014-01-10 05:22:20", "2014-01-10 05:28:50", nospace
"2014-01-10 05:31:27", "2014-01-10 05:43:09", nospace
"2014-01-10 06:19:32", "2014-01-10 06:22:17", nospace
"2014-01-10 10:56:04", "2014-01-10 11:05:16", nobike
"2014-01-10 11:19:50", "2014-01-10 11:34:21", nobike
"2014-01-10 11:38:17", "2014-01-10 11:50:12", nobike
"2014-01-10 11:52:50", "2014-01-10 12:01:58", nobike
"2014-01-10 12:25:43", "2014-01-10 12:40:14", nobike
"2014-01-10 14:07:15", "2014-01-10 14:13:49", nobike
"2014-01-10 14:25:18", "2014-01-10 14:28:14", nobike
"2014-01-10 14:37:36", "2014-01-10 14:46:50", nobike
"2014-01-11 07:26:15", "2014-01-11 07:28:57", nospace
"2014-01-11 08:01:10", "2014-01-11 08:05:13", nospace
"2014-01-11 08:07:55", "2014-01-11 08:13:19", nospace
"2014-01-11 08:59:00", "2014-01-11 09:01:43", nospace
"2014-01-11 09:46:11", "2014-01-11 09:55:39", nospace
"2014-01-11 10:02:22", "2014-01-11 10:17:08", nospace
"2014-01-11 10:22:31", "2014-01-11 10:25:12", nospace
"2014-01-11 10:46:10", "2014-01-11 10:52:56", nospace
"2014-01-12 05:50:26", "2014-01-12 06:02:22", nospace
"2014-01-12 06:07:44", "2014-01-12 06:10:25", nospace
"2014-01-12 06:14:25", "2014-01-12 06:17:06", nospace
"2014-01-12 06:19:46", "2014-01-12 06:22:29", nospace
"2014-01-12 06:37:41", "2014-01-12 06:40:24", nospace
"2014-01-12 09:07:13", "2014-01-12 09:11:18", nospace
"2014-01-13 10:19:13", "2014-01-13 10:41:20", nobike
"2014-01-13 11:56:03", "2014-01-13 11:58:50", nobike
"2014-01-14 10:14:30", "2014-01-14 10:43:36", nobike
"2014-01-15 02:47:56", "2014-01-15 02:55:34", nospace
"2014-01-15 03:05:16", "2014-01-15 03:29:05", nospace
"2014-01-15 03:40:24", "2014-01-15 04:16:45", nospace
"2014-01-15 04:19:32", "2014-01-15 04:34:50", nospace
"2014-01-15 04:37:29", "2014-01-15 04:44:25", nospace
"2014-01-15 04:49:58", "2014-01-15 04:55:30", nospace
"2014-01-15 04:59:40", "2014-01-15 05:23:18", nospace
"2014-01-15 05:31:38", "2014-01-15 05:41:20", nospace
"2014-01-15 05:46:46", "2014-01-15 06:04:50", nospace
"2014-01-15 06:10:23", "2014-01-15 06:43:48", nospace
"2014-01-15 10:02:28", "2014-01-15 10:13:43", nobike
"2014-01-15 10:20:22", "2014-01-15 11:05:32", nobike
"2014-01-15 12:05:08", "2014-01-15 12:16:48", nobike
"2014-01-15 12:19:36", "2014-01-15 12:26:40", nobike
"2014-01-15 12:35:06", "2014-01-15 12:37:55", nobike
"2014-01-16 10:49:36", "2014-01-16 10:56:42", nobike
"2014-01-16 12:38:14", "2014-01-16 12:43:55", nobike
"2014-01-17 00:29:57", "2014-01-17 00:44:10", nospace
"2014-01-17 00:47:01", "2014-01-17 00:52:41", nospace
"2014-01-17 02:44:05", "2014-01-17 03:17:29", nospace
"2014-01-17 03:37:29", "2014-01-17 03:53:30", nospace
"2014-01-17 04:14:50", "2014-01-17 04:23:22", nospace
"2014-01-17 04:31:54", "2014-01-17 04:44:42", nospace
"2014-01-17 04:50:23", "2014-01-17 05:08:06", nospace
"2014-01-17 05:26:36", "2014-01-17 05:29:29", nospace
"2014-01-17 05:32:19", "2014-01-17 05:35:11", nospace
"2014-01-17 05:55:43", "2014-01-17 06:08:09", nospace
"2014-01-17 14:17:32", "2014-01-17 14:29:00", nobike
"2014-01-17 14:31:52", "2014-01-17 15:17:01", nobike
"2014-01-17 15:20:50", "2014-01-17 15:22:45", nobike
"2014-01-17 15:29:48", "2014-01-17 15:35:32", nobike
"2014-01-18 02:53:12", "2014-01-18 02:56:04", nospace
"2014-01-18 05:56:52", "2014-01-18 06:19:55", nospace
"2014-01-18 06:34:02", "2014-01-18 06:44:28", nospace
"2014-01-18 06:56:31", "2014-01-18 06:59:24", nospace
"2014-01-18 07:05:14", "2014-01-18 07:20:14", nospace
"2014-01-18 09:38:08", "2014-01-18 09:41:02", nospace
"2014-01-18 14:14:38", "2014-01-18 14:17:32", nobike
"2014-01-19 02:22:59", "2014-01-19 02:31:44", nospace
"2014-01-19 02:59:14", "2014-01-19 03:29:48", nospace
"2014-01-19 04:26:35", "2014-01-19 04:55:45", nospace
"2014-01-19 05:31:43", "2014-01-19 06:08:11", nospace
"2014-01-19 06:19:52", "2014-01-19 06:22:48", nospace
"2014-01-19 06:25:47", "2014-01-19 06:28:41", nospace
"2014-01-19 06:36:01", "2014-01-19 06:47:46", nospace
"2014-01-19 06:53:38", "2014-01-19 07:16:42", nospace
"2014-01-19 07:35:52", "2014-01-19 07:38:49", nospace
"2014-01-19 07:41:46", "2014-01-19 07:50:35", nospace
"2014-01-19 07:56:30", "2014-01-19 08:34:46", nospace
"2014-01-19 08:41:40", "2014-01-19 08:43:40", nospace
"2014-01-19 08:53:36", "2014-01-19 08:56:35", nospace
"2014-01-19 08:59:32", "2014-01-19 09:20:09", nospace
"2014-01-20 01:50:54", "2014-01-20 01:56:48", nospace
"2014-01-20 06:02:33", "2014-01-20 06:11:24", nospace
"2014-01-20 07:50:12", "2014-01-20 08:05:02", nospace
"2014-01-20 08:08:00", "2014-01-20 08:10:59", nospace
"2014-01-20 09:53:26", "2014-01-20 10:02:22", nospace
"2014-01-20 14:43:59", "2014-01-20 15:04:50", nobike
"2014-01-21 00:46:41", "2014-01-21 01:08:57", nospace
"2014-01-21 02:07:55", "2014-01-21 02:38:11", nospace
"2014-01-21 03:14:00", "2014-01-21 03:19:57", nospace
"2014-01-21 04:20:58", "2014-01-21 04:35:15", nospace
"2014-01-21 04:49:56", "2014-01-21 05:04:45", nospace
"2014-01-21 08:44:00", "2014-01-21 08:46:59", nospace
"2014-01-21 09:47:16", "2014-01-21 09:53:59", nospace
"2014-01-21 13:38:56", "2014-01-21 14:08:58", nobike
"2014-01-22 05:30:54", "2014-01-22 05:41:24", nospace
"2014-01-22 08:25:03", "2014-01-22 08:28:05", nospace
"2014-01-22 09:16:38", "2014-01-22 09:25:48", nospace
"2014-01-22 09:28:49", "2014-01-22 09:31:49", nospace
"2014-01-22 14:17:29", "2014-01-22 14:32:42", nobike
"2014-01-23 01:31:13", "2014-01-23 03:41:29", nospace
"2014-01-23 03:50:37", "2014-01-23 04:02:39", nospace
"2014-01-23 04:16:21", "2014-01-23 04:46:34", nospace
"2014-01-23 04:52:40", "2014-01-23 04:55:43", nospace
"2014-01-23 05:01:49", "2014-01-23 05:03:19", nospace
"2014-01-23 05:09:27", "2014-01-23 05:18:35", nospace
"2014-01-23 06:31:45", "2014-01-23 06:35:42", nospace
"2014-01-23 06:37:44", "2014-01-23 06:50:36", nospace
"2014-01-23 06:52:38", "2014-01-23 07:07:20", nospace
"2014-01-23 07:13:29", "2014-01-23 07:15:02", nospace
"2014-01-23 14:41:42", "2014-01-23 14:47:51", nobike
"2014-01-24 03:03:09", "2014-01-24 03:07:12", nospace
"2014-01-24 04:42:11", "2014-01-24 04:48:06", nospace
"2014-01-24 04:54:14", "2014-01-24 05:11:04", nospace
"2014-01-24 05:20:14", "2014-01-24 05:29:27", nospace
"2014-01-24 05:35:35", "2014-01-24 05:43:14", nospace
"2014-01-24 06:16:58", "2014-01-24 06:30:49", nospace
"2014-01-24 06:49:18", "2014-01-24 06:57:33", nospace
"2014-01-24 07:02:12", "2014-01-24 07:14:38", nospace
"2014-01-24 07:20:46", "2014-01-24 07:26:58", nospace
"2014-01-24 07:39:13", "2014-01-24 07:58:43", nospace
"2014-01-24 08:04:51", "2014-01-24 08:06:51", nospace
"2014-01-24 14:10:57", "2014-01-24 14:17:08", nobike
"2014-01-24 14:18:42", "2014-01-24 14:29:31", nobike
"2014-01-25 04:40:47", "2014-01-25 04:43:54", nospace
"2014-01-25 04:45:28", "2014-01-25 04:56:23", nospace
"2014-01-25 05:19:43", "2014-01-25 05:33:47", nospace
"2014-01-25 05:36:55", "2014-01-25 05:46:10", nospace
"2014-01-25 05:57:03", "2014-01-25 06:03:16", nospace
"2014-01-25 06:04:48", "2014-01-25 06:07:55", nospace
"2014-01-25 06:33:55", "2014-01-25 06:54:45", nospace
"2014-01-25 07:20:01", "2014-01-25 07:27:49", nospace
"2014-01-25 07:29:22", "2014-01-25 07:30:56", nospace
"2014-01-25 07:49:46", "2014-01-25 08:06:58", nospace
"2014-01-25 12:32:56", "2014-01-25 12:59:33", nospace
"2014-01-26 07:17:20", "2014-01-26 07:20:28", nospace
"2014-01-26 07:22:02", "2014-01-26 07:31:30", nospace
"2014-01-26 08:29:17", "2014-01-26 08:33:01", nospace
"2014-01-26 08:45:04", "2014-01-26 08:59:11", nospace
"2014-01-27 00:12:54", "2014-01-27 00:22:25", nospace
"2014-01-27 00:23:59", "2014-01-27 00:25:35", nospace
"2014-01-27 00:30:19", "2014-01-27 00:38:16", nospace
"2014-01-27 00:57:18", "2014-01-27 01:03:38", nospace
"2014-01-27 01:09:58", "2014-01-27 01:11:32", nospace
"2014-01-27 01:13:07", "2014-01-27 01:14:43", nospace
"2014-01-27 01:17:53", "2014-01-27 01:28:59", nospace
"2014-01-27 02:24:42", "2014-01-27 02:43:43", nospace
"2014-01-27 02:54:50", "2014-01-27 02:56:26", nospace
"2014-01-27 03:07:36", "2014-01-27 03:12:20", nospace
"2014-01-27 03:26:36", "2014-01-27 03:28:12", nospace
"2014-01-27 03:29:47", "2014-01-27 03:39:17", nospace
"2014-01-27 03:45:40", "2014-01-27 03:47:15", nospace
"2014-01-27 03:48:50", "2014-01-27 03:52:01", nospace
"2014-01-27 04:47:46", "2014-01-27 04:57:16", nospace
"2014-01-27 04:57:51", "2014-01-27 04:59:02", nospace
"2014-01-27 05:00:12", "2014-01-27 05:04:59", nospace
"2014-01-27 05:08:09", "2014-01-27 05:27:13", nospace
"2014-01-27 05:28:49", "2014-01-27 05:46:17", nospace
"2014-01-27 05:47:52", "2014-01-27 05:51:03", nospace
"2014-01-27 05:58:59", "2014-01-27 06:06:35", nospace
"2014-01-27 06:10:46", "2014-01-27 06:12:47", nospace
"2014-01-27 07:42:26", "2014-01-27 07:52:03", nospace
"2014-01-27 07:56:51", "2014-01-27 08:04:52", nospace
"2014-01-27 08:17:43", "2014-01-27 08:22:26", nospace
"2014-01-27 08:33:37", "2014-01-27 08:38:25", nospace
"2014-01-27 08:59:15", "2014-01-27 09:05:37", nospace
"2014-01-27 09:07:12", "2014-01-27 09:16:48", nospace
"2014-01-27 13:42:59", "2014-01-27 14:13:11", nobike
"2014-01-27 14:14:46", "2014-01-27 15:00:51", nobike
"2014-01-27 23:46:41", "2014-01-27 23:53:05", nospace
"2014-01-28 00:21:46", "2014-01-28 00:42:30", nospace
"2014-01-28 00:47:17", "2014-01-28 00:56:54", nospace
"2014-01-28 01:16:01", "2014-01-28 01:22:25", nospace
"2014-01-28 01:24:00", "2014-01-28 01:35:06", nospace
"2014-01-28 01:46:15", "2014-01-28 01:55:50", nospace
"2014-01-28 01:59:02", "2014-01-28 02:57:47", nospace
"2014-01-28 03:13:46", "2014-01-28 03:16:58", nospace
"2014-01-28 04:09:49", "2014-01-28 04:11:24", nospace
"2014-01-28 05:29:48", "2014-01-28 05:33:01", nospace
"2014-01-28 05:41:01", "2014-01-28 05:45:48", nospace
"2014-01-28 06:06:34", "2014-01-28 06:09:44", nospace
"2014-01-28 06:12:57", "2014-01-28 06:17:46", nospace
"2014-01-28 06:20:59", "2014-01-28 06:29:02", nospace
"2014-01-28 07:06:17", "2014-01-28 07:14:20", nospace
"2014-01-28 07:15:58", "2014-01-28 07:18:54", nospace
"2014-01-28 12:59:02", "2014-01-28 13:07:07", nobike
"2014-01-29 08:19:39", "2014-01-29 08:48:56", nospace
"2014-01-29 08:50:34", "2014-01-29 08:53:48", nospace
"2014-01-31 01:42:59", "2014-01-31 02:05:01", nospace
"2014-01-31 02:17:44", "2014-01-31 02:44:29", nospace
"2014-01-31 03:13:54", "2014-01-31 03:22:07", nospace
"2014-01-31 05:10:53", "2014-01-31 05:19:10", nospace
"2014-01-31 05:25:46", "2014-01-31 05:30:43", nospace
"2014-01-31 05:38:57", "2014-01-31 05:47:14", nospace
"2014-01-31 05:52:11", "2014-01-31 05:53:51", nospace
"2014-01-31 05:55:29", "2014-01-31 06:21:47", nospace
"2014-01-31 06:23:26", "2014-01-31 06:26:46", nospace
"2014-01-31 06:38:55", "2014-01-31 06:57:54", nospace
"2014-01-31 08:46:00", "2014-01-31 09:11:14", nospace
"2014-01-31 09:13:24", "2014-01-31 09:15:49", nospace
"2014-01-31 09:30:41", "2014-01-31 09:35:05", nospace
"2014-01-31 09:37:39", "2014-01-31 09:39:47", nospace
"2014-01-31 09:48:36", "2014-01-31 09:54:46", nospace
"2014-02-01 06:07:49", "2014-02-01 06:32:24", nospace
"2014-02-01 07:10:33", "2014-02-01 07:35:46", nospace
"2014-02-01 08:29:58", "2014-02-01 08:35:55", nospace
"2014-02-01 09:03:52", "2014-02-01 09:06:07", nospace
"2014-02-01 09:08:21", "2014-02-01 09:19:48", nospace
"2014-02-01 09:39:53", "2014-02-01 09:44:27", nospace
"2014-02-01 15:50:35", "2014-02-01 16:04:03", nobike
"2014-02-02 04:33:49", "2014-02-02 04:36:01", nospace
"2014-02-02 04:44:55", "2014-02-02 04:51:48", nospace
"2014-02-02 04:58:41", "2014-02-02 05:03:07", nospace
"2014-02-02 05:07:44", "2014-02-02 05:17:01", nospace
"2014-02-02 05:23:38", "2014-02-02 05:39:51", nospace
"2014-02-02 06:14:09", "2014-02-02 06:18:38", nospace
"2014-02-02 06:29:20", "2014-02-02 06:32:41", nospace
"2014-02-02 06:37:09", "2014-02-02 06:46:12", nospace
"2014-02-02 06:47:35", "2014-02-02 06:48:52", nospace
"2014-02-02 06:51:42", "2014-02-02 07:02:35", nospace
"2014-02-02 07:14:05", "2014-02-02 07:34:52", nospace
"2014-02-02 07:37:26", "2014-02-02 08:15:58", nospace
"2014-02-02 08:18:12", "2014-02-02 08:20:25", nospace
"2014-02-02 08:24:56", "2014-02-02 08:27:06", nospace
"2014-02-02 08:31:06", "2014-02-02 08:34:08", nospace
"2014-02-02 09:03:41", "2014-02-02 09:34:51", nospace
"2014-02-02 09:40:05", "2014-02-02 09:46:51", nospace
"2014-02-02 09:55:50", "2014-02-02 09:58:04", nospace
"2014-02-02 14:35:33", "2014-02-02 14:49:17", nobike
"2014-02-03 02:29:42", "2014-02-03 02:31:24", nospace
"2014-02-03 02:54:57", "2014-02-03 03:00:12", nospace
"2014-02-03 03:06:55", "2014-02-03 03:22:57", nospace
"2014-02-03 03:32:17", "2014-02-03 03:44:59", nospace
"2014-02-03 03:51:15", "2014-02-03 04:18:21", nospace
"2014-02-03 04:20:03", "2014-02-03 04:23:27", nospace
"2014-02-03 04:26:50", "2014-02-03 04:33:38", nospace
"2014-02-03 05:10:50", "2014-02-03 05:14:14", nospace
"2014-02-03 05:22:42", "2014-02-03 05:37:58", nospace
"2014-02-03 05:43:03", "2014-02-03 05:53:12", nospace
"2014-02-03 06:08:28", "2014-02-03 07:22:02", nospace
"2014-02-03 07:24:18", "2014-02-03 07:38:44", nospace
"2014-02-03 07:52:44", "2014-02-03 08:13:10", nospace
"2014-02-03 08:28:35", "2014-02-03 08:50:49", nospace
"2014-02-03 09:06:14", "2014-02-03 09:14:53", nospace
"2014-02-03 09:18:18", "2014-02-03 09:28:29", nospace
"2014-02-03 09:52:36", "2014-02-03 10:04:02", nospace
"2014-02-03 10:06:12", "2014-02-03 10:17:41", nospace
"2014-02-04 01:47:14", "2014-02-04 01:50:40", nospace
"2014-02-04 01:55:48", "2014-02-04 01:57:31", nospace
"2014-02-04 01:59:14", "2014-02-04 02:04:09", nospace
"2014-02-04 02:23:00", "2014-02-04 02:28:09", nospace
"2014-02-04 02:38:24", "2014-02-04 02:48:39", nospace
"2014-02-04 02:57:12", "2014-02-04 04:09:41", nospace
"2014-02-04 04:14:20", "2014-02-04 04:38:30", nospace
"2014-02-04 04:39:09", "2014-02-04 05:00:56", nospace
"2014-02-04 05:14:27", "2014-02-04 05:16:42", nospace
"2014-02-04 05:20:44", "2014-02-04 05:27:22", nospace
"2014-02-04 05:28:48", "2014-02-04 05:31:52", nospace
"2014-02-04 06:32:34", "2014-02-04 06:49:47", nospace
"2014-02-04 07:24:12", "2014-02-04 07:49:47", nospace
"2014-02-04 07:57:50", "2014-02-04 08:02:58", nospace
"2014-02-04 08:20:44", "2014-02-04 08:24:10", nospace
"2014-02-04 08:41:24", "2014-02-04 09:08:58", nospace
"2014-02-04 09:12:24", "2014-02-04 09:24:28", nospace
"2014-02-05 07:06:14", "2014-02-05 07:15:41", nospace
"2014-02-05 07:52:19", "2014-02-05 07:58:39", nospace
"2014-02-05 08:37:50", "2014-02-05 08:40:45", nospace
"2014-02-05 08:43:01", "2014-02-05 08:56:07", nospace
"2014-02-05 09:01:44", "2014-02-05 09:41:50", nospace
"2014-02-05 10:05:55", "2014-02-05 10:11:44", nospace
"2014-02-05 14:48:58", "2014-02-05 15:00:29", nobike
"2014-02-05 23:58:38", "2014-02-06 00:05:38", nospace
"2014-02-06 00:10:46", "2014-02-06 00:24:45", nospace
"2014-02-06 00:26:18", "2014-02-06 00:29:39", nospace
"2014-02-06 00:59:29", "2014-02-06 01:08:13", nospace
"2014-02-06 02:49:26", "2014-02-06 03:03:27", nospace
"2014-02-06 03:24:24", "2014-02-06 03:29:39", nospace
"2014-02-06 04:30:35", "2014-02-06 04:43:39", nospace
"2014-02-06 04:57:43", "2014-02-06 05:18:41", nospace
"2014-02-06 05:20:57", "2014-02-06 05:25:51", nospace
"2014-02-06 05:31:35", "2014-02-06 05:55:59", nospace
"2014-02-06 06:19:08", "2014-02-06 06:26:19", nospace
"2014-02-06 06:45:24", "2014-02-06 07:30:26", nospace
"2014-02-06 07:35:42", "2014-02-06 07:39:12", nospace
"2014-02-06 07:56:42", "2014-02-06 08:01:49", nospace
"2014-02-06 08:08:54", "2014-02-06 08:14:09", nospace
"2014-02-06 08:15:54", "2014-02-06 08:24:41", nospace
"2014-02-06 08:36:37", "2014-02-06 08:45:25", nospace
"2014-02-06 13:41:14", "2014-02-06 13:42:49", nobike
"2014-02-06 14:15:41", "2014-02-06 14:18:01", nobike
"2014-02-06 14:19:05", "2014-02-06 14:25:54", nobike
"2014-02-06 14:28:09", "2014-02-06 14:48:51", nobike
"2014-02-07 08:05:26", "2014-02-07 08:07:40", nospace
"2014-02-07 08:08:59", "2014-02-07 08:16:13", nospace
"2014-02-07 08:30:24", "2014-02-07 08:35:46", nospace
"2014-02-08 06:25:58", "2014-02-08 06:42:31", nospace
"2014-02-08 06:54:56", "2014-02-08 06:55:47", nospace
"2014-02-08 07:03:52", "2014-02-08 07:27:04", nospace
"2014-02-08 07:32:19", "2014-02-08 07:34:07", nospace
"2014-02-08 07:50:11", "2014-02-08 07:57:18", nospace
"2014-02-08 07:59:05", "2014-02-08 08:04:26", nospace
"2014-02-10 00:34:09", "2014-02-10 00:35:17", nospace
"2014-02-10 00:42:56", "2014-02-10 00:52:15", nospace
"2014-02-10 00:54:48", "2014-02-10 00:57:04", nospace
"2014-02-10 03:19:25", "2014-02-10 03:41:13", nospace
"2014-02-10 05:39:55", "2014-02-10 05:50:51", nospace
"2014-02-10 06:05:22", "2014-02-10 06:38:11", nospace
"2014-02-10 07:23:09", "2014-02-10 07:28:43", nospace
"2014-02-10 14:19:40", "2014-02-10 14:48:39", nobike
"2014-02-13 11:44:03", "2014-02-13 11:49:39", nobike
"2014-02-14 02:58:14", "2014-02-14 03:07:36", nospace
"2014-02-14 03:22:21", "2014-02-14 03:42:58", nospace
"2014-02-14 04:34:58", "2014-02-14 04:44:19", nospace
"2014-02-15 09:01:35", "2014-02-15 09:03:29", nospace
"2014-02-15 13:51:48", "2014-02-15 14:22:05", nobike
"2014-02-16 04:30:12", "2014-02-16 04:32:35", nospace
"2014-02-16 04:56:39", "2014-02-16 04:57:48", nospace
"2014-02-16 05:05:57", "2014-02-16 05:07:18", nospace
"2014-02-16 05:10:07", "2014-02-16 05:12:02", nospace
"2014-02-16 05:29:12", "2014-02-16 05:31:06", nospace
"2014-02-16 05:40:32", "2014-02-16 05:41:11", nospace
"2014-02-16 05:42:28", "2014-02-16 05:44:49", nospace
"2014-02-16 05:51:02", "2014-02-16 05:53:31", nospace
"2014-02-16 06:10:28", "2014-02-16 06:12:22", nospace
"2014-02-16 06:27:39", "2014-02-16 06:29:34", nospace
"2014-02-16 06:38:55", "2014-02-16 06:43:23", nospace
"2014-02-16 06:49:10", "2014-02-16 06:51:04", nospace
"2014-02-16 08:53:14", "2014-02-16 08:55:08", nospace
"2014-02-16 09:04:41", "2014-02-16 09:08:30", nospace
"2014-02-16 09:40:07", "2014-02-16 09:42:00", nospace
"2014-02-17 01:02:09", "2014-02-17 01:04:04", nospace
"2014-02-17 04:50:26", "2014-02-17 04:52:21", nospace
"2014-02-17 09:01:31", "2014-02-17 09:05:52", nospace
"2014-02-17 10:50:55", "2014-02-17 11:15:26", nobike
"2014-02-17 11:17:23", "2014-02-17 11:21:15", nobike
"2014-02-17 11:23:13", "2014-02-17 11:25:08", nobike
"2014-02-17 14:03:03", "2014-02-17 14:27:01", nobike
"2014-02-18 00:26:05", "2014-02-18 01:04:45", nospace
"2014-02-18 01:18:15", "2014-02-18 01:26:00", nospace
"2014-02-18 01:34:50", "2014-02-18 02:03:57", nospace
"2014-02-18 02:21:24", "2014-02-18 03:21:31", nospace
"2014-02-18 03:23:57", "2014-02-18 03:34:24", nospace
"2014-02-18 03:47:30", "2014-02-18 03:58:39", nospace
"2014-02-18 04:17:00", "2014-02-18 04:22:51", nospace
"2014-02-19 23:14:50", "2014-02-19 23:38:01", nospace
"2014-02-19 23:38:59", "2014-02-19 23:40:18", nospace
"2014-02-19 23:55:17", "2014-02-20 00:33:59", nospace
"2014-02-20 00:43:50", "2014-02-20 00:49:45", nospace
"2014-02-20 01:34:28", "2014-02-20 01:39:20", nospace
"2014-02-20 01:48:48", "2014-02-20 01:52:44", nospace
"2014-02-20 02:12:24", "2014-02-20 02:18:18", nospace
"2014-02-20 02:32:05", "2014-02-20 02:37:59", nospace
"2014-02-20 05:08:09", "2014-02-20 05:10:08", nospace
"2014-02-20 06:29:57", "2014-02-20 06:43:51", nospace
"2014-02-20 06:45:52", "2014-02-20 07:01:40", nospace
"2014-02-20 10:19:25", "2014-02-20 10:21:23", nobike
"2014-02-20 10:23:21", "2014-02-20 10:35:10", nobike
"2014-02-20 10:37:08", "2014-02-20 11:10:37", nobike
"2014-02-20 11:19:53", "2014-02-20 11:24:00", nobike
"2014-02-20 11:25:57", "2014-02-20 11:29:53", nobike
"2014-02-20 11:31:52", "2014-02-20 11:35:47", nobike
"2014-02-20 14:02:50", "2014-02-20 14:24:31", nobike
"2014-02-20 14:38:21", "2014-02-20 14:44:16", nobike
"2014-02-21 00:11:11", "2014-02-21 00:34:06", nospace
"2014-02-21 00:35:11", "2014-02-21 00:52:19", nospace
"2014-02-21 00:58:15", "2014-02-21 01:00:13", nospace
"2014-02-21 01:02:13", "2014-02-21 01:06:10", nospace
"2014-02-21 01:08:08", "2014-02-21 01:23:56", nospace
"2014-02-21 01:31:52", "2014-02-21 01:35:49", nospace
"2014-02-21 01:41:44", "2014-02-21 01:47:42", nospace
"2014-02-21 01:55:01", "2014-02-21 02:03:15", nospace
"2014-02-21 05:46:12", "2014-02-21 06:02:03", nospace
"2014-02-21 06:07:59", "2014-02-21 06:13:56", nospace
"2014-02-21 06:47:36", "2014-02-21 07:15:25", nospace
"2014-02-21 08:30:57", "2014-02-21 08:32:56", nospace
"2014-02-21 08:36:54", "2014-02-21 08:42:51", nospace
"2014-02-21 12:45:22", "2014-02-21 12:57:17", nobike
"2014-02-21 13:33:01", "2014-02-21 14:14:49", nobike
"2014-02-21 14:30:40", "2014-02-21 14:40:36", nobike
"2014-02-21 14:42:35", "2014-02-21 14:56:31", nobike
"2014-02-21 18:14:47", "2014-02-21 18:16:42", nobike
"2014-02-22 07:38:48", "2014-02-22 07:46:51", nospace
"2014-02-22 08:32:16", "2014-02-22 08:34:16", nospace
"2014-02-22 08:40:18", "2014-02-22 08:44:19", nospace
"2014-02-22 08:51:52", "2014-02-22 09:09:56", nospace
"2014-02-22 09:11:56", "2014-02-22 09:19:55", nospace
"2014-02-22 09:27:56", "2014-02-22 09:29:56", nospace
"2014-02-22 14:25:24", "2014-02-22 14:29:25", nobike
"2014-02-23 02:26:14", "2014-02-23 02:30:06", nospace
"2014-02-23 02:32:06", "2014-02-23 02:40:09", nospace
"2014-02-23 02:42:10", "2014-02-23 03:37:50", nospace
"2014-02-23 04:49:48", "2014-02-23 04:51:48", nospace
"2014-02-23 04:53:49", "2014-02-23 04:59:49", nospace
"2014-02-23 05:05:50", "2014-02-23 05:29:55", nospace
"2014-02-23 05:39:55", "2014-02-23 05:53:59", nospace
"2014-02-23 05:56:01", "2014-02-23 06:22:12", nospace
"2014-02-23 06:24:13", "2014-02-23 06:51:01", nospace
"2014-02-23 07:01:03", "2014-02-23 07:29:17", nospace
"2014-02-23 07:33:17", "2014-02-23 08:11:19", nospace
"2014-02-23 08:15:20", "2014-02-23 08:29:27", nospace
"2014-02-23 08:31:28", "2014-02-23 08:57:45", nospace
"2014-02-23 08:59:48", "2014-02-23 09:01:49", nospace
"2014-02-23 09:03:50", "2014-02-23 09:22:04", nospace
"2014-02-23 09:50:24", "2014-02-23 09:56:27", nospace
"2014-02-23 09:58:27", "2014-02-23 10:00:26", nospace
"2014-02-23 10:02:27", "2014-02-23 10:04:27", nospace
"2014-02-23 10:06:28", "2014-02-23 10:16:34", nospace
"2014-02-23 10:18:35", "2014-02-23 10:20:36", nospace
"2014-02-23 10:22:36", "2014-02-23 10:24:37", nospace
"2014-02-24 00:09:16", "2014-02-24 00:39:37", nospace
"2014-02-24 02:27:04", "2014-02-24 03:03:34", nospace
"2014-02-24 03:26:12", "2014-02-24 03:28:28", nospace
"2014-02-24 03:32:32", "2014-02-24 03:33:22", nospace
"2014-02-24 03:41:23", "2014-02-24 03:48:36", nospace
"2014-02-24 04:04:50", "2014-02-24 04:16:59", nospace
"2014-02-24 04:21:04", "2014-02-24 04:25:07", nospace
"2014-02-24 04:35:14", "2014-02-24 05:09:41", nospace
"2014-02-24 05:19:50", "2014-02-24 05:51:22", nospace
"2014-02-24 06:06:16", "2014-02-24 06:26:37", nospace
"2014-02-24 06:44:57", "2014-02-24 06:51:15", nospace
"2014-02-24 06:55:32", "2014-02-24 07:03:06", nospace
"2014-02-24 07:33:00", "2014-02-24 07:41:07", nospace
"2014-02-24 07:53:18", "2014-02-24 08:03:27", nospace
"2014-02-24 08:05:30", "2014-02-24 08:09:34", nospace
"2014-02-24 10:55:03", "2014-02-24 10:57:05", nobike
"2014-02-24 10:59:24", "2014-02-24 11:01:55", nobike
"2014-02-24 13:53:00", "2014-02-24 13:55:33", nobike
"2014-02-24 14:08:23", "2014-02-24 14:31:04", nobike
"2014-02-24 14:35:06", "2014-02-24 14:45:17", nobike
"2014-02-24 23:28:27", "2014-02-24 23:57:04", nospace
"2014-02-25 00:03:11", "2014-02-25 00:23:37", nospace
"2014-02-25 00:25:39", "2014-02-25 00:33:48", nospace
"2014-02-25 01:48:46", "2014-02-25 01:52:52", nospace
"2014-02-25 05:23:32", "2014-02-25 05:25:36", nospace
"2014-02-25 05:31:43", "2014-02-25 05:39:46", nospace
"2014-02-25 05:43:52", "2014-02-25 05:47:59", nospace
"2014-02-25 07:50:30", "2014-02-25 07:52:32", nospace
"2014-02-25 07:54:37", "2014-02-25 08:08:57", nospace
"2014-02-25 08:11:00", "2014-02-25 08:17:09", nospace
"2014-02-25 08:21:15", "2014-02-25 08:29:25", nospace
"2014-02-25 11:09:01", "2014-02-25 11:19:18", nobike
"2014-02-25 14:20:02", "2014-02-25 14:35:52", nobike
"2014-02-26 00:23:59", "2014-02-26 00:26:03", nospace
"2014-02-26 00:28:05", "2014-02-26 00:31:57", nospace
"2014-02-26 00:43:18", "2014-02-26 00:51:39", nospace
"2014-02-26 00:54:12", "2014-02-26 01:40:51", nospace
"2014-02-26 01:49:04", "2014-02-26 01:55:16", nospace
"2014-02-26 02:09:27", "2014-02-26 02:11:30", nospace
"2014-02-26 05:20:45", "2014-02-26 05:24:54", nospace
"2014-02-26 05:26:58", "2014-02-26 05:30:49", nospace
"2014-02-26 05:39:03", "2014-02-26 05:43:12", nospace
"2014-02-26 05:55:37", "2014-02-26 06:05:51", nospace
"2014-02-26 06:22:21", "2014-02-26 06:29:50", nospace
"2014-02-26 10:39:17", "2014-02-26 10:44:14", nobike
"2014-02-26 12:45:59", "2014-02-26 12:56:16", nobike
"2014-02-26 14:01:59", "2014-02-26 14:17:57", nobike
"2014-02-26 14:20:34", "2014-02-26 14:31:48", nobike
"2014-02-27 00:09:33", "2014-02-27 00:19:33", nospace
"2014-02-27 00:30:56", "2014-02-27 00:34:40", nospace
"2014-02-27 00:37:09", "2014-02-27 00:39:41", nospace
"2014-02-27 01:25:45", "2014-02-27 03:42:43", nospace
"2014-02-27 04:38:34", "2014-02-27 04:42:44", nospace
"2014-02-27 04:46:53", "2014-02-27 05:24:23", nospace
"2014-02-27 06:24:44", "2014-02-27 06:31:31", nospace
"2014-02-27 06:33:36", "2014-02-27 06:48:07", nospace
"2014-02-27 06:52:14", "2014-02-27 06:56:23", nospace
"2014-02-27 11:09:09", "2014-02-27 11:15:17", nobike
"2014-02-27 11:17:58", "2014-02-27 11:20:36", nobike
"2014-02-27 11:26:36", "2014-02-27 11:29:13", nobike
"2014-02-27 12:16:44", "2014-02-27 12:37:25", nobike
"2014-02-28 01:26:24", "2014-02-28 01:36:49", nospace
"2014-02-28 02:18:10", "2014-02-28 03:20:27", nospace
"2014-02-28 03:34:39", "2014-02-28 03:38:49", nospace
"2014-02-28 03:47:11", "2014-02-28 03:49:15", nospace
"2014-02-28 04:01:45", "2014-02-28 04:05:54", nospace
"2014-02-28 04:12:05", "2014-02-28 04:19:53", nospace
"2014-02-28 04:31:15", "2014-02-28 04:37:18", nospace
"2014-02-28 04:39:54", "2014-02-28 04:47:11", nospace
"2014-02-28 04:49:48", "2014-02-28 04:52:10", nospace
"2014-02-28 04:53:18", "2014-02-28 04:55:54", nospace
"2014-02-28 05:18:44", "2014-02-28 05:36:23", nospace
"2014-02-28 05:48:53", "2014-02-28 05:55:07", nospace
"2014-02-28 06:03:26", "2014-02-28 06:11:45", nospace
"2014-02-28 06:17:59", "2014-02-28 06:30:35", nospace
"2014-02-28 06:45:45", "2014-02-28 07:14:53", nospace
"2014-02-28 07:16:59", "2014-02-28 08:11:09", nospace
"2014-02-28 08:13:14", "2014-02-28 08:38:12", nospace
"2014-02-28 08:50:43", "2014-02-28 08:54:52", nospace
"2014-02-28 09:05:17", "2014-02-28 09:07:21", nospace
"2014-02-28 09:09:27", "2014-02-28 09:30:20", nospace
"2014-02-28 09:38:27", "2014-02-28 09:39:53", nospace
"2014-02-28 09:47:34", "2014-02-28 09:48:42", nospace
"2014-03-01 03:14:15", "2014-03-01 03:16:20", nospace
"2014-03-01 03:28:54", "2014-03-01 03:30:59", nospace
"2014-03-01 03:37:17", "2014-03-01 04:08:46", nospace
"2014-03-01 04:12:57", "2014-03-01 04:17:08", nospace
"2014-03-01 04:54:47", "2014-03-01 04:56:53", nospace
"2014-03-01 04:58:57", "2014-03-01 05:11:31", nospace
"2014-03-01 05:17:49", "2014-03-01 05:50:53", nospace
"2014-03-01 06:05:06", "2014-03-01 06:17:46", nospace
"2014-03-01 06:18:57", "2014-03-01 07:08:02", nospace
"2014-03-01 07:10:41", "2014-03-01 07:28:45", nospace
"2014-03-01 07:31:15", "2014-03-01 07:58:18", nospace
"2014-03-01 08:01:49", "2014-03-01 08:04:36", nospace
"2014-03-01 08:07:19", "2014-03-01 08:25:14", nospace
"2014-03-01 08:55:27", "2014-03-01 09:24:50", nospace
"2014-03-01 10:09:19", "2014-03-01 10:11:25", nospace
"2014-03-01 10:15:37", "2014-03-01 10:17:43", nospace
"2014-03-01 10:19:48", "2014-03-01 10:21:54", nospace
"2014-03-01 11:18:41", "2014-03-01 11:20:48", nospace
"2014-03-01 11:22:55", "2014-03-01 11:25:00", nospace
"2014-03-01 11:46:01", "2014-03-01 11:48:07", nospace
"2014-03-01 11:58:38", "2014-03-01 12:00:44", nospace
"2014-03-01 12:04:56", "2014-03-01 12:07:02", nospace
"2014-03-02 06:42:15", "2014-03-02 06:44:30", nospace
"2014-03-02 07:43:58", "2014-03-02 07:46:05", nospace
"2014-03-02 08:30:35", "2014-03-02 08:32:43", nospace
"2014-03-02 08:37:00", "2014-03-02 08:45:29", nospace
"2014-03-02 08:47:37", "2014-03-02 08:49:44", nospace
"2014-03-02 08:51:50", "2014-03-02 09:02:15", nospace
"2014-03-02 09:08:36", "2014-03-02 09:12:52", nospace
"2014-03-03 10:30:54", "2014-03-03 10:33:33", nobike
"2014-03-03 10:47:53", "2014-03-03 10:55:36", nobike
"2014-03-03 13:37:15", "2014-03-03 13:50:04", nobike
"2014-03-04 00:29:37", "2014-03-04 00:34:27", nospace
"2014-03-04 00:36:48", "2014-03-04 00:54:30", nospace
"2014-03-04 01:27:38", "2014-03-04 01:34:18", nospace
"2014-03-04 02:05:56", "2014-03-04 02:30:41", nospace
"2014-03-04 02:55:42", "2014-03-04 02:58:00", nospace
"2014-03-04 03:20:18", "2014-03-04 03:24:48", nospace
"2014-03-04 03:38:17", "2014-03-04 04:08:05", nospace
"2014-03-04 04:24:03", "2014-03-04 05:41:28", nospace
"2014-03-04 08:39:57", "2014-03-04 08:53:36", nospace
"2014-03-04 23:33:21", "2014-03-04 23:40:13", nospace
"2014-03-05 00:00:51", "2014-03-05 00:19:12", nospace
"2014-03-05 00:37:12", "2014-03-05 00:53:46", nospace
"2014-03-05 00:58:21", "2014-03-05 01:02:56", nospace
"2014-03-05 01:05:14", "2014-03-05 02:27:58", nospace
"2014-03-05 02:41:45", "2014-03-05 02:46:20", nospace
"2014-03-05 03:00:19", "2014-03-05 03:11:45", nospace
"2014-03-05 03:25:32", "2014-03-05 04:52:42", nospace
"2014-03-07 01:17:55", "2014-03-07 01:20:15", nospace
"2014-03-07 01:24:54", "2014-03-07 01:34:12", nospace
"2014-03-07 01:59:37", "2014-03-07 02:38:56", nospace
"2014-03-07 02:52:13", "2014-03-07 03:30:55", nospace
"2014-03-07 03:48:12", "2014-03-07 04:19:28", nospace
"2014-03-09 08:26:01", "2014-03-09 08:33:05", nospace
"2014-03-09 09:06:01", "2014-03-09 09:30:00", nospace
"2014-03-10 00:21:32", "2014-03-10 00:33:22", nospace
"2014-03-10 00:36:19", "2014-03-10 01:23:33", nospace
"2014-03-10 01:49:32", "2014-03-10 02:03:44", nospace
"2014-03-10 02:39:09", "2014-03-10 02:48:37", nospace
"2014-03-10 06:07:11", "2014-03-10 06:09:33", nospace
"2014-03-10 06:11:55", "2014-03-10 06:14:16", nospace
"2014-03-10 07:35:08", "2014-03-10 07:49:18", nospace
"2014-03-10 10:58:09", "2014-03-10 11:02:07", nobike
"2014-03-10 11:10:46", "2014-03-10 11:17:51", nobike
"2014-03-10 11:20:13", "2014-03-10 11:34:23", nobike
"2014-03-10 11:36:45", "2014-03-10 11:46:12", nobike
"2014-03-11 03:48:10", "2014-03-11 04:23:46", nospace
"2014-03-11 04:26:08", "2014-03-11 04:52:55", nospace
"2014-03-11 04:57:40", "2014-03-11 05:19:06", nospace
"2014-03-11 05:22:29", "2014-03-11 05:24:19", nospace
"2014-03-11 05:43:21", "2014-03-11 05:45:44", nospace
"2014-03-11 05:50:31", "2014-03-11 05:55:18", nospace
"2014-03-11 05:57:40", "2014-03-11 06:28:41", nospace
"2014-03-11 07:02:22", "2014-03-11 07:04:44", nospace
"2014-03-11 07:16:37", "2014-03-11 07:21:24", nospace
"2014-03-11 07:49:58", "2014-03-11 07:52:19", nospace
"2014-03-11 07:59:26", "2014-03-11 08:22:39", nospace
"2014-03-11 08:33:10", "2014-03-11 08:35:31", nospace
"2014-03-11 08:37:55", "2014-03-11 08:40:19", nospace
"2014-03-11 08:45:05", "2014-03-11 08:52:11", nospace
"2014-03-11 08:59:01", "2014-03-11 09:06:54", nospace
"2014-03-11 11:06:12", "2014-03-11 11:10:58", nobike
"2014-03-11 11:13:22", "2014-03-11 11:18:10", nobike
"2014-03-11 11:22:59", "2014-03-11 11:32:28", nobike
"2014-03-12 00:31:01", "2014-03-12 00:38:12", nospace
"2014-03-12 02:52:08", "2014-03-12 02:56:55", nospace
"2014-03-12 03:08:51", "2014-03-12 03:23:46", nospace
"2014-03-12 03:28:32", "2014-03-12 03:45:16", nospace
"2014-03-12 04:14:00", "2014-03-12 04:28:22", nospace
"2014-03-12 04:47:26", "2014-03-12 04:54:37", nospace
"2014-03-12 04:59:24", "2014-03-12 05:11:22", nospace
"2014-03-12 05:23:20", "2014-03-12 05:43:00", nospace
"2014-03-12 06:15:50", "2014-03-12 06:24:12", nospace
"2014-03-12 06:48:20", "2014-03-12 06:53:07", nospace
"2014-03-12 06:55:30", "2014-03-12 06:57:54", nospace
"2014-03-12 10:31:23", "2014-03-12 11:06:57", nobike
"2014-03-12 11:14:07", "2014-03-12 11:25:09", nobike
"2014-03-13 09:28:43", "2014-03-13 10:19:17", nobike
"2014-03-13 10:21:41", "2014-03-13 10:33:44", nobike
"2014-03-13 11:09:53", "2014-03-13 11:29:08", nobike
"2014-03-13 13:05:13", "2014-03-13 13:10:45", nospace
"2014-03-14 00:07:56", "2014-03-14 00:46:32", nospace
"2014-03-14 00:50:30", "2014-03-14 00:56:55", nospace
"2014-03-14 01:16:08", "2014-03-14 01:41:23", nospace
"2014-03-14 02:39:23", "2014-03-14 02:46:40", nospace
"2014-03-14 03:11:23", "2014-03-14 03:30:41", nospace
"2014-03-14 03:43:21", "2014-03-14 04:09:54", nospace
"2014-03-14 04:24:25", "2014-03-14 04:26:49", nospace
"2014-03-14 04:34:04", "2014-03-14 04:53:23", nospace
"2014-03-14 05:00:39", "2014-03-14 05:15:07", nospace
"2014-03-14 06:27:34", "2014-03-14 06:47:15", nospace
"2014-03-14 10:40:19", "2014-03-14 10:52:23", nobike
"2014-03-14 14:28:33", "2014-03-14 14:30:58", nobike
"2014-03-15 03:09:58", "2014-03-15 03:12:23", nospace
"2014-03-15 03:58:22", "2014-03-15 04:00:57", nospace
"2014-03-15 04:07:50", "2014-03-15 04:11:50", nospace
"2014-03-15 04:19:16", "2014-03-15 04:29:15", nospace
"2014-03-15 05:34:05", "2014-03-15 05:41:03", nospace
"2014-03-15 05:50:13", "2014-03-15 05:53:51", nospace
"2014-03-15 05:54:36", "2014-03-15 06:18:29", nospace
"2014-03-15 06:28:14", "2014-03-15 06:38:17", nospace
"2014-03-15 06:45:33", "2014-03-15 06:50:28", nospace
"2014-03-15 06:52:55", "2014-03-15 07:00:13", nospace
"2014-03-15 07:07:33", "2014-03-15 07:09:59", nospace
"2014-03-15 07:14:52", "2014-03-15 07:17:19", nospace
"2014-03-15 07:19:46", "2014-03-15 07:51:23", nospace
"2014-03-15 07:53:48", "2014-03-15 08:01:06", nospace
"2014-03-15 08:03:30", "2014-03-15 08:13:14", nospace
"2014-03-15 08:15:40", "2014-03-15 08:25:25", nospace
"2014-03-15 08:27:54", "2014-03-15 08:44:58", nospace
"2014-03-15 08:57:09", "2014-03-15 08:59:35", nospace
"2014-03-15 09:14:08", "2014-03-15 09:16:33", nospace
"2014-03-15 09:19:00", "2014-03-15 09:31:06", nospace
"2014-03-15 09:45:32", "2014-03-15 09:55:18", nospace
"2014-03-16 05:25:38", "2014-03-16 05:28:05", nospace
"2014-03-16 06:00:31", "2014-03-16 06:05:25", nospace
"2014-03-16 06:15:11", "2014-03-16 06:17:38", nospace
"2014-03-16 06:43:36", "2014-03-16 06:45:12", nospace
"2014-03-16 06:48:48", "2014-03-16 06:54:11", nospace
"2014-03-16 06:57:02", "2014-03-16 06:59:50", nospace
"2014-03-16 07:05:11", "2014-03-16 07:18:36", nospace
"2014-03-16 07:27:46", "2014-03-16 07:32:39", nospace
"2014-03-16 07:49:43", "2014-03-16 07:52:09", nospace
"2014-03-16 07:59:31", "2014-03-16 08:19:05", nospace
"2014-03-16 08:23:57", "2014-03-16 08:26:23", nospace
"2014-03-16 08:36:07", "2014-03-16 08:38:34", nospace
"2014-03-16 08:45:53", "2014-03-16 08:48:20", nospace
"2014-03-16 09:00:30", "2014-03-16 09:26:36", nospace
"2014-03-16 09:29:24", "2014-03-16 09:38:57", nospace
"2014-03-16 09:48:24", "2014-03-16 10:02:20", nospace
"2014-03-16 23:28:09", "2014-03-16 23:35:31", nospace
"2014-03-16 23:50:15", "2014-03-16 23:57:36", nospace
"2014-03-17 00:02:13", "2014-03-17 00:23:02", nospace
"2014-03-17 00:25:43", "2014-03-17 00:53:22", nospace
"2014-03-17 00:58:16", "2014-03-17 01:10:30", nospace
"2014-03-17 02:53:29", "2014-03-17 03:42:08", nospace
"2014-03-17 03:46:38", "2014-03-17 03:51:18", nospace
"2014-03-17 03:55:44", "2014-03-17 04:05:33", nospace
"2014-03-17 05:04:31", "2014-03-17 05:09:28", nospace
"2014-03-17 05:24:13", "2014-03-17 05:34:03", nospace
"2014-03-17 05:41:26", "2014-03-17 05:48:50", nospace
"2014-03-17 05:53:44", "2014-03-17 06:13:26", nospace
"2014-03-17 06:15:52", "2014-03-17 06:23:13", nospace
"2014-03-17 06:28:25", "2014-03-17 06:36:57", nospace
"2014-03-17 06:51:32", "2014-03-17 07:38:02", nospace
"2014-03-17 07:40:29", "2014-03-17 07:45:14", nospace
"2014-03-17 07:55:04", "2014-03-17 08:04:53", nospace
"2014-03-17 08:14:45", "2014-03-17 08:24:36", nospace
"2014-03-17 09:04:32", "2014-03-17 09:11:55", nospace
"2014-03-17 09:19:22", "2014-03-17 09:26:45", nospace
"2014-03-17 09:46:28", "2014-03-17 09:56:18", nospace
"2014-03-17 10:03:42", "2014-03-17 10:06:09", nospace
"2014-03-17 12:12:27", "2014-03-17 12:22:19", nobike
"2014-03-17 23:36:18", "2014-03-17 23:48:36", nospace
"2014-03-17 23:55:59", "2014-03-18 00:03:23", nospace
"2014-03-18 00:08:17", "2014-03-18 00:25:32", nospace
"2014-03-18 00:31:42", "2014-03-18 00:48:29", nospace
"2014-03-18 01:03:18", "2014-03-18 01:08:15", nospace
"2014-03-18 01:50:00", "2014-03-18 01:52:29", nospace
"2014-03-18 01:54:56", "2014-03-18 02:07:17", nospace
"2014-03-18 02:14:39", "2014-03-18 02:27:00", nospace
"2014-03-18 02:44:16", "2014-03-18 02:49:11", nospace
"2014-03-18 03:55:43", "2014-03-18 05:23:46", nospace
"2014-03-18 05:29:20", "2014-03-18 05:33:08", nospace
"2014-03-18 05:47:41", "2014-03-18 05:51:11", nospace
"2014-03-18 05:52:13", "2014-03-18 06:06:58", nospace
"2014-03-18 06:14:23", "2014-03-18 06:50:13", nospace
"2014-03-18 06:59:19", "2014-03-18 07:07:26", nospace
"2014-03-18 07:34:33", "2014-03-18 07:49:24", nospace
"2014-03-18 07:54:20", "2014-03-18 07:59:16", nospace
"2014-03-18 08:41:13", "2014-03-18 08:51:05", nospace
"2014-03-18 09:28:50", "2014-03-18 09:36:15", nospace
"2014-03-18 11:01:14", "2014-03-18 11:08:39", nobike
"2014-03-18 23:31:10", "2014-03-18 23:39:47", nospace
"2014-03-18 23:49:40", "2014-03-18 23:59:36", nospace
"2014-03-19 00:02:04", "2014-03-19 00:09:29", nospace
"2014-03-19 00:21:55", "2014-03-19 00:33:39", nospace
"2014-03-19 03:05:36", "2014-03-19 03:08:04", nospace
"2014-03-19 03:10:33", "2014-03-19 03:38:33", nospace
"2014-03-19 03:41:19", "2014-03-19 03:45:39", nospace
"2014-03-19 03:56:22", "2014-03-19 03:59:28", nospace
"2014-03-19 04:47:14", "2014-03-19 04:56:56", nospace
"2014-03-19 05:06:50", "2014-03-19 05:14:16", nospace
"2014-03-19 07:06:26", "2014-03-19 07:32:41", nospace
"2014-03-19 10:42:29", "2014-03-19 10:44:36", nobike
"2014-03-19 10:47:05", "2014-03-19 11:06:59", nobike
"2014-03-19 11:09:28", "2014-03-19 11:11:55", nobike
"2014-03-20 00:08:34", "2014-03-20 00:13:35", nospace
"2014-03-20 00:23:33", "2014-03-20 00:44:29", nospace
"2014-03-20 00:45:17", "2014-03-20 01:13:31", nospace
"2014-03-20 01:17:43", "2014-03-20 01:20:12", nospace
"2014-03-20 01:35:10", "2014-03-20 02:22:28", nospace
"2014-03-20 02:34:57", "2014-03-20 02:51:00", nospace
"2014-03-20 03:55:28", "2014-03-20 04:06:22", nospace
"2014-03-20 04:15:46", "2014-03-20 04:25:07", nospace
"2014-03-20 04:27:23", "2014-03-20 04:31:44", nospace
"2014-03-20 04:54:21", "2014-03-20 04:56:49", nospace
"2014-03-20 04:59:20", "2014-03-20 05:01:49", nospace
"2014-03-20 05:57:39", "2014-03-20 06:07:37", nospace
"2014-03-20 11:10:35", "2014-03-20 11:25:37", nobike
"2014-03-21 00:33:33", "2014-03-21 01:14:01", nospace
"2014-03-21 02:22:30", "2014-03-21 02:47:32", nospace
"2014-03-21 02:52:32", "2014-03-21 03:30:05", nospace
"2014-03-21 07:44:07", "2014-03-21 07:46:37", nospace
"2014-03-21 11:33:15", "2014-03-21 11:40:49", nobike
"2014-03-21 11:43:20", "2014-03-21 11:55:53", nobike
"2014-03-21 12:00:53", "2014-03-21 12:15:56", nobike
"2014-03-21 12:21:00", "2014-03-21 12:26:00", nobike
"2014-03-21 13:46:23", "2014-03-21 13:53:57", nobike
"2014-03-21 13:56:26", "2014-03-21 13:58:56", nobike
"2014-03-21 14:03:58", "2014-03-21 14:19:03", nobike
"2014-03-22 05:59:37", "2014-03-22 06:03:40", nospace
"2014-03-22 06:23:29", "2014-03-22 06:28:35", nospace
"2014-03-22 06:36:24", "2014-03-22 06:46:27", nospace
"2014-03-22 06:48:57", "2014-03-22 06:53:59", nospace
"2014-03-22 07:06:33", "2014-03-22 07:16:37", nospace
"2014-03-22 07:26:41", "2014-03-22 07:36:44", nospace
"2014-03-22 07:39:15", "2014-03-22 07:44:16", nospace
"2014-03-22 07:46:47", "2014-03-22 07:56:52", nospace
"2014-03-22 08:43:37", "2014-03-22 08:46:30", nospace
"2014-03-22 14:08:33", "2014-03-22 14:33:45", nobike
"2014-03-23 03:04:38", "2014-03-23 04:29:16", nospace
"2014-03-23 04:42:41", "2014-03-23 04:46:34", nospace
"2014-03-23 04:58:42", "2014-03-23 05:11:21", nospace
"2014-03-23 05:20:18", "2014-03-23 05:23:13", nospace
"2014-03-23 06:13:08", "2014-03-23 07:26:49", nospace
"2014-03-23 07:29:22", "2014-03-23 07:34:26", nospace
"2014-03-23 07:39:30", "2014-03-23 07:47:06", nospace
"2014-03-23 07:59:47", "2014-03-23 08:17:30", nospace
"2014-03-23 08:20:02", "2014-03-23 08:35:13", nospace
"2014-03-23 08:37:46", "2014-03-23 08:45:23", nospace
"2014-03-23 08:55:29", "2014-03-23 09:03:05", nospace
"2014-03-23 09:05:36", "2014-03-23 09:08:07", nospace
"2014-03-23 09:10:40", "2014-03-23 09:13:13", nospace
"2014-03-23 10:04:51", "2014-03-23 10:07:23", nospace
"2014-03-23 10:12:27", "2014-03-23 10:22:33", nospace
"2014-03-23 10:32:39", "2014-03-23 10:37:45", nospace
"2014-03-23 23:24:41", "2014-03-23 23:34:49", nospace
"2014-03-23 23:52:35", "2014-03-24 00:23:04", nospace
"2014-03-24 00:30:42", "2014-03-24 01:18:55", nospace
"2014-03-24 02:00:40", "2014-03-24 02:03:57", nospace
"2014-03-24 03:47:15", "2014-03-24 03:57:26", nospace
"2014-03-24 04:02:31", "2014-03-24 04:30:24", nospace
"2014-03-24 06:15:39", "2014-03-24 07:11:39", nospace
"2014-03-24 23:17:24", "2014-03-24 23:22:30", nospace
"2014-03-24 23:25:03", "2014-03-24 23:40:22", nospace
"2014-03-24 23:50:33", "2014-03-25 00:00:45", nospace
"2014-03-25 00:05:52", "2014-03-25 00:08:26", nospace
"2014-03-25 00:13:32", "2014-03-25 00:26:17", nospace
"2014-03-25 00:31:22", "2014-03-25 00:51:47", nospace
"2014-03-25 00:54:19", "2014-03-25 01:01:59", nospace
"2014-03-25 01:04:32", "2014-03-25 01:17:17", nospace
"2014-03-25 05:37:30", "2014-03-25 05:45:08", nospace
"2014-03-25 05:55:21", "2014-03-25 05:57:55", nospace
"2014-03-25 06:05:32", "2014-03-25 06:23:26", nospace
"2014-03-25 06:39:30", "2014-03-25 06:59:44", nospace
"2014-03-25 07:07:25", "2014-03-25 07:20:11", nospace
"2014-03-25 10:33:26", "2014-03-25 10:41:08", nobike
"2014-03-25 10:43:40", "2014-03-25 10:48:49", nobike
"2014-03-25 10:53:56", "2014-03-25 10:56:30", nobike
"2014-03-25 11:01:37", "2014-03-25 11:09:18", nobike
"2014-03-25 11:11:52", "2014-03-25 11:24:38", nobike
"2014-03-25 11:27:10", "2014-03-25 11:29:43", nobike
"2014-03-25 12:36:16", "2014-03-25 12:38:50", nospace
"2014-03-25 12:46:35", "2014-03-25 12:51:41", nospace
"2014-03-25 13:05:33", "2014-03-25 13:08:02", nospace
"2014-03-25 23:55:53", "2014-03-25 23:58:27", nospace
"2014-03-26 00:08:41", "2014-03-26 00:11:15", nospace
"2014-03-26 00:13:49", "2014-03-26 00:29:12", nospace
"2014-03-26 00:31:46", "2014-03-26 00:55:54", nospace
"2014-03-26 04:32:32", "2014-03-26 04:37:40", nospace
"2014-03-26 04:45:22", "2014-03-26 04:47:57", nospace
"2014-03-26 10:29:06", "2014-03-26 10:36:48", nobike
"2014-03-26 10:49:48", "2014-03-26 11:02:39", nobike
"2014-03-26 13:57:44", "2014-03-26 14:02:53", nobike
"2014-03-27 00:07:11", "2014-03-27 00:12:20", nospace
"2014-03-27 00:30:21", "2014-03-27 00:38:39", nospace
"2014-03-27 00:43:16", "2014-03-27 01:17:46", nospace
"2014-03-27 01:22:56", "2014-03-27 01:35:49", nospace
"2014-03-27 02:04:08", "2014-03-27 02:40:12", nospace
"2014-03-27 02:50:30", "2014-03-27 02:53:05", nospace
"2014-03-27 04:03:44", "2014-03-27 04:29:31", nospace
"2014-03-27 04:39:48", "2014-03-27 04:47:30", nospace
"2014-03-27 04:55:14", "2014-03-27 05:19:06", nospace
"2014-03-27 10:41:45", "2014-03-27 10:44:21", nobike
"2014-03-27 10:52:06", "2014-03-27 10:54:40", nobike
"2014-03-27 23:37:39", "2014-03-27 23:42:40", nospace
"2014-03-28 00:18:51", "2014-03-28 01:05:26", nospace
"2014-03-28 01:08:00", "2014-03-28 01:32:29", nospace
"2014-03-28 02:24:03", "2014-03-28 02:34:23", nospace
"2014-03-28 02:44:35", "2014-03-28 02:56:32", nospace
"2014-03-28 03:42:58", "2014-03-28 03:58:27", nospace
"2014-03-28 04:59:01", "2014-03-28 05:01:36", nospace
"2014-03-28 05:06:38", "2014-03-28 05:12:23", nospace
"2014-03-28 05:22:59", "2014-03-28 05:28:09", nospace
"2014-03-28 06:53:55", "2014-03-28 06:56:30", nospace
"2014-03-28 07:14:35", "2014-03-28 07:27:30", nospace
"2014-03-28 08:00:28", "2014-03-28 08:03:18", nospace
"2014-03-28 08:05:56", "2014-03-28 08:12:36", nospace
"2014-03-28 14:21:44", "2014-03-28 14:24:18", nobike
"2014-03-29 04:38:55", "2014-03-29 05:04:54", nospace
"2014-03-29 05:15:17", "2014-03-29 05:17:53", nospace
"2014-03-29 05:23:04", "2014-03-29 05:25:39", nospace
"2014-03-29 05:28:16", "2014-03-29 05:46:29", nospace
"2014-03-29 05:51:42", "2014-03-29 05:54:19", nospace
"2014-03-29 06:25:33", "2014-03-29 06:33:20", nospace
"2014-03-29 06:41:08", "2014-03-29 07:10:01", nospace
"2014-03-29 07:53:51", "2014-03-29 07:54:36", nospace
"2014-03-29 08:00:31", "2014-03-29 08:08:19", nospace
"2014-03-29 08:10:55", "2014-03-29 08:13:31", nospace
"2014-03-29 08:31:46", "2014-03-29 08:51:08", nospace
"2014-03-29 08:56:19", "2014-03-29 09:14:35", nospace
"2014-03-30 00:59:20", "2014-03-30 01:04:33", nospace
"2014-03-30 01:12:23", "2014-03-30 01:14:58", nospace
"2014-03-30 01:17:36", "2014-03-30 01:20:13", nospace
"2014-03-30 02:49:08", "2014-03-30 03:04:46", nospace
"2014-03-30 03:54:22", "2014-03-30 04:02:11", nospace
"2014-03-30 04:04:48", "2014-03-30 04:23:33", nospace
"2014-03-30 04:42:42", "2014-03-30 05:07:36", nospace
"2014-03-30 05:36:03", "2014-03-30 05:49:08", nospace
"2014-03-30 05:51:45", "2014-03-30 05:56:58", nospace
"2014-03-30 06:12:39", "2014-03-30 06:50:46", nospace
"2014-03-30 07:14:22", "2014-03-30 07:19:38", nospace
"2014-03-30 07:45:49", "2014-03-30 07:48:27", nospace
"2014-03-30 07:53:40", "2014-03-30 08:18:21", nospace
"2014-03-30 08:57:37", "2014-03-30 09:21:08", nospace
"2014-03-30 09:51:10", "2014-03-30 09:58:59", nospace
"2014-03-30 10:04:13", "2014-03-30 10:06:50", nospace
"2014-03-30 23:38:40", "2014-03-30 23:57:00", nospace
"2014-03-31 00:07:29", "2014-03-31 00:27:37", nospace
"2014-03-31 00:32:20", "2014-03-31 00:35:11", nospace
"2014-03-31 00:37:37", "2014-03-31 00:58:27", nospace
"2014-03-31 01:14:14", "2014-03-31 01:19:27", nospace
"2014-03-31 02:31:55", "2014-03-31 02:49:46", nospace
"2014-03-31 04:24:12", "2014-03-31 04:36:58", nospace
"2014-04-01 12:17:42", "2014-04-01 12:55:52", nobike
"2014-04-01 13:19:38", "2014-04-01 13:22:16", nobike
"2014-04-02 00:40:06", "2014-04-02 00:48:01", nospace
"2014-04-02 00:53:18", "2014-04-02 00:55:56", nospace
"2014-04-02 01:48:46", "2014-04-02 01:51:24", nospace
"2014-04-02 02:25:48", "2014-04-02 02:49:39", nospace
"2014-04-02 02:52:17", "2014-04-02 03:13:27", nospace
"2014-04-02 03:16:07", "2014-04-02 03:18:46", nospace
"2014-04-02 04:30:08", "2014-04-02 04:34:21", nospace
"2014-04-02 04:37:17", "2014-04-02 04:55:12", nospace
"2014-04-02 05:02:21", "2014-04-02 05:11:12", nospace
"2014-04-02 05:24:16", "2014-04-02 05:31:11", nospace
"2014-04-02 05:33:50", "2014-04-02 06:08:15", nospace
"2014-04-02 06:16:12", "2014-04-02 06:24:07", nospace
"2014-04-02 06:30:53", "2014-04-02 06:33:48", nospace
"2014-04-02 07:00:15", "2014-04-02 07:02:08", nospace
"2014-04-02 07:53:28", "2014-04-02 07:58:46", nospace
"2014-04-02 08:04:05", "2014-04-02 08:20:00", nospace
"2014-04-02 08:30:35", "2014-04-02 08:38:32", nospace
"2014-04-02 08:43:51", "2014-04-02 08:46:30", nospace
"2014-04-02 23:33:35", "2014-04-02 23:36:13", nospace
"2014-04-02 23:38:53", "2014-04-02 23:41:34", nospace
"2014-04-03 00:21:22", "2014-04-03 00:31:57", nospace
"2014-04-03 00:37:16", "2014-04-03 00:50:32", nospace
"2014-04-03 01:01:08", "2014-04-03 01:03:49", nospace
"2014-04-04 05:19:37", "2014-04-04 05:38:19", nospace
"2014-04-04 05:57:01", "2014-04-04 06:38:59", nospace
"2014-04-04 06:43:34", "2014-04-04 07:37:38", nospace
"2014-04-04 08:15:02", "2014-04-04 08:17:43", nospace
"2014-04-04 08:31:08", "2014-04-04 08:39:10", nospace
"2014-04-04 09:05:48", "2014-04-04 09:13:48", nospace
"2014-04-04 09:24:31", "2014-04-04 09:27:11", nospace
"2014-04-04 10:12:40", "2014-04-04 10:15:21", nospace
"2014-04-05 01:33:39", "2014-04-05 01:44:24", nospace
"2014-04-05 06:09:29", "2014-04-05 06:32:08", nospace
"2014-04-05 06:39:20", "2014-04-05 06:54:31", nospace
"2014-04-05 06:56:05", "2014-04-05 07:46:47", nospace
"2014-04-05 07:49:26", "2014-04-05 08:13:36", nospace
"2014-04-05 08:18:58", "2014-04-05 09:04:35", nospace
"2014-04-05 09:09:57", "2014-04-05 09:20:43", nospace
"2014-04-05 09:23:25", "2014-04-05 09:55:37", nospace
"2014-04-05 10:00:59", "2014-04-05 10:09:01", nospace
"2014-04-05 10:22:27", "2014-04-05 10:27:49", nospace
"2014-04-05 10:33:13", "2014-04-05 10:38:36", nospace
"2014-04-05 11:10:48", "2014-04-05 11:21:34", nospace
"2014-04-05 11:26:57", "2014-04-05 11:37:42", nospace
"2014-04-06 00:54:13", "2014-04-06 00:56:54", nospace
"2014-04-06 01:02:16", "2014-04-06 01:04:56", nospace
"2014-04-06 02:01:25", "2014-04-06 02:04:06", nospace
"2014-04-06 02:22:56", "2014-04-06 02:33:41", nospace
"2014-04-06 02:54:40", "2014-04-06 03:04:38", nospace
"2014-04-06 03:18:06", "2014-04-06 03:58:26", nospace
"2014-04-06 04:03:49", "2014-04-06 04:11:57", nospace
"2014-04-06 04:14:38", "2014-04-06 04:25:23", nospace
"2014-04-06 04:28:04", "2014-04-06 04:30:45", nospace
"2014-04-06 05:28:38", "2014-04-06 05:31:19", nospace
"2014-04-06 05:34:01", "2014-04-06 05:36:43", nospace
"2014-04-06 06:50:01", "2014-04-06 06:52:43", nospace
"2014-04-06 06:55:25", "2014-04-06 07:00:49", nospace
"2014-04-06 07:17:54", "2014-04-06 07:20:58", nospace
"2014-04-06 07:22:16", "2014-04-06 07:39:53", nospace
"2014-04-06 07:47:58", "2014-04-06 07:50:39", nospace
"2014-04-06 08:18:58", "2014-04-06 08:43:13", nospace
"2014-04-06 08:45:55", "2014-04-06 08:51:18", nospace
"2014-04-06 09:07:29", "2014-04-06 09:20:56", nospace
"2014-04-06 10:24:26", "2014-04-06 10:32:32", nospace
"2014-04-06 10:43:17", "2014-04-06 10:45:59", nospace
"2014-04-07 17:02:17", "2014-04-07 21:16:21", nospace
"2014-04-07 23:25:27", "2014-04-07 23:33:35", nospace
"2014-04-08 00:59:09", "2014-04-08 01:07:19", nospace
"2014-04-08 01:31:44", "2014-04-08 02:03:55", nospace
"2014-04-08 02:17:20", "2014-04-08 02:23:27", nospace
"2014-04-08 02:31:21", "2014-04-08 02:46:47", nospace
"2014-04-08 07:32:46", "2014-04-08 07:40:55", nospace
"2014-04-08 07:46:22", "2014-04-08 07:49:05", nospace
"2014-04-08 07:54:31", "2014-04-08 07:57:13", nospace
"2014-04-08 08:05:21", "2014-04-08 08:08:04", nospace
"2014-04-08 08:13:30", "2014-04-08 08:16:14", nospace
"2014-04-08 08:18:57", "2014-04-08 08:21:40", nospace
"2014-04-08 10:49:01", "2014-04-08 10:54:28", nobike
"2014-04-08 12:02:19", "2014-04-08 12:21:22", nobike
"2014-04-08 13:56:29", "2014-04-08 14:04:38", nobike
"2014-04-08 14:12:47", "2014-04-08 14:15:30", nobike
"2014-04-08 23:37:28", "2014-04-08 23:40:10", nospace
"2014-04-09 00:04:39", "2014-04-09 00:10:05", nospace
"2014-04-09 00:12:49", "2014-04-09 00:55:09", nospace
"2014-04-09 10:23:57", "2014-04-09 10:45:44", nobike
"2014-04-09 10:48:27", "2014-04-09 10:53:55", nobike
"2014-04-09 10:59:22", "2014-04-09 11:02:05", nobike
"2014-04-10 10:40:47", "2014-04-10 10:49:01", nobike
"2014-04-10 10:54:28", "2014-04-10 11:02:42", nobike
"2014-04-10 11:08:09", "2014-04-10 11:19:05", nobike
"2014-04-10 11:50:39", "2014-04-10 11:53:23", nobike
"2014-04-10 11:56:07", "2014-04-10 11:58:50", nobike
"2014-04-10 13:48:43", "2014-04-10 13:49:43", nobike
"2014-04-10 13:55:10", "2014-04-10 14:08:53", nobike
"2014-04-11 06:31:37", "2014-04-11 06:43:01", nospace
"2014-04-11 06:48:33", "2014-04-11 06:54:01", nospace
"2014-04-11 07:04:59", "2014-04-11 07:24:11", nospace
"2014-04-11 10:42:10", "2014-04-11 10:53:09", nobike
"2014-04-11 14:44:43", "2014-04-11 14:55:23", nobike
"2014-04-12 02:31:27", "2014-04-12 02:39:43", nospace
"2014-04-12 03:01:44", "2014-04-12 03:07:13", nospace
"2014-04-12 05:29:14", "2014-04-12 05:43:00", nospace
"2014-04-12 05:45:45", "2014-04-12 05:54:02", nospace
"2014-04-12 05:59:32", "2014-04-12 06:02:17", nospace
"2014-04-12 06:25:54", "2014-04-12 06:30:22", nospace
"2014-04-12 06:45:44", "2014-04-12 06:54:52", nospace
"2014-04-12 07:13:08", "2014-04-12 07:26:56", nospace
"2014-04-12 07:59:57", "2014-04-12 08:27:31", nospace
"2014-04-12 08:30:16", "2014-04-12 08:41:17", nospace
"2014-04-12 08:44:04", "2014-04-12 08:46:48", nospace
"2014-04-12 08:49:33", "2014-04-12 08:52:17", nospace
"2014-04-12 08:55:02", "2014-04-12 09:23:25", nospace
"2014-04-12 09:43:31", "2014-04-12 09:46:16", nospace
"2014-04-12 09:51:46", "2014-04-12 10:05:46", nospace
"2014-04-13 08:15:40", "2014-04-13 08:57:09", nospace
"2014-04-13 09:02:42", "2014-04-13 09:08:16", nospace
"2014-04-14 00:33:05", "2014-04-14 01:04:50", nospace
"2014-04-14 01:06:59", "2014-04-14 01:11:23", nospace
"2014-04-14 01:19:03", "2014-04-14 01:30:07", nospace
"2014-04-14 02:02:35", "2014-04-14 02:10:56", nospace
"2014-04-14 02:19:13", "2014-04-14 03:00:50", nospace
"2014-04-14 03:06:22", "2014-04-14 03:14:41", nospace
"2014-04-14 03:34:04", "2014-04-14 03:39:37", nospace
"2014-04-14 03:42:23", "2014-04-14 03:50:42", nospace
"2014-04-14 04:12:55", "2014-04-14 04:15:41", nospace
"2014-04-14 23:19:17", "2014-04-14 23:33:12", nospace
"2014-04-14 23:36:01", "2014-04-14 23:49:56", nospace
"2014-04-14 23:52:43", "2014-04-14 23:55:30", nospace
"2014-04-15 00:13:42", "2014-04-15 00:19:52", nospace
"2014-04-15 00:30:37", "2014-04-15 00:41:47", nospace
"2014-04-15 00:47:21", "2014-04-15 00:50:08", nospace
"2014-04-15 10:25:37", "2014-04-15 10:31:10", nobike
"2014-04-15 10:33:58", "2014-04-15 10:47:55", nobike
"2014-04-15 23:26:40", "2014-04-15 23:43:24", nospace
"2014-04-15 23:48:18", "2014-04-16 00:18:41", nospace
"2014-04-16 00:29:52", "2014-04-16 00:41:01", nospace
"2014-04-16 03:06:18", "2014-04-16 03:11:54", nospace
"2014-04-16 03:20:15", "2014-04-16 03:28:38", nospace
"2014-04-16 03:31:26", "2014-04-16 03:34:13", nospace
"2014-04-16 03:48:12", "2014-04-16 03:59:24", nospace
"2014-04-16 04:10:36", "2014-04-16 04:16:07", nospace
"2014-04-16 04:19:25", "2014-04-16 04:25:39", nospace
"2014-04-16 04:51:27", "2014-04-16 04:54:15", nospace
"2014-04-16 04:59:50", "2014-04-16 05:19:27", nospace
"2014-04-16 05:25:03", "2014-04-16 05:39:02", nospace
"2014-04-16 05:41:49", "2014-04-16 06:23:48", nospace
"2014-04-16 06:36:26", "2014-04-16 06:53:22", nospace
"2014-04-16 06:56:27", "2014-04-16 07:26:15", nospace
"2014-04-16 07:29:07", "2014-04-16 08:19:57", nospace
"2014-04-16 15:09:37", "2014-04-16 15:18:01", nobike
"2014-04-16 23:09:55", "2014-04-16 23:12:56", nospace
"2014-04-16 23:14:14", "2014-04-16 23:15:01", nospace
"2014-04-16 23:16:57", "2014-04-16 23:19:46", nospace
"2014-04-16 23:28:11", "2014-04-16 23:39:23", nospace
"2014-04-17 05:28:06", "2014-04-17 05:47:28", nospace
"2014-04-17 06:34:46", "2014-04-17 06:42:16", nospace
"2014-04-17 06:45:02", "2014-04-17 07:02:16", nospace
"2014-04-17 08:12:17", "2014-04-17 08:27:09", nospace
"2014-04-17 15:14:27", "2014-04-17 15:20:02", nobike
"2014-04-18 01:53:34", "2014-04-18 02:03:19", nospace
"2014-04-18 02:57:33", "2014-04-18 03:05:16", nospace
"2014-04-18 03:41:40", "2014-04-18 03:44:28", nospace
"2014-04-18 04:07:00", "2014-04-18 04:15:27", nospace
"2014-04-18 04:18:17", "2014-04-18 04:35:10", nospace
"2014-04-18 05:03:17", "2014-04-18 05:43:16", nospace
"2014-04-18 05:49:49", "2014-04-18 06:01:37", nospace
"2014-04-18 06:10:05", "2014-04-18 06:15:43", nospace
"2014-04-18 06:27:04", "2014-04-18 06:30:14", nospace
"2014-04-18 06:35:53", "2014-04-18 06:58:24", nospace
"2014-04-18 08:26:51", "2014-04-18 08:29:39", nospace
"2014-04-18 09:44:48", "2014-04-18 09:50:26", nospace
"2014-04-18 09:53:15", "2014-04-18 09:58:53", nospace
"2014-04-18 10:04:32", "2014-04-18 10:10:09", nospace
"2014-04-18 12:33:54", "2014-04-18 12:36:44", nospace
"2014-04-18 12:39:33", "2014-04-18 12:42:23", nospace
"2014-04-19 04:49:50", "2014-04-19 04:56:45", nospace
"2014-04-19 06:57:09", "2014-04-19 07:02:48", nospace
"2014-04-19 07:16:58", "2014-04-19 07:25:27", nospace
"2014-04-19 08:02:02", "2014-04-19 08:05:15", nospace
"2014-04-19 08:08:29", "2014-04-19 08:21:14", nospace
"2014-04-19 08:32:35", "2014-04-19 08:46:47", nospace
"2014-04-19 08:52:25", "2014-04-19 08:58:04", nospace
"2014-04-19 09:00:54", "2014-04-19 09:09:25", nospace
"2014-04-19 12:20:07", "2014-04-19 12:22:56", nospace
"2014-04-19 13:05:35", "2014-04-19 13:22:34", nospace
"2014-04-19 13:48:03", "2014-04-19 13:50:53", nospace
"2014-04-19 13:53:43", "2014-04-19 13:56:32", nospace
"2014-04-19 14:07:51", "2014-04-19 14:10:41", nospace
"2014-04-20 07:53:56", "2014-04-20 07:55:31", nospace
"2014-04-20 08:13:53", "2014-04-20 08:28:07", nospace
"2014-04-20 08:35:37", "2014-04-20 08:38:28", nospace
"2014-04-20 08:41:17", "2014-04-20 08:44:07", nospace
"2014-04-20 09:06:51", "2014-04-20 09:09:41", nospace
"2014-04-20 09:11:23", "2014-04-20 09:12:43", nospace
"2014-04-20 09:15:53", "2014-04-20 09:19:03", nospace
"2014-04-20 09:20:48", "2014-04-20 09:21:40", nospace
"2014-04-20 09:22:55", "2014-04-20 09:37:07", nospace
"2014-04-20 09:39:57", "2014-04-20 09:48:28", nospace
"2014-04-20 10:45:22", "2014-04-20 10:56:41", nospace
"2014-04-20 11:39:16", "2014-04-20 11:42:07", nospace
"2014-04-20 11:53:30", "2014-04-20 11:59:10", nospace
"2014-04-20 12:57:04", "2014-04-20 13:01:49", nospace
"2014-04-20 13:26:21", "2014-04-20 13:34:52", nospace
"2014-04-20 23:26:29", "2014-04-20 23:32:10", nospace
"2014-04-21 00:09:08", "2014-04-21 00:11:59", nospace
"2014-04-21 00:31:55", "2014-04-21 01:40:11", nospace
"2014-04-21 02:11:29", "2014-04-21 02:33:15", nospace
"2014-04-21 07:19:25", "2014-04-21 07:25:06", nospace
"2014-04-21 07:27:56", "2014-04-21 07:50:45", nospace
"2014-04-21 08:02:07", "2014-04-21 08:10:40", nospace
"2014-04-21 08:42:27", "2014-04-21 08:52:25", nospace
"2014-04-21 08:58:07", "2014-04-21 09:03:49", nospace
"2014-04-21 15:36:20", "2014-04-21 15:49:11", nobike
"2014-04-22 03:09:14", "2014-04-22 03:29:17", nospace
"2014-04-22 03:52:14", "2014-04-22 04:03:40", nospace
"2014-04-22 04:09:26", "2014-04-22 04:23:44", nospace
"2014-04-22 09:48:26", "2014-04-22 09:51:18", nospace
"2014-04-22 13:03:05", "2014-04-22 13:11:28", nospace
"2014-04-22 23:05:05", "2014-04-22 23:08:12", nospace
"2014-04-22 23:13:20", "2014-04-22 23:36:41", nospace
"2014-04-22 23:42:25", "2014-04-22 23:48:08", nospace
"2014-04-22 23:59:36", "2014-04-23 00:25:22", nospace
"2014-04-23 00:33:32", "2014-04-23 00:48:26", nospace
"2014-04-23 01:10:34", "2014-04-23 01:24:18", nospace
"2014-04-23 02:35:05", "2014-04-23 02:43:42", nospace
"2014-04-23 02:49:27", "2014-04-23 03:23:25", nospace
"2014-04-23 03:57:17", "2014-04-23 04:11:37", nospace
"2014-04-23 05:46:19", "2014-04-23 05:49:10", nospace
"2014-04-23 15:17:13", "2014-04-23 15:20:07", nobike
"2014-04-24 10:09:02", "2014-04-24 10:11:55", nobike
"2014-04-24 10:26:18", "2014-04-24 10:32:05", nobike
"2014-04-24 10:37:50", "2014-04-24 10:43:35", nobike
"2014-04-24 11:08:37", "2014-04-24 11:18:12", nobike
"2014-04-24 15:41:26", "2014-04-24 15:54:11", nobike
"2014-04-25 05:31:27", "2014-04-25 05:48:47", nospace
"2014-04-25 06:13:54", "2014-04-25 06:19:41", nospace
"2014-04-25 06:22:35", "2014-04-25 06:25:28", nospace
"2014-04-25 06:46:08", "2014-04-25 06:54:47", nospace
"2014-04-25 07:03:27", "2014-04-25 07:15:01", nospace
"2014-04-25 07:17:55", "2014-04-25 07:35:16", nospace
"2014-04-26 04:49:04", "2014-04-26 04:54:51", nospace
"2014-04-26 06:32:43", "2014-04-26 06:35:58", nospace
"2014-04-26 06:56:19", "2014-04-26 07:07:55", nospace
"2014-04-26 07:44:49", "2014-04-26 07:50:37", nospace
"2014-04-26 07:53:32", "2014-04-26 08:02:13", nospace
"2014-04-27 03:01:17", "2014-04-27 03:04:11", nospace
"2014-04-27 03:44:57", "2014-04-27 03:47:50", nospace
"2014-04-27 04:16:54", "2014-04-27 04:19:49", nospace
"2014-04-27 05:43:16", "2014-04-27 05:46:10", nospace
"2014-04-27 06:05:35", "2014-04-27 06:07:42", nospace
"2014-04-27 06:17:24", "2014-04-27 06:20:19", nospace
"2014-04-27 06:47:03", "2014-04-27 06:49:59", nospace
"2014-04-27 07:24:56", "2014-04-27 07:42:19", nospace
"2014-04-27 07:53:11", "2014-04-27 08:22:19", nospace
"2014-04-27 08:28:10", "2014-04-27 08:39:49", nospace
"2014-04-27 08:42:44", "2014-04-27 08:45:40", nospace
"2014-04-27 08:51:31", "2014-04-27 09:06:05", nospace
"2014-04-28 00:07:57", "2014-04-28 02:44:54", nospace
"2014-04-28 02:47:49", "2014-04-28 02:50:44", nospace
"2014-04-28 04:53:23", "2014-04-28 05:19:40", nospace
"2014-04-28 05:22:36", "2014-04-28 05:59:42", nospace
"2014-04-28 07:04:24", "2014-04-28 07:16:04", nospace
"2014-04-28 07:55:08", "2014-04-28 07:56:27", nospace
"2014-04-28 08:16:38", "2014-04-28 08:19:33", nospace
"2014-04-28 08:37:08", "2014-04-28 08:51:45", nospace
"2014-04-28 11:41:21", "2014-04-28 11:44:17", nobike
"2014-04-28 13:27:31", "2014-04-28 13:30:51", nobike
"2014-04-28 13:32:37", "2014-04-28 13:35:52", nobike
"2014-04-28 23:12:36", "2014-04-28 23:15:31", nospace
"2014-04-28 23:21:23", "2014-04-28 23:30:09", nospace
"2014-04-28 23:33:04", "2014-04-28 23:39:17", nospace
"2014-04-29 00:33:46", "2014-04-29 00:39:36", nospace
"2014-04-29 00:42:31", "2014-04-29 00:45:28", nospace
"2014-04-29 02:40:17", "2014-04-29 02:47:43", nospace
"2014-04-29 03:44:51", "2014-04-29 04:17:07", nospace
"2014-04-29 04:34:45", "2014-04-29 04:49:24", nospace
"2014-04-29 05:12:50", "2014-04-29 05:18:42", nospace
"2014-04-29 05:33:22", "2014-04-29 05:42:10", nospace
"2014-04-29 06:47:05", "2014-04-29 06:52:55", nospace
"2014-04-29 07:51:34", "2014-04-29 08:00:19", nospace
"2014-04-29 08:29:41", "2014-04-29 08:35:33", nospace
"2014-04-29 08:41:23", "2014-04-29 08:44:21", nospace
"2014-04-29 09:45:15", "2014-04-29 09:48:11", nospace
"2014-04-29 09:51:07", "2014-04-29 09:53:04", nospace
"2014-04-29 14:16:33", "2014-04-29 14:19:29", nobike
"2014-04-29 15:03:30", "2014-04-29 15:09:23", nobike
"2014-04-30 00:59:32", "2014-04-30 01:12:40", nospace
"2014-04-30 02:32:49", "2014-04-30 02:38:40", nospace
"2014-04-30 02:41:37", "2014-04-30 03:31:35", nospace
"2014-04-30 03:34:31", "2014-04-30 03:37:28", nospace
"2014-04-30 03:52:10", "2014-04-30 04:23:46", nospace
"2014-05-02 14:11:51", "2014-05-02 14:23:43", nobike
"2014-05-02 14:32:37", "2014-05-02 14:41:31", nobike
"2014-05-03 04:43:48", "2014-05-03 04:55:41", nospace
"2014-05-03 04:58:40", "2014-05-03 05:06:56", nospace
"2014-05-03 05:18:46", "2014-05-03 05:30:39", nospace
"2014-05-03 05:33:38", "2014-05-03 05:36:36", nospace
"2014-05-03 05:45:32", "2014-05-03 05:54:27", nospace
"2014-05-03 06:48:24", "2014-05-03 06:51:23", nospace
"2014-05-03 06:54:20", "2014-05-03 06:57:17", nospace
"2014-05-03 07:06:11", "2014-05-03 07:09:10", nospace
"2014-05-03 07:22:37", "2014-05-03 07:40:04", nospace
"2014-05-03 07:56:02", "2014-05-03 08:19:17", nospace
"2014-05-03 08:22:14", "2014-05-03 08:31:10", nospace
"2014-05-03 11:32:32", "2014-05-03 11:38:28", nobike
"2014-05-03 12:05:17", "2014-05-03 12:08:13", nospace
"2014-05-03 12:11:12", "2014-05-03 12:31:58", nospace
"2014-05-03 13:27:48", "2014-05-03 13:39:40", nospace
"2014-05-04 01:32:09", "2014-05-04 01:35:07", nobike
"2014-05-04 01:53:01", "2014-05-04 01:56:00", nobike
"2014-05-04 07:10:15", "2014-05-04 07:19:09", nospace
"2014-05-04 07:22:09", "2014-05-04 07:28:06", nospace
"2014-05-04 07:37:02", "2014-05-04 07:45:57", nospace
"2014-05-04 08:12:49", "2014-05-04 08:18:48", nospace
"2014-05-04 10:17:20", "2014-05-04 10:23:19", nospace
"2014-05-05 08:53:57", "2014-05-05 09:02:56", nobike
"2014-05-05 09:35:50", "2014-05-05 09:38:48", nobike
"2014-05-05 09:41:48", "2014-05-05 09:44:47", nobike
"2014-05-05 09:53:47", "2014-05-05 10:11:43", nobike
"2014-05-05 10:14:41", "2014-05-05 10:41:37", nobike
"2014-05-05 10:56:35", "2014-05-05 11:23:31", nobike
"2014-05-08 00:07:17", "2014-05-08 00:10:17", nospace
"2014-05-08 00:13:17", "2014-05-08 00:16:18", nospace
"2014-05-08 00:40:28", "2014-05-08 00:49:32", nospace
"2014-05-08 00:58:38", "2014-05-08 01:19:45", nospace
"2014-05-08 10:21:16", "2014-05-08 10:45:27", nobike
"2014-05-08 12:01:11", "2014-05-08 12:10:20", nobike
"2014-05-08 12:13:25", "2014-05-08 12:34:42", nobike
