"2013-11-28 09:13:48", "2013-11-28 09:40:47", nobike
"2013-11-28 10:13:43", "2013-11-28 10:19:39", nobike
"2013-11-28 10:34:50", "2013-11-28 10:40:45", nobike
"2013-11-28 11:34:49", "2013-11-28 11:58:55", nobike
"2013-11-28 12:10:45", "2013-11-28 12:13:43", nobike
"2013-11-28 14:34:40", "2013-11-28 14:43:56", nobike
"2013-11-28 14:46:53", "2013-11-28 14:49:52", nobike
"2013-11-29 00:52:52", "2013-11-29 00:55:51", nospace
"2013-11-30 06:50:05", "2013-11-30 07:04:51", nospace
"2013-11-30 07:22:59", "2013-11-30 08:19:48", nospace
"2013-11-30 08:22:49", "2013-11-30 08:28:52", nospace
"2013-11-30 08:34:53", "2013-11-30 08:37:55", nospace
"2013-11-30 08:40:57", "2013-11-30 08:44:01", nospace
"2013-11-30 08:53:03", "2013-11-30 09:16:54", nospace
"2013-11-30 10:34:43", "2013-11-30 11:04:56", nobike
"2013-11-30 14:37:48", "2013-11-30 14:40:49", nobike
"2013-12-01 03:40:56", "2013-12-01 03:50:05", nospace
"2013-12-01 03:53:08", "2013-12-01 03:55:47", nospace
"2013-12-01 03:58:51", "2013-12-01 04:01:56", nospace
"2013-12-01 04:16:47", "2013-12-01 04:25:56", nospace
"2013-12-01 05:17:05", "2013-12-01 05:28:57", nospace
"2013-12-01 05:35:05", "2013-12-01 06:26:03", nospace
"2013-12-01 06:29:08", "2013-12-01 07:01:50", nospace
"2013-12-01 07:07:56", "2013-12-01 07:22:54", nospace
"2013-12-01 07:25:58", "2013-12-01 08:10:53", nospace
"2013-12-01 08:13:57", "2013-12-01 08:20:03", nospace
"2013-12-01 08:23:06", "2013-12-01 08:26:09", nospace
"2013-12-01 08:34:57", "2013-12-01 09:05:08", nospace
"2013-12-01 12:29:05", "2013-12-01 12:40:56", nospace
"2013-12-01 15:52:54", "2013-12-01 16:05:09", nobike
"2013-12-01 16:07:51", "2013-12-01 16:25:49", nobike
"2013-12-02 02:02:11", "2013-12-02 02:31:52", nospace
"2013-12-02 03:29:01", "2013-12-02 03:40:59", nospace
"2013-12-02 04:01:50", "2013-12-02 04:35:00", nospace
"2013-12-02 04:47:00", "2013-12-02 04:50:06", nospace
"2013-12-02 05:02:07", "2013-12-02 05:07:54", nospace
"2013-12-02 05:17:11", "2013-12-02 05:29:09", nospace
"2013-12-02 05:34:58", "2013-12-02 05:38:04", nospace
"2013-12-02 06:20:09", "2013-12-02 06:25:56", nospace
"2013-12-02 07:20:09", "2013-12-02 07:29:05", nospace
"2013-12-02 07:34:53", "2013-12-02 07:37:58", nospace
"2013-12-02 11:23:04", "2013-12-02 11:28:51", nobike
"2013-12-02 12:55:55", "2013-12-02 13:29:12", nobike
"2013-12-02 13:31:56", "2013-12-02 14:02:07", nobike
"2013-12-02 14:05:12", "2013-12-02 14:19:53", nobike
"2013-12-03 01:46:56", "2013-12-03 02:05:14", nospace
"2013-12-03 11:35:00", "2013-12-03 11:38:08", nobike
"2013-12-03 14:08:04", "2013-12-03 14:13:59", nobike
"2013-12-04 06:17:05", "2013-12-04 06:23:00", nospace
"2013-12-04 06:26:09", "2013-12-04 06:35:11", nospace
"2013-12-04 06:41:19", "2013-12-04 06:44:09", nospace
"2013-12-04 11:44:15", "2013-12-04 11:53:17", nospace
"2013-12-04 11:59:12", "2013-12-04 12:01:58", nospace
"2013-12-05 01:56:13", "2013-12-05 02:05:21", nospace
"2013-12-05 05:14:02", "2013-12-05 05:17:13", nospace
"2013-12-05 05:35:13", "2013-12-05 06:02:04", nospace
"2013-12-05 06:05:16", "2013-12-05 06:08:04", nospace
"2013-12-05 06:11:17", "2013-12-05 06:29:20", nospace
"2013-12-05 06:38:16", "2013-12-05 06:50:17", nospace
"2013-12-05 13:53:22", "2013-12-05 14:23:07", nobike
"2013-12-05 14:29:09", "2013-12-05 14:35:11", nobike
"2013-12-06 00:44:25", "2013-12-06 01:17:23", nospace
"2013-12-06 01:29:12", "2013-12-06 01:35:18", nospace
"2013-12-06 01:38:10", "2013-12-06 01:44:19", nospace
"2013-12-06 01:47:09", "2013-12-06 01:59:24", nospace
"2013-12-06 02:02:16", "2013-12-06 02:08:24", nospace
"2013-12-06 06:17:08", "2013-12-06 06:23:17", nospace
"2013-12-06 06:29:24", "2013-12-06 06:35:06", nospace
"2013-12-06 11:50:14", "2013-12-06 11:53:05", nospace
"2013-12-06 11:56:23", "2013-12-06 11:59:16", nospace
"2013-12-06 16:47:08", "2013-12-06 16:56:14", nobike
"2013-12-06 23:41:20", "2013-12-06 23:44:15", nospace
"2013-12-07 00:35:17", "2013-12-07 00:38:10", nospace
"2013-12-07 00:44:25", "2013-12-07 00:59:27", nospace
"2013-12-07 01:02:23", "2013-12-07 01:08:13", nospace
"2013-12-07 01:17:23", "2013-12-07 01:32:24", nospace
"2013-12-07 01:50:16", "2013-12-07 01:56:30", nospace
"2013-12-07 03:44:08", "2013-12-07 03:56:16", nospace
"2013-12-07 03:59:10", "2013-12-07 04:02:30", nospace
"2013-12-07 05:17:11", "2013-12-07 05:26:20", nospace
"2013-12-07 05:29:17", "2013-12-07 05:56:23", nospace
"2013-12-07 06:20:13", "2013-12-07 06:23:09", nospace
"2013-12-07 06:26:08", "2013-12-07 06:38:14", nospace
"2013-12-07 06:44:30", "2013-12-07 07:20:15", nospace
"2013-12-07 07:32:20", "2013-12-07 07:35:15", nospace
"2013-12-07 07:38:11", "2013-12-07 07:44:26", nospace
"2013-12-07 08:05:22", "2013-12-07 08:26:08", nospace
"2013-12-07 09:08:12", "2013-12-07 09:17:19", nospace
"2013-12-07 12:11:08", "2013-12-07 12:17:25", nobike
"2013-12-07 12:20:20", "2013-12-07 12:23:15", nobike
"2013-12-07 12:32:28", "2013-12-07 12:35:23", nobike
"2013-12-07 13:32:20", "2013-12-07 13:38:13", nobike
"2013-12-07 13:50:24", "2013-12-07 14:14:19", nobike
"2013-12-07 14:17:15", "2013-12-07 14:23:13", nobike
"2013-12-08 02:44:34", "2013-12-08 02:56:13", nospace
"2013-12-08 03:56:16", "2013-12-08 04:17:11", nospace
"2013-12-08 04:20:13", "2013-12-08 04:23:21", nospace
"2013-12-08 04:26:25", "2013-12-08 04:41:19", nospace
"2013-12-08 04:56:18", "2013-12-08 05:02:28", nospace
"2013-12-08 05:56:17", "2013-12-08 06:05:30", nospace
"2013-12-08 06:08:36", "2013-12-08 06:14:21", nospace
"2013-12-08 06:17:28", "2013-12-08 06:23:35", nospace
"2013-12-08 06:26:28", "2013-12-08 07:17:34", nospace
"2013-12-08 07:20:14", "2013-12-08 07:53:28", nospace
"2013-12-08 08:11:30", "2013-12-08 08:23:28", nospace
"2013-12-08 08:26:12", "2013-12-08 08:32:15", nospace
"2013-12-08 09:11:36", "2013-12-08 09:26:22", nospace
"2013-12-08 09:38:20", "2013-12-08 09:44:13", nospace
"2013-12-08 09:47:18", "2013-12-08 09:50:30", nospace
"2013-12-08 09:53:36", "2013-12-08 10:05:17", nospace
"2013-12-09 09:32:25", "2013-12-09 09:44:23", nobike
"2013-12-09 09:59:34", "2013-12-09 10:08:19", nobike
"2013-12-09 10:11:25", "2013-12-09 10:14:32", nobike
"2013-12-09 10:17:39", "2013-12-09 10:23:21", nobike
"2013-12-09 10:26:26", "2013-12-09 10:29:30", nobike
"2013-12-09 10:32:34", "2013-12-09 10:41:21", nobike
"2013-12-09 15:29:35", "2013-12-09 15:32:19", nobike
"2013-12-09 23:47:46", "2013-12-10 00:05:27", nospace
"2013-12-10 00:08:36", "2013-12-10 00:20:24", nospace
"2013-12-10 00:23:43", "2013-12-10 00:35:21", nospace
"2013-12-10 01:50:34", "2013-12-10 01:56:25", nospace
"2013-12-10 01:59:36", "2013-12-10 02:02:47", nospace
"2013-12-10 05:26:39", "2013-12-10 05:38:20", nospace
"2013-12-10 05:47:23", "2013-12-10 05:59:40", nospace
"2013-12-10 11:17:29", "2013-12-10 11:20:44", nobike
"2013-12-10 11:23:28", "2013-12-10 11:29:35", nobike
"2013-12-10 13:53:28", "2013-12-10 13:59:27", nobike
"2013-12-10 14:02:44", "2013-12-10 14:17:42", nobike
"2013-12-11 00:08:45", "2013-12-11 00:11:33", nospace
"2013-12-11 10:32:48", "2013-12-11 10:35:55", nobike
"2013-12-11 10:41:30", "2013-12-11 11:02:37", nobike
"2013-12-11 11:05:44", "2013-12-11 11:08:51", nobike
"2013-12-11 11:11:56", "2013-12-11 11:14:24", nobike
"2013-12-11 11:17:31", "2013-12-11 11:35:31", nobike
"2013-12-11 14:05:46", "2013-12-11 14:11:23", nobike
"2013-12-11 14:14:28", "2013-12-11 14:17:34", nobike
"2013-12-11 14:20:32", "2013-12-11 14:47:43", nobike
"2013-12-12 01:53:26", "2013-12-12 01:59:46", nospace
"2013-12-12 02:23:40", "2013-12-12 02:26:49", nospace
"2013-12-12 02:35:37", "2013-12-12 02:56:55", nospace
"2013-12-12 02:59:27", "2013-12-12 03:08:58", nospace
"2013-12-12 03:11:29", "2013-12-12 03:23:28", nospace
"2013-12-12 03:29:46", "2013-12-12 03:35:27", nospace
"2013-12-12 05:29:37", "2013-12-12 05:47:52", nospace
"2013-12-12 06:05:34", "2013-12-12 06:11:54", nospace
"2013-12-12 06:32:45", "2013-12-12 06:38:46", nospace
"2013-12-12 06:41:45", "2013-12-12 06:47:58", nospace
"2013-12-12 06:50:35", "2013-12-12 06:53:50", nospace
"2013-12-12 12:47:39", "2013-12-12 12:51:27", nospace
"2013-12-12 23:36:00", "2013-12-12 23:44:36", nospace
"2013-12-12 23:56:31", "2013-12-13 00:05:43", nospace
"2013-12-13 00:26:43", "2013-12-13 00:32:42", nospace
"2013-12-13 00:36:00", "2013-12-13 00:44:36", nospace
"2013-12-13 04:17:29", "2013-12-13 04:32:40", nospace
"2013-12-13 09:14:31", "2013-12-13 09:20:45", nobike
"2013-12-13 09:23:34", "2013-12-13 10:11:47", nobike
"2013-12-13 10:20:59", "2013-12-13 10:27:09", nobike
"2013-12-13 10:35:48", "2013-12-13 10:41:33", nobike
"2013-12-14 04:21:06", "2013-12-14 04:23:53", nospace
"2013-12-14 07:53:37", "2013-12-14 08:06:12", nospace
"2013-12-15 13:26:46", "2013-12-15 13:45:16", nobike
"2013-12-15 13:48:14", "2013-12-15 14:32:49", nobike
"2013-12-18 03:15:13", "2013-12-18 03:20:50", nospace
"2013-12-18 03:36:10", "2013-12-18 03:41:49", nospace
"2013-12-18 03:56:51", "2013-12-18 04:11:50", nospace
"2013-12-18 04:18:15", "2013-12-18 04:21:28", nospace
"2013-12-18 04:42:25", "2013-12-18 04:48:02", nospace
"2013-12-18 05:12:18", "2013-12-18 05:26:48", nospace
"2013-12-18 05:33:17", "2013-12-18 05:42:13", nospace
"2013-12-18 06:24:09", "2013-12-18 06:48:03", nospace
"2013-12-18 06:53:46", "2013-12-18 06:57:05", nospace
"2013-12-18 10:33:23", "2013-12-18 10:39:10", nobike
"2013-12-18 10:42:30", "2013-12-18 10:50:47", nobike
"2013-12-18 11:45:26", "2013-12-18 12:15:17", nobike
"2013-12-19 13:42:13", "2013-12-19 13:45:11", nobike
"2013-12-19 14:02:51", "2013-12-19 14:21:02", nobike
"2013-12-20 19:03:35", "2013-12-20 19:12:36", nobike
"2013-12-22 08:06:29", "2013-12-22 08:12:04", nospace
"2013-12-22 08:24:13", "2013-12-22 08:33:29", nospace
"2013-12-22 10:48:36", "2013-12-22 11:09:45", nobike
"2013-12-22 11:15:19", "2013-12-22 11:18:07", nobike
"2013-12-22 11:21:53", "2013-12-22 11:24:41", nobike
"2013-12-22 13:15:32", "2013-12-22 13:45:26", nobike
"2013-12-24 14:42:25", "2013-12-24 14:48:15", nobike
"2013-12-25 10:30:48", "2013-12-25 10:36:44", nobike
"2013-12-25 10:42:42", "2013-12-25 10:51:38", nobike
"2013-12-26 10:18:49", "2013-12-26 10:25:03", nobike
"2013-12-26 10:28:09", "2013-12-26 10:33:35", nobike
"2013-12-26 10:36:19", "2013-12-26 10:40:14", nobike
"2013-12-26 11:12:26", "2013-12-26 11:15:30", nospace
"2013-12-27 01:25:14", "2013-12-27 01:36:38", nospace
"2013-12-27 02:09:55", "2013-12-27 02:24:25", nospace
"2013-12-27 02:54:21", "2013-12-27 02:57:24", nospace
"2013-12-27 03:09:51", "2013-12-27 03:36:46", nospace
"2013-12-27 03:39:53", "2013-12-27 04:27:30", nospace
"2013-12-27 05:00:24", "2013-12-27 05:09:36", nospace
"2013-12-27 06:21:18", "2013-12-27 06:45:38", nospace
"2013-12-27 06:48:45", "2013-12-27 06:51:53", nospace
"2013-12-27 13:42:30", "2013-12-27 13:45:32", nobike
"2013-12-28 10:09:24", "2013-12-28 10:15:50", nobike
"2013-12-28 10:52:14", "2013-12-28 11:19:02", nobike
"2013-12-28 11:22:14", "2013-12-28 11:27:37", nobike
"2013-12-28 11:30:49", "2013-12-28 11:42:39", nobike
"2013-12-28 11:48:47", "2013-12-28 11:52:00", nobike
"2013-12-28 11:55:11", "2013-12-28 12:10:13", nobike
"2013-12-28 14:49:00", "2013-12-28 15:22:18", nobike
"2013-12-29 08:45:38", "2013-12-29 08:51:42", nospace
"2013-12-29 08:54:51", "2013-12-29 08:57:28", nospace
"2013-12-29 09:03:57", "2013-12-29 09:07:11", nospace
"2013-12-29 09:24:29", "2013-12-29 09:27:44", nospace
"2013-12-29 14:39:29", "2013-12-29 14:57:55", nobike
"2013-12-30 00:27:38", "2013-12-30 00:51:45", nospace
"2013-12-30 02:30:55", "2013-12-30 02:42:53", nospace
"2013-12-30 02:46:10", "2013-12-30 03:01:20", nospace
"2013-12-30 03:15:29", "2013-12-30 03:27:28", nospace
"2013-12-30 03:30:45", "2013-12-30 03:39:28", nospace
"2013-12-30 11:03:30", "2013-12-30 11:06:47", nobike
"2013-12-30 14:21:49", "2013-12-30 14:37:20", nobike
"2013-12-31 09:54:56", "2013-12-31 10:07:16", nobike
"2013-12-31 10:12:53", "2013-12-31 10:18:29", nobike
"2013-12-31 10:21:51", "2013-12-31 10:25:08", nobike
"2013-12-31 10:28:30", "2013-12-31 10:46:25", nobike
"2013-12-31 10:48:40", "2013-12-31 10:52:02", nobike
"2013-12-31 11:00:58", "2013-12-31 11:15:36", nobike
"2013-12-31 11:24:37", "2013-12-31 11:27:58", nobike
"2013-12-31 12:48:48", "2013-12-31 12:52:10", nospace
"2013-12-31 13:15:41", "2013-12-31 13:19:02", nospace
"2013-12-31 13:55:07", "2013-12-31 13:58:29", nospace
"2013-12-31 14:04:05", "2013-12-31 14:07:27", nospace
"2013-12-31 14:16:25", "2013-12-31 14:25:26", nospace
"2013-12-31 14:27:41", "2013-12-31 14:34:26", nospace
"2013-12-31 14:40:04", "2013-12-31 15:24:59", nospace
"2013-12-31 15:28:20", "2013-12-31 15:36:42", nospace
"2013-12-31 15:43:04", "2013-12-31 15:52:02", nospace
"2013-12-31 19:13:17", "2013-12-31 19:22:15", nobike
"2014-01-01 02:04:27", "2014-01-01 02:10:06", nospace
"2014-01-01 02:13:28", "2014-01-01 02:22:30", nospace
"2014-01-01 02:24:46", "2014-01-01 02:37:09", nospace
"2014-01-01 02:42:48", "2014-01-01 03:04:14", nospace
"2014-01-01 03:21:41", "2014-01-01 03:33:45", nospace
"2014-01-01 04:12:42", "2014-01-01 04:16:06", nospace
"2014-01-01 04:19:31", "2014-01-01 04:25:13", nospace
"2014-01-01 04:28:38", "2014-01-01 04:34:16", nospace
"2014-01-01 04:45:34", "2014-01-01 04:48:59", nospace
"2014-01-01 05:03:40", "2014-01-01 05:07:04", nospace
"2014-01-01 05:10:25", "2014-01-01 05:21:44", nospace
"2014-01-01 05:54:45", "2014-01-01 05:58:10", nospace
"2014-01-01 06:01:35", "2014-01-01 06:13:06", nospace
"2014-01-01 06:18:34", "2014-01-01 06:24:50", nospace
"2014-01-01 06:39:36", "2014-01-01 06:43:02", nospace
"2014-01-01 06:46:27", "2014-01-01 07:19:10", nospace
"2014-01-01 07:22:39", "2014-01-01 07:43:32", nospace
"2014-01-01 07:51:34", "2014-01-01 08:10:17", nospace
"2014-01-01 08:12:38", "2014-01-01 08:15:46", nospace
"2014-01-01 08:19:01", "2014-01-01 08:22:39", nospace
"2014-01-01 08:42:47", "2014-01-01 08:55:27", nospace
"2014-01-01 08:57:44", "2014-01-01 09:06:57", nospace
"2014-01-01 09:10:27", "2014-01-01 09:25:28", nospace
"2014-01-02 00:22:11", "2014-01-02 00:47:28", nospace
"2014-01-02 13:58:36", "2014-01-02 14:10:18", nobike
"2014-01-02 14:12:39", "2014-01-02 14:19:39", nobike
"2014-01-03 10:18:55", "2014-01-03 10:22:28", nobike
"2014-01-03 13:58:12", "2014-01-03 14:16:01", nobike
"2014-01-03 16:46:29", "2014-01-03 16:49:13", nobike
"2014-01-04 03:34:47", "2014-01-04 03:43:10", nospace
"2014-01-04 03:46:45", "2014-01-04 03:52:43", nospace
"2014-01-04 03:54:53", "2014-01-04 04:01:12", nospace
"2014-01-04 04:07:41", "2014-01-04 04:16:01", nospace
"2014-01-04 06:34:05", "2014-01-04 06:46:34", nospace
"2014-01-04 12:37:05", "2014-01-04 12:43:08", nobike
"2014-01-04 13:31:31", "2014-01-04 13:33:57", nobike
"2014-01-05 04:49:28", "2014-01-05 05:04:00", nospace
"2014-01-05 05:10:06", "2014-01-05 05:22:15", nospace
"2014-01-05 05:55:07", "2014-01-05 06:22:35", nospace
"2014-01-05 06:28:43", "2014-01-05 06:34:02", nospace
"2014-01-05 06:37:46", "2014-01-05 06:40:16", nospace
"2014-01-05 06:44:00", "2014-01-05 07:01:22", nospace
"2014-01-05 07:07:33", "2014-01-05 07:19:55", nospace
"2014-01-05 07:22:24", "2014-01-05 07:24:52", nospace
"2014-01-05 07:28:34", "2014-01-05 07:34:45", nospace
"2014-01-05 07:43:23", "2014-01-05 07:49:32", nospace
"2014-01-05 08:07:59", "2014-01-05 08:16:35", nospace
"2014-01-05 08:19:03", "2014-01-05 08:22:46", nospace
"2014-01-05 08:31:22", "2014-01-05 08:33:49", nospace
"2014-01-05 08:55:10", "2014-01-05 09:10:45", nospace
"2014-01-05 09:13:14", "2014-01-05 09:19:22", nospace
"2014-01-05 12:28:55", "2014-01-05 13:04:40", nobike
"2014-01-05 13:58:05", "2014-01-05 14:01:18", nobike
"2014-01-05 14:34:26", "2014-01-05 14:40:34", nobike
"2014-01-05 14:52:55", "2014-01-05 15:13:54", nobike
"2014-01-05 15:34:26", "2014-01-05 15:36:54", nobike
"2014-01-05 15:55:27", "2014-01-05 16:13:57", nobike
"2014-01-06 00:53:01", "2014-01-06 00:55:31", nospace
"2014-01-06 10:28:00", "2014-01-06 10:31:48", nobike
"2014-01-06 10:34:01", "2014-01-06 10:40:20", nobike
"2014-01-06 10:46:36", "2014-01-06 10:55:19", nobike
"2014-01-06 11:34:58", "2014-01-06 11:37:27", nobike
"2014-01-06 13:58:59", "2014-01-06 14:04:01", nobike
"2014-01-06 14:07:48", "2014-01-06 14:22:55", nobike
"2014-01-06 14:25:26", "2014-01-06 14:27:57", nobike
"2014-01-06 15:52:20", "2014-01-06 15:54:51", nobike
"2014-01-07 07:10:06", "2014-01-07 07:34:02", nospace
"2014-01-07 07:44:07", "2014-01-07 07:49:11", nospace
"2014-01-07 08:13:08", "2014-01-07 08:16:54", nospace
"2014-01-07 10:43:08", "2014-01-07 10:55:39", nobike
"2014-01-07 11:04:29", "2014-01-07 11:07:00", nobike
"2014-01-07 11:10:47", "2014-01-07 11:22:06", nobike
"2014-01-07 14:22:01", "2014-01-07 14:43:08", nobike
"2014-01-08 03:07:39", "2014-01-08 03:38:09", nospace
"2014-01-08 07:16:39", "2014-01-08 07:25:42", nobike
"2014-01-09 01:49:54", "2014-01-09 01:55:01", nospace
"2014-01-09 10:40:49", "2014-01-09 10:43:25", nobike
"2014-01-09 10:49:55", "2014-01-09 11:04:26", nobike
"2014-01-09 14:28:13", "2014-01-09 14:37:09", nobike
"2014-01-10 02:04:56", "2014-01-10 02:32:10", nospace
"2014-01-10 08:53:18", "2014-01-10 09:13:09", nobike
"2014-01-10 09:19:09", "2014-01-10 09:22:31", nobike
"2014-01-10 14:01:58", "2014-01-10 14:19:07", nobike
"2014-01-10 14:22:10", "2014-01-10 14:34:58", nobike
"2014-01-11 02:19:54", "2014-01-11 02:29:11", nospace
"2014-01-11 02:53:02", "2014-01-11 03:04:59", nospace
"2014-01-11 03:07:39", "2014-01-11 03:14:15", nospace
"2014-01-11 03:31:28", "2014-01-11 03:34:07", nospace
"2014-01-11 03:38:05", "2014-01-11 03:55:10", nospace
"2014-01-11 03:58:16", "2014-01-11 04:14:11", nospace
"2014-01-11 04:16:49", "2014-01-11 04:19:28", nospace
"2014-01-11 04:38:00", "2014-01-11 04:40:39", nospace
"2014-01-11 04:59:10", "2014-01-11 05:01:50", nospace
"2014-01-11 05:04:29", "2014-01-11 05:11:07", nospace
"2014-01-11 05:16:25", "2014-01-11 05:19:47", nospace
"2014-01-11 05:37:57", "2014-01-11 05:47:13", nospace
"2014-01-11 05:52:31", "2014-01-11 05:55:11", nospace
"2014-01-11 05:59:11", "2014-01-11 06:11:07", nospace
"2014-01-11 06:44:17", "2014-01-11 06:55:20", nospace
"2014-01-11 07:04:46", "2014-01-11 07:07:27", nospace
"2014-01-11 07:10:09", "2014-01-11 07:14:12", nospace
"2014-01-11 07:31:38", "2014-01-11 07:53:06", nospace
"2014-01-11 08:13:19", "2014-01-11 08:20:01", nospace
"2014-01-11 08:22:42", "2014-01-11 08:32:06", nospace
"2014-01-11 08:34:48", "2014-01-11 08:40:12", nospace
"2014-01-11 08:44:13", "2014-01-11 08:49:35", nospace
"2014-01-11 09:16:35", "2014-01-11 09:23:19", nospace
"2014-01-11 09:55:39", "2014-01-11 09:58:20", nospace
"2014-01-11 14:46:31", "2014-01-11 14:55:58", nobike
"2014-01-12 02:13:57", "2014-01-12 02:19:19", nospace
"2014-01-12 12:17:31", "2014-01-12 12:26:42", nobike
"2014-01-12 12:28:41", "2014-01-12 12:52:25", nobike
"2014-01-12 13:55:35", "2014-01-12 14:14:12", nobike
"2014-01-13 10:23:23", "2014-01-13 10:26:08", nobike
"2014-01-13 10:31:40", "2014-01-13 10:44:05", nobike
"2014-01-14 09:56:27", "2014-01-14 10:35:17", nobike
"2014-01-14 10:38:04", "2014-01-14 10:43:36", nobike
"2014-01-14 10:50:33", "2014-01-14 10:53:18", nobike
"2014-01-14 10:56:04", "2014-01-14 11:01:37", nobike
"2014-01-15 03:52:54", "2014-01-15 03:55:40", nospace
"2014-01-15 04:11:12", "2014-01-15 04:34:50", nospace
"2014-01-15 08:37:57", "2014-01-15 08:46:26", nobike
"2014-01-15 09:01:58", "2014-01-15 09:38:35", nobike
"2014-01-15 09:41:25", "2014-01-15 09:44:14", nobike
"2014-01-15 09:47:03", "2014-01-15 09:52:35", nobike
"2014-01-15 10:31:40", "2014-01-15 10:41:34", nobike
"2014-01-15 10:44:23", "2014-01-15 10:55:43", nobike
"2014-01-15 12:55:57", "2014-01-15 12:58:48", nospace
"2014-01-15 13:08:37", "2014-01-15 13:14:18", nospace
"2014-01-15 13:17:07", "2014-01-15 13:22:46", nospace
"2014-01-17 10:46:56", "2014-01-17 10:49:49", nobike
"2014-01-17 14:11:47", "2014-01-17 14:17:32", nobike
"2014-01-17 14:20:23", "2014-01-17 14:23:16", nobike
"2014-01-17 14:26:08", "2014-01-17 14:56:18", nobike
"2014-01-18 04:02:13", "2014-01-18 04:05:05", nospace
"2014-01-18 06:02:37", "2014-01-18 06:08:23", nospace
"2014-01-18 07:05:14", "2014-01-18 07:13:39", nospace
"2014-01-18 07:38:11", "2014-01-18 07:59:46", nospace
"2014-01-18 08:02:40", "2014-01-18 08:14:15", nospace
"2014-01-18 10:28:38", "2014-01-18 10:35:52", nospace
"2014-01-19 00:14:20", "2014-01-19 00:17:14", nospace
"2014-01-19 04:26:35", "2014-01-19 04:41:10", nospace
"2014-01-19 04:47:02", "2014-01-19 04:58:40", nospace
"2014-01-19 05:25:53", "2014-01-19 05:50:43", nospace
"2014-01-19 06:05:16", "2014-01-19 06:11:08", nospace
"2014-01-19 06:50:42", "2014-01-19 06:58:53", nospace
"2014-01-19 07:41:46", "2014-01-19 07:44:43", nospace
"2014-01-19 07:50:35", "2014-01-19 08:02:18", nospace
"2014-01-19 09:05:25", "2014-01-19 09:29:01", nospace
"2014-01-19 14:17:43", "2014-01-19 14:20:39", nobike
"2014-01-20 00:44:35", "2014-01-20 00:50:28", nospace
"2014-01-20 03:26:01", "2014-01-20 03:43:44", nospace
"2014-01-20 03:46:41", "2014-01-20 04:46:52", nospace
"2014-01-20 09:53:26", "2014-01-20 10:11:56", nobike
"2014-01-20 10:14:21", "2014-01-20 10:20:16", nobike
"2014-01-20 10:23:14", "2014-01-20 10:32:12", nobike
"2014-01-20 13:11:45", "2014-01-20 13:20:39", nobike
"2014-01-20 13:26:38", "2014-01-20 13:32:37", nobike
"2014-01-20 13:38:34", "2014-01-20 13:50:30", nobike
"2014-01-21 00:28:59", "2014-01-21 00:51:08", nospace
"2014-01-21 01:03:00", "2014-01-21 01:05:59", nospace
"2014-01-21 13:02:59", "2014-01-21 13:20:56", nobike
"2014-01-21 13:26:57", "2014-01-21 13:35:56", nobike
"2014-01-22 01:38:34", "2014-01-22 02:01:03", nospace
"2014-01-22 06:43:04", "2014-01-22 06:44:35", nospace
"2014-01-22 08:12:54", "2014-01-22 08:14:25", nospace
"2014-01-23 00:48:37", "2014-01-23 00:51:38", nospace
"2014-01-23 14:34:03", "2014-01-23 14:50:54", nobike
"2014-01-23 14:52:26", "2014-01-23 14:55:30", nobike
"2014-01-24 09:13:16", "2014-01-24 09:16:22", nobike
"2014-01-24 09:17:55", "2014-01-24 09:19:28", nobike
"2014-01-24 09:31:51", "2014-01-24 09:40:51", nobike
"2014-01-24 15:05:07", "2014-01-24 15:08:12", nobike
"2014-01-24 15:11:17", "2014-01-24 15:15:57", nobike
"2014-01-24 15:34:30", "2014-01-24 15:39:10", nospace
"2014-01-25 03:30:56", "2014-01-25 03:38:55", nospace
"2014-01-25 03:43:36", "2014-01-25 03:52:55", nospace
"2014-01-25 04:43:54", "2014-01-25 05:02:35", nospace
"2014-01-25 05:05:44", "2014-01-25 05:11:55", nospace
"2014-01-25 05:21:17", "2014-01-25 05:24:26", nospace
"2014-01-25 05:27:34", "2014-01-25 05:29:07", nospace
"2014-01-25 05:33:47", "2014-01-25 05:36:55", nospace
"2014-01-25 06:42:40", "2014-01-25 07:05:56", nospace
"2014-01-25 07:23:09", "2014-01-25 07:24:43", nospace
"2014-01-25 07:27:49", "2014-01-25 07:45:04", nospace
"2014-01-25 07:49:46", "2014-01-25 07:51:20", nospace
"2014-01-25 08:00:39", "2014-01-25 08:03:49", nospace
"2014-01-25 09:11:09", "2014-01-25 09:12:42", nospace
"2014-01-25 09:15:50", "2014-01-25 09:17:24", nospace
"2014-01-25 09:26:50", "2014-01-25 09:28:22", nospace
"2014-01-25 09:31:29", "2014-01-25 09:33:02", nospace
"2014-01-25 15:46:50", "2014-01-25 16:34:44", nobike
"2014-01-26 03:15:59", "2014-01-26 03:19:07", nospace
"2014-01-26 03:20:40", "2014-01-26 03:39:25", nospace
"2014-01-26 03:47:15", "2014-01-26 04:04:29", nospace
"2014-01-26 04:16:56", "2014-01-26 04:20:03", nospace
"2014-01-26 04:21:38", "2014-01-26 04:24:44", nospace
"2014-01-26 04:41:55", "2014-01-26 05:03:47", nospace
"2014-01-26 05:06:54", "2014-01-26 05:30:59", nospace
"2014-01-26 06:33:52", "2014-01-26 06:37:01", nospace
"2014-01-26 06:41:38", "2014-01-26 06:47:54", nospace
"2014-01-26 06:52:10", "2014-01-26 07:00:57", nospace
"2014-01-26 07:07:14", "2014-01-26 07:09:47", nospace
"2014-01-26 07:12:37", "2014-01-26 07:14:11", nospace
"2014-01-26 07:15:45", "2014-01-26 07:18:54", nospace
"2014-01-26 07:20:28", "2014-01-26 07:29:56", nospace
"2014-01-26 07:46:53", "2014-01-26 07:50:21", nospace
"2014-01-26 07:52:26", "2014-01-26 08:15:32", nospace
"2014-01-26 08:17:36", "2014-01-26 08:27:18", nospace
"2014-01-26 08:34:01", "2014-01-26 08:35:36", nospace
"2014-01-26 08:37:11", "2014-01-26 08:40:19", nospace
"2014-01-27 04:37:00", "2014-01-27 04:51:04", nospace
"2014-01-27 04:57:16", "2014-01-27 05:01:48", nospace
"2014-01-27 05:08:09", "2014-01-27 06:00:35", nospace
"2014-01-27 06:06:35", "2014-01-27 06:08:40", nospace
"2014-01-27 06:10:46", "2014-01-27 06:16:54", nospace
"2014-01-27 06:39:56", "2014-01-27 06:58:34", nospace
"2014-01-27 06:59:46", "2014-01-27 07:09:05", nospace
"2014-01-27 07:39:14", "2014-01-27 08:40:01", nospace
"2014-01-28 14:59:25", "2014-01-28 15:15:42", nobike
"2014-01-29 04:25:47", "2014-01-29 04:29:02", nospace
"2014-01-29 08:47:17", "2014-01-29 08:57:04", nospace
"2014-01-29 08:58:41", "2014-01-29 09:00:19", nospace
"2014-01-30 06:54:14", "2014-01-30 06:59:13", nospace
"2014-01-30 09:50:02", "2014-01-30 09:59:56", nobike
"2014-01-30 10:32:51", "2014-01-30 10:42:44", nobike
"2014-01-30 16:28:03", "2014-01-30 16:49:52", nospace
"2014-01-31 04:46:08", "2014-01-31 05:02:37", nospace
"2014-01-31 05:04:16", "2014-01-31 05:10:53", nospace
"2014-01-31 06:36:11", "2014-01-31 06:38:55", nospace
"2014-01-31 07:37:05", "2014-01-31 07:46:10", nospace
"2014-01-31 07:48:22", "2014-01-31 08:01:43", nospace
"2014-01-31 08:04:38", "2014-01-31 08:17:54", nospace
"2014-01-31 08:41:02", "2014-01-31 09:04:28", nospace
"2014-01-31 09:09:04", "2014-01-31 09:20:12", nospace
"2014-01-31 09:26:06", "2014-01-31 09:35:05", nospace
"2014-01-31 09:44:06", "2014-01-31 09:52:55", nospace
"2014-02-01 07:03:59", "2014-02-01 07:06:09", nospace
"2014-02-01 07:08:24", "2014-02-01 07:28:50", nospace
"2014-02-01 07:33:28", "2014-02-01 07:51:34", nospace
"2014-02-01 07:55:58", "2014-02-01 08:13:58", nospace
"2014-02-01 08:16:16", "2014-02-01 08:18:46", nospace
"2014-02-01 08:20:55", "2014-02-01 08:25:22", nospace
"2014-02-01 08:27:42", "2014-02-01 08:52:23", nospace
"2014-02-02 02:01:46", "2014-02-02 02:06:10", nospace
"2014-02-02 02:15:50", "2014-02-02 02:18:05", nospace
"2014-02-02 06:09:32", "2014-02-02 06:14:09", nospace
"2014-02-02 06:16:24", "2014-02-02 06:25:32", nospace
"2014-02-02 06:27:45", "2014-02-02 07:11:51", nospace
"2014-02-02 07:14:05", "2014-02-02 07:19:03", nospace
"2014-02-02 07:21:14", "2014-02-02 07:37:26", nospace
"2014-02-02 07:41:51", "2014-02-02 07:48:50", nospace
"2014-02-02 08:04:55", "2014-02-02 08:20:25", nospace
"2014-02-02 08:22:42", "2014-02-02 08:24:56", nospace
"2014-02-02 08:40:12", "2014-02-02 08:47:47", nospace
"2014-02-02 09:08:35", "2014-02-02 09:15:14", nospace
"2014-02-02 09:19:56", "2014-02-02 09:26:37", nospace
"2014-02-02 10:31:49", "2014-02-02 10:35:11", nospace
"2014-02-03 05:05:46", "2014-02-03 05:27:49", nospace
"2014-02-03 05:36:17", "2014-02-03 05:54:54", nospace
"2014-02-03 05:59:59", "2014-02-03 06:05:05", nospace
"2014-02-03 06:10:10", "2014-02-03 06:29:32", nospace
"2014-02-03 06:30:28", "2014-02-03 06:41:55", nospace
"2014-02-03 06:44:09", "2014-02-03 06:47:45", nospace
"2014-02-03 06:56:21", "2014-02-03 07:05:19", nospace
"2014-02-03 07:06:39", "2014-02-03 07:10:19", nospace
"2014-02-03 07:12:34", "2014-02-03 07:26:12", nospace
"2014-02-03 07:33:58", "2014-02-03 07:43:16", nospace
"2014-02-03 07:45:55", "2014-02-03 07:52:44", nospace
"2014-02-03 07:57:39", "2014-02-03 08:16:31", nospace
"2014-02-03 08:18:49", "2014-02-03 08:25:03", nospace
"2014-02-03 08:25:40", "2014-02-03 08:47:24", nospace
"2014-02-03 08:49:09", "2014-02-03 08:55:57", nospace
"2014-02-03 09:01:05", "2014-02-03 09:04:30", nospace
"2014-02-03 13:02:17", "2014-02-03 13:07:23", nobike
"2014-02-03 13:17:35", "2014-02-03 13:22:41", nobike
"2014-02-03 13:26:05", "2014-02-03 13:40:48", nobike
"2014-02-04 02:07:35", "2014-02-04 02:17:52", nospace
"2014-02-05 10:47:37", "2014-02-05 10:50:52", nobike
"2014-02-06 03:12:11", "2014-02-06 03:17:26", nospace
"2014-02-06 03:22:39", "2014-02-06 03:24:24", nospace
"2014-02-06 03:26:09", "2014-02-06 03:45:21", nospace
"2014-02-06 03:52:12", "2014-02-06 04:11:23", nospace
"2014-02-06 04:13:07", "2014-02-06 04:27:05", nospace
"2014-02-06 15:07:44", "2014-02-06 15:10:00", nobike
"2014-02-06 15:12:15", "2014-02-06 15:19:37", nobike
"2014-02-06 15:52:03", "2014-02-06 16:09:23", nospace
"2014-02-07 08:49:56", "2014-02-07 08:57:01", nobike
"2014-02-07 08:57:54", "2014-02-07 09:21:28", nobike
"2014-02-07 09:33:03", "2014-02-07 09:35:17", nobike
"2014-02-08 03:26:52", "2014-02-08 03:33:36", nospace
"2014-02-08 03:35:24", "2014-02-08 03:37:13", nospace
"2014-02-08 03:44:21", "2014-02-08 04:00:24", nospace
"2014-02-08 04:02:11", "2014-02-08 04:20:05", nospace
"2014-02-08 04:25:58", "2014-02-08 04:35:39", nospace
"2014-02-08 06:50:08", "2014-02-08 07:03:52", nospace
"2014-02-08 07:11:08", "2014-02-08 07:13:24", nospace
"2014-02-08 07:43:03", "2014-02-08 07:57:18", nospace
"2014-02-08 12:20:30", "2014-02-08 12:25:51", nospace
"2014-02-08 12:29:26", "2014-02-08 12:32:59", nospace
"2014-02-08 12:34:46", "2014-02-08 12:37:46", nospace
"2014-02-10 01:50:43", "2014-02-10 01:56:54", nospace
"2014-02-10 02:06:20", "2014-02-10 02:13:43", nospace
"2014-02-10 02:28:40", "2014-02-10 02:39:29", nospace
"2014-02-10 02:46:45", "2014-02-10 02:59:26", nospace
"2014-02-10 03:04:53", "2014-02-10 03:10:19", nospace
"2014-02-10 03:15:48", "2014-02-10 03:21:13", nospace
"2014-02-10 03:24:51", "2014-02-10 03:37:35", nospace
"2014-02-10 03:41:13", "2014-02-10 03:44:52", nospace
"2014-02-10 05:45:23", "2014-02-10 06:23:34", nospace
"2014-02-10 07:26:24", "2014-02-10 07:36:12", nospace
"2014-02-10 07:42:49", "2014-02-10 07:55:17", nospace
"2014-02-10 08:21:14", "2014-02-10 08:24:29", nospace
"2014-02-10 09:03:46", "2014-02-10 09:09:12", nospace
"2014-02-10 09:21:57", "2014-02-10 09:23:45", nospace
"2014-02-10 09:39:55", "2014-02-10 09:43:34", nospace
"2014-02-10 09:45:24", "2014-02-10 09:50:52", nospace
"2014-02-13 13:39:04", "2014-02-13 13:52:06", nobike
"2014-02-15 08:12:20", "2014-02-15 08:14:13", nospace
"2014-02-15 08:21:48", "2014-02-15 08:23:36", nospace
"2014-02-15 10:00:13", "2014-02-15 10:00:52", nospace
"2014-02-16 05:29:12", "2014-02-16 05:36:49", nospace
"2014-02-16 05:40:32", "2014-02-16 05:41:11", nospace
"2014-02-16 05:44:49", "2014-02-16 05:55:57", nospace
"2014-02-16 06:00:44", "2014-02-16 06:02:52", nospace
"2014-02-16 06:27:39", "2014-02-16 06:36:32", nospace
"2014-02-16 06:38:55", "2014-02-16 07:02:32", nospace
"2014-02-16 07:10:13", "2014-02-16 07:19:47", nospace
"2014-02-16 07:29:22", "2014-02-16 07:33:11", nospace
"2014-02-16 07:37:01", "2014-02-16 07:56:07", nospace
"2014-02-16 08:03:47", "2014-02-16 08:05:43", nospace
"2014-02-16 08:19:03", "2014-02-16 08:34:18", nospace
"2014-02-16 08:45:38", "2014-02-16 08:49:27", nospace
"2014-02-16 09:06:35", "2014-02-16 09:19:05", nospace
"2014-02-16 09:49:39", "2014-02-16 09:57:18", nospace
"2014-02-16 09:59:13", "2014-02-16 10:10:30", nospace
"2014-02-16 10:12:24", "2014-02-16 10:16:13", nospace
"2014-02-16 14:00:49", "2014-02-16 14:04:39", nobike
"2014-02-16 14:19:59", "2014-02-16 14:21:54", nobike
"2014-02-18 04:28:39", "2014-02-18 04:30:13", nospace
"2014-02-19 14:17:45", "2014-02-19 14:34:51", nobike
"2014-02-20 03:38:15", "2014-02-20 03:40:13", nospace
"2014-02-20 03:54:01", "2014-02-20 04:09:48", nospace
"2014-02-20 10:31:11", "2014-02-20 10:46:59", nobike
"2014-02-20 10:48:57", "2014-02-20 10:50:55", nobike
"2014-02-20 12:05:51", "2014-02-20 12:08:25", nobike
"2014-02-20 13:07:36", "2014-02-20 13:21:25", nobike
"2014-02-20 13:23:23", "2014-02-20 13:35:14", nobike
"2014-02-21 06:37:58", "2014-02-21 06:51:36", nospace
"2014-02-21 09:31:57", "2014-02-21 09:49:50", nobike
"2014-02-21 10:57:15", "2014-02-21 11:13:14", nobike
"2014-02-21 11:16:37", "2014-02-21 11:18:00", nobike
"2014-02-21 13:35:00", "2014-02-21 13:48:56", nobike
"2014-02-21 13:52:56", "2014-02-21 14:17:10", nobike
"2014-02-21 14:20:48", "2014-02-21 14:26:42", nobike
"2014-02-21 14:28:41", "2014-02-21 14:30:40", nobike
"2014-02-22 01:13:15", "2014-02-22 01:17:14", nospace
"2014-02-22 02:47:26", "2014-02-22 02:59:24", nospace
"2014-02-22 03:01:24", "2014-02-22 03:05:24", nospace
"2014-02-22 03:09:24", "2014-02-22 03:11:22", nospace
"2014-02-22 03:31:19", "2014-02-22 03:33:19", nospace
"2014-02-22 03:35:19", "2014-02-22 03:37:18", nospace
"2014-02-22 03:54:34", "2014-02-22 04:00:35", nospace
"2014-02-22 04:02:33", "2014-02-22 04:10:33", nospace
"2014-02-22 04:18:32", "2014-02-22 04:32:29", nospace
"2014-02-22 04:34:28", "2014-02-22 04:43:00", nospace
"2014-02-22 04:44:07", "2014-02-22 04:54:42", nospace
"2014-02-22 05:10:41", "2014-02-22 05:32:40", nospace
"2014-02-22 05:34:41", "2014-02-22 06:00:35", nospace
"2014-02-22 06:18:35", "2014-02-22 06:22:35", nospace
"2014-02-22 06:24:35", "2014-02-22 06:36:38", nospace
"2014-02-22 06:51:08", "2014-02-22 07:04:33", nospace
"2014-02-22 07:08:35", "2014-02-22 07:20:36", nospace
"2014-02-22 07:24:40", "2014-02-22 07:30:44", nospace
"2014-02-22 08:00:54", "2014-02-22 08:02:55", nospace
"2014-02-22 12:11:23", "2014-02-22 12:27:23", nospace
"2014-02-22 14:37:25", "2014-02-22 14:39:25", nobike
"2014-02-22 18:02:42", "2014-02-22 18:23:49", nobike
"2014-02-23 01:14:02", "2014-02-23 01:20:04", nospace
"2014-02-23 01:24:05", "2014-02-23 01:26:06", nospace
"2014-02-23 01:40:08", "2014-02-23 01:44:09", nospace
"2014-02-23 01:48:10", "2014-02-23 01:50:09", nospace
"2014-02-23 02:40:09", "2014-02-23 02:48:10", nospace
"2014-02-23 02:50:11", "2014-02-23 02:52:11", nospace
"2014-02-23 02:54:12", "2014-02-23 02:56:12", nospace
"2014-02-23 02:59:00", "2014-02-23 03:13:33", nospace
"2014-02-23 03:16:01", "2014-02-23 03:17:28", nospace
"2014-02-23 03:33:49", "2014-02-23 03:35:49", nospace
"2014-02-23 03:52:48", "2014-02-23 04:05:24", nospace
"2014-02-23 04:07:58", "2014-02-23 04:11:29", nospace
"2014-02-23 04:25:41", "2014-02-23 04:29:43", nospace
"2014-02-23 04:39:47", "2014-02-23 04:51:48", nospace
"2014-02-23 04:53:49", "2014-02-23 04:59:49", nospace
"2014-02-23 05:47:57", "2014-02-23 05:58:02", nospace
"2014-02-23 06:02:03", "2014-02-23 06:26:17", nospace
"2014-02-23 06:28:18", "2014-02-23 07:24:15", nospace
"2014-02-23 07:33:17", "2014-02-23 08:01:12", nospace
"2014-02-23 08:03:12", "2014-02-23 08:13:19", nospace
"2014-02-23 08:23:25", "2014-02-23 08:39:39", nospace
"2014-02-23 08:57:45", "2014-02-23 09:05:52", nospace
"2014-02-23 09:07:52", "2014-02-23 09:11:54", nospace
"2014-02-23 09:13:54", "2014-02-23 09:28:08", nospace
"2014-02-23 09:36:12", "2014-02-23 09:52:25", nospace
"2014-02-23 10:56:53", "2014-02-23 11:11:03", nobike
"2014-02-23 13:15:45", "2014-02-23 13:23:50", nobike
"2014-02-23 14:04:12", "2014-02-23 14:08:14", nobike
"2014-02-23 15:58:41", "2014-02-23 16:20:57", nobike
"2014-02-23 23:51:36", "2014-02-23 23:53:37", nospace
"2014-02-23 23:54:49", "2014-02-24 00:01:10", nospace
"2014-02-24 00:21:26", "2014-02-24 00:23:27", nospace
"2014-02-24 00:25:28", "2014-02-24 00:27:29", nospace
"2014-02-24 01:14:03", "2014-02-24 01:30:21", nospace
"2014-02-24 01:44:31", "2014-02-24 02:00:44", nospace
"2014-02-24 02:06:50", "2014-02-24 02:10:53", nospace
"2014-02-24 03:48:36", "2014-02-24 03:52:40", nospace
"2014-02-24 04:16:59", "2014-02-24 04:31:13", nospace
"2014-02-24 06:51:15", "2014-02-24 07:01:04", nospace
"2014-02-24 07:24:53", "2014-02-24 07:26:55", nospace
"2014-02-24 07:49:14", "2014-02-24 07:53:18", nospace
"2014-02-24 07:55:20", "2014-02-24 07:57:22", nospace
"2014-02-24 08:07:32", "2014-02-24 08:13:37", nospace
"2014-02-24 08:15:39", "2014-02-24 08:17:42", nospace
"2014-02-24 08:21:46", "2014-02-24 08:27:52", nospace
"2014-02-24 08:38:02", "2014-02-24 08:51:31", nospace
"2014-02-24 08:56:05", "2014-02-24 09:01:03", nospace
"2014-02-24 13:40:59", "2014-02-24 13:42:38", nobike
"2014-02-24 13:50:12", "2014-02-24 14:00:39", nobike
"2014-02-24 14:08:23", "2014-02-24 14:18:27", nobike
"2014-02-24 23:46:52", "2014-02-25 00:07:17", nospace
"2014-02-25 00:09:19", "2014-02-25 00:15:27", nospace
"2014-02-25 00:21:35", "2014-02-25 00:25:39", nospace
"2014-02-25 03:00:23", "2014-02-25 03:31:06", nospace
"2014-02-25 08:35:36", "2014-02-25 08:39:42", nobike
"2014-02-25 08:57:56", "2014-02-25 09:20:24", nobike
"2014-02-25 09:22:28", "2014-02-25 09:26:34", nobike
"2014-02-25 09:28:38", "2014-02-25 09:38:51", nobike
"2014-02-26 09:00:36", "2014-02-26 09:21:03", nobike
"2014-02-26 09:24:52", "2014-02-26 09:35:59", nobike
"2014-02-26 13:06:05", "2014-02-26 13:18:32", nobike
"2014-02-26 13:26:51", "2014-02-26 13:30:30", nobike
"2014-02-26 13:41:48", "2014-02-26 14:01:59", nobike
"2014-02-26 14:04:34", "2014-02-26 14:06:55", nobike
"2014-02-27 01:04:03", "2014-02-27 01:11:55", nospace
"2014-02-27 01:20:25", "2014-02-27 01:27:49", nospace
"2014-02-27 06:33:36", "2014-02-27 06:35:41", nospace
"2014-02-27 06:52:14", "2014-02-27 06:56:23", nospace
"2014-02-27 07:21:06", "2014-02-27 07:27:19", nospace
"2014-02-27 07:42:21", "2014-02-27 07:58:34", nospace
"2014-02-27 10:29:43", "2014-02-27 10:31:05", nobike
"2014-02-27 13:35:19", "2014-02-27 13:37:23", nobike
"2014-02-27 13:39:27", "2014-02-27 13:51:54", nobike
"2014-02-28 00:45:24", "2014-02-28 00:47:57", nospace
"2014-02-28 00:50:34", "2014-02-28 00:53:59", nospace
"2014-02-28 02:07:47", "2014-02-28 02:14:00", nospace
"2014-02-28 02:16:05", "2014-02-28 02:20:15", nospace
"2014-02-28 02:32:42", "2014-02-28 02:34:46", nospace
"2014-02-28 02:45:08", "2014-02-28 02:53:27", nospace
"2014-02-28 02:57:36", "2014-02-28 03:10:03", nospace
"2014-02-28 03:51:21", "2014-02-28 03:55:31", nospace
"2014-02-28 03:58:46", "2014-02-28 04:03:49", nospace
"2014-02-28 04:14:42", "2014-02-28 04:17:18", nospace
"2014-02-28 04:23:11", "2014-02-28 04:26:00", nospace
"2014-02-28 04:33:36", "2014-02-28 04:37:18", nospace
"2014-02-28 04:42:30", "2014-02-28 04:53:18", nospace
"2014-02-28 04:55:54", "2014-02-28 04:58:29", nospace
"2014-02-28 05:01:03", "2014-02-28 05:12:08", nospace
"2014-02-28 05:13:30", "2014-02-28 05:18:44", nospace
"2014-02-28 05:21:12", "2014-02-28 05:30:08", nospace
"2014-02-28 05:40:33", "2014-02-28 05:46:48", nospace
"2014-02-28 06:03:26", "2014-02-28 06:13:50", nospace
"2014-02-28 07:12:47", "2014-02-28 07:14:53", nospace
"2014-02-28 07:27:24", "2014-02-28 07:33:38", nospace
"2014-02-28 07:52:22", "2014-02-28 07:56:34", nospace
"2014-02-28 11:57:06", "2014-02-28 11:59:09", nospace
"2014-02-28 12:09:33", "2014-02-28 12:17:58", nospace
"2014-03-01 04:02:27", "2014-03-01 04:10:51", nospace
"2014-03-01 04:35:58", "2014-03-01 04:46:25", nospace
"2014-03-01 04:56:53", "2014-03-01 05:24:17", nospace
"2014-03-01 06:05:06", "2014-03-01 06:24:20", nospace
"2014-03-01 06:30:52", "2014-03-01 06:35:58", nospace
"2014-03-01 06:37:13", "2014-03-01 06:42:33", nospace
"2014-03-01 06:45:02", "2014-03-01 06:46:27", nospace
"2014-03-01 06:49:07", "2014-03-01 07:05:23", nospace
"2014-03-01 07:08:02", "2014-03-01 07:10:41", nospace
"2014-03-01 07:22:08", "2014-03-01 08:07:19", nospace
"2014-03-01 08:22:33", "2014-03-01 08:28:49", nospace
"2014-03-01 08:34:11", "2014-03-01 08:37:52", nospace
"2014-03-01 08:40:30", "2014-03-01 08:58:56", nospace
"2014-03-01 09:26:58", "2014-03-01 09:47:10", nospace
"2014-03-01 10:01:14", "2014-03-01 10:34:29", nospace
"2014-03-02 01:40:35", "2014-03-02 01:46:55", nospace
"2014-03-02 03:29:49", "2014-03-02 03:30:35", nospace
"2014-03-02 04:10:29", "2014-03-02 04:22:55", nospace
"2014-03-02 04:25:13", "2014-03-02 04:31:35", nospace
"2014-03-02 05:51:03", "2014-03-02 05:53:25", nospace
"2014-03-02 05:59:50", "2014-03-02 06:11:10", nospace
"2014-03-02 08:03:00", "2014-03-02 08:24:13", nospace
"2014-03-02 08:37:00", "2014-03-02 08:45:29", nospace
"2014-03-03 01:37:41", "2014-03-03 02:41:44", nospace
"2014-03-03 03:11:31", "2014-03-03 03:23:31", nospace
"2014-03-03 03:55:08", "2014-03-03 04:12:19", nospace
"2014-03-03 06:56:11", "2014-03-03 07:11:18", nospace
"2014-03-03 23:52:38", "2014-03-03 23:57:09", nospace
"2014-03-04 01:21:05", "2014-03-04 01:32:04", nospace
"2014-03-04 01:34:18", "2014-03-04 01:45:27", nospace
"2014-03-04 01:56:48", "2014-03-04 02:17:15", nospace
"2014-03-04 02:55:42", "2014-03-04 03:04:42", nospace
"2014-03-04 03:27:04", "2014-03-04 04:17:12", nospace
"2014-03-04 05:30:03", "2014-03-04 05:39:11", nospace
"2014-03-04 05:41:28", "2014-03-04 05:46:02", nospace
"2014-03-04 05:50:35", "2014-03-04 05:55:08", nospace
"2014-03-04 06:02:05", "2014-03-04 06:04:17", nospace
"2014-03-04 06:11:08", "2014-03-04 06:41:11", nospace
"2014-03-05 00:26:04", "2014-03-05 00:56:03", nospace
"2014-03-05 00:58:21", "2014-03-05 01:18:29", nospace
"2014-03-05 01:19:12", "2014-03-05 01:26:05", nospace
"2014-03-05 01:37:33", "2014-03-05 01:42:09", nospace
"2014-03-05 02:32:34", "2014-03-05 03:07:09", nospace
"2014-03-05 03:41:35", "2014-03-05 03:48:29", nospace
"2014-03-05 03:50:46", "2014-03-05 04:13:44", nospace
"2014-03-05 05:20:27", "2014-03-05 05:47:57", nospace
"2014-03-05 05:50:15", "2014-03-05 06:01:44", nospace
"2014-03-05 11:00:59", "2014-03-05 11:27:00", nobike
"2014-03-07 05:51:13", "2014-03-07 06:00:32", nospace
"2014-03-07 06:02:53", "2014-03-07 06:28:32", nospace
"2014-03-09 03:19:06", "2014-03-09 03:30:54", nospace
"2014-03-09 03:35:39", "2014-03-09 03:38:00", nospace
"2014-03-09 04:39:05", "2014-03-09 04:43:47", nospace
"2014-03-09 05:24:20", "2014-03-09 05:42:35", nospace
"2014-03-09 05:51:45", "2014-03-09 06:00:42", nospace
"2014-03-09 06:03:28", "2014-03-09 06:14:51", nospace
"2014-03-09 06:40:48", "2014-03-09 06:46:28", nospace
"2014-03-09 07:18:26", "2014-03-09 07:43:40", nospace
"2014-03-09 08:04:51", "2014-03-09 08:07:11", nospace
"2014-03-09 08:11:53", "2014-03-09 08:14:15", nospace
"2014-03-09 11:14:32", "2014-03-09 11:28:07", nobike
"2014-03-09 13:40:24", "2014-03-09 13:45:06", nobike
"2014-03-10 03:45:15", "2014-03-10 03:47:37", nospace
"2014-03-10 03:52:23", "2014-03-10 04:01:50", nospace
"2014-03-10 04:04:13", "2014-03-10 04:16:00", nospace
"2014-03-10 04:18:24", "2014-03-10 04:23:07", nospace
"2014-03-10 04:32:35", "2014-03-10 04:44:25", nospace
"2014-03-10 05:36:25", "2014-03-10 06:02:28", nospace
"2014-03-10 06:16:39", "2014-03-10 06:23:46", nospace
"2014-03-10 11:02:07", "2014-03-10 11:15:30", nobike
"2014-03-10 14:23:10", "2014-03-10 14:36:58", nospace
"2014-03-10 14:41:43", "2014-03-10 14:58:04", nospace
"2014-03-11 06:00:03", "2014-03-11 06:02:25", nospace
"2014-03-11 10:06:32", "2014-03-11 10:30:27", nobike
"2014-03-11 11:25:21", "2014-03-11 11:27:44", nospace
"2014-03-11 11:32:28", "2014-03-11 11:34:51", nospace
"2014-03-12 00:45:24", "2014-03-12 00:47:46", nospace
"2014-03-12 00:52:33", "2014-03-12 01:02:09", nospace
"2014-03-12 01:04:31", "2014-03-12 01:06:55", nospace
"2014-03-12 01:16:28", "2014-03-12 01:33:13", nospace
"2014-03-12 01:35:36", "2014-03-12 01:40:23", nospace
"2014-03-12 01:42:46", "2014-03-12 01:45:09", nospace
"2014-03-12 01:47:33", "2014-03-12 02:13:48", nospace
"2014-03-12 02:16:12", "2014-03-12 02:30:33", nospace
"2014-03-12 07:14:40", "2014-03-12 07:17:03", nobike
"2014-03-12 07:24:14", "2014-03-12 07:26:38", nobike
"2014-03-12 07:36:12", "2014-03-12 07:45:47", nobike
"2014-03-13 09:43:08", "2014-03-13 10:07:14", nobike
"2014-03-13 12:17:15", "2014-03-13 12:22:04", nobike
"2014-03-13 23:26:58", "2014-03-13 23:41:28", nospace
"2014-03-13 23:43:52", "2014-03-14 00:05:31", nospace
"2014-03-14 00:07:56", "2014-03-14 00:17:36", nospace
"2014-03-14 09:05:39", "2014-03-14 09:27:25", nobike
"2014-03-15 04:23:48", "2014-03-15 04:35:53", nospace
"2014-03-15 04:54:35", "2014-03-15 04:56:41", nospace
"2014-03-15 05:07:34", "2014-03-15 05:10:21", nospace
"2014-03-15 05:13:04", "2014-03-15 05:22:23", nospace
"2014-03-15 05:26:16", "2014-03-15 05:31:45", nospace
"2014-03-15 05:43:13", "2014-03-15 05:44:45", nospace
"2014-03-15 05:47:29", "2014-03-15 05:59:03", nospace
"2014-03-15 06:03:54", "2014-03-15 06:52:55", nospace
"2014-03-15 06:55:20", "2014-03-15 07:00:13", nospace
"2014-03-15 07:02:40", "2014-03-15 07:27:04", nospace
"2014-03-15 07:29:30", "2014-03-15 07:31:55", nospace
"2014-03-15 07:34:21", "2014-03-15 07:53:48", nospace
"2014-03-15 07:56:13", "2014-03-15 08:10:47", nospace
"2014-03-15 08:22:59", "2014-03-15 08:30:22", nospace
"2014-03-15 08:35:14", "2014-03-15 08:37:41", nospace
"2014-03-15 08:57:09", "2014-03-15 09:04:27", nospace
"2014-03-15 09:09:16", "2014-03-15 09:21:24", nospace
"2014-03-15 09:23:51", "2014-03-15 09:28:43", nospace
"2014-03-15 09:40:46", "2014-03-15 09:47:59", nospace
"2014-03-15 10:02:38", "2014-03-15 10:09:57", nospace
"2014-03-15 13:59:21", "2014-03-15 14:09:10", nobike
"2014-03-16 05:10:57", "2014-03-16 05:23:10", nospace
"2014-03-16 05:28:05", "2014-03-16 05:32:58", nospace
"2014-03-16 05:58:04", "2014-03-16 06:10:18", nospace
"2014-03-16 06:20:05", "2014-03-16 06:28:53", nospace
"2014-03-16 06:57:02", "2014-03-16 07:07:37", nospace
"2014-03-16 07:09:42", "2014-03-16 07:30:12", nospace
"2014-03-16 07:32:39", "2014-03-16 08:01:57", nospace
"2014-03-16 08:21:30", "2014-03-16 08:45:53", nospace
"2014-03-16 08:58:04", "2014-03-16 09:00:30", nospace
"2014-03-16 09:20:03", "2014-03-16 09:26:36", nospace
"2014-03-16 13:20:16", "2014-03-16 13:39:26", nobike
"2014-03-16 13:41:53", "2014-03-16 13:46:48", nobike
"2014-03-17 01:17:51", "2014-03-17 01:27:40", nospace
"2014-03-17 04:37:28", "2014-03-17 04:39:56", nospace
"2014-03-17 05:19:19", "2014-03-17 05:26:41", nospace
"2014-03-17 05:29:08", "2014-03-17 05:34:03", nospace
"2014-03-17 09:56:18", "2014-03-17 10:06:09", nobike
"2014-03-17 10:08:36", "2014-03-17 10:13:31", nobike
"2014-03-17 10:15:57", "2014-03-17 10:18:24", nobike
"2014-03-17 10:23:23", "2014-03-17 10:28:18", nobike
"2014-03-17 10:38:07", "2014-03-17 10:40:34", nobike
"2014-03-17 10:47:57", "2014-03-17 10:50:25", nobike
"2014-03-17 12:19:51", "2014-03-17 12:24:46", nobike
"2014-03-17 12:29:41", "2014-03-17 12:34:37", nobike
"2014-03-18 00:18:08", "2014-03-18 00:30:28", nospace
"2014-03-18 00:32:28", "2014-03-18 00:41:46", nospace
"2014-03-18 00:48:29", "2014-03-18 00:58:22", nospace
"2014-03-18 01:15:40", "2014-03-18 01:22:52", nospace
"2014-03-18 01:40:06", "2014-03-18 01:54:56", nospace
"2014-03-18 01:57:24", "2014-03-18 02:02:21", nospace
"2014-03-18 02:12:13", "2014-03-18 02:17:08", nospace
"2014-03-18 02:24:32", "2014-03-18 02:29:27", nospace
"2014-03-18 03:33:36", "2014-03-18 03:36:03", nospace
"2014-03-18 03:40:58", "2014-03-18 03:50:49", nospace
"2014-03-18 09:56:02", "2014-03-18 10:07:55", nobike
"2014-03-19 00:16:57", "2014-03-19 00:29:19", nospace
"2014-03-19 02:03:20", "2014-03-19 02:09:54", nospace
"2014-03-19 02:39:46", "2014-03-19 02:42:16", nospace
"2014-03-19 03:03:07", "2014-03-19 03:56:22", nospace
"2014-03-19 04:17:08", "2014-03-19 04:29:41", nospace
"2014-03-19 13:33:34", "2014-03-19 13:38:33", nobike
"2014-03-19 13:43:30", "2014-03-19 13:50:44", nobike
"2014-03-19 14:35:29", "2014-03-19 14:50:23", nobike
"2014-03-20 02:27:28", "2014-03-20 02:32:27", nospace
"2014-03-20 05:04:19", "2014-03-20 05:09:20", nospace
"2014-03-21 00:08:03", "2014-03-21 00:18:06", nospace
"2014-03-21 04:21:35", "2014-03-21 04:24:20", nospace
"2014-03-21 06:41:55", "2014-03-21 06:47:25", nospace
"2014-03-21 06:49:00", "2014-03-21 06:51:49", nospace
"2014-03-21 08:59:20", "2014-03-21 09:04:20", nospace
"2014-03-21 09:26:58", "2014-03-21 09:29:29", nospace
"2014-03-21 14:08:59", "2014-03-21 14:11:30", nobike
"2014-03-22 06:13:22", "2014-03-22 06:23:29", nospace
"2014-03-22 07:34:13", "2014-03-22 07:41:45", nospace
"2014-03-22 08:04:26", "2014-03-22 08:19:34", nospace
"2014-03-22 08:43:37", "2014-03-22 08:56:13", nospace
"2014-03-22 08:58:52", "2014-03-22 09:05:59", nospace
"2014-03-22 14:06:01", "2014-03-22 14:08:33", nospace
"2014-03-22 14:13:35", "2014-03-22 14:18:37", nospace
"2014-03-23 00:26:08", "2014-03-23 00:28:39", nospace
"2014-03-23 00:33:43", "2014-03-23 00:36:15", nospace
"2014-03-23 02:05:41", "2014-03-23 02:10:44", nospace
"2014-03-23 04:10:20", "2014-03-23 04:29:16", nospace
"2014-03-23 04:32:07", "2014-03-23 04:52:22", nospace
"2014-03-23 04:54:30", "2014-03-23 04:58:42", nospace
"2014-03-23 05:03:47", "2014-03-23 05:06:20", nospace
"2014-03-23 05:08:51", "2014-03-23 05:11:21", nospace
"2014-03-23 05:48:24", "2014-03-23 05:50:23", nospace
"2014-03-23 06:05:32", "2014-03-23 06:18:14", nospace
"2014-03-23 06:28:23", "2014-03-23 06:33:26", nospace
"2014-03-23 06:41:03", "2014-03-23 06:43:35", nospace
"2014-03-23 06:46:06", "2014-03-23 06:59:03", nospace
"2014-03-23 07:01:34", "2014-03-23 07:24:18", nospace
"2014-03-23 07:26:49", "2014-03-23 07:57:15", nospace
"2014-03-23 07:59:47", "2014-03-23 08:02:20", nospace
"2014-03-23 08:04:51", "2014-03-23 08:12:27", nospace
"2014-03-23 08:27:37", "2014-03-23 08:37:46", nospace
"2014-03-23 08:47:54", "2014-03-23 08:52:57", nospace
"2014-03-23 08:58:02", "2014-03-23 09:05:36", nospace
"2014-03-23 09:08:07", "2014-03-23 09:10:40", nospace
"2014-03-23 09:23:25", "2014-03-23 09:49:39", nospace
"2014-03-24 00:25:37", "2014-03-24 00:28:10", nospace
"2014-03-24 00:30:42", "2014-03-24 00:40:52", nospace
"2014-03-24 23:14:51", "2014-03-24 23:17:24", nospace
"2014-03-24 23:55:39", "2014-03-25 00:03:18", nospace
"2014-03-25 00:16:04", "2014-03-25 00:23:43", nospace
"2014-03-25 00:26:17", "2014-03-25 00:36:30", nospace
"2014-03-25 10:28:20", "2014-03-25 10:33:26", nobike
"2014-03-25 11:47:40", "2014-03-25 12:00:28", nospace
"2014-03-25 12:03:02", "2014-03-25 12:05:35", nospace
"2014-03-25 12:10:41", "2014-03-25 12:15:48", nospace
"2014-03-25 15:10:55", "2014-03-25 15:26:15", nobike
"2014-03-25 15:28:48", "2014-03-25 15:31:22", nobike
"2014-03-26 00:06:08", "2014-03-26 00:24:06", nospace
"2014-03-26 00:34:19", "2014-03-26 00:36:42", nospace
"2014-03-26 09:55:39", "2014-03-26 09:58:13", nobike
"2014-03-26 10:08:30", "2014-03-26 10:13:41", nobike
"2014-03-26 10:16:15", "2014-03-26 10:23:59", nobike
"2014-03-26 10:26:33", "2014-03-26 10:31:40", nobike
"2014-03-26 11:44:38", "2014-03-26 11:54:56", nobike
"2014-03-26 13:36:07", "2014-03-26 13:38:41", nospace
"2014-03-26 13:47:26", "2014-03-26 13:49:58", nospace
"2014-03-26 13:50:48", "2014-03-26 13:55:10", nospace
"2014-03-26 14:13:10", "2014-03-26 14:15:43", nospace
"2014-03-26 14:20:23", "2014-03-26 14:25:00", nospace
"2014-03-26 23:41:26", "2014-03-27 00:02:02", nospace
"2014-03-27 00:07:11", "2014-03-27 00:09:45", nospace
"2014-03-27 07:36:24", "2014-03-27 07:41:34", nospace
"2014-03-27 09:06:29", "2014-03-27 09:09:04", nospace
"2014-03-27 11:15:19", "2014-03-27 11:20:28", nospace
"2014-03-27 11:34:37", "2014-03-27 11:37:11", nospace
"2014-03-27 11:50:03", "2014-03-27 12:02:57", nospace
"2014-03-27 12:06:56", "2014-03-27 12:11:42", nospace
"2014-03-28 00:24:02", "2014-03-28 00:34:24", nospace
"2014-03-28 10:27:17", "2014-03-28 10:29:52", nobike
"2014-03-28 10:32:27", "2014-03-28 10:42:49", nobike
"2014-03-28 10:45:24", "2014-03-28 10:55:46", nobike
"2014-03-28 12:43:11", "2014-03-28 12:48:22", nobike
"2014-03-29 01:29:39", "2014-03-29 01:50:23", nospace
"2014-03-29 01:52:58", "2014-03-29 02:09:48", nospace
"2014-03-29 02:11:29", "2014-03-29 02:20:07", nospace
"2014-03-29 03:19:54", "2014-03-29 03:32:54", nospace
"2014-03-29 03:35:29", "2014-03-29 03:56:15", nospace
"2014-03-29 03:58:50", "2014-03-29 04:04:03", nospace
"2014-03-29 04:18:41", "2014-03-29 04:23:18", nospace
"2014-03-29 04:31:07", "2014-03-29 04:33:44", nospace
"2014-03-29 04:41:32", "2014-03-29 04:44:07", nospace
"2014-03-29 04:46:44", "2014-03-29 05:04:54", nospace
"2014-03-29 05:15:17", "2014-03-29 05:54:19", nospace
"2014-03-29 05:59:31", "2014-03-29 06:59:36", nospace
"2014-03-29 07:23:02", "2014-03-29 07:48:59", nospace
"2014-03-29 07:54:36", "2014-03-29 07:57:54", nospace
"2014-03-29 08:00:31", "2014-03-29 08:03:07", nospace
"2014-03-29 08:05:42", "2014-03-29 08:10:55", nospace
"2014-03-29 08:18:44", "2014-03-29 08:38:40", nospace
"2014-03-29 08:39:25", "2014-03-29 08:45:55", nospace
"2014-03-29 08:48:32", "2014-03-29 08:56:19", nospace
"2014-03-29 09:14:35", "2014-03-29 09:19:45", nospace
"2014-03-30 03:30:55", "2014-03-30 03:51:45", nospace
"2014-03-30 03:56:59", "2014-03-30 03:59:35", nospace
"2014-03-30 05:01:54", "2014-03-30 05:07:36", nospace
"2014-03-30 05:12:34", "2014-03-30 05:15:12", nospace
"2014-03-30 05:36:03", "2014-03-30 05:38:40", nospace
"2014-03-30 05:54:21", "2014-03-30 06:12:39", nospace
"2014-03-30 06:23:04", "2014-03-30 06:25:45", nospace
"2014-03-30 06:31:43", "2014-03-30 06:38:41", nospace
"2014-03-30 06:41:36", "2014-03-30 07:17:00", nospace
"2014-03-30 07:19:38", "2014-03-30 07:24:52", nospace
"2014-03-30 08:03:10", "2014-03-30 08:15:43", nospace
"2014-03-30 08:18:21", "2014-03-30 08:20:57", nospace
"2014-03-30 08:26:10", "2014-03-30 08:44:32", nospace
"2014-03-30 08:47:09", "2014-03-30 08:55:01", nospace
"2014-03-30 09:00:15", "2014-03-30 09:02:50", nospace
"2014-03-30 09:05:27", "2014-03-30 09:08:03", nospace
"2014-03-30 09:23:45", "2014-03-30 09:24:41", nospace
"2014-03-30 09:48:32", "2014-03-30 09:53:46", nospace
"2014-03-30 10:01:36", "2014-03-30 10:04:13", nospace
"2014-03-30 10:14:39", "2014-03-30 10:19:53", nospace
"2014-03-30 10:22:30", "2014-03-30 10:27:45", nospace
"2014-03-30 10:30:22", "2014-03-30 10:32:58", nospace
"2014-03-30 14:19:16", "2014-03-30 14:21:54", nobike
"2014-03-31 00:22:10", "2014-03-31 00:25:08", nospace
"2014-03-31 00:27:37", "2014-03-31 00:32:20", nospace
"2014-03-31 00:36:54", "2014-03-31 00:37:37", nospace
"2014-03-31 02:39:58", "2014-03-31 02:57:38", nospace
"2014-03-31 03:02:52", "2014-03-31 03:21:15", nospace
"2014-03-31 03:23:52", "2014-03-31 03:31:43", nospace
"2014-03-31 09:27:25", "2014-03-31 09:48:24", nobike
"2014-03-31 09:51:00", "2014-03-31 10:01:27", nobike
"2014-03-31 10:09:18", "2014-03-31 10:11:56", nobike
"2014-03-31 10:14:35", "2014-03-31 10:40:51", nobike
"2014-03-31 10:43:30", "2014-03-31 10:51:21", nobike
"2014-03-31 11:17:39", "2014-03-31 11:22:53", nospace
"2014-03-31 11:30:45", "2014-03-31 11:43:52", nospace
"2014-04-01 02:45:00", "2014-04-01 02:58:12", nospace
"2014-04-02 00:55:56", "2014-04-02 01:01:14", nospace
"2014-04-02 01:06:31", "2014-04-02 01:14:26", nospace
"2014-04-02 04:27:12", "2014-04-02 04:30:08", nospace
"2014-04-02 05:47:05", "2014-04-02 05:52:24", nospace
"2014-04-02 09:02:23", "2014-04-02 09:07:41", nospace
"2014-04-02 10:08:36", "2014-04-02 10:11:14", nobike
"2014-04-02 10:19:11", "2014-04-02 10:21:51", nobike
"2014-04-02 11:32:08", "2014-04-02 11:36:21", nobike
"2014-04-02 12:45:47", "2014-04-02 12:48:26", nospace
"2014-04-03 00:00:07", "2014-04-03 00:05:25", nospace
"2014-04-03 00:08:04", "2014-04-03 00:10:43", nospace
"2014-04-03 00:18:42", "2014-04-03 00:24:00", nospace
"2014-04-03 14:22:09", "2014-04-03 14:27:28", nospace
"2014-04-03 14:32:48", "2014-04-03 14:35:28", nospace
"2014-04-03 16:26:22", "2014-04-03 16:37:02", nospace
"2014-04-04 03:47:05", "2014-04-04 04:00:28", nospace
"2014-04-04 04:11:09", "2014-04-04 04:25:23", nospace
"2014-04-04 04:28:20", "2014-04-04 04:34:38", nospace
"2014-04-04 04:37:34", "2014-04-04 05:06:15", nospace
"2014-04-04 05:11:35", "2014-04-04 05:32:57", nospace
"2014-04-04 05:35:38", "2014-04-04 05:43:43", nospace
"2014-04-04 06:02:24", "2014-04-04 06:07:42", nospace
"2014-04-04 06:21:04", "2014-04-04 07:00:14", nospace
"2014-04-04 07:05:34", "2014-04-04 07:08:13", nospace
"2014-04-04 07:24:15", "2014-04-04 07:26:55", nospace
"2014-04-04 08:31:08", "2014-04-04 08:36:29", nospace
"2014-04-04 09:11:09", "2014-04-04 09:19:09", nospace
"2014-04-04 09:24:31", "2014-04-04 09:27:11", nospace
"2014-04-04 15:20:48", "2014-04-04 15:27:18", nospace
"2014-04-05 06:39:20", "2014-04-05 07:02:05", nospace
"2014-04-05 07:28:00", "2014-04-05 07:49:26", nospace
"2014-04-05 07:52:07", "2014-04-05 08:27:02", nospace
"2014-04-05 08:53:50", "2014-04-05 08:59:14", nospace
"2014-04-05 09:04:35", "2014-04-05 09:42:12", nospace
"2014-04-05 09:47:32", "2014-04-05 09:52:55", nospace
"2014-04-05 11:00:01", "2014-04-05 11:37:42", nospace
"2014-04-06 05:36:43", "2014-04-06 05:44:48", nospace
"2014-04-06 05:47:30", "2014-04-06 05:50:12", nospace
"2014-04-06 05:52:54", "2014-04-06 06:09:04", nospace
"2014-04-06 06:11:45", "2014-04-06 06:39:11", nospace
"2014-04-06 06:55:25", "2014-04-06 07:03:31", nospace
"2014-04-06 07:10:46", "2014-04-06 07:34:30", nospace
"2014-04-06 07:42:35", "2014-04-06 07:53:21", nospace
"2014-04-06 07:54:25", "2014-04-06 07:57:25", nospace
"2014-04-06 08:05:31", "2014-04-06 08:08:12", nospace
"2014-04-06 08:10:53", "2014-04-06 08:27:03", nospace
"2014-04-06 08:29:44", "2014-04-06 08:32:27", nospace
"2014-04-06 08:40:32", "2014-04-06 09:02:06", nospace
"2014-04-06 11:04:50", "2014-04-06 11:12:56", nospace
"2014-04-06 11:15:38", "2014-04-06 11:26:23", nospace
"2014-04-06 11:29:04", "2014-04-06 11:43:39", nospace
"2014-04-07 17:04:59", "2014-04-07 21:35:46", nospace
"2014-04-08 03:00:18", "2014-04-08 03:30:06", nospace
"2014-04-08 10:21:46", "2014-04-08 10:23:55", nobike
"2014-04-08 10:25:48", "2014-04-08 10:31:14", nobike
"2014-04-08 10:57:11", "2014-04-08 11:08:04", nospace
"2014-04-08 11:16:13", "2014-04-08 11:18:55", nospace
"2014-04-08 11:32:29", "2014-04-08 11:35:11", nospace
"2014-04-08 11:40:37", "2014-04-08 11:46:02", nospace
"2014-04-08 14:15:30", "2014-04-08 14:20:58", nospace
"2014-04-08 14:23:41", "2014-04-08 14:31:50", nospace
"2014-04-09 00:01:56", "2014-04-09 00:20:59", nospace
"2014-04-09 08:26:48", "2014-04-09 08:29:33", nospace
"2014-04-09 11:49:56", "2014-04-09 12:03:31", nospace
"2014-04-09 13:40:11", "2014-04-09 13:54:07", nobike
"2014-04-10 01:44:52", "2014-04-10 02:44:32", nospace
"2014-04-10 07:53:13", "2014-04-10 07:55:57", nospace
"2014-04-10 08:09:39", "2014-04-10 08:15:07", nospace
"2014-04-10 08:17:50", "2014-04-10 08:33:37", nospace
"2014-04-10 10:46:16", "2014-04-10 10:51:44", nospace
"2014-04-10 10:54:28", "2014-04-10 11:02:42", nospace
"2014-04-10 11:10:53", "2014-04-10 11:24:50", nospace
"2014-04-10 14:06:08", "2014-04-10 14:11:36", nobike
"2014-04-11 00:05:59", "2014-04-11 00:14:12", nospace
"2014-04-11 00:25:10", "2014-04-11 00:27:55", nospace
"2014-04-11 00:30:38", "2014-04-11 00:38:50", nospace
"2014-04-11 05:50:28", "2014-04-11 05:53:12", nospace
"2014-04-11 06:01:25", "2014-04-11 06:34:23", nospace
"2014-04-11 10:19:46", "2014-04-11 10:21:39", nobike
"2014-04-11 10:24:44", "2014-04-11 10:58:40", nobike
"2014-04-11 14:38:14", "2014-04-11 14:43:06", nospace
"2014-04-12 05:51:16", "2014-04-12 05:54:02", nospace
"2014-04-12 06:27:15", "2014-04-12 06:30:22", nospace
"2014-04-12 06:35:24", "2014-04-12 06:37:19", nospace
"2014-04-12 06:59:20", "2014-04-12 07:04:51", nospace
"2014-04-12 07:35:11", "2014-04-12 07:40:42", nospace
"2014-04-12 07:43:27", "2014-04-12 08:35:47", nospace
"2014-04-12 08:38:32", "2014-04-12 08:41:17", nospace
"2014-04-12 09:17:19", "2014-04-12 09:31:09", nospace
"2014-04-12 09:57:18", "2014-04-12 10:01:42", nospace
"2014-04-12 10:54:00", "2014-04-12 10:56:46", nospace
"2014-04-12 11:05:03", "2014-04-12 11:10:32", nospace
"2014-04-12 15:33:14", "2014-04-12 15:35:59", nospace
"2014-04-13 04:33:36", "2014-04-13 04:36:21", nospace
"2014-04-13 04:39:07", "2014-04-13 04:52:57", nospace
"2014-04-13 04:55:44", "2014-04-13 04:58:30", nospace
"2014-04-13 05:04:03", "2014-04-13 05:17:53", nospace
"2014-04-13 05:28:57", "2014-04-13 05:31:43", nospace
"2014-04-13 05:42:46", "2014-04-13 06:13:34", nospace
"2014-04-13 06:20:20", "2014-04-13 06:36:46", nospace
"2014-04-13 06:44:08", "2014-04-13 07:01:05", nospace
"2014-04-13 07:03:50", "2014-04-13 07:17:40", nospace
"2014-04-13 07:39:44", "2014-04-13 08:04:34", nospace
"2014-04-13 08:10:08", "2014-04-13 08:37:47", nospace
"2014-04-13 08:59:56", "2014-04-13 09:05:29", nospace
"2014-04-13 09:34:01", "2014-04-13 09:48:39", nospace
"2014-04-13 09:51:24", "2014-04-13 09:56:58", nospace
"2014-04-13 13:49:10", "2014-04-13 14:00:29", nospace
"2014-04-14 00:08:08", "2014-04-14 00:16:27", nospace
"2014-04-14 00:38:39", "2014-04-14 00:52:29", nospace
"2014-04-14 03:14:41", "2014-04-14 03:20:13", nospace
"2014-04-14 07:08:31", "2014-04-14 07:13:12", nospace
"2014-04-14 07:21:31", "2014-04-14 07:24:17", nospace
"2014-04-14 12:55:16", "2014-04-14 12:58:02", nospace
"2014-04-14 14:04:41", "2014-04-14 14:07:28", nospace
"2014-04-14 15:16:57", "2014-04-14 15:19:44", nospace
"2014-04-14 23:47:10", "2014-04-14 23:58:18", nospace
"2014-04-15 00:01:04", "2014-04-15 00:19:52", nospace
"2014-04-15 00:21:25", "2014-04-15 00:27:50", nospace
"2014-04-15 08:21:12", "2014-04-15 08:29:33", nospace
"2014-04-15 08:43:31", "2014-04-15 08:49:05", nospace
"2014-04-15 11:06:33", "2014-04-15 11:09:19", nospace
"2014-04-15 13:56:09", "2014-04-15 14:03:56", nobike
"2014-04-15 14:13:55", "2014-04-15 14:16:43", nospace
"2014-04-16 00:10:18", "2014-04-16 00:24:17", nospace
"2014-04-16 01:48:04", "2014-04-16 01:50:51", nospace
"2014-04-16 01:53:39", "2014-04-16 01:56:26", nospace
"2014-04-16 06:36:26", "2014-04-16 06:39:32", nospace
"2014-04-16 06:45:41", "2014-04-16 06:48:43", nospace
"2014-04-16 13:36:29", "2014-04-16 13:39:17", nospace
"2014-04-16 13:42:06", "2014-04-16 13:48:20", nospace
"2014-04-17 07:38:45", "2014-04-17 07:47:12", nospace
"2014-04-17 07:48:31", "2014-04-17 07:50:21", nospace
"2014-04-17 07:58:42", "2014-04-17 07:59:34", nospace
"2014-04-17 08:12:17", "2014-04-17 08:15:24", nospace
"2014-04-17 10:29:39", "2014-04-17 10:32:28", nobike
"2014-04-17 10:43:45", "2014-04-17 10:46:33", nobike
"2014-04-17 12:07:01", "2014-04-17 12:16:19", nospace
"2014-04-17 12:17:12", "2014-04-17 12:22:14", nospace
"2014-04-17 12:25:32", "2014-04-17 12:30:27", nospace
"2014-04-17 12:40:28", "2014-04-17 12:43:41", nospace
"2014-04-17 15:03:10", "2014-04-17 15:08:50", nospace
"2014-04-17 23:54:19", "2014-04-17 23:57:27", nospace
"2014-04-17 23:59:12", "2014-04-18 00:17:14", nospace
"2014-04-18 00:18:47", "2014-04-18 00:21:36", nospace
"2014-04-18 05:08:54", "2014-04-18 05:20:11", nospace
"2014-04-18 05:28:37", "2014-04-18 05:41:29", nospace
"2014-04-18 05:54:27", "2014-04-18 06:07:15", nospace
"2014-04-18 06:12:54", "2014-04-18 06:24:10", nospace
"2014-04-18 07:56:44", "2014-04-18 08:04:24", nospace
"2014-04-18 10:55:14", "2014-04-18 11:00:52", nospace
"2014-04-18 11:29:06", "2014-04-18 11:34:45", nospace
"2014-04-18 12:48:03", "2014-04-18 12:50:53", nospace
"2014-04-19 03:16:54", "2014-04-19 03:19:44", nospace
"2014-04-19 03:28:46", "2014-04-19 03:30:14", nospace
"2014-04-19 03:33:28", "2014-04-19 03:36:42", nospace
"2014-04-19 03:38:58", "2014-04-19 03:42:11", nospace
"2014-04-19 05:08:04", "2014-04-19 05:19:24", nospace
"2014-04-19 05:53:05", "2014-04-19 06:11:28", nospace
"2014-04-19 06:14:19", "2014-04-19 06:17:09", nospace
"2014-04-19 06:37:24", "2014-04-19 06:48:41", nospace
"2014-04-19 07:05:38", "2014-04-19 07:11:18", nospace
"2014-04-19 07:16:58", "2014-04-19 07:45:18", nospace
"2014-04-19 07:48:08", "2014-04-19 08:08:29", nospace
"2014-04-19 08:13:20", "2014-04-19 08:32:35", nospace
"2014-04-19 08:35:26", "2014-04-19 08:46:47", nospace
"2014-04-19 08:49:36", "2014-04-19 09:00:54", nospace
"2014-04-19 09:09:25", "2014-04-19 09:23:30", nospace
"2014-04-19 09:33:31", "2014-04-19 09:51:11", nospace
"2014-04-19 09:56:52", "2014-04-19 10:02:32", nospace
"2014-04-19 10:05:21", "2014-04-19 10:19:31", nospace
"2014-04-19 10:47:48", "2014-04-19 10:49:31", nospace
"2014-04-19 10:52:28", "2014-04-19 11:03:47", nospace
"2014-04-19 11:06:35", "2014-04-19 11:12:14", nospace
"2014-04-19 11:23:32", "2014-04-19 11:46:10", nospace
"2014-04-19 11:48:59", "2014-04-19 11:54:38", nospace
"2014-04-19 11:57:28", "2014-04-19 12:05:57", nospace
"2014-04-19 12:39:56", "2014-04-19 12:48:26", nospace
"2014-04-19 16:20:57", "2014-04-19 16:29:27", nospace
"2014-04-20 01:53:11", "2014-04-20 01:58:51", nospace
"2014-04-20 02:01:41", "2014-04-20 02:07:22", nospace
"2014-04-20 02:54:48", "2014-04-20 03:10:38", nobike
"2014-04-20 07:26:35", "2014-04-20 07:35:07", nospace
"2014-04-20 07:37:57", "2014-04-20 07:40:47", nospace
"2014-04-20 07:59:41", "2014-04-20 08:11:03", nospace
"2014-04-20 08:16:42", "2014-04-20 08:25:16", nospace
"2014-04-20 08:28:07", "2014-04-20 08:35:37", nospace
"2014-04-20 08:44:07", "2014-04-20 09:04:00", nospace
"2014-04-20 09:15:53", "2014-04-20 09:19:03", nospace
"2014-04-20 10:22:32", "2014-04-20 10:28:18", nospace
"2014-04-20 10:36:52", "2014-04-20 10:39:42", nospace
"2014-04-20 12:57:04", "2014-04-20 13:00:15", nospace
"2014-04-21 00:54:39", "2014-04-21 01:03:12", nospace
"2014-04-21 10:57:07", "2014-04-21 10:58:48", nospace
"2014-04-21 12:29:57", "2014-04-21 12:32:49", nospace
"2014-04-21 13:44:02", "2014-04-21 13:48:53", nospace
"2014-04-21 13:57:27", "2014-04-21 14:00:19", nospace
"2014-04-22 00:03:51", "2014-04-22 00:12:40", nospace
"2014-04-22 02:09:15", "2014-04-22 02:12:07", nospace
"2014-04-22 02:14:58", "2014-04-22 02:34:59", nospace
"2014-04-22 02:40:40", "2014-04-22 02:52:05", nospace
"2014-04-22 03:17:50", "2014-04-22 03:23:33", nospace
"2014-04-22 04:09:26", "2014-04-22 04:15:09", nospace
"2014-04-22 04:23:44", "2014-04-22 04:26:36", nospace
"2014-04-22 08:14:06", "2014-04-22 08:19:51", nospace
"2014-04-22 08:28:25", "2014-04-22 09:05:34", nospace
"2014-04-22 11:30:34", "2014-04-22 11:33:25", nospace
"2014-04-22 11:39:10", "2014-04-22 11:42:03", nospace
"2014-04-22 23:48:08", "2014-04-22 23:51:01", nospace
"2014-04-22 23:56:43", "2014-04-22 23:59:36", nospace
"2014-04-23 04:20:15", "2014-04-23 04:23:07", nospace
"2014-04-23 04:43:09", "2014-04-23 04:54:38", nospace
"2014-04-23 05:49:10", "2014-04-23 05:54:55", nospace
"2014-04-23 06:00:39", "2014-04-23 06:03:31", nospace
"2014-04-23 10:58:06", "2014-04-23 11:21:04", nospace
"2014-04-23 11:26:49", "2014-04-23 11:29:41", nospace
"2014-04-23 11:52:39", "2014-04-23 12:07:01", nospace
"2014-04-23 12:46:39", "2014-04-23 12:52:24", nospace
"2014-04-23 14:22:37", "2014-04-23 14:25:29", nospace
"2014-04-24 06:36:20", "2014-04-24 06:39:58", nospace
"2014-04-24 07:17:18", "2014-04-24 07:25:28", nospace
"2014-04-24 07:31:14", "2014-04-24 07:34:06", nospace
"2014-04-24 07:42:44", "2014-04-24 07:51:22", nospace
"2014-04-24 07:54:15", "2014-04-24 08:24:48", nospace
"2014-04-24 11:35:49", "2014-04-24 11:43:08", nospace
"2014-04-24 12:17:46", "2014-04-24 12:20:37", nospace
"2014-04-24 12:32:06", "2014-04-24 12:43:40", nospace
"2014-04-24 12:45:45", "2014-04-24 12:47:25", nospace
"2014-04-24 12:50:39", "2014-04-24 13:00:03", nospace
"2014-04-24 13:02:58", "2014-04-24 13:05:51", nospace
"2014-04-24 13:08:43", "2014-04-24 13:14:31", nospace
"2014-04-24 13:17:24", "2014-04-24 13:23:08", nospace
"2014-04-24 14:10:22", "2014-04-24 14:11:58", nospace
"2014-04-24 23:41:40", "2014-04-24 23:44:34", nospace
"2014-04-24 23:47:26", "2014-04-24 23:50:20", nospace
"2014-04-25 00:04:46", "2014-04-25 00:19:06", nospace
"2014-04-25 05:51:41", "2014-04-25 06:00:22", nospace
"2014-04-25 06:11:10", "2014-04-25 06:22:35", nospace
"2014-04-25 06:46:08", "2014-04-25 06:57:41", nospace
"2014-04-25 07:03:27", "2014-04-25 07:06:21", nospace
"2014-04-25 07:09:15", "2014-04-25 07:15:01", nospace
"2014-04-25 07:20:48", "2014-04-25 07:49:39", nospace
"2014-04-25 09:38:04", "2014-04-25 09:40:58", nospace
"2014-04-25 09:46:44", "2014-04-25 09:55:24", nospace
"2014-04-25 10:38:49", "2014-04-25 10:44:36", nospace
"2014-04-25 10:50:23", "2014-04-25 10:53:16", nospace
"2014-04-25 11:01:57", "2014-04-25 11:04:50", nospace
"2014-04-25 11:28:00", "2014-04-25 11:30:53", nospace
"2014-04-25 11:51:10", "2014-04-25 12:02:43", nospace
"2014-04-25 12:05:37", "2014-04-25 12:08:30", nospace
"2014-04-25 12:11:24", "2014-04-25 12:20:05", nospace
"2014-04-25 12:49:01", "2014-04-25 12:51:55", nospace
"2014-04-25 12:54:48", "2014-04-25 12:57:42", nospace
"2014-04-25 13:00:34", "2014-04-25 13:06:24", nospace
"2014-04-25 13:23:47", "2014-04-25 13:32:27", nospace
"2014-04-25 13:36:41", "2014-04-25 13:39:37", nospace
"2014-04-26 04:34:33", "2014-04-26 04:51:57", nospace
"2014-04-26 04:54:51", "2014-04-26 05:04:44", nospace
"2014-04-26 05:05:49", "2014-04-26 05:09:02", nospace
"2014-04-26 05:19:32", "2014-04-26 05:23:58", nospace
"2014-04-26 06:06:31", "2014-04-26 06:18:07", nospace
"2014-04-26 06:23:56", "2014-04-26 06:38:54", nospace
"2014-04-26 06:41:49", "2014-04-26 06:56:19", nospace
"2014-04-26 06:59:13", "2014-04-26 07:10:50", nospace
"2014-04-26 08:05:08", "2014-04-26 08:13:50", nospace
"2014-04-26 11:10:42", "2014-04-26 11:18:04", nobike
"2014-04-27 01:05:50", "2014-04-27 01:17:29", nobike
"2014-04-27 04:35:08", "2014-04-27 04:45:06", nospace
"2014-04-27 04:48:00", "2014-04-27 04:50:54", nospace
"2014-04-27 04:59:38", "2014-04-27 05:05:28", nospace
"2014-04-27 05:49:06", "2014-04-27 05:52:00", nospace
"2014-04-27 06:14:29", "2014-04-27 06:23:13", nospace
"2014-04-27 06:29:07", "2014-04-27 06:32:25", nospace
"2014-04-27 06:41:12", "2014-04-27 06:47:03", nospace
"2014-04-27 06:49:59", "2014-04-27 06:55:49", nospace
"2014-04-27 07:07:28", "2014-04-27 07:16:12", nospace
"2014-04-27 07:28:22", "2014-04-27 07:37:15", nospace
"2014-04-27 07:39:07", "2014-04-27 07:45:36", nospace
"2014-04-27 07:56:06", "2014-04-27 08:01:57", nospace
"2014-04-27 08:16:29", "2014-04-27 08:31:04", nospace
"2014-04-27 08:45:40", "2014-04-27 08:48:35", nospace
"2014-04-27 08:51:31", "2014-04-27 09:09:00", nospace
"2014-04-27 09:14:51", "2014-04-27 09:20:42", nospace
"2014-04-27 18:08:09", "2014-04-27 18:19:50", nobike
"2014-04-27 18:22:45", "2014-04-27 18:34:25", nobike
"2014-04-28 00:16:40", "2014-04-28 00:34:13", nospace
"2014-04-28 00:37:07", "2014-04-28 00:40:03", nospace
"2014-04-28 00:42:58", "2014-04-28 01:03:24", nospace
"2014-04-28 01:06:19", "2014-04-28 01:58:05", nospace
"2014-04-28 11:32:34", "2014-04-28 11:35:30", nospace
"2014-04-28 11:38:25", "2014-04-28 11:41:21", nospace
"2014-04-28 11:44:17", "2014-04-28 11:59:26", nospace
"2014-04-29 01:43:16", "2014-04-29 01:51:27", nospace
"2014-04-29 01:53:20", "2014-04-29 02:06:11", nospace
"2014-04-29 23:37:11", "2014-04-29 23:43:03", nospace
"2014-04-30 00:00:42", "2014-04-30 00:06:34", nospace
"2014-04-30 00:12:27", "2014-04-30 00:56:36", nospace
"2014-04-30 00:59:32", "2014-04-30 01:02:30", nospace
"2014-05-01 08:09:01", "2014-05-01 08:11:59", nospace
"2014-05-02 02:54:22", "2014-05-02 03:01:35", nobike
"2014-05-02 07:19:58", "2014-05-02 07:25:54", nospace
"2014-05-02 07:43:41", "2014-05-02 07:46:40", nospace
"2014-05-02 07:55:32", "2014-05-02 07:58:30", nospace
"2014-05-02 08:01:30", "2014-05-02 08:25:12", nospace
"2014-05-02 08:37:04", "2014-05-02 08:43:00", nospace
"2014-05-02 11:28:32", "2014-05-02 11:37:30", nospace
"2014-05-02 11:40:29", "2014-05-02 11:43:28", nospace
"2014-05-02 11:46:28", "2014-05-02 11:52:25", nospace
"2014-05-02 12:10:18", "2014-05-02 12:16:17", nospace
"2014-05-02 12:25:13", "2014-05-02 12:31:12", nospace
"2014-05-02 12:37:12", "2014-05-02 12:43:06", nospace
"2014-05-02 12:46:06", "2014-05-02 12:55:03", nospace
"2014-05-02 13:15:13", "2014-05-02 13:18:13", nospace
"2014-05-02 13:21:14", "2014-05-02 13:24:12", nospace
"2014-05-03 05:42:33", "2014-05-03 05:54:27", nospace
"2014-05-03 05:57:26", "2014-05-03 06:30:13", nospace
"2014-05-03 06:54:20", "2014-05-03 07:40:04", nospace
"2014-05-03 07:41:47", "2014-05-03 07:53:04", nospace
"2014-05-03 07:56:02", "2014-05-03 08:07:12", nospace
"2014-05-03 08:10:36", "2014-05-03 08:19:17", nospace
"2014-05-03 08:22:14", "2014-05-03 08:28:11", nospace
"2014-05-03 08:31:10", "2014-05-03 09:03:56", nospace
"2014-05-03 09:06:54", "2014-05-03 09:15:50", nospace
"2014-05-03 09:18:50", "2014-05-03 09:24:47", nospace
"2014-05-03 09:33:41", "2014-05-03 09:36:41", nospace
"2014-05-03 10:18:16", "2014-05-03 10:21:14", nospace
"2014-05-03 10:24:12", "2014-05-03 10:27:11", nospace
"2014-05-03 10:33:07", "2014-05-03 10:36:07", nospace
"2014-05-03 11:32:32", "2014-05-03 11:35:31", nospace
"2014-05-03 11:50:22", "2014-05-03 11:53:21", nospace
"2014-05-03 11:56:18", "2014-05-03 12:05:17", nospace
"2014-05-03 12:11:12", "2014-05-03 12:17:08", nospace
"2014-05-03 12:52:47", "2014-05-03 13:07:41", nospace
"2014-05-03 13:10:38", "2014-05-03 13:11:47", nospace
"2014-05-03 13:15:09", "2014-05-03 13:22:25", nospace
"2014-05-03 13:27:48", "2014-05-03 13:36:43", nospace
"2014-05-03 15:29:50", "2014-05-03 15:32:49", nospace
"2014-05-03 15:35:49", "2014-05-03 15:38:48", nospace
"2014-05-03 15:41:46", "2014-05-03 15:44:43", nospace
"2014-05-03 19:03:48", "2014-05-03 19:42:31", nobike
"2014-05-04 03:24:39", "2014-05-04 03:27:38", nospace
"2014-05-04 03:33:36", "2014-05-04 03:36:33", nospace
"2014-05-04 03:51:26", "2014-05-04 03:54:26", nospace
"2014-05-04 03:57:25", "2014-05-04 04:00:24", nospace
"2014-05-04 04:03:21", "2014-05-04 04:24:11", nospace
"2014-05-04 04:42:04", "2014-05-04 04:45:02", nospace
"2014-05-04 04:53:58", "2014-05-04 05:02:55", nospace
"2014-05-04 05:05:55", "2014-05-04 05:26:34", nospace
"2014-05-04 05:40:58", "2014-05-04 05:58:50", nospace
"2014-05-04 06:14:05", "2014-05-04 06:27:42", nospace
"2014-05-04 06:30:57", "2014-05-04 06:52:24", nospace
"2014-05-04 06:55:23", "2014-05-04 07:13:12", nospace
"2014-05-04 07:16:11", "2014-05-04 07:19:09", nospace
"2014-05-04 10:14:21", "2014-05-04 10:38:13", nobike
"2014-05-04 11:24:52", "2014-05-04 11:30:50", nospace
"2014-05-04 11:33:49", "2014-05-04 11:42:45", nospace
"2014-05-04 11:54:40", "2014-05-04 11:57:39", nospace
"2014-05-04 12:24:29", "2014-05-04 12:27:24", nospace
"2014-05-04 12:36:02", "2014-05-04 12:47:58", nospace
"2014-05-04 14:58:42", "2014-05-04 15:13:38", nospace
"2014-05-05 11:59:06", "2014-05-05 12:00:13", nospace
"2014-05-07 12:42:06", "2014-05-07 12:51:08", nospace
"2014-05-07 14:03:34", "2014-05-07 14:09:36", nospace
"2014-05-08 08:27:10", "2014-05-08 08:33:12", nospace
"2014-05-08 08:39:14", "2014-05-08 08:45:16", nospace
"2014-05-08 08:48:17", "2014-05-08 08:51:18", nospace
"2014-05-08 08:54:19", "2014-05-08 09:05:46", nospace
"2014-05-08 09:08:48", "2014-05-08 09:14:52", nospace
"2014-05-08 09:32:59", "2014-05-08 09:36:00", nospace
"2014-05-08 09:39:01", "2014-05-08 09:42:03", nospace
"2014-05-08 09:45:05", "2014-05-08 09:48:05", nospace
"2014-05-08 09:51:07", "2014-05-08 10:00:09", nospace
"2014-05-08 10:12:13", "2014-05-08 10:21:16", nospace
"2014-05-08 10:30:19", "2014-05-08 10:39:23", nospace
"2014-05-08 10:51:28", "2014-05-08 10:54:29", nospace
"2014-05-08 12:31:42", "2014-05-08 12:34:42", nospace
"2014-05-08 12:38:37", "2014-05-08 12:41:57", nospace
"2014-05-08 12:45:22", "2014-05-08 12:46:29", nospace
"2014-05-08 13:01:49", "2014-05-08 13:05:12", nospace
"2014-05-08 13:10:48", "2014-05-08 13:22:26", nospace
"2014-05-08 13:25:27", "2014-05-08 13:46:34", nospace
