"2013-11-28 05:58:51", "2013-11-28 06:04:46", nospace
"2013-11-28 06:10:42", "2013-11-28 06:22:53", nospace
"2013-11-29 03:58:42", "2013-11-29 04:04:40", nospace
"2013-11-29 04:08:01", "2013-11-29 04:13:58", nospace
"2013-11-29 04:16:57", "2013-11-29 04:25:54", nospace
"2013-11-29 06:19:46", "2013-11-29 06:28:43", nospace
"2013-11-29 06:34:52", "2013-11-29 06:46:54", nospace
"2013-11-29 11:49:58", "2013-11-29 11:52:58", nobike
"2013-11-29 11:55:57", "2013-11-29 12:01:56", nobike
"2013-11-29 12:22:54", "2013-11-29 12:28:52", nobike
"2013-11-30 06:10:55", "2013-11-30 06:13:56", nospace
"2013-11-30 06:19:59", "2013-11-30 06:23:00", nospace
"2013-11-30 06:29:00", "2013-11-30 06:35:03", nospace
"2013-11-30 06:38:03", "2013-11-30 06:52:43", nospace
"2013-11-30 06:55:45", "2013-11-30 07:26:01", nospace
"2013-11-30 07:43:44", "2013-11-30 08:10:45", nospace
"2013-11-30 08:19:48", "2013-11-30 08:22:49", nospace
"2013-11-30 08:25:50", "2013-11-30 08:40:57", nospace
"2013-11-30 09:16:54", "2013-11-30 09:29:00", nospace
"2013-11-30 09:32:01", "2013-11-30 09:38:04", nospace
"2013-11-30 09:41:06", "2013-11-30 09:43:45", nospace
"2013-11-30 09:46:48", "2013-11-30 09:49:50", nospace
"2013-12-01 04:38:09", "2013-12-01 04:40:50", nospace
"2013-12-01 04:43:54", "2013-12-01 04:50:03", nospace
"2013-12-01 05:01:52", "2013-12-01 05:11:00", nospace
"2013-12-01 06:08:04", "2013-12-01 06:13:48", nospace
"2013-12-01 06:22:57", "2013-12-01 06:38:03", nospace
"2013-12-01 06:43:47", "2013-12-01 06:46:52", nospace
"2013-12-01 06:49:57", "2013-12-01 06:56:04", nospace
"2013-12-01 06:59:09", "2013-12-01 07:04:53", nospace
"2013-12-01 07:07:56", "2013-12-01 07:25:58", nospace
"2013-12-01 07:29:02", "2013-12-01 07:40:51", nospace
"2013-12-01 07:50:01", "2013-12-01 08:10:53", nospace
"2013-12-01 08:23:06", "2013-12-01 08:26:09", nospace
"2013-12-01 08:28:48", "2013-12-01 08:46:48", nospace
"2013-12-01 08:49:50", "2013-12-01 08:52:53", nospace
"2013-12-01 08:55:56", "2013-12-01 09:17:01", nospace
"2013-12-01 09:56:02", "2013-12-01 10:02:08", nobike
"2013-12-01 10:59:09", "2013-12-01 11:11:00", nospace
"2013-12-01 13:23:10", "2013-12-01 13:25:51", nobike
"2013-12-01 13:31:59", "2013-12-01 13:46:55", nobike
"2013-12-01 15:14:05", "2013-12-01 15:17:08", nobike
"2013-12-01 15:19:49", "2013-12-01 15:37:55", nobike
"2013-12-01 15:40:59", "2013-12-01 15:47:08", nobike
"2013-12-02 03:59:08", "2013-12-02 04:14:09", nospace
"2013-12-02 04:19:55", "2013-12-02 04:23:00", nospace
"2013-12-02 04:26:05", "2013-12-02 04:29:11", nospace
"2013-12-02 04:40:49", "2013-12-02 05:11:01", nospace
"2013-12-02 05:41:08", "2013-12-02 05:53:07", nospace
"2013-12-02 06:34:50", "2013-12-02 06:37:56", nospace
"2013-12-02 09:17:05", "2013-12-02 09:20:11", nobike
"2013-12-02 09:22:53", "2013-12-02 09:29:04", nobike
"2013-12-02 09:40:59", "2013-12-02 09:44:06", nobike
"2013-12-02 09:52:58", "2013-12-02 10:26:09", nobike
"2013-12-02 15:05:11", "2013-12-02 15:07:55", nobike
"2013-12-03 07:35:01", "2013-12-03 07:41:14", nospace
"2013-12-03 11:08:01", "2013-12-03 11:14:16", nobike
"2013-12-03 12:02:00", "2013-12-03 12:14:05", nobike
"2013-12-03 12:28:55", "2013-12-03 12:32:05", nobike
"2013-12-03 14:38:14", "2013-12-03 15:02:09", nobike
"2013-12-03 15:38:08", "2013-12-03 15:41:15", nobike
"2013-12-04 00:11:12", "2013-12-04 00:17:05", nospace
"2013-12-04 00:20:14", "2013-12-04 00:22:58", nospace
"2013-12-04 00:38:15", "2013-12-04 00:49:59", nospace
"2013-12-04 01:26:03", "2013-12-04 01:35:03", nospace
"2013-12-04 03:53:04", "2013-12-04 03:58:57", nospace
"2013-12-04 04:20:16", "2013-12-04 04:26:10", nospace
"2013-12-04 04:44:17", "2013-12-04 04:47:02", nospace
"2013-12-04 07:41:06", "2013-12-04 07:50:07", nospace
"2013-12-04 15:02:14", "2013-12-04 15:20:00", nobike
"2013-12-05 02:38:16", "2013-12-05 02:44:14", nospace
"2013-12-05 02:47:00", "2013-12-05 02:53:21", nospace
"2013-12-05 03:23:06", "2013-12-05 03:32:14", nospace
"2013-12-05 03:50:08", "2013-12-05 03:53:18", nospace
"2013-12-05 03:56:05", "2013-12-05 03:59:15", nospace
"2013-12-05 04:08:23", "2013-12-05 04:11:11", nospace
"2013-12-05 04:14:22", "2013-12-05 04:35:02", nospace
"2013-12-05 05:50:03", "2013-12-05 05:53:16", nospace
"2013-12-05 06:20:06", "2013-12-05 06:29:20", nospace
"2013-12-05 06:38:16", "2013-12-05 06:44:17", nospace
"2013-12-05 06:47:05", "2013-12-05 06:50:17", nospace
"2013-12-05 06:53:05", "2013-12-05 06:59:04", nospace
"2013-12-05 07:02:17", "2013-12-05 07:05:06", nospace
"2013-12-05 07:11:07", "2013-12-05 07:17:05", nospace
"2013-12-05 07:41:13", "2013-12-05 07:47:13", nospace
"2013-12-05 13:50:09", "2013-12-05 14:08:14", nobike
"2013-12-05 14:20:18", "2013-12-05 14:23:07", nobike
"2013-12-05 14:26:19", "2013-12-05 14:35:11", nobike
"2013-12-05 14:47:13", "2013-12-05 14:50:02", nobike
"2013-12-06 07:26:24", "2013-12-06 07:35:18", nospace
"2013-12-06 15:53:17", "2013-12-06 16:02:22", nobike
"2013-12-07 02:02:20", "2013-12-07 02:08:11", nospace
"2013-12-07 02:26:09", "2013-12-07 02:29:30", nospace
"2013-12-07 02:32:24", "2013-12-07 02:44:29", nospace
"2013-12-07 04:53:27", "2013-12-07 04:56:20", nospace
"2013-12-07 05:02:11", "2013-12-07 05:14:16", nospace
"2013-12-07 05:20:30", "2013-12-07 05:35:31", nospace
"2013-12-07 05:41:21", "2013-12-07 05:44:17", nospace
"2013-12-07 05:47:12", "2013-12-07 05:53:28", nospace
"2013-12-07 05:56:23", "2013-12-07 05:59:20", nospace
"2013-12-07 06:14:22", "2013-12-07 06:17:17", nospace
"2013-12-07 06:20:13", "2013-12-07 06:26:08", nospace
"2013-12-07 06:29:26", "2013-12-07 06:32:24", nospace
"2013-12-07 06:41:10", "2013-12-07 06:44:30", nospace
"2013-12-07 06:50:20", "2013-12-07 06:56:31", nospace
"2013-12-07 07:02:21", "2013-12-07 07:05:35", nospace
"2013-12-07 07:23:10", "2013-12-07 07:41:30", nospace
"2013-12-07 08:08:39", "2013-12-07 08:11:10", nospace
"2013-12-07 08:14:30", "2013-12-07 08:26:08", nospace
"2013-12-07 08:29:28", "2013-12-07 08:41:13", nospace
"2013-12-07 08:44:09", "2013-12-07 08:53:16", nospace
"2013-12-07 09:11:08", "2013-12-07 09:17:19", nospace
"2013-12-07 10:05:25", "2013-12-07 10:08:20", nospace
"2013-12-07 10:20:24", "2013-12-07 10:44:12", nospace
"2013-12-07 10:53:23", "2013-12-07 10:56:17", nospace
"2013-12-07 14:29:28", "2013-12-07 14:32:26", nospace
"2013-12-08 02:56:13", "2013-12-08 03:08:32", nospace
"2013-12-08 03:17:25", "2013-12-08 03:23:11", nospace
"2013-12-08 03:26:17", "2013-12-08 03:32:28", nospace
"2013-12-08 03:35:35", "2013-12-08 03:53:34", nospace
"2013-12-08 03:56:16", "2013-12-08 04:38:13", nospace
"2013-12-08 05:17:31", "2013-12-08 05:53:36", nospace
"2013-12-08 05:59:22", "2013-12-08 06:17:28", nospace
"2013-12-08 06:20:32", "2013-12-08 07:14:24", nospace
"2013-12-08 07:23:22", "2013-12-08 08:14:17", nospace
"2013-12-08 08:29:26", "2013-12-08 08:44:27", nospace
"2013-12-08 09:05:13", "2013-12-08 09:26:22", nospace
"2013-12-08 09:29:37", "2013-12-08 09:32:21", nospace
"2013-12-09 11:08:16", "2013-12-09 11:26:23", nobike
"2013-12-09 11:38:15", "2013-12-09 11:47:37", nobike
"2013-12-09 12:56:38", "2013-12-09 13:02:22", nospace
"2013-12-11 02:38:36", "2013-12-11 02:47:47", nobike
"2013-12-11 02:56:26", "2013-12-11 02:59:54", nobike
"2013-12-11 10:41:30", "2013-12-11 10:50:49", nobike
"2013-12-11 15:08:53", "2013-12-11 15:17:37", nobike
"2013-12-12 01:39:00", "2013-12-12 01:44:40", nospace
"2013-12-12 06:11:54", "2013-12-12 06:26:25", nospace
"2013-12-12 06:32:45", "2013-12-12 06:35:54", nospace
"2013-12-12 07:29:38", "2013-12-12 07:35:41", nospace
"2013-12-12 07:51:04", "2013-12-12 07:59:40", nospace
"2013-12-12 08:08:48", "2013-12-12 08:23:47", nospace
"2013-12-12 13:59:58", "2013-12-12 14:14:58", nobike
"2013-12-13 11:03:04", "2013-12-13 11:23:29", nobike
"2013-12-14 10:02:42", "2013-12-14 10:32:48", nobike
"2013-12-15 12:29:36", "2013-12-15 13:03:00", nobike
"2013-12-15 14:06:03", "2013-12-15 14:14:57", nobike
"2013-12-15 14:17:57", "2013-12-15 14:20:56", nobike
"2013-12-18 14:08:59", "2013-12-18 14:12:19", nospace
"2013-12-18 14:18:09", "2013-12-18 14:21:20", nospace
"2013-12-18 14:36:08", "2013-12-18 14:45:15", nospace
"2013-12-19 00:39:19", "2013-12-19 00:57:11", nospace
"2013-12-19 01:06:00", "2013-12-19 01:24:14", nospace
"2013-12-19 13:21:22", "2013-12-19 13:23:53", nospace
"2013-12-19 13:27:16", "2013-12-19 13:33:10", nospace
"2013-12-19 13:51:04", "2013-12-19 13:56:58", nospace
"2013-12-25 03:39:36", "2013-12-25 03:45:25", nospace
"2013-12-25 03:51:15", "2013-12-25 03:54:10", nospace
"2013-12-25 04:12:45", "2013-12-25 04:24:29", nospace
"2013-12-26 23:57:19", "2013-12-27 00:03:22", nospace
"2013-12-27 00:15:48", "2013-12-27 00:22:01", nospace
"2013-12-27 00:49:01", "2013-12-27 00:52:07", nospace
"2013-12-27 01:30:24", "2013-12-27 01:42:52", nospace
"2013-12-27 03:33:41", "2013-12-27 03:49:13", nospace
"2013-12-27 03:51:18", "2013-12-27 04:45:35", nospace
"2013-12-27 06:09:44", "2013-12-27 06:16:08", nospace
"2013-12-27 06:24:25", "2013-12-27 06:33:48", nospace
"2013-12-27 11:01:03", "2013-12-27 11:28:16", nobike
"2013-12-27 20:33:35", "2013-12-27 21:13:11", nobike
"2013-12-28 05:01:01", "2013-12-28 05:07:19", nospace
"2013-12-28 05:09:25", "2013-12-28 05:22:04", nospace
"2013-12-28 07:36:58", "2013-12-28 07:40:11", nospace
"2013-12-28 07:42:21", "2013-12-28 07:45:34", nospace
"2013-12-28 07:48:47", "2013-12-28 07:52:01", nospace
"2013-12-28 08:12:25", "2013-12-28 08:18:50", nospace
"2013-12-28 08:42:41", "2013-12-28 08:45:46", nospace
"2013-12-28 08:54:21", "2013-12-28 09:04:00", nospace
"2013-12-28 09:07:13", "2013-12-28 09:27:31", nospace
"2013-12-28 09:42:34", "2013-12-28 09:45:46", nospace
"2013-12-28 13:12:24", "2013-12-28 13:30:43", nospace
"2013-12-28 13:39:28", "2013-12-28 14:07:06", nospace
"2013-12-28 14:12:28", "2013-12-28 14:15:42", nospace
"2013-12-29 07:58:06", "2013-12-29 08:28:21", nobike
"2013-12-30 06:22:23", "2013-12-30 06:24:35", nospace
"2013-12-30 14:12:56", "2013-12-30 14:34:01", nobike
"2013-12-30 14:42:54", "2013-12-30 14:46:13", nobike
"2013-12-30 14:49:32", "2013-12-30 14:51:37", nobike
"2013-12-30 15:09:41", "2013-12-30 15:39:35", nobike
"2013-12-31 01:06:48", "2013-12-31 01:13:29", nospace
"2013-12-31 01:19:03", "2013-12-31 01:22:22", nospace
"2013-12-31 01:45:44", "2013-12-31 01:55:29", nospace
"2013-12-31 02:01:03", "2013-12-31 02:04:23", nospace
"2013-12-31 11:27:58", "2013-12-31 11:36:58", nobike
"2013-12-31 14:49:02", "2013-12-31 14:58:01", nospace
"2013-12-31 15:01:23", "2013-12-31 15:24:59", nospace
"2013-12-31 15:28:20", "2013-12-31 15:33:34", nospace
"2013-12-31 15:39:42", "2013-12-31 15:52:02", nospace
"2013-12-31 16:18:54", "2013-12-31 16:24:48", nospace
"2013-12-31 16:30:34", "2013-12-31 16:33:56", nospace
"2013-12-31 16:48:54", "2013-12-31 16:51:55", nospace
"2013-12-31 17:15:42", "2013-12-31 17:24:39", nospace
"2013-12-31 17:28:03", "2013-12-31 17:31:03", nospace
"2013-12-31 17:43:17", "2013-12-31 17:48:54", nospace
"2014-01-01 05:36:54", "2014-01-01 05:43:24", nospace
"2014-01-01 05:49:04", "2014-01-01 05:58:10", nospace
"2014-01-01 06:07:24", "2014-01-01 06:09:41", nospace
"2014-01-01 06:24:50", "2014-01-01 06:30:34", nospace
"2014-01-01 06:43:02", "2014-01-01 06:58:21", nospace
"2014-01-01 07:07:37", "2014-01-01 07:24:58", nospace
"2014-01-01 07:28:27", "2014-01-01 08:10:17", nospace
"2014-01-01 08:22:39", "2014-01-01 08:52:00", nospace
"2014-01-01 09:45:44", "2014-01-01 09:48:57", nospace
"2014-01-01 14:21:39", "2014-01-01 14:34:20", nobike
"2014-01-01 23:28:01", "2014-01-01 23:48:50", nospace
"2014-01-01 23:52:18", "2014-01-01 23:54:37", nospace
"2014-01-02 00:13:24", "2014-01-02 00:19:11", nospace
"2014-01-02 00:48:41", "2014-01-02 00:52:02", nospace
"2014-01-02 02:15:39", "2014-01-02 02:19:07", nospace
"2014-01-02 02:27:37", "2014-01-02 02:34:13", nospace
"2014-01-02 10:48:37", "2014-01-02 10:57:54", nobike
"2014-01-02 11:36:44", "2014-01-02 11:46:05", nobike
"2014-01-02 11:49:36", "2014-01-02 11:51:56", nobike
"2014-01-02 15:04:39", "2014-01-02 15:07:00", nobike
"2014-01-02 15:25:40", "2014-01-02 15:43:12", nobike
"2014-01-03 00:21:51", "2014-01-03 00:27:42", nospace
"2014-01-03 00:37:04", "2014-01-03 00:46:27", nospace
"2014-01-03 14:16:01", "2014-01-03 14:21:56", nobike
"2014-01-03 14:25:29", "2014-01-03 14:31:27", nobike
"2014-01-03 14:39:44", "2014-01-03 14:43:18", nobike
"2014-01-04 00:27:43", "2014-01-04 00:40:44", nobike
"2014-01-04 10:55:47", "2014-01-04 11:03:55", nobike
"2014-01-05 06:12:49", "2014-01-05 06:40:16", nospace
"2014-01-05 07:24:52", "2014-01-05 07:40:55", nospace
"2014-01-05 09:34:10", "2014-01-05 09:41:17", nospace
"2014-01-05 10:34:20", "2014-01-05 10:40:27", nobike
"2014-01-05 10:52:47", "2014-01-05 10:55:15", nobike
"2014-01-05 11:01:24", "2014-01-05 11:10:02", nobike
"2014-01-05 11:22:22", "2014-01-05 11:28:32", nobike
"2014-01-05 11:30:59", "2014-01-05 12:01:48", nobike
"2014-01-05 13:58:05", "2014-01-05 14:52:55", nobike
"2014-01-06 10:25:30", "2014-01-06 10:31:48", nobike
"2014-01-07 08:52:13", "2014-01-07 08:56:00", nobike
"2014-01-07 09:37:35", "2014-01-07 09:48:54", nobike
"2014-01-07 10:13:13", "2014-01-07 10:28:01", nobike
"2014-01-07 10:31:46", "2014-01-07 10:38:05", nobike
"2014-01-07 11:30:56", "2014-01-07 12:01:10", nobike
"2014-01-07 12:04:58", "2014-01-07 12:13:48", nobike
"2014-01-07 14:13:11", "2014-01-07 14:31:15", nobike
"2014-01-08 00:19:05", "2014-01-08 00:31:47", nospace
"2014-01-08 00:34:19", "2014-01-08 00:58:19", nospace
"2014-01-10 12:01:58", "2014-01-10 12:13:50", nobike
"2014-01-10 12:16:29", "2014-01-10 12:23:05", nobike
"2014-01-11 06:40:19", "2014-01-11 06:52:39", nospace
"2014-01-11 06:55:20", "2014-01-11 06:59:22", nospace
"2014-01-11 07:02:04", "2014-01-11 07:22:14", nospace
"2014-01-11 07:58:29", "2014-01-11 08:10:36", nospace
"2014-01-11 09:26:00", "2014-01-11 09:28:43", nospace
"2014-01-11 20:26:16", "2014-01-11 21:02:28", nobike
"2014-01-12 00:41:12", "2014-01-12 00:43:53", nobike
"2014-01-12 00:58:38", "2014-01-12 01:10:42", nobike
"2014-01-12 13:10:17", "2014-01-12 13:14:21", nobike
"2014-01-12 13:29:17", "2014-01-12 13:41:30", nobike
"2014-01-13 11:40:53", "2014-01-13 11:56:03", nobike
"2014-01-14 02:11:33", "2014-01-14 02:32:00", nobike
"2014-01-14 10:32:32", "2014-01-14 10:40:50", nospace
"2014-01-14 11:44:34", "2014-01-14 11:47:20", nospace
"2014-01-14 11:50:07", "2014-01-14 11:52:54", nospace
"2014-01-14 11:58:22", "2014-01-14 12:02:33", nospace
"2014-01-14 12:28:55", "2014-01-14 12:31:41", nospace
"2014-01-14 12:56:29", "2014-01-14 13:02:04", nospace
"2014-01-14 13:04:51", "2014-01-14 13:25:32", nospace
"2014-01-15 05:23:18", "2014-01-15 05:34:24", nobike
"2014-01-15 05:38:34", "2014-01-15 05:46:46", nobike
"2014-01-15 11:13:58", "2014-01-15 11:19:35", nobike
"2014-01-16 03:37:52", "2014-01-16 03:49:32", nospace
"2014-01-16 03:52:40", "2014-01-16 03:55:38", nospace
"2014-01-16 04:31:43", "2014-01-16 04:44:26", nospace
"2014-01-16 04:55:44", "2014-01-16 05:05:36", nospace
"2014-01-16 05:08:25", "2014-01-16 05:11:14", nospace
"2014-01-16 06:59:17", "2014-01-16 07:26:26", nospace
"2014-01-16 09:14:37", "2014-01-16 09:17:28", nospace
"2014-01-16 09:23:11", "2014-01-16 09:34:35", nospace
"2014-01-17 15:52:45", "2014-01-17 16:25:44", nobike
"2014-01-18 04:18:14", "2014-01-18 04:25:39", nospace
"2014-01-18 05:04:58", "2014-01-18 05:23:45", nospace
"2014-01-18 05:26:38", "2014-01-18 05:38:10", nospace
"2014-01-18 05:41:03", "2014-01-18 05:49:41", nospace
"2014-01-18 08:34:35", "2014-01-18 08:38:54", nospace
"2014-01-18 08:50:17", "2014-01-18 09:04:48", nospace
"2014-01-18 09:29:27", "2014-01-18 09:41:02", nospace
"2014-01-19 05:59:28", "2014-01-19 06:02:22", nospace
"2014-01-19 06:25:47", "2014-01-19 06:38:57", nospace
"2014-01-19 06:44:48", "2014-01-19 07:13:43", nospace
"2014-01-19 07:38:49", "2014-01-19 07:41:46", nospace
"2014-01-19 07:47:40", "2014-01-19 07:56:30", nospace
"2014-01-19 07:59:19", "2014-01-19 08:02:18", nospace
"2014-01-19 08:17:04", "2014-01-19 08:20:00", nospace
"2014-01-19 08:46:43", "2014-01-19 08:59:32", nospace
"2014-01-19 09:11:19", "2014-01-19 09:17:12", nospace
"2014-01-19 10:50:20", "2014-01-19 11:04:57", nobike
"2014-01-19 11:38:55", "2014-01-19 11:41:52", nobike
"2014-01-19 14:26:33", "2014-01-19 14:32:26", nobike
"2014-01-19 15:01:53", "2014-01-19 15:04:49", nobike
"2014-01-20 03:43:44", "2014-01-20 03:54:05", nospace
"2014-01-20 03:57:03", "2014-01-20 04:00:00", nospace
"2014-01-20 04:17:44", "2014-01-20 04:26:35", nospace
"2014-01-20 05:06:00", "2014-01-20 05:07:51", nospace
"2014-01-20 05:10:55", "2014-01-20 05:22:43", nospace
"2014-01-20 05:25:39", "2014-01-20 05:36:00", nospace
"2014-01-20 05:53:41", "2014-01-20 05:56:38", nospace
"2014-01-20 06:05:29", "2014-01-20 06:08:26", nospace
"2014-01-20 06:14:21", "2014-01-20 06:17:19", nospace
"2014-01-20 06:47:21", "2014-01-20 06:50:31", nospace
"2014-01-20 07:17:24", "2014-01-20 07:26:20", nospace
"2014-01-20 07:29:18", "2014-01-20 07:35:17", nospace
"2014-01-20 07:53:12", "2014-01-20 07:59:04", nospace
"2014-01-20 10:35:11", "2014-01-20 10:41:06", nospace
"2014-01-20 10:49:59", "2014-01-20 10:55:55", nospace
"2014-01-20 12:27:24", "2014-01-20 12:29:25", nobike
"2014-01-21 01:05:59", "2014-01-21 01:11:55", nospace
"2014-01-21 01:14:54", "2014-01-21 01:20:50", nospace
"2014-01-21 05:33:01", "2014-01-21 05:50:27", nospace
"2014-01-21 08:44:00", "2014-01-21 08:49:58", nospace
"2014-01-21 08:58:59", "2014-01-21 09:01:58", nospace
"2014-01-21 09:07:57", "2014-01-21 09:11:31", nospace
"2014-01-22 04:03:47", "2014-01-22 04:05:17", nospace
"2014-01-22 04:17:18", "2014-01-22 04:18:47", nospace
"2014-01-22 11:55:25", "2014-01-22 11:56:57", nobike
"2014-01-22 13:12:48", "2014-01-22 13:14:19", nobike
"2014-01-22 13:39:34", "2014-01-22 13:41:05", nobike
"2014-01-22 13:48:41", "2014-01-22 13:54:46", nobike
"2014-01-22 14:05:22", "2014-01-22 14:12:54", nobike
"2014-01-23 02:19:33", "2014-01-23 02:26:56", nospace
"2014-01-23 02:29:58", "2014-01-23 02:40:38", nospace
"2014-01-23 06:04:19", "2014-01-23 06:07:21", nospace
"2014-01-23 06:08:53", "2014-01-23 06:11:56", nospace
"2014-01-23 06:37:44", "2014-01-23 06:43:47", nospace
"2014-01-23 08:34:46", "2014-01-23 08:36:18", nospace
"2014-01-23 08:54:45", "2014-01-23 08:57:49", nospace
"2014-01-24 04:49:37", "2014-01-24 04:55:46", nospace
"2014-01-24 05:29:27", "2014-01-24 05:34:03", nospace
"2014-01-24 05:35:35", "2014-01-24 05:43:14", nospace
"2014-01-24 05:46:17", "2014-01-24 05:47:49", nospace
"2014-01-24 05:53:57", "2014-01-24 05:55:29", nospace
"2014-01-24 06:20:04", "2014-01-24 06:23:06", nospace
"2014-01-24 06:24:38", "2014-01-24 06:32:21", nospace
"2014-01-24 06:47:15", "2014-01-24 06:57:33", nospace
"2014-01-24 07:02:12", "2014-01-24 07:05:19", nospace
"2014-01-24 07:08:25", "2014-01-24 07:19:12", nospace
"2014-01-24 07:22:18", "2014-01-24 07:23:51", nospace
"2014-01-24 07:26:58", "2014-01-24 07:34:42", nospace
"2014-01-24 07:36:15", "2014-01-24 07:46:46", nospace
"2014-01-25 01:45:54", "2014-01-25 01:49:01", nobike
"2014-01-25 02:32:34", "2014-01-25 02:35:41", nobike
"2014-01-25 05:05:44", "2014-01-25 05:08:48", nospace
"2014-01-25 05:32:13", "2014-01-25 05:33:47", nospace
"2014-01-25 05:39:59", "2014-01-25 05:41:31", nospace
"2014-01-25 05:44:37", "2014-01-25 06:04:48", nospace
"2014-01-25 06:06:23", "2014-01-25 06:09:29", nospace
"2014-01-25 06:11:03", "2014-01-25 06:23:59", nospace
"2014-01-25 06:25:56", "2014-01-25 06:26:34", nospace
"2014-01-25 06:27:53", "2014-01-25 06:33:55", nospace
"2014-01-25 06:37:59", "2014-01-25 06:38:43", nospace
"2014-01-25 06:47:18", "2014-01-25 06:48:32", nospace
"2014-01-25 06:54:45", "2014-01-25 07:02:46", nospace
"2014-01-25 07:16:53", "2014-01-25 07:21:35", nospace
"2014-01-25 07:40:23", "2014-01-25 07:41:56", nospace
"2014-01-25 08:13:15", "2014-01-25 08:17:57", nospace
"2014-01-25 08:55:30", "2014-01-25 09:00:11", nospace
"2014-01-25 09:01:44", "2014-01-25 09:09:35", nospace
"2014-01-25 09:34:37", "2014-01-25 09:40:53", nospace
"2014-01-25 10:58:14", "2014-01-25 10:58:50", nospace
"2014-01-25 11:12:59", "2014-01-25 11:14:33", nospace
"2014-01-25 11:16:07", "2014-01-25 11:17:41", nospace
"2014-01-25 11:31:46", "2014-01-25 11:34:57", nospace
"2014-01-25 12:04:44", "2014-01-25 12:07:53", nospace
"2014-01-25 12:09:26", "2014-01-25 12:12:36", nospace
"2014-01-25 12:18:51", "2014-01-25 12:20:24", nospace
"2014-01-25 13:02:42", "2014-01-25 13:05:50", nospace
"2014-01-25 14:08:33", "2014-01-25 14:14:49", nospace
"2014-01-25 14:16:22", "2014-01-25 14:19:30", nospace
"2014-01-26 09:11:49", "2014-01-26 09:14:59", nospace
"2014-01-27 03:36:08", "2014-01-27 03:39:17", nospace
"2014-01-27 04:41:31", "2014-01-27 04:59:02", nospace
"2014-01-27 06:19:01", "2014-01-27 06:28:46", nospace
"2014-01-27 06:30:22", "2014-01-27 06:33:32", nospace
"2014-01-27 06:43:04", "2014-01-27 06:44:40", nospace
"2014-01-27 06:47:49", "2014-01-27 06:49:25", nospace
"2014-01-27 07:02:40", "2014-01-27 07:10:41", nospace
"2014-01-27 08:12:35", "2014-01-27 08:13:51", nospace
"2014-01-27 08:15:19", "2014-01-27 08:16:31", nospace
"2014-01-27 08:46:24", "2014-01-27 08:51:13", nospace
"2014-01-27 09:04:01", "2014-01-27 09:08:48", nospace
"2014-01-28 04:57:48", "2014-01-28 04:59:25", nospace
"2014-01-28 05:02:36", "2014-01-28 05:05:49", nospace
"2014-01-28 05:07:25", "2014-01-28 05:12:12", nospace
"2014-01-28 06:53:56", "2014-01-28 06:59:50", nospace
"2014-01-28 07:17:25", "2014-01-28 07:22:09", nospace
"2014-01-28 07:28:35", "2014-01-28 07:33:27", nospace
"2014-01-28 07:35:04", "2014-01-28 07:39:54", nospace
"2014-01-28 07:41:31", "2014-01-28 07:46:21", nospace
"2014-01-28 07:49:35", "2014-01-28 07:54:24", nospace
"2014-01-28 07:59:14", "2014-01-28 08:07:20", nospace
"2014-01-28 08:08:57", "2014-01-28 08:10:34", nospace
"2014-01-28 08:12:12", "2014-01-28 08:25:04", nospace
"2014-01-28 08:26:40", "2014-01-28 08:28:18", nospace
"2014-01-28 11:20:55", "2014-01-28 11:22:31", nobike
"2014-01-28 11:24:08", "2014-01-28 11:27:35", nobike
"2014-01-28 15:15:42", "2014-01-28 15:23:57", nobike
"2014-01-29 01:21:52", "2014-01-29 01:29:59", nospace
"2014-01-29 01:31:35", "2014-01-29 01:36:26", nospace
"2014-01-29 07:00:47", "2014-01-29 07:02:55", nospace
"2014-01-29 07:06:04", "2014-01-29 07:07:42", nospace
"2014-01-29 07:10:57", "2014-01-29 07:12:34", nospace
"2014-01-29 07:44:29", "2014-01-29 07:47:38", nospace
"2014-01-29 10:50:58", "2014-01-29 10:52:35", nobike
"2014-01-30 08:11:18", "2014-01-30 08:23:34", nospace
"2014-01-30 08:32:47", "2014-01-30 08:34:56", nospace
"2014-01-31 06:05:23", "2014-01-31 06:36:11", nospace
"2014-01-31 06:42:58", "2014-01-31 07:15:19", nospace
"2014-01-31 07:28:03", "2014-01-31 07:31:59", nospace
"2014-01-31 07:32:42", "2014-01-31 07:57:43", nospace
"2014-01-31 08:11:14", "2014-01-31 08:12:55", nospace
"2014-01-31 08:14:34", "2014-01-31 08:41:02", nospace
"2014-01-31 09:18:02", "2014-01-31 09:26:06", nospace
"2014-01-31 16:18:52", "2014-01-31 16:33:48", nobike
"2014-02-01 02:35:05", "2014-02-01 02:45:54", nospace
"2014-02-01 02:51:13", "2014-02-01 02:57:48", nospace
"2014-02-01 03:02:06", "2014-02-01 03:04:02", nospace
"2014-02-01 03:46:56", "2014-02-01 03:51:13", nospace
"2014-02-01 03:58:00", "2014-02-01 04:00:13", nospace
"2014-02-01 05:27:33", "2014-02-01 05:34:04", nospace
"2014-02-01 05:38:33", "2014-02-01 06:03:15", nospace
"2014-02-01 06:10:00", "2014-02-01 06:22:52", nospace
"2014-02-01 06:24:06", "2014-02-01 06:37:02", nospace
"2014-02-01 06:45:54", "2014-02-01 06:59:26", nospace
"2014-02-01 07:01:39", "2014-02-01 07:03:10", nospace
"2014-02-01 07:19:28", "2014-02-01 07:33:28", nospace
"2014-02-01 07:37:57", "2014-02-01 07:46:54", nospace
"2014-02-01 07:48:38", "2014-02-01 07:55:58", nospace
"2014-02-01 07:57:42", "2014-02-01 08:23:10", nospace
"2014-02-01 08:26:49", "2014-02-01 08:27:42", nospace
"2014-02-01 08:32:08", "2014-02-01 08:36:51", nospace
"2014-02-01 08:45:00", "2014-02-01 08:45:46", nospace
"2014-02-01 09:01:20", "2014-02-01 09:22:03", nospace
"2014-02-01 09:24:16", "2014-02-01 09:33:18", nospace
"2014-02-01 10:59:58", "2014-02-01 11:01:38", nobike
"2014-02-01 11:06:41", "2014-02-01 11:11:41", nobike
"2014-02-01 11:13:22", "2014-02-01 11:20:03", nobike
"2014-02-01 11:21:44", "2014-02-01 11:23:24", nobike
"2014-02-01 11:41:49", "2014-02-01 12:13:53", nobike
"2014-02-01 12:19:48", "2014-02-01 12:25:07", nobike
"2014-02-01 13:46:04", "2014-02-01 13:59:26", nobike
"2014-02-01 14:01:06", "2014-02-01 14:16:11", nobike
"2014-02-01 14:19:31", "2014-02-01 14:21:11", nobike
"2014-02-01 14:34:37", "2014-02-01 14:36:18", nobike
"2014-02-02 03:37:56", "2014-02-02 03:46:20", nospace
"2014-02-02 03:49:41", "2014-02-02 03:54:44", nospace
"2014-02-02 06:00:15", "2014-02-02 06:01:59", nospace
"2014-02-02 06:20:12", "2014-02-02 06:30:28", nospace
"2014-02-02 06:39:29", "2014-02-02 06:56:27", nospace
"2014-02-02 07:28:12", "2014-02-02 07:36:30", nospace
"2014-02-02 07:37:26", "2014-02-02 07:41:51", nospace
"2014-02-02 08:00:14", "2014-02-02 08:04:55", nospace
"2014-02-02 08:11:35", "2014-02-02 08:24:56", nospace
"2014-02-02 08:27:06", "2014-02-02 08:36:20", nospace
"2014-02-02 08:38:37", "2014-02-02 08:43:22", nospace
"2014-02-02 08:47:47", "2014-02-02 08:50:13", nospace
"2014-02-02 08:52:28", "2014-02-02 08:59:16", nospace
"2014-02-02 09:01:28", "2014-02-02 09:06:00", nospace
"2014-02-02 09:30:59", "2014-02-02 09:37:51", nospace
"2014-02-02 09:42:15", "2014-02-02 09:43:54", nospace
"2014-02-02 14:12:00", "2014-02-02 14:15:16", nobike
"2014-02-02 14:17:33", "2014-02-02 14:19:49", nobike
"2014-02-02 14:37:46", "2014-02-02 14:48:24", nobike
"2014-02-03 04:55:35", "2014-02-03 05:05:46", nospace
"2014-02-03 06:05:05", "2014-02-03 06:06:47", nospace
"2014-02-03 06:57:35", "2014-02-03 07:03:04", nospace
"2014-02-03 07:05:19", "2014-02-03 07:16:24", nospace
"2014-02-03 07:29:24", "2014-02-03 07:43:16", nospace
"2014-02-03 07:50:28", "2014-02-03 07:57:39", nospace
"2014-02-03 08:23:09", "2014-02-03 08:28:35", nospace
"2014-02-03 08:32:02", "2014-02-03 08:33:45", nospace
"2014-02-03 08:35:27", "2014-02-03 08:49:09", nospace
"2014-02-03 09:13:07", "2014-02-03 09:14:53", nospace
"2014-02-03 13:52:55", "2014-02-03 13:57:14", nobike
"2014-02-03 13:59:27", "2014-02-03 14:06:08", nobike
"2014-02-04 01:54:05", "2014-02-04 01:59:14", nobike
"2014-02-04 02:17:52", "2014-02-04 02:24:43", nobike
"2014-02-04 02:34:59", "2014-02-04 02:36:41", nobike
"2014-02-04 04:53:51", "2014-02-04 04:56:04", nobike
"2014-02-04 07:46:40", "2014-02-04 07:52:01", nobike
"2014-02-04 08:13:52", "2014-02-04 08:19:01", nobike
"2014-02-04 14:22:40", "2014-02-04 14:34:22", nobike
"2014-02-05 10:12:55", "2014-02-05 10:15:07", nospace
"2014-02-06 04:21:50", "2014-02-06 04:23:35", nospace
"2014-02-06 04:48:30", "2014-02-06 04:57:43", nospace
"2014-02-06 05:30:20", "2014-02-06 05:44:35", nospace
"2014-02-06 05:46:48", "2014-02-06 05:49:02", nospace
"2014-02-06 05:50:26", "2014-02-06 05:55:59", nospace
"2014-02-06 06:14:38", "2014-02-06 06:26:19", nospace
"2014-02-06 06:28:32", "2014-02-06 06:46:02", nospace
"2014-02-06 06:54:40", "2014-02-06 06:58:11", nospace
"2014-02-06 06:59:57", "2014-02-06 07:05:14", nospace
"2014-02-06 09:21:35", "2014-02-06 09:23:51", nospace
"2014-02-06 10:09:22", "2014-02-06 10:26:46", nospace
"2014-02-07 05:46:59", "2014-02-07 05:51:27", nobike
"2014-02-07 05:55:39", "2014-02-07 05:57:53", nobike
"2014-02-08 06:25:58", "2014-02-08 06:27:46", nospace
"2014-02-08 06:31:22", "2014-02-08 06:37:09", nospace
"2014-02-08 07:05:01", "2014-02-08 07:13:24", nospace
"2014-02-08 07:27:48", "2014-02-08 07:32:19", nospace
"2014-02-08 07:59:05", "2014-02-08 08:00:52", nospace
"2014-02-08 08:07:48", "2014-02-08 08:09:05", nospace
"2014-02-10 02:43:07", "2014-02-10 02:52:11", nospace
"2014-02-10 03:03:03", "2014-02-10 03:08:30", nospace
"2014-02-10 03:59:21", "2014-02-10 04:02:58", nospace
"2014-02-10 04:42:47", "2014-02-10 04:46:24", nospace
"2014-02-10 06:10:50", "2014-02-10 06:16:18", nospace
"2014-02-10 06:21:45", "2014-02-10 06:29:04", nospace
"2014-02-10 07:16:55", "2014-02-10 07:26:24", nospace
"2014-02-10 07:31:01", "2014-02-10 07:32:16", nospace
"2014-02-10 07:32:54", "2014-02-10 07:40:46", nospace
"2014-02-10 07:42:49", "2014-02-10 07:53:27", nospace
"2014-02-10 07:55:17", "2014-02-10 07:58:55", nospace
"2014-02-10 08:30:21", "2014-02-10 08:36:29", nospace
"2014-02-10 08:38:45", "2014-02-10 08:40:08", nospace
"2014-02-10 09:07:23", "2014-02-10 09:12:51", nospace
"2014-02-10 09:14:40", "2014-02-10 09:23:45", nospace
"2014-02-13 09:15:13", "2014-02-13 09:26:26", nospace
"2014-02-13 10:30:33", "2014-02-13 10:35:12", nospace
"2014-02-14 05:51:22", "2014-02-14 05:53:15", nospace
"2014-02-14 06:24:51", "2014-02-14 06:40:13", nospace
"2014-02-14 08:41:41", "2014-02-14 08:43:34", nospace
"2014-02-14 08:45:27", "2014-02-14 09:04:19", nospace
"2014-02-14 09:06:11", "2014-02-14 09:13:43", nospace
"2014-02-14 10:47:54", "2014-02-14 10:57:20", nospace
"2014-02-15 03:51:47", "2014-02-15 03:57:26", nospace
"2014-02-15 03:59:20", "2014-02-15 04:13:39", nospace
"2014-02-15 04:14:57", "2014-02-15 04:28:35", nospace
"2014-02-15 04:55:01", "2014-02-15 05:14:04", nospace
"2014-02-15 06:18:52", "2014-02-15 06:20:45", nospace
"2014-02-15 06:34:53", "2014-02-15 06:36:42", nospace
"2014-02-15 06:41:25", "2014-02-15 06:43:48", nospace
"2014-02-15 06:49:43", "2014-02-15 06:53:32", nospace
"2014-02-15 06:59:13", "2014-02-15 07:17:15", nospace
"2014-02-15 07:20:42", "2014-02-15 07:25:28", nospace
"2014-02-15 07:29:14", "2014-02-15 07:32:28", nospace
"2014-02-15 08:33:07", "2014-02-15 08:40:43", nospace
"2014-02-15 09:20:35", "2014-02-15 09:22:29", nospace
"2014-02-15 09:24:23", "2014-02-15 09:26:18", nospace
"2014-02-15 09:43:25", "2014-02-15 09:47:11", nospace
"2014-02-15 10:47:02", "2014-02-15 10:47:47", nospace
"2014-02-15 10:49:05", "2014-02-15 10:55:11", nospace
"2014-02-15 11:10:44", "2014-02-15 11:16:27", nospace
"2014-02-15 13:44:12", "2014-02-15 13:49:54", nobike
"2014-02-16 04:03:22", "2014-02-16 04:09:05", nospace
"2014-02-16 04:10:28", "2014-02-16 04:12:49", nospace
"2014-02-16 04:30:12", "2014-02-16 04:32:35", nospace
"2014-02-16 04:41:48", "2014-02-16 04:55:05", nospace
"2014-02-16 05:00:13", "2014-02-16 05:05:00", nospace
"2014-02-16 05:10:07", "2014-02-16 05:13:56", nospace
"2014-02-16 05:52:23", "2014-02-16 05:55:57", nospace
"2014-02-16 05:58:20", "2014-02-16 06:19:59", nospace
"2014-02-16 06:21:53", "2014-02-16 06:29:34", nospace
"2014-02-16 06:54:54", "2014-02-16 07:06:23", nospace
"2014-02-16 07:10:13", "2014-02-16 07:15:55", nospace
"2014-02-16 07:19:47", "2014-02-16 07:35:07", nospace
"2014-02-16 07:46:32", "2014-02-16 07:52:17", nospace
"2014-02-16 07:54:12", "2014-02-16 08:03:47", nospace
"2014-02-16 08:36:03", "2014-02-16 08:39:53", nospace
"2014-02-16 08:41:48", "2014-02-16 08:47:33", nospace
"2014-02-16 08:49:27", "2014-02-16 08:58:56", nospace
"2014-02-16 09:02:45", "2014-02-16 09:23:58", nospace
"2014-02-16 09:29:54", "2014-02-16 09:42:00", nospace
"2014-02-16 09:45:49", "2014-02-16 09:47:44", nospace
"2014-02-16 09:49:39", "2014-02-16 09:55:23", nospace
"2014-02-16 09:59:13", "2014-02-16 10:01:02", nospace
"2014-02-17 01:48:13", "2014-02-17 02:03:31", nospace
"2014-02-17 02:09:16", "2014-02-17 02:11:12", nospace
"2014-02-17 02:39:53", "2014-02-17 02:51:24", nospace
"2014-02-17 02:53:19", "2014-02-17 03:22:06", nospace
"2014-02-17 03:29:47", "2014-02-17 03:47:02", nospace
"2014-02-17 03:48:58", "2014-02-17 04:02:25", nospace
"2014-02-17 04:31:15", "2014-02-17 04:54:18", nospace
"2014-02-17 04:56:13", "2014-02-17 04:58:08", nospace
"2014-02-17 05:00:03", "2014-02-17 05:05:34", nospace
"2014-02-17 05:08:47", "2014-02-17 05:17:14", nospace
"2014-02-17 06:37:37", "2014-02-17 06:41:44", nospace
"2014-02-17 06:47:49", "2014-02-17 06:53:32", nospace
"2014-02-17 11:15:26", "2014-02-17 11:25:08", nobike
"2014-02-17 13:25:49", "2014-02-17 13:45:08", nospace
"2014-02-19 15:41:30", "2014-02-19 16:16:38", nobike
"2014-02-20 03:01:33", "2014-02-20 03:13:22", nospace
"2014-02-20 03:21:16", "2014-02-20 03:23:13", nospace
"2014-02-20 03:42:11", "2014-02-20 03:55:59", nospace
"2014-02-20 03:57:58", "2014-02-20 04:16:37", nospace
"2014-02-21 04:08:59", "2014-02-21 04:10:57", nospace
"2014-02-21 08:21:01", "2014-02-21 08:22:59", nobike
"2014-02-21 08:24:59", "2014-02-21 08:32:56", nobike
"2014-02-21 09:02:17", "2014-02-21 09:04:43", nobike
"2014-02-21 09:41:54", "2014-02-21 09:52:09", nobike
"2014-02-21 12:11:29", "2014-02-21 12:17:29", nobike
"2014-02-21 12:19:29", "2014-02-21 12:27:28", nobike
"2014-02-22 04:16:32", "2014-02-22 04:28:30", nospace
"2014-02-22 05:04:41", "2014-02-22 05:06:41", nospace
"2014-02-22 05:22:38", "2014-02-22 05:26:39", nospace
"2014-02-22 06:51:08", "2014-02-22 06:52:33", nospace
"2014-02-22 07:08:35", "2014-02-22 07:14:37", nospace
"2014-02-22 07:24:40", "2014-02-22 07:30:44", nospace
"2014-02-22 07:32:45", "2014-02-22 07:34:46", nospace
"2014-02-22 08:04:54", "2014-02-22 08:06:53", nospace
"2014-02-22 08:08:53", "2014-02-22 08:11:58", nospace
"2014-02-22 08:14:03", "2014-02-22 08:26:14", nospace
"2014-02-22 08:34:16", "2014-02-22 08:36:17", nospace
"2014-02-22 08:49:53", "2014-02-22 08:57:54", nospace
"2014-02-22 08:59:55", "2014-02-22 09:09:56", nospace
"2014-02-22 09:13:55", "2014-02-22 09:19:55", nospace
"2014-02-22 09:23:54", "2014-02-22 09:27:56", nospace
"2014-02-22 09:35:56", "2014-02-22 09:39:58", nospace
"2014-02-22 09:43:56", "2014-02-22 09:49:48", nospace
"2014-02-22 09:51:48", "2014-02-22 09:55:49", nospace
"2014-02-22 09:57:49", "2014-02-22 10:01:47", nospace
"2014-02-22 15:25:30", "2014-02-22 15:29:21", nobike
"2014-02-22 15:40:00", "2014-02-22 15:52:02", nobike
"2014-02-23 02:18:14", "2014-02-23 02:24:14", nospace
"2014-02-23 02:26:14", "2014-02-23 02:30:06", nospace
"2014-02-23 02:36:08", "2014-02-23 02:42:10", nospace
"2014-02-23 02:44:09", "2014-02-23 02:54:12", nospace
"2014-02-23 02:56:12", "2014-02-23 02:57:05", nospace
"2014-02-23 04:49:48", "2014-02-23 05:09:51", nospace
"2014-02-23 05:11:52", "2014-02-23 05:17:53", nospace
"2014-02-23 05:51:57", "2014-02-23 05:53:59", nospace
"2014-02-23 06:16:10", "2014-02-23 06:26:17", nospace
"2014-02-23 06:30:20", "2014-02-23 06:36:52", nospace
"2014-02-23 06:38:51", "2014-02-23 06:40:51", nospace
"2014-02-23 06:59:03", "2014-02-23 07:01:03", nospace
"2014-02-23 07:13:10", "2014-02-23 07:47:21", nospace
"2014-02-23 07:57:11", "2014-02-23 07:59:11", nospace
"2014-02-23 08:03:12", "2014-02-23 08:13:19", nospace
"2014-02-23 08:43:38", "2014-02-23 09:03:50", nospace
"2014-02-23 09:05:52", "2014-02-23 09:15:55", nospace
"2014-02-23 09:17:59", "2014-02-23 09:24:05", nospace
"2014-02-23 09:40:15", "2014-02-23 09:56:27", nospace
"2014-02-23 14:12:16", "2014-02-23 14:28:24", nobike
"2014-02-24 01:54:38", "2014-02-24 01:56:40", nospace
"2014-02-24 02:12:54", "2014-02-24 02:14:55", nospace
"2014-02-24 02:18:58", "2014-02-24 02:23:01", nospace
"2014-02-24 02:27:04", "2014-02-24 02:29:06", nospace
"2014-02-24 02:39:13", "2014-02-24 02:59:30", nospace
"2014-02-24 03:11:42", "2014-02-24 03:13:43", nospace
"2014-02-24 03:52:40", "2014-02-24 04:04:50", nospace
"2014-02-24 04:10:55", "2014-02-24 04:14:58", nospace
"2014-02-24 04:31:13", "2014-02-24 04:55:28", nospace
"2014-02-24 05:56:38", "2014-02-24 06:00:01", nospace
"2014-02-24 06:04:14", "2014-02-24 06:18:26", nospace
"2014-02-24 06:36:48", "2014-02-24 06:55:32", nospace
"2014-02-24 06:57:34", "2014-02-24 07:01:04", nospace
"2014-02-24 07:03:06", "2014-02-24 07:09:11", nospace
"2014-02-24 09:37:35", "2014-02-24 09:43:48", nospace
"2014-02-24 10:04:11", "2014-02-24 10:06:12", nospace
"2014-02-24 10:08:14", "2014-02-24 10:14:19", nospace
"2014-02-24 10:38:46", "2014-02-24 10:40:46", nospace
"2014-02-24 14:03:15", "2014-02-24 14:08:23", nobike
"2014-02-24 15:24:04", "2014-02-24 15:29:30", nobike
"2014-02-25 08:31:29", "2014-02-25 08:33:32", nospace
"2014-02-25 11:13:07", "2014-02-25 11:15:10", nobike
"2014-02-25 11:17:14", "2014-02-25 11:25:29", nobike
"2014-02-25 11:27:32", "2014-02-25 11:29:35", nobike
"2014-02-25 11:33:41", "2014-02-25 11:37:49", nobike
"2014-02-26 04:08:30", "2014-02-26 04:10:33", nospace
"2014-02-26 12:37:36", "2014-02-26 12:55:31", nobike
"2014-02-27 09:55:03", "2014-02-27 09:57:39", nobike
"2014-02-27 10:00:11", "2014-02-27 10:01:30", nobike
"2014-02-27 10:11:36", "2014-02-27 10:14:10", nobike
"2014-02-27 13:14:40", "2014-02-27 13:20:52", nospace
"2014-02-27 13:31:11", "2014-02-27 13:39:27", nospace
"2014-02-27 13:49:50", "2014-02-27 13:51:54", nospace
"2014-02-27 16:40:17", "2014-02-27 16:52:29", nobike
"2014-02-28 03:51:21", "2014-02-28 03:55:31", nospace
"2014-02-28 05:34:17", "2014-02-28 05:36:23", nospace
"2014-02-28 06:15:54", "2014-02-28 06:30:35", nospace
"2014-02-28 06:38:17", "2014-02-28 07:10:42", nospace
"2014-02-28 07:14:53", "2014-02-28 07:27:24", nospace
"2014-02-28 07:31:33", "2014-02-28 07:58:39", nospace
"2014-02-28 08:00:45", "2014-02-28 08:09:03", nospace
"2014-02-28 08:19:29", "2014-02-28 08:21:33", nospace
"2014-02-28 08:31:57", "2014-02-28 08:48:38", nospace
"2014-02-28 09:03:12", "2014-02-28 09:27:41", nospace
"2014-02-28 10:26:12", "2014-02-28 10:30:20", nospace
"2014-02-28 13:09:57", "2014-02-28 13:12:39", nospace
"2014-02-28 13:21:23", "2014-02-28 13:29:20", nospace
"2014-02-28 13:31:25", "2014-02-28 13:33:31", nospace
"2014-02-28 13:41:51", "2014-02-28 13:50:12", nospace
"2014-02-28 17:12:16", "2014-02-28 17:42:54", nobike
"2014-03-01 01:46:28", "2014-03-01 01:50:39", nospace
"2014-03-01 02:15:45", "2014-03-01 02:24:00", nospace
"2014-03-01 02:36:33", "2014-03-01 02:40:44", nospace
"2014-03-01 02:44:57", "2014-03-01 02:53:18", nospace
"2014-03-01 04:29:43", "2014-03-01 04:44:20", nospace
"2014-03-01 04:54:47", "2014-03-01 04:56:53", nospace
"2014-03-01 05:19:28", "2014-03-01 05:33:14", nospace
"2014-03-01 05:50:53", "2014-03-01 05:53:34", nospace
"2014-03-01 06:07:17", "2014-03-01 06:18:57", nospace
"2014-03-01 06:26:51", "2014-03-01 06:45:02", nospace
"2014-03-01 06:54:09", "2014-03-01 06:58:59", nospace
"2014-03-01 07:01:39", "2014-03-01 07:08:02", nospace
"2014-03-01 07:16:55", "2014-03-01 07:37:46", nospace
"2014-03-01 07:58:18", "2014-03-01 08:31:31", nospace
"2014-03-01 08:49:31", "2014-03-01 09:03:44", nospace
"2014-03-01 09:07:56", "2014-03-01 09:16:23", nospace
"2014-03-01 09:18:30", "2014-03-01 09:26:58", nospace
"2014-03-01 09:29:02", "2014-03-01 09:35:19", nospace
"2014-03-01 09:43:36", "2014-03-01 09:49:49", nospace
"2014-03-01 09:52:24", "2014-03-01 09:53:05", nospace
"2014-03-01 10:01:14", "2014-03-01 10:09:19", nospace
"2014-03-01 13:32:58", "2014-03-01 13:45:35", nobike
"2014-03-01 13:51:54", "2014-03-01 13:58:14", nobike
"2014-03-02 03:59:53", "2014-03-02 04:06:16", nospace
"2014-03-02 04:12:36", "2014-03-02 04:17:44", nospace
"2014-03-02 05:07:24", "2014-03-02 05:09:32", nospace
"2014-03-02 05:11:40", "2014-03-02 05:18:03", nospace
"2014-03-02 05:20:11", "2014-03-02 05:22:19", nospace
"2014-03-02 08:22:06", "2014-03-02 08:24:13", nospace
"2014-03-02 08:28:28", "2014-03-02 08:32:43", nospace
"2014-03-02 08:35:35", "2014-03-02 08:37:00", nospace
"2014-03-02 08:43:21", "2014-03-02 08:45:29", nospace
"2014-03-02 08:58:02", "2014-03-02 09:08:36", nospace
"2014-03-02 09:16:49", "2014-03-02 09:19:28", nospace
"2014-03-02 10:11:12", "2014-03-02 10:23:57", nospace
"2014-03-03 16:44:33", "2014-03-03 16:52:52", nobike
"2014-03-05 03:16:21", "2014-03-05 03:34:43", nospace
"2014-03-05 03:39:19", "2014-03-05 03:50:46", nospace
"2014-03-05 03:53:04", "2014-03-05 03:55:22", nospace
"2014-03-05 03:57:39", "2014-03-05 04:04:34", nospace
"2014-03-05 10:33:29", "2014-03-05 10:37:20", nobike
"2014-03-09 07:55:26", "2014-03-09 08:00:08", nospace
"2014-03-09 08:14:15", "2014-03-09 08:30:44", nospace
"2014-03-09 08:58:57", "2014-03-09 09:13:03", nospace
"2014-03-09 09:15:25", "2014-03-09 09:19:14", nospace
"2014-03-09 09:20:39", "2014-03-09 09:23:24", nospace
"2014-03-09 09:44:33", "2014-03-09 09:46:36", nospace
"2014-03-09 11:32:40", "2014-03-09 11:37:23", nobike
"2014-03-10 02:39:09", "2014-03-10 02:43:53", nospace
"2014-03-10 03:16:57", "2014-03-10 03:24:03", nospace
"2014-03-10 03:26:24", "2014-03-10 03:38:12", nospace
"2014-03-10 04:16:00", "2014-03-10 04:30:15", nospace
"2014-03-10 04:39:41", "2014-03-10 05:12:47", nospace
"2014-03-10 05:19:52", "2014-03-10 05:22:15", nospace
"2014-03-10 09:04:10", "2014-03-10 09:08:26", nospace
"2014-03-10 09:13:53", "2014-03-10 09:23:24", nospace
"2014-03-10 09:34:31", "2014-03-10 09:38:47", nospace
"2014-03-10 10:25:39", "2014-03-10 10:32:06", nospace
"2014-03-10 11:22:35", "2014-03-10 11:29:40", nobike
"2014-03-10 12:05:09", "2014-03-10 12:12:13", nobike
"2014-03-10 12:19:20", "2014-03-10 12:28:47", nobike
"2014-03-11 04:26:08", "2014-03-11 04:33:16", nospace
"2014-03-12 00:33:25", "2014-03-12 00:43:00", nospace
"2014-03-12 01:14:05", "2014-03-12 01:18:51", nospace
"2014-03-12 01:35:36", "2014-03-12 01:37:59", nospace
"2014-03-12 02:37:44", "2014-03-12 02:40:08", nospace
"2014-03-12 03:57:15", "2014-03-12 04:14:00", nospace
"2014-03-12 04:16:25", "2014-03-12 04:21:12", nospace
"2014-03-12 08:38:18", "2014-03-12 08:40:42", nobike
"2014-03-12 09:43:25", "2014-03-12 09:56:11", nobike
"2014-03-12 10:33:46", "2014-03-12 10:47:54", nobike
"2014-03-12 11:14:07", "2014-03-12 11:43:26", nobike
"2014-03-13 23:55:54", "2014-03-14 00:03:06", nospace
"2014-03-14 00:05:31", "2014-03-14 00:07:56", nospace
"2014-03-14 00:10:20", "2014-03-14 00:15:10", nospace
"2014-03-14 00:37:35", "2014-03-14 00:45:01", nospace
"2014-03-14 00:50:30", "2014-03-14 00:56:55", nospace
"2014-03-14 00:59:41", "2014-03-14 01:04:50", nospace
"2014-03-14 01:16:08", "2014-03-14 01:18:32", nospace
"2014-03-14 01:44:05", "2014-03-14 01:55:52", nospace
"2014-03-14 02:15:11", "2014-03-14 02:20:48", nospace
"2014-03-14 02:32:07", "2014-03-14 03:04:08", nospace
"2014-03-14 03:11:23", "2014-03-14 03:30:41", nospace
"2014-03-14 03:38:32", "2014-03-14 03:40:57", nospace
"2014-03-14 03:50:36", "2014-03-14 03:55:25", nospace
"2014-03-14 04:05:05", "2014-03-14 04:12:19", nospace
"2014-03-14 04:14:44", "2014-03-14 04:17:09", nospace
"2014-03-14 06:03:22", "2014-03-14 06:08:11", nospace
"2014-03-14 06:25:06", "2014-03-14 06:29:59", nospace
"2014-03-14 06:32:25", "2014-03-14 06:37:14", nospace
"2014-03-14 11:38:19", "2014-03-14 11:40:45", nobike
"2014-03-15 03:49:09", "2014-03-15 03:51:49", nospace
"2014-03-15 03:52:54", "2014-03-15 03:58:22", nospace
"2014-03-15 04:00:57", "2014-03-15 04:14:38", nospace
"2014-03-15 04:19:16", "2014-03-15 04:26:34", nospace
"2014-03-15 04:45:08", "2014-03-15 04:47:32", nospace
"2014-03-15 05:01:10", "2014-03-15 05:15:46", nospace
"2014-03-15 05:16:49", "2014-03-15 05:26:16", nospace
"2014-03-15 05:41:03", "2014-03-15 05:44:45", nospace
"2014-03-15 05:47:29", "2014-03-15 05:50:13", nospace
"2014-03-15 05:56:37", "2014-03-15 05:59:03", nospace
"2014-03-15 06:06:19", "2014-03-15 06:13:37", nospace
"2014-03-15 06:23:20", "2014-03-15 06:30:39", nospace
"2014-03-15 06:33:10", "2014-03-15 06:38:17", nospace
"2014-03-15 06:43:07", "2014-03-15 06:45:33", nospace
"2014-03-15 06:47:59", "2014-03-15 06:50:28", nospace
"2014-03-15 06:52:55", "2014-03-15 07:02:40", nospace
"2014-03-15 07:05:06", "2014-03-15 07:12:26", nospace
"2014-03-15 07:44:05", "2014-03-15 07:53:48", nospace
"2014-03-15 07:56:13", "2014-03-15 08:08:22", nospace
"2014-03-15 08:10:47", "2014-03-15 08:15:40", nospace
"2014-03-15 08:20:34", "2014-03-15 08:22:59", nospace
"2014-03-15 08:32:47", "2014-03-15 08:47:24", nospace
"2014-03-15 08:59:35", "2014-03-15 09:04:27", nospace
"2014-03-15 09:26:18", "2014-03-15 09:33:32", nospace
"2014-03-15 09:35:58", "2014-03-15 09:50:26", nospace
"2014-03-15 13:05:23", "2014-03-15 13:10:14", nospace
"2014-03-15 13:12:40", "2014-03-15 13:15:07", nospace
"2014-03-15 13:17:34", "2014-03-15 13:22:28", nospace
"2014-03-16 04:12:21", "2014-03-16 04:19:41", nospace
"2014-03-16 04:22:06", "2014-03-16 04:36:46", nospace
"2014-03-16 04:39:12", "2014-03-16 04:41:36", nospace
"2014-03-16 04:46:29", "2014-03-16 04:51:23", nospace
"2014-03-16 05:50:46", "2014-03-16 05:58:04", nospace
"2014-03-16 06:05:25", "2014-03-16 06:15:11", nospace
"2014-03-16 06:31:43", "2014-03-16 06:34:24", nospace
"2014-03-16 06:38:23", "2014-03-16 06:48:48", nospace
"2014-03-16 06:51:37", "2014-03-16 07:01:32", nospace
"2014-03-16 07:02:16", "2014-03-16 07:11:16", nospace
"2014-03-16 07:15:45", "2014-03-16 07:18:36", nospace
"2014-03-16 07:21:09", "2014-03-16 07:25:18", nospace
"2014-03-16 07:42:24", "2014-03-16 07:54:35", nospace
"2014-03-16 07:57:02", "2014-03-16 08:14:11", nospace
"2014-03-16 08:19:05", "2014-03-16 08:33:41", nospace
"2014-03-16 08:38:34", "2014-03-16 08:50:46", nospace
"2014-03-16 09:00:30", "2014-03-16 09:02:57", nospace
"2014-03-16 09:10:17", "2014-03-16 09:12:43", nospace
"2014-03-16 14:21:07", "2014-03-16 14:26:02", nobike
"2014-03-17 16:55:30", "2014-03-17 17:15:12", nobike
"2014-03-18 00:25:32", "2014-03-18 00:32:28", nospace
"2014-03-18 02:49:11", "2014-03-18 02:56:36", nospace
"2014-03-18 02:59:04", "2014-03-18 03:06:28", nospace
"2014-03-18 04:05:40", "2014-03-18 04:09:30", nospace
"2014-03-18 04:15:00", "2014-03-18 04:22:06", nospace
"2014-03-18 04:24:59", "2014-03-18 04:27:34", nospace
"2014-03-18 06:54:35", "2014-03-18 07:04:58", nospace
"2014-03-18 13:25:32", "2014-03-18 13:28:01", nospace
"2014-03-19 00:42:52", "2014-03-19 00:43:41", nospace
"2014-03-19 00:50:55", "2014-03-19 00:53:37", nospace
"2014-03-19 05:19:14", "2014-03-19 05:24:12", nospace
"2014-03-19 06:49:46", "2014-03-19 06:52:14", nospace
"2014-03-19 06:54:42", "2014-03-19 06:57:12", nospace
"2014-03-19 07:45:04", "2014-03-19 08:09:11", nospace
"2014-03-19 08:37:23", "2014-03-19 08:42:23", nospace
"2014-03-21 03:07:31", "2014-03-21 03:10:03", nospace
"2014-03-21 03:25:06", "2014-03-21 03:27:34", nospace
"2014-03-21 12:33:30", "2014-03-21 12:36:00", nobike
"2014-03-21 19:44:49", "2014-03-21 20:02:25", nobike
"2014-03-22 07:06:33", "2014-03-22 07:11:35", nospace
"2014-03-22 07:24:09", "2014-03-22 07:34:13", nospace
"2014-03-22 07:49:18", "2014-03-22 07:51:49", nospace
"2014-03-22 09:08:53", "2014-03-22 09:10:54", nospace
"2014-03-22 09:13:25", "2014-03-22 09:18:28", nospace
"2014-03-22 09:23:30", "2014-03-22 09:26:01", nospace
"2014-03-22 15:50:28", "2014-03-22 16:13:51", nobike
"2014-03-23 03:22:18", "2014-03-23 03:24:50", nospace
"2014-03-23 05:16:26", "2014-03-23 05:20:18", nospace
"2014-03-23 05:48:24", "2014-03-23 05:55:25", nospace
"2014-03-23 06:18:14", "2014-03-23 06:28:23", nospace
"2014-03-23 06:35:59", "2014-03-23 06:48:55", nospace
"2014-03-23 06:54:00", "2014-03-23 06:56:32", nospace
"2014-03-23 07:01:34", "2014-03-23 07:19:14", nospace
"2014-03-23 07:29:22", "2014-03-23 07:34:26", nospace
"2014-03-23 07:39:30", "2014-03-23 07:44:34", nospace
"2014-03-23 07:47:06", "2014-03-23 07:49:39", nospace
"2014-03-23 07:57:15", "2014-03-23 08:17:30", nospace
"2014-03-23 08:20:02", "2014-03-23 08:35:13", nospace
"2014-03-23 08:37:46", "2014-03-23 08:55:29", nospace
"2014-03-23 08:58:02", "2014-03-23 09:15:46", nospace
"2014-03-23 09:33:31", "2014-03-23 09:43:38", nospace
"2014-03-23 09:54:42", "2014-03-23 09:57:14", nospace
"2014-03-23 09:59:46", "2014-03-23 10:02:21", nospace
"2014-03-24 00:56:06", "2014-03-24 00:58:40", nospace
"2014-03-24 01:16:23", "2014-03-24 01:31:38", nospace
"2014-03-24 01:34:12", "2014-03-24 01:41:49", nospace
"2014-03-24 01:49:26", "2014-03-24 02:06:46", nospace
"2014-03-24 02:09:37", "2014-03-24 02:15:50", nospace
"2014-03-24 08:10:11", "2014-03-24 08:15:17", nobike
"2014-03-24 09:58:02", "2014-03-24 10:00:35", nobike
"2014-03-24 10:08:13", "2014-03-24 10:18:24", nobike
"2014-03-24 10:23:29", "2014-03-24 10:28:34", nobike
"2014-03-25 00:51:47", "2014-03-25 01:01:59", nospace
"2014-03-25 11:32:16", "2014-03-25 11:37:24", nobike
"2014-03-25 11:42:32", "2014-03-25 11:47:40", nobike
"2014-03-25 11:55:21", "2014-03-25 12:03:02", nobike
"2014-03-25 12:05:35", "2014-03-25 12:08:09", nobike
"2014-03-25 14:09:27", "2014-03-25 14:19:41", nospace
"2014-03-25 15:10:55", "2014-03-25 15:13:28", nospace
"2014-03-26 00:24:06", "2014-03-26 00:29:12", nospace
"2014-03-26 00:35:56", "2014-03-26 00:53:19", nospace
"2014-03-26 00:58:27", "2014-03-26 01:01:01", nospace
"2014-03-26 01:03:34", "2014-03-26 01:31:47", nospace
"2014-03-26 01:34:21", "2014-03-26 01:39:28", nospace
"2014-03-26 01:49:44", "2014-03-26 01:52:18", nospace
"2014-03-26 04:55:39", "2014-03-26 05:05:54", nospace
"2014-03-26 05:08:28", "2014-03-26 05:13:35", nospace
"2014-03-26 05:44:21", "2014-03-26 05:52:03", nospace
"2014-03-26 05:59:45", "2014-03-26 06:04:53", nospace
"2014-03-26 06:10:01", "2014-03-26 06:25:25", nospace
"2014-03-26 06:57:33", "2014-03-26 07:23:10", nospace
"2014-03-26 07:30:53", "2014-03-26 07:36:00", nospace
"2014-03-26 07:38:34", "2014-03-26 07:51:24", nospace
"2014-03-26 08:11:57", "2014-03-26 08:14:31", nospace
"2014-03-26 08:19:38", "2014-03-26 08:22:12", nospace
"2014-03-26 08:29:54", "2014-03-26 08:32:28", nospace
"2014-03-26 08:35:03", "2014-03-26 08:37:36", nospace
"2014-03-26 08:47:52", "2014-03-26 08:53:01", nospace
"2014-03-26 09:24:28", "2014-03-26 09:27:18", nospace
"2014-03-26 11:15:23", "2014-03-26 11:23:12", nospace
"2014-03-26 11:24:07", "2014-03-26 11:36:55", nospace
"2014-03-26 11:39:29", "2014-03-26 11:49:49", nospace
"2014-03-26 11:57:29", "2014-03-26 12:05:12", nospace
"2014-03-26 12:15:28", "2014-03-26 12:23:09", nospace
"2014-03-26 12:38:35", "2014-03-26 12:43:42", nospace
"2014-03-26 12:46:16", "2014-03-26 12:51:24", nospace
"2014-03-26 12:58:24", "2014-03-26 13:00:56", nospace
"2014-03-26 13:06:40", "2014-03-26 13:10:25", nospace
"2014-03-26 13:12:59", "2014-03-26 13:18:06", nospace
"2014-03-27 05:41:19", "2014-03-27 05:54:15", nospace
"2014-03-27 06:32:55", "2014-03-27 06:35:29", nospace
"2014-03-27 06:56:26", "2014-03-27 07:01:35", nospace
"2014-03-27 07:18:21", "2014-03-27 07:23:30", nospace
"2014-03-27 11:10:09", "2014-03-27 11:29:26", nobike
"2014-03-27 14:46:08", "2014-03-27 14:53:52", nospace
"2014-03-27 15:01:36", "2014-03-27 15:09:23", nospace
"2014-03-27 15:32:33", "2014-03-27 15:37:43", nospace
"2014-03-27 15:45:26", "2014-03-27 15:48:01", nospace
"2014-03-28 00:11:05", "2014-03-28 00:13:40", nospace
"2014-03-28 00:47:20", "2014-03-28 00:52:30", nospace
"2014-03-28 00:57:39", "2014-03-28 01:05:26", nospace
"2014-03-28 01:22:04", "2014-03-28 01:27:38", nospace
"2014-03-28 01:35:28", "2014-03-28 01:36:57", nospace
"2014-03-28 01:37:50", "2014-03-28 01:40:48", nospace
"2014-03-28 01:43:41", "2014-03-28 01:55:34", nospace
"2014-03-28 02:34:23", "2014-03-28 02:39:32", nospace
"2014-03-28 02:44:35", "2014-03-28 02:51:53", nospace
"2014-03-28 03:04:36", "2014-03-28 03:11:53", nospace
"2014-03-28 03:17:04", "2014-03-28 03:19:39", nospace
"2014-03-28 03:55:52", "2014-03-28 04:03:38", nospace
"2014-03-28 04:06:13", "2014-03-28 04:08:48", nospace
"2014-03-28 04:11:23", "2014-03-28 04:40:56", nospace
"2014-03-28 04:46:07", "2014-03-28 04:56:27", nospace
"2014-03-28 05:06:38", "2014-03-28 05:12:23", nospace
"2014-03-28 05:38:30", "2014-03-28 05:56:36", nospace
"2014-03-28 06:01:46", "2014-03-28 06:22:31", nospace
"2014-03-28 06:25:06", "2014-03-28 06:38:02", nospace
"2014-03-28 13:03:57", "2014-03-28 13:09:09", nospace
"2014-03-28 13:11:43", "2014-03-28 13:16:54", nospace
"2014-03-28 13:22:07", "2014-03-28 13:24:43", nospace
"2014-03-28 13:27:18", "2014-03-28 13:32:29", nospace
"2014-03-28 13:35:05", "2014-03-28 13:37:40", nospace
"2014-03-28 13:40:16", "2014-03-28 14:00:59", nospace
"2014-03-28 22:38:36", "2014-03-28 23:01:58", nospace
"2014-03-28 23:14:56", "2014-03-28 23:17:32", nospace
"2014-03-28 23:20:08", "2014-03-28 23:30:32", nospace
"2014-03-29 03:09:28", "2014-03-29 03:14:41", nospace
"2014-03-29 03:19:54", "2014-03-29 03:32:54", nospace
"2014-03-29 03:45:51", "2014-03-29 03:56:15", nospace
"2014-03-29 04:04:03", "2014-03-29 04:06:39", nospace
"2014-03-29 04:09:15", "2014-03-29 04:11:50", nospace
"2014-03-29 04:18:41", "2014-03-29 04:25:58", nospace
"2014-03-29 04:38:55", "2014-03-29 04:41:32", nospace
"2014-03-29 05:28:16", "2014-03-29 05:36:04", nospace
"2014-03-29 05:38:40", "2014-03-29 05:41:16", nospace
"2014-03-29 05:43:53", "2014-03-29 05:51:42", nospace
"2014-03-29 05:54:19", "2014-03-29 06:04:43", nospace
"2014-03-29 06:43:45", "2014-03-29 06:48:57", nospace
"2014-03-29 06:57:00", "2014-03-29 07:02:12", nospace
"2014-03-29 07:25:36", "2014-03-29 07:38:36", nospace
"2014-03-29 07:53:05", "2014-03-29 07:53:51", nospace
"2014-03-29 07:54:36", "2014-03-29 07:57:54", nospace
"2014-03-29 08:23:57", "2014-03-29 08:36:58", nospace
"2014-03-29 08:51:08", "2014-03-29 09:06:43", nospace
"2014-03-29 09:14:35", "2014-03-29 09:22:22", nospace
"2014-03-29 09:40:35", "2014-03-29 09:45:48", nospace
"2014-03-30 00:32:05", "2014-03-30 00:34:43", nospace
"2014-03-30 00:51:29", "2014-03-30 00:56:41", nospace
"2014-03-30 04:26:26", "2014-03-30 04:31:09", nospace
"2014-03-30 04:34:51", "2014-03-30 04:37:28", nospace
"2014-03-30 04:55:44", "2014-03-30 04:57:31", nospace
"2014-03-30 05:12:34", "2014-03-30 05:15:12", nospace
"2014-03-30 05:17:49", "2014-03-30 05:20:26", nospace
"2014-03-30 05:33:27", "2014-03-30 05:38:40", nospace
"2014-03-30 05:43:54", "2014-03-30 05:46:31", nospace
"2014-03-30 05:49:08", "2014-03-30 05:56:58", nospace
"2014-03-30 06:20:28", "2014-03-30 06:25:45", nospace
"2014-03-30 06:53:30", "2014-03-30 07:03:55", nospace
"2014-03-30 07:40:34", "2014-03-30 07:43:12", nospace
"2014-03-30 07:45:49", "2014-03-30 07:51:02", nospace
"2014-03-30 07:54:59", "2014-03-30 08:00:53", nospace
"2014-03-30 08:52:24", "2014-03-30 08:57:37", nospace
"2014-03-30 09:00:15", "2014-03-30 09:05:27", nospace
"2014-03-30 09:10:40", "2014-03-30 09:13:16", nospace
"2014-03-30 10:12:01", "2014-03-30 10:19:53", nospace
"2014-03-31 00:55:50", "2014-03-31 00:58:27", nospace
"2014-04-01 06:21:03", "2014-04-01 06:23:41", nospace
"2014-04-01 06:26:22", "2014-04-01 06:29:01", nospace
"2014-04-01 06:31:39", "2014-04-01 06:34:18", nospace
"2014-04-01 06:36:56", "2014-04-01 06:39:34", nospace
"2014-04-01 06:45:10", "2014-04-01 06:50:27", nospace
"2014-04-01 13:48:41", "2014-04-01 13:51:19", nospace
"2014-04-02 00:11:01", "2014-04-02 00:13:40", nospace
"2014-04-02 03:50:30", "2014-04-02 03:53:09", nospace
"2014-04-03 09:03:59", "2014-04-03 10:23:51", nobike
"2014-04-03 13:20:56", "2014-04-03 13:23:35", nobike
"2014-04-03 13:36:52", "2014-04-03 13:50:14", nobike
"2014-04-04 03:39:07", "2014-04-04 03:45:05", nospace
"2014-04-04 03:47:05", "2014-04-04 03:55:06", nospace
"2014-04-04 03:57:46", "2014-04-04 04:25:23", nospace
"2014-04-04 06:02:24", "2014-04-04 06:05:03", nospace
"2014-04-04 06:23:45", "2014-04-04 06:26:29", nospace
"2014-04-04 06:32:06", "2014-04-04 06:38:59", nospace
"2014-04-04 06:54:54", "2014-04-04 07:00:14", nospace
"2014-04-04 07:02:54", "2014-04-04 07:05:34", nospace
"2014-04-04 07:08:13", "2014-04-04 07:13:34", nospace
"2014-04-04 07:37:38", "2014-04-04 07:53:39", nospace
"2014-04-04 07:56:20", "2014-04-04 08:01:40", nospace
"2014-04-04 08:33:48", "2014-04-04 08:41:50", nospace
"2014-04-04 08:52:30", "2014-04-04 09:00:30", nospace
"2014-04-04 09:03:10", "2014-04-04 09:05:48", nospace
"2014-04-04 09:21:51", "2014-04-04 09:24:31", nospace
"2014-04-04 09:37:52", "2014-04-04 09:40:35", nospace
"2014-04-04 14:32:04", "2014-04-04 14:40:07", nospace
"2014-04-04 14:42:48", "2014-04-04 14:48:10", nospace
"2014-04-05 04:57:01", "2014-04-05 05:16:39", nospace
"2014-04-05 06:26:48", "2014-04-05 06:29:51", nospace
"2014-04-05 06:44:44", "2014-04-05 06:48:30", nospace
"2014-04-05 06:51:31", "2014-04-05 06:54:31", nospace
"2014-04-05 06:59:03", "2014-04-05 07:02:05", nospace
"2014-04-05 07:04:46", "2014-04-05 07:07:14", nospace
"2014-04-05 07:10:16", "2014-04-05 07:13:14", nospace
"2014-04-05 07:36:04", "2014-04-05 07:38:45", nospace
"2014-04-05 07:41:26", "2014-04-05 07:44:07", nospace
"2014-04-05 07:46:47", "2014-04-05 08:29:44", nospace
"2014-04-05 08:35:04", "2014-04-05 08:51:11", nospace
"2014-04-05 08:56:32", "2014-04-05 09:18:02", nospace
"2014-04-05 09:47:32", "2014-04-05 09:55:37", nospace
"2014-04-05 10:19:45", "2014-04-05 10:22:27", nospace
"2014-04-05 11:45:43", "2014-04-05 11:48:24", nospace
"2014-04-05 11:53:47", "2014-04-05 11:56:28", nospace
"2014-04-05 13:29:24", "2014-04-05 13:32:05", nospace
"2014-04-05 15:11:27", "2014-04-05 15:35:34", nobike
"2014-04-06 05:18:49", "2014-04-06 05:39:25", nospace
"2014-04-06 06:55:25", "2014-04-06 06:58:07", nospace
"2014-04-06 07:03:31", "2014-04-06 07:10:46", nospace
"2014-04-06 07:14:51", "2014-04-06 07:20:12", nospace
"2014-04-06 07:39:53", "2014-04-06 07:50:39", nospace
"2014-04-06 07:53:21", "2014-04-06 07:57:25", nospace
"2014-04-06 08:02:49", "2014-04-06 08:13:35", nospace
"2014-04-06 08:29:44", "2014-04-06 08:35:07", nospace
"2014-04-06 08:37:49", "2014-04-06 09:07:29", nospace
"2014-04-06 09:10:11", "2014-04-06 09:15:35", nospace
"2014-04-06 09:31:44", "2014-04-06 09:39:52", nospace
"2014-04-06 10:59:29", "2014-04-06 11:10:14", nobike
"2014-04-06 11:15:38", "2014-04-06 11:21:01", nobike
"2014-04-07 17:10:26", "2014-04-07 21:38:43", nospace
"2014-04-07 22:55:36", "2014-04-07 23:03:44", nobike
"2014-04-08 04:36:45", "2014-04-08 04:50:19", nospace
"2014-04-09 04:14:00", "2014-04-09 04:19:27", nospace
"2014-04-09 04:27:36", "2014-04-09 04:54:51", nospace
"2014-04-09 06:37:31", "2014-04-09 06:40:13", nospace
"2014-04-09 06:45:42", "2014-04-09 06:48:45", nospace
"2014-04-09 06:56:56", "2014-04-09 06:59:40", nospace
"2014-04-09 07:29:35", "2014-04-09 07:32:17", nospace
"2014-04-09 07:37:45", "2014-04-09 07:40:30", nospace
"2014-04-09 07:48:40", "2014-04-09 07:51:23", nospace
"2014-04-09 07:54:04", "2014-04-09 08:21:22", nospace
"2014-04-09 08:24:06", "2014-04-09 08:32:15", nospace
"2014-04-09 08:59:30", "2014-04-09 09:04:58", nospace
"2014-04-09 09:07:42", "2014-04-09 09:10:24", nospace
"2014-04-09 09:15:53", "2014-04-09 09:21:19", nospace
"2014-04-09 09:26:46", "2014-04-09 09:29:30", nospace
"2014-04-09 10:21:13", "2014-04-09 10:23:57", nospace
"2014-04-09 10:26:40", "2014-04-09 10:37:32", nospace
"2014-04-09 10:42:59", "2014-04-09 10:45:44", nospace
"2014-04-10 00:44:46", "2014-04-10 00:55:40", nospace
"2014-04-10 00:58:24", "2014-04-10 01:12:04", nospace
"2014-04-10 01:14:48", "2014-04-10 01:25:44", nospace
"2014-04-10 01:28:27", "2014-04-10 01:33:55", nospace
"2014-04-10 01:39:23", "2014-04-10 01:53:03", nospace
"2014-04-10 03:50:48", "2014-04-10 03:58:59", nospace
"2014-04-10 04:12:38", "2014-04-10 04:20:50", nospace
"2014-04-10 04:23:34", "2014-04-10 04:26:17", nospace
"2014-04-10 05:12:41", "2014-04-10 05:18:10", nospace
"2014-04-10 06:32:00", "2014-04-10 06:41:04", nospace
"2014-04-10 07:45:03", "2014-04-10 07:47:47", nospace
"2014-04-10 07:53:13", "2014-04-10 07:55:57", nospace
"2014-04-10 08:20:34", "2014-04-10 08:26:01", nospace
"2014-04-10 09:14:31", "2014-04-10 09:17:16", nospace
"2014-04-10 09:21:34", "2014-04-10 09:35:57", nospace
"2014-04-10 09:48:51", "2014-04-10 09:54:18", nospace
"2014-04-10 10:27:08", "2014-04-10 10:32:35", nospace
"2014-04-10 23:16:41", "2014-04-10 23:33:08", nospace
"2014-04-10 23:38:36", "2014-04-10 23:46:49", nospace
"2014-04-10 23:49:33", "2014-04-11 00:11:26", nospace
"2014-04-11 00:16:55", "2014-04-11 00:27:55", nospace
"2014-04-11 00:41:36", "2014-04-11 00:49:45", nospace
"2014-04-11 01:03:27", "2014-04-11 01:06:10", nospace
"2014-04-11 01:48:52", "2014-04-11 01:57:06", nospace
"2014-04-11 02:05:20", "2014-04-11 02:21:48", nospace
"2014-04-11 03:13:50", "2014-04-11 03:24:45", nospace
"2014-04-11 03:27:29", "2014-04-11 03:32:33", nospace
"2014-04-11 03:48:27", "2014-04-11 04:05:23", nospace
"2014-04-11 04:08:24", "2014-04-11 04:12:53", nospace
"2014-04-11 04:15:38", "2014-04-11 04:21:07", nospace
"2014-04-11 04:32:06", "2014-04-11 04:34:50", nospace
"2014-04-11 05:11:42", "2014-04-11 05:13:27", nospace
"2014-04-11 05:22:53", "2014-04-11 05:25:44", nospace
"2014-04-11 05:31:13", "2014-04-11 05:36:44", nospace
"2014-04-11 05:39:29", "2014-04-11 05:42:14", nospace
"2014-04-11 05:50:28", "2014-04-11 05:55:56", nospace
"2014-04-11 10:04:53", "2014-04-11 10:11:58", nospace
"2014-04-11 10:15:06", "2014-04-11 10:19:46", nospace
"2014-04-11 12:58:38", "2014-04-11 13:04:21", nospace
"2014-04-11 13:10:27", "2014-04-11 13:13:11", nospace
"2014-04-11 13:14:53", "2014-04-11 13:23:03", nospace
"2014-04-11 14:17:04", "2014-04-11 14:22:34", nospace
"2014-04-12 03:40:15", "2014-04-12 03:51:16", nospace
"2014-04-12 03:54:00", "2014-04-12 03:56:46", nospace
"2014-04-12 04:10:30", "2014-04-12 04:15:32", nospace
"2014-04-12 04:20:23", "2014-04-12 04:28:39", nospace
"2014-04-12 04:47:55", "2014-04-12 05:01:40", nospace
"2014-04-12 07:57:12", "2014-04-12 07:59:57", nospace
"2014-04-12 08:10:57", "2014-04-12 08:16:28", nospace
"2014-04-12 08:22:00", "2014-04-12 08:38:32", nospace
"2014-04-12 08:49:33", "2014-04-12 08:55:02", nospace
"2014-04-12 08:57:48", "2014-04-12 09:00:34", nospace
"2014-04-12 09:03:20", "2014-04-12 09:06:05", nospace
"2014-04-12 09:08:51", "2014-04-12 09:14:20", nospace
"2014-04-12 09:23:25", "2014-04-12 09:26:32", nospace
"2014-04-12 09:28:00", "2014-04-12 09:36:17", nospace
"2014-04-12 09:40:45", "2014-04-12 09:49:00", nospace
"2014-04-12 10:25:18", "2014-04-12 10:28:25", nospace
"2014-04-12 14:06:12", "2014-04-12 14:11:42", nospace
"2014-04-12 14:17:13", "2014-04-12 14:19:59", nospace
"2014-04-12 14:38:03", "2014-04-12 14:40:50", nospace
"2014-04-13 04:06:03", "2014-04-13 04:14:18", nospace
"2014-04-13 04:22:35", "2014-04-13 04:30:51", nospace
"2014-04-13 04:36:21", "2014-04-13 04:44:38", nospace
"2014-04-13 06:15:35", "2014-04-13 06:20:20", nobike
"2014-04-13 06:23:07", "2014-04-13 06:28:00", nobike
"2014-04-13 06:33:36", "2014-04-13 06:39:13", nobike
"2014-04-13 06:41:22", "2014-04-13 06:46:55", nobike
"2014-04-13 08:01:48", "2014-04-13 08:07:21", nospace
"2014-04-13 08:21:11", "2014-04-13 08:40:33", nospace
"2014-04-13 08:43:19", "2014-04-13 08:54:23", nospace
"2014-04-13 09:02:42", "2014-04-13 09:08:16", nospace
"2014-04-13 09:24:50", "2014-04-13 09:25:41", nospace
"2014-04-13 09:30:53", "2014-04-13 09:40:48", nospace
"2014-04-13 10:16:18", "2014-04-13 10:19:05", nospace
"2014-04-13 11:39:59", "2014-04-13 11:51:03", nobike
"2014-04-14 00:33:05", "2014-04-14 00:44:10", nospace
"2014-04-14 00:46:56", "2014-04-14 01:06:07", nospace
"2014-04-14 01:27:21", "2014-04-14 01:38:23", nospace
"2014-04-14 01:44:23", "2014-04-14 01:47:25", nospace
"2014-04-14 01:51:28", "2014-04-14 01:54:15", nospace
"2014-04-14 02:44:13", "2014-04-14 02:49:45", nospace
"2014-04-14 03:03:36", "2014-04-14 03:06:22", nospace
"2014-04-14 03:11:55", "2014-04-14 03:28:33", nospace
"2014-04-14 03:36:51", "2014-04-14 04:04:36", nospace
"2014-04-14 05:15:38", "2014-04-14 05:35:04", nospace
"2014-04-14 05:37:52", "2014-04-14 05:51:46", nospace
"2014-04-14 05:54:32", "2014-04-14 05:57:19", nospace
"2014-04-14 06:02:50", "2014-04-14 06:05:37", nospace
"2014-04-14 06:53:15", "2014-04-14 06:58:47", nospace
"2014-04-14 14:18:36", "2014-04-14 14:21:23", nospace
"2014-04-14 14:24:10", "2014-04-14 14:26:56", nospace
"2014-04-15 03:57:14", "2014-04-15 04:13:55", nospace
"2014-04-15 08:01:40", "2014-04-15 08:07:15", nospace
"2014-04-15 12:51:24", "2014-04-15 12:56:59", nospace
"2014-04-15 13:05:19", "2014-04-15 13:10:54", nospace
"2014-04-15 13:30:26", "2014-04-15 13:36:00", nospace
"2014-04-15 13:44:20", "2014-04-15 13:49:54", nospace
"2014-04-15 14:03:56", "2014-04-15 14:09:06", nospace
"2014-04-15 14:13:55", "2014-04-15 14:19:29", nospace
"2014-04-16 00:10:18", "2014-04-16 00:13:06", nospace
"2014-04-16 00:15:53", "2014-04-16 00:24:17", nospace
"2014-04-16 00:27:06", "2014-04-16 00:38:15", nospace
"2014-04-16 00:41:01", "2014-04-16 00:43:49", nospace
"2014-04-16 00:52:11", "2014-04-16 00:57:46", nospace
"2014-04-16 01:08:57", "2014-04-16 01:17:20", nospace
"2014-04-16 01:20:08", "2014-04-16 01:39:40", nospace
"2014-04-16 04:13:19", "2014-04-16 04:22:32", nospace
"2014-04-16 04:43:05", "2014-04-16 04:45:51", nospace
"2014-04-16 04:54:15", "2014-04-16 04:57:02", nospace
"2014-04-16 05:05:27", "2014-04-16 05:16:39", nospace
"2014-04-16 05:27:51", "2014-04-16 05:36:15", nospace
"2014-04-16 07:34:43", "2014-04-16 07:37:31", nospace
"2014-04-16 08:49:13", "2014-04-16 08:54:49", nospace
"2014-04-16 08:57:37", "2014-04-16 09:08:49", nospace
"2014-04-16 09:14:25", "2014-04-16 09:17:12", nospace
"2014-04-16 09:35:08", "2014-04-16 09:38:31", nospace
"2014-04-16 09:49:42", "2014-04-16 09:55:20", nospace
"2014-04-16 10:26:08", "2014-04-16 10:28:56", nospace
"2014-04-16 10:34:31", "2014-04-16 10:37:19", nospace
"2014-04-17 01:38:57", "2014-04-17 01:55:47", nospace
"2014-04-17 02:21:03", "2014-04-17 02:23:50", nospace
"2014-04-17 02:29:27", "2014-04-17 02:51:55", nospace
"2014-04-17 02:54:42", "2014-04-17 03:03:08", nospace
"2014-04-17 03:05:56", "2014-04-17 03:08:46", nospace
"2014-04-17 03:14:23", "2014-04-17 04:02:04", nospace
"2014-04-17 13:26:51", "2014-04-17 13:38:08", nospace
"2014-04-17 13:46:59", "2014-04-17 13:54:46", nospace
"2014-04-18 01:14:06", "2014-04-18 01:25:19", nospace
"2014-04-18 01:28:08", "2014-04-18 01:30:56", nospace
"2014-04-18 01:33:46", "2014-04-18 01:36:36", nospace
"2014-04-18 02:23:35", "2014-04-18 02:37:39", nospace
"2014-04-18 02:40:28", "2014-04-18 02:46:06", nospace
"2014-04-18 02:50:53", "2014-04-18 02:53:59", nospace
"2014-04-18 03:00:38", "2014-04-18 03:03:45", nospace
"2014-04-18 03:19:09", "2014-04-18 03:27:36", nospace
"2014-04-18 03:33:14", "2014-04-18 03:41:40", nospace
"2014-04-18 03:47:18", "2014-04-18 04:12:39", nospace
"2014-04-18 04:15:27", "2014-04-18 04:18:17", nospace
"2014-04-18 05:06:05", "2014-04-18 05:11:45", nospace
"2014-04-18 05:54:27", "2014-04-18 06:01:37", nospace
"2014-04-18 09:47:36", "2014-04-18 09:56:04", nospace
"2014-04-18 10:04:32", "2014-04-18 10:07:20", nospace
"2014-04-18 10:10:09", "2014-04-18 10:15:47", nospace
"2014-04-18 13:21:53", "2014-04-18 13:24:41", nospace
"2014-04-18 13:47:15", "2014-04-18 13:52:55", nospace
"2014-04-18 13:55:44", "2014-04-18 13:58:33", nospace
"2014-04-18 14:01:23", "2014-04-18 14:04:13", nospace
"2014-04-18 14:09:52", "2014-04-18 14:18:20", nospace
"2014-04-18 15:11:07", "2014-04-18 15:16:46", nospace
"2014-04-19 06:40:13", "2014-04-19 06:54:20", nospace
"2014-04-19 06:57:09", "2014-04-19 06:59:59", nospace
"2014-04-19 07:31:07", "2014-04-19 07:39:37", nospace
"2014-04-19 07:45:18", "2014-04-19 08:08:29", nospace
"2014-04-19 08:18:39", "2014-04-19 08:29:45", nospace
"2014-04-19 08:32:35", "2014-04-19 08:35:26", nospace
"2014-04-19 09:00:54", "2014-04-19 09:03:45", nospace
"2014-04-19 09:42:41", "2014-04-19 10:08:11", nospace
"2014-04-19 10:16:40", "2014-04-19 10:19:31", nospace
"2014-04-20 06:00:56", "2014-04-20 06:03:45", nospace
"2014-04-20 06:06:35", "2014-04-20 06:09:25", nospace
"2014-04-20 06:17:58", "2014-04-20 06:26:58", nospace
"2014-04-20 06:49:18", "2014-04-20 07:32:15", nospace
"2014-04-20 07:50:48", "2014-04-20 08:16:42", nospace
"2014-04-20 08:28:07", "2014-04-20 08:32:47", nospace
"2014-04-20 08:58:20", "2014-04-20 09:11:23", nospace
"2014-04-20 14:11:47", "2014-04-20 14:14:36", nospace
"2014-04-21 01:00:20", "2014-04-21 01:08:52", nospace
"2014-04-21 02:08:38", "2014-04-21 02:28:34", nospace
"2014-04-21 03:19:09", "2014-04-21 03:20:50", nospace
"2014-04-21 03:40:31", "2014-04-21 04:00:27", nospace
"2014-04-21 04:11:53", "2014-04-21 04:34:42", nospace
"2014-04-21 08:29:40", "2014-04-21 08:37:31", nospace
"2014-04-21 09:06:40", "2014-04-21 09:18:05", nospace
"2014-04-21 09:20:56", "2014-04-21 09:26:38", nospace
"2014-04-21 09:29:29", "2014-04-21 09:35:12", nospace
"2014-04-21 09:40:56", "2014-04-21 09:43:48", nospace
"2014-04-21 09:46:40", "2014-04-21 09:49:30", nospace
"2014-04-22 01:13:08", "2014-04-22 01:16:00", nospace
"2014-04-22 01:19:14", "2014-04-22 01:24:28", nospace
"2014-04-22 01:29:17", "2014-04-22 01:34:59", nospace
"2014-04-22 03:26:24", "2014-04-22 03:57:55", nospace
"2014-04-22 04:03:40", "2014-04-22 04:09:26", nospace
"2014-04-22 04:18:01", "2014-04-22 04:55:13", nospace
"2014-04-22 05:32:20", "2014-04-22 05:35:13", nospace
"2014-04-22 05:37:49", "2014-04-22 05:52:32", nospace
"2014-04-22 06:14:25", "2014-04-22 06:17:16", nospace
"2014-04-22 09:02:43", "2014-04-22 09:28:25", nospace
"2014-04-22 09:59:53", "2014-04-22 10:02:45", nospace
"2014-04-22 10:05:39", "2014-04-22 10:14:14", nospace
"2014-04-22 10:22:48", "2014-04-22 10:25:40", nospace
"2014-04-22 10:34:16", "2014-04-22 10:40:01", nospace
"2014-04-22 10:57:09", "2014-04-22 11:02:53", nospace
"2014-04-22 11:11:27", "2014-04-22 11:14:19", nospace
"2014-04-22 11:17:10", "2014-04-22 11:20:02", nospace
"2014-04-23 01:18:35", "2014-04-23 01:21:26", nospace
"2014-04-23 01:30:02", "2014-04-23 01:32:54", nospace
"2014-04-23 02:49:27", "2014-04-23 02:55:11", nospace
"2014-04-23 03:03:46", "2014-04-23 03:18:42", nospace
"2014-04-23 03:23:25", "2014-04-23 03:28:40", nospace
"2014-04-23 03:31:30", "2014-04-23 03:37:13", nospace
"2014-04-23 03:40:06", "2014-04-23 04:28:51", nospace
"2014-04-23 04:34:35", "2014-04-23 04:46:02", nospace
"2014-04-23 04:48:54", "2014-04-23 04:51:46", nospace
"2014-04-23 06:43:48", "2014-04-23 06:52:39", nospace
"2014-04-23 12:12:55", "2014-04-23 12:16:07", nospace
"2014-04-23 12:53:38", "2014-04-23 12:54:30", nospace
"2014-04-23 13:12:44", "2014-04-23 13:14:24", nospace
"2014-04-23 13:23:02", "2014-04-23 13:31:38", nospace
"2014-04-24 06:03:02", "2014-04-24 06:05:55", nospace
"2014-04-24 06:08:48", "2014-04-24 06:19:37", nospace
"2014-04-24 11:51:48", "2014-04-24 12:00:27", nospace
"2014-04-24 12:23:30", "2014-04-24 12:32:06", nospace
"2014-04-24 12:37:20", "2014-04-24 13:00:03", nospace
"2014-04-24 13:08:43", "2014-04-24 13:17:24", nospace
"2014-04-24 13:52:03", "2014-04-24 13:57:47", nospace
"2014-04-24 14:02:26", "2014-04-24 14:03:56", nospace
"2014-04-24 23:41:40", "2014-04-24 23:53:12", nospace
"2014-04-25 10:09:52", "2014-04-25 10:12:46", nobike
"2014-04-25 11:56:56", "2014-04-25 12:08:30", nobike
"2014-04-25 13:57:37", "2014-04-25 14:00:32", nospace
"2014-04-25 14:06:18", "2014-04-25 14:09:13", nospace
"2014-04-25 16:11:56", "2014-04-25 16:23:30", nobike
"2014-04-26 07:24:45", "2014-04-26 07:41:56", nospace
"2014-04-26 13:04:47", "2014-04-26 13:22:11", nospace
"2014-04-26 13:30:52", "2014-04-26 13:33:47", nospace
"2014-04-26 13:36:40", "2014-04-26 13:47:57", nospace
"2014-04-26 13:51:10", "2014-04-26 14:28:06", nospace
"2014-04-26 15:14:58", "2014-04-26 15:21:22", nospace
"2014-04-27 04:16:54", "2014-04-27 04:26:54", nospace
"2014-04-27 04:42:13", "2014-04-27 05:05:28", nospace
"2014-04-27 05:08:21", "2014-04-27 05:11:16", nospace
"2014-04-27 05:14:09", "2014-04-27 05:19:59", nospace
"2014-04-27 06:23:13", "2014-04-27 06:26:12", nospace
"2014-04-27 06:41:12", "2014-04-27 06:47:03", nospace
"2014-04-27 07:01:38", "2014-04-27 07:04:34", nospace
"2014-04-27 07:13:18", "2014-04-27 07:19:07", nospace
"2014-04-27 07:24:56", "2014-04-27 07:28:22", nospace
"2014-04-27 07:53:11", "2014-04-27 07:59:02", nospace
"2014-04-27 08:10:41", "2014-04-27 08:16:29", nospace
"2014-04-27 08:19:24", "2014-04-27 08:28:10", nospace
"2014-04-27 08:31:04", "2014-04-27 08:33:59", nospace
"2014-04-27 08:36:55", "2014-04-27 08:42:44", nospace
"2014-04-27 08:54:27", "2014-04-27 09:14:51", nospace
"2014-04-27 09:23:35", "2014-04-27 09:41:03", nospace
"2014-04-27 09:43:58", "2014-04-27 09:52:43", nospace
"2014-04-27 09:55:39", "2014-04-27 10:16:03", nospace
"2014-04-27 13:38:37", "2014-04-27 13:44:26", nobike
"2014-04-27 13:59:02", "2014-04-27 14:01:51", nospace
"2014-04-27 14:04:00", "2014-04-27 14:06:54", nospace
"2014-04-27 14:09:49", "2014-04-27 14:12:45", nospace
"2014-04-27 16:11:23", "2014-04-27 16:34:49", nobike
"2014-04-27 19:09:29", "2014-04-27 19:35:51", nobike
"2014-04-28 01:38:26", "2014-04-28 01:48:56", nospace
"2014-04-28 01:55:09", "2014-04-28 01:58:05", nospace
"2014-04-28 02:03:56", "2014-04-28 02:06:51", nospace
"2014-04-28 02:53:39", "2014-04-28 02:56:35", nospace
"2014-04-28 03:08:17", "2014-04-28 03:22:53", nospace
"2014-04-28 03:25:50", "2014-04-28 03:28:45", nospace
"2014-04-28 03:37:30", "2014-04-28 04:00:50", nospace
"2014-04-28 04:03:46", "2014-04-28 04:18:22", nospace
"2014-04-28 04:21:17", "2014-04-28 04:27:09", nospace
"2014-04-28 06:46:52", "2014-04-28 06:49:50", nospace
"2014-04-28 09:23:56", "2014-04-28 09:38:31", nospace
"2014-04-28 10:10:39", "2014-04-28 10:16:28", nospace
"2014-04-28 10:19:24", "2014-04-28 10:31:08", nospace
"2014-04-29 00:42:31", "2014-04-29 01:03:04", nospace
"2014-04-29 01:12:20", "2014-04-29 01:15:33", nospace
"2014-04-29 01:20:09", "2014-04-29 01:53:20", nospace
"2014-04-29 01:56:32", "2014-04-29 02:06:11", nospace
"2014-04-29 17:03:57", "2014-04-29 17:18:40", nobike
"2014-04-29 17:24:33", "2014-04-29 17:48:02", nobike
"2014-04-30 14:24:23", "2014-04-30 14:27:40", nospace
"2014-04-30 14:36:51", "2014-04-30 14:39:48", nospace
"2014-05-01 14:15:41", "2014-05-01 14:27:30", nospace
"2014-05-02 02:31:44", "2014-05-02 02:49:27", nospace
"2014-05-02 03:01:35", "2014-05-02 03:20:00", nospace
"2014-05-02 03:23:23", "2014-05-02 03:41:57", nospace
"2014-05-02 03:44:55", "2014-05-02 03:50:50", nospace
"2014-05-02 03:53:47", "2014-05-02 03:59:42", nospace
"2014-05-02 04:08:34", "2014-05-02 04:17:27", nospace
"2014-05-02 05:04:01", "2014-05-02 05:06:22", nospace
"2014-05-02 06:29:16", "2014-05-02 07:11:06", nospace
"2014-05-02 07:28:51", "2014-05-02 07:46:40", nospace
"2014-05-02 07:49:37", "2014-05-02 07:58:30", nospace
"2014-05-02 08:45:57", "2014-05-02 08:48:55", nospace
"2014-05-02 08:51:53", "2014-05-02 08:54:52", nospace
"2014-05-02 09:06:43", "2014-05-02 09:18:36", nospace
"2014-05-02 11:04:35", "2014-05-02 11:19:33", nospace
"2014-05-03 05:18:46", "2014-05-03 05:21:45", nospace
"2014-05-03 07:33:19", "2014-05-03 08:01:58", nospace
"2014-05-03 08:03:45", "2014-05-03 08:28:11", nospace
"2014-05-03 08:40:06", "2014-05-03 08:43:05", nospace
"2014-05-03 08:49:03", "2014-05-03 08:54:59", nospace
"2014-05-03 09:18:50", "2014-05-03 09:27:45", nospace
"2014-05-03 09:30:44", "2014-05-03 09:39:38", nospace
"2014-05-03 09:48:34", "2014-05-03 09:51:32", nospace
"2014-05-03 09:57:30", "2014-05-03 10:00:27", nospace
"2014-05-03 10:03:26", "2014-05-03 10:12:21", nospace
"2014-05-03 10:18:16", "2014-05-03 10:33:07", nospace
"2014-05-03 10:45:00", "2014-05-03 10:50:55", nospace
"2014-05-03 12:34:56", "2014-05-03 12:40:53", nospace
"2014-05-03 14:18:23", "2014-05-03 14:24:21", nospace
"2014-05-03 18:07:34", "2014-05-03 19:24:39", nobike
"2014-05-04 01:38:06", "2014-05-04 01:41:05", nobike
"2014-05-04 08:24:45", "2014-05-04 08:30:41", nospace
"2014-05-04 08:33:41", "2014-05-04 08:36:39", nospace
"2014-05-04 08:39:39", "2014-05-04 08:48:35", nospace
"2014-05-04 09:00:28", "2014-05-04 09:09:27", nospace
"2014-05-04 09:12:26", "2014-05-04 09:21:25", nospace
"2014-05-04 09:27:22", "2014-05-04 09:39:18", nospace
"2014-05-04 09:40:28", "2014-05-04 09:45:48", nospace
"2014-05-04 09:51:12", "2014-05-04 10:02:26", nospace
"2014-05-04 16:47:54", "2014-05-04 16:59:32", nobike
"2014-05-05 06:14:56", "2014-05-05 06:39:24", nospace
"2014-05-05 07:03:19", "2014-05-05 07:06:18", nospace
"2014-05-05 12:25:43", "2014-05-05 12:28:43", nospace
"2014-05-08 03:35:35", "2014-05-08 03:47:40", nospace
"2014-05-08 03:50:41", "2014-05-08 03:56:44", nospace
"2014-05-08 04:11:49", "2014-05-08 04:14:50", nospace
"2014-05-08 04:17:52", "2014-05-08 04:26:55", nospace
"2014-05-08 04:33:59", "2014-05-08 04:53:25", nospace
"2014-05-08 06:59:38", "2014-05-08 07:11:42", nospace
"2014-05-08 10:03:11", "2014-05-08 10:06:11", nobike
"2014-05-08 12:04:13", "2014-05-08 12:07:17", nobike
"2014-05-08 14:25:48", "2014-05-08 14:28:49", nospace
"2014-05-08 14:40:55", "2014-05-08 14:43:56", nospace
"2014-05-08 14:46:56", "2014-05-08 14:56:01", nospace
"2014-05-08 15:05:07", "2014-05-08 15:08:08", nospace
"2014-05-09 07:28:01", "2014-05-09 07:31:25", nospace
"2014-05-09 07:39:54", "2014-05-09 07:59:47", nospace
