"2013-12-30 16:09:52", "2013-12-30 16:33:53", nospace
"2013-12-31 12:39:50", "2013-12-31 14:36:40", nospace
"2013-12-31 15:55:24", "2013-12-31 16:42:56", nospace
"2013-12-31 16:55:17", "2013-12-31 17:10:06", nospace
"2013-12-31 19:25:36", "2013-12-31 20:34:14", nospace
"2014-01-01 01:10:16", "2014-01-01 02:28:10", nospace
"2014-01-01 02:37:09", "2014-01-01 03:04:14", nospace
"2014-01-01 06:30:34", "2014-01-01 06:33:56", nospace
"2014-01-01 07:30:47", "2014-01-01 07:34:16", nospace
"2014-01-01 07:36:37", "2014-01-01 07:58:40", nospace
"2014-01-01 08:15:46", "2014-01-01 08:19:01", nospace
"2014-01-03 12:28:05", "2014-01-03 12:49:25", nospace
"2014-01-03 13:24:52", "2014-01-03 13:30:48", nospace
"2014-01-04 09:33:55", "2014-01-04 09:37:28", nobike
"2014-01-04 09:39:54", "2014-01-04 10:10:48", nobike
"2014-01-04 10:16:51", "2014-01-04 10:25:19", nobike
"2014-01-05 07:07:33", "2014-01-05 07:13:44", nospace
"2014-01-05 08:49:00", "2014-01-05 09:07:06", nospace
"2014-01-05 09:13:14", "2014-01-05 09:21:49", nospace
"2014-01-05 09:25:33", "2014-01-05 09:28:00", nospace
"2014-01-05 09:34:10", "2014-01-05 09:37:48", nospace
"2014-01-05 10:13:29", "2014-01-05 10:19:39", nospace
"2014-01-05 10:46:38", "2014-01-05 10:49:05", nospace
"2014-01-07 01:22:47", "2014-01-07 02:22:51", nobike
"2014-01-07 02:53:00", "2014-01-07 03:13:07", nobike
"2014-01-07 03:31:06", "2014-01-07 04:07:12", nobike
"2014-01-07 04:22:20", "2014-01-07 04:34:57", nobike
"2014-01-07 05:01:11", "2014-01-07 05:04:58", nobike
"2014-01-07 05:10:00", "2014-01-07 05:16:18", nobike
"2014-01-07 10:10:21", "2014-01-07 10:13:13", nospace
"2014-01-07 10:19:12", "2014-01-07 10:34:17", nospace
"2014-01-08 01:01:18", "2014-01-08 01:22:30", nobike
"2014-01-08 01:25:02", "2014-01-08 02:25:50", nobike
"2014-01-08 04:07:18", "2014-01-08 04:11:06", nobike
"2014-01-08 04:22:32", "2014-01-08 04:31:25", nobike
"2014-01-08 04:33:58", "2014-01-08 04:49:01", nobike
"2014-01-08 04:55:24", "2014-01-08 05:19:38", nobike
"2014-01-09 11:20:05", "2014-01-09 11:22:42", nospace
"2014-01-09 11:34:25", "2014-01-09 11:43:23", nospace
"2014-01-09 23:22:46", "2014-01-09 23:25:21", nospace
"2014-01-09 23:34:27", "2014-01-09 23:49:59", nospace
"2014-01-10 07:02:11", "2014-01-10 07:07:28", nobike
"2014-01-10 07:59:14", "2014-01-10 08:07:11", nobike
"2014-01-11 02:10:38", "2014-01-11 02:17:15", nobike
"2014-01-11 04:26:06", "2014-01-11 04:43:19", nobike
"2014-01-11 04:47:15", "2014-01-11 05:04:29", nobike
"2014-01-11 10:41:20", "2014-01-11 10:43:28", nobike
"2014-01-11 10:52:56", "2014-01-11 11:02:20", nobike
"2014-01-12 03:10:19", "2014-01-12 03:29:08", nobike
"2014-01-12 04:13:25", "2014-01-12 04:20:18", nobike
"2014-01-12 04:28:21", "2014-01-12 04:35:03", nobike
"2014-01-12 06:47:11", "2014-01-12 06:59:25", nospace
"2014-01-12 09:53:09", "2014-01-12 10:19:23", nobike
"2014-01-12 10:34:18", "2014-01-12 10:49:17", nobike
"2014-01-12 14:40:36", "2014-01-12 14:59:01", nospace
"2014-01-12 15:58:34", "2014-01-12 16:13:53", nospace
"2014-01-12 23:08:26", "2014-01-12 23:43:42", nospace
"2014-01-13 11:40:53", "2014-01-13 11:43:37", nospace
"2014-01-14 10:35:17", "2014-01-14 10:50:33", nospace
"2014-01-14 10:53:18", "2014-01-14 10:56:04", nospace
"2014-01-14 10:58:50", "2014-01-14 11:32:06", nospace
"2014-01-15 00:44:04", "2014-01-15 00:59:19", nobike
"2014-01-15 01:02:06", "2014-01-15 01:14:36", nobike
"2014-01-15 01:20:10", "2014-01-15 01:22:57", nobike
"2014-01-15 01:32:38", "2014-01-15 02:17:04", nobike
"2014-01-15 02:40:34", "2014-01-15 03:05:16", nobike
"2014-01-15 03:37:37", "2014-01-15 03:40:24", nobike
"2014-01-15 11:29:09", "2014-01-15 11:31:26", nospace
"2014-01-15 11:35:34", "2014-01-15 11:49:38", nospace
"2014-01-15 11:56:40", "2014-01-15 12:19:36", nospace
"2014-01-15 12:40:37", "2014-01-15 12:55:57", nospace
"2014-01-15 16:53:02", "2014-01-15 17:11:28", nobike
"2014-01-16 00:23:14", "2014-01-16 01:26:30", nobike
"2014-01-16 01:34:56", "2014-01-16 02:04:53", nobike
"2014-01-16 02:07:43", "2014-01-16 02:14:43", nobike
"2014-01-16 03:29:31", "2014-01-16 03:40:42", nobike
"2014-01-16 03:43:31", "2014-01-16 03:52:40", nobike
"2014-01-16 03:59:28", "2014-01-16 04:23:21", nobike
"2014-01-16 04:26:04", "2014-01-16 04:41:36", nobike
"2014-01-16 07:16:25", "2014-01-16 07:20:42", nobike
"2014-01-16 11:34:49", "2014-01-16 11:52:38", nospace
"2014-01-16 13:43:33", "2014-01-16 13:47:48", nospace
"2014-01-16 13:56:21", "2014-01-16 13:59:12", nospace
"2014-01-16 14:56:03", "2014-01-16 15:59:02", nospace
"2014-01-17 02:46:56", "2014-01-17 03:23:11", nobike
"2014-01-17 03:50:39", "2014-01-17 04:02:02", nobike
"2014-01-17 04:04:54", "2014-01-17 04:26:13", nobike
"2014-01-17 10:25:47", "2014-01-17 10:29:45", nospace
"2014-01-17 10:32:37", "2014-01-17 10:55:32", nospace
"2014-01-17 10:59:50", "2014-01-17 11:14:11", nospace
"2014-01-17 11:17:03", "2014-01-17 11:25:39", nospace
"2014-01-17 11:41:27", "2014-01-17 11:44:18", nospace
"2014-01-17 14:50:32", "2014-01-17 15:44:10", nospace
"2014-01-17 16:22:52", "2014-01-17 16:38:40", nospace
"2014-01-17 16:47:17", "2014-01-17 17:41:33", nospace
"2014-01-17 23:56:20", "2014-01-18 00:10:42", nospace
"2014-01-18 00:29:23", "2014-01-18 00:43:48", nospace
"2014-01-18 00:46:40", "2014-01-18 00:53:52", nospace
"2014-01-18 03:56:28", "2014-01-18 03:59:21", nobike
"2014-01-18 04:02:13", "2014-01-18 04:07:58", nobike
"2014-01-18 04:13:43", "2014-01-18 04:20:10", nobike
"2014-01-18 08:53:11", "2014-01-18 08:56:05", nospace
"2014-01-18 08:58:59", "2014-01-18 09:01:55", nospace
"2014-01-18 09:04:48", "2014-01-18 09:10:35", nospace
"2014-01-18 09:35:15", "2014-01-18 09:38:08", nospace
"2014-01-18 13:59:08", "2014-01-18 14:01:39", nospace
"2014-01-18 15:50:01", "2014-01-18 15:55:49", nospace
"2014-01-18 16:25:56", "2014-01-18 16:47:08", nospace
"2014-01-18 17:11:43", "2014-01-18 17:37:49", nospace
"2014-01-19 02:59:14", "2014-01-19 03:07:58", nobike
"2014-01-19 03:19:39", "2014-01-19 03:41:27", nobike
"2014-01-19 03:44:24", "2014-01-19 04:01:49", nobike
"2014-01-19 07:53:32", "2014-01-19 08:02:18", nospace
"2014-01-19 08:05:16", "2014-01-19 08:11:09", nospace
"2014-01-19 10:26:42", "2014-01-19 10:38:32", nobike
"2014-01-19 10:41:29", "2014-01-19 10:56:05", nobike
"2014-01-19 11:02:00", "2014-01-19 11:04:57", nobike
"2014-01-19 11:07:54", "2014-01-19 11:19:43", nobike
"2014-01-19 11:47:44", "2014-01-19 12:05:22", nobike
"2014-01-20 03:20:29", "2014-01-20 03:31:56", nobike
"2014-01-20 03:34:53", "2014-01-20 03:40:47", nobike
"2014-01-20 03:46:41", "2014-01-20 03:54:05", nobike
"2014-01-20 03:57:03", "2014-01-20 04:23:38", nobike
"2014-01-20 04:26:35", "2014-01-20 04:41:18", nobike
"2014-01-20 11:33:03", "2014-01-20 11:50:56", nospace
"2014-01-20 12:29:25", "2014-01-20 12:35:06", nospace
"2014-01-20 13:53:29", "2014-01-20 13:59:27", nospace
"2014-01-20 14:02:23", "2014-01-20 14:11:16", nospace
"2014-01-20 15:20:01", "2014-01-20 15:50:58", nospace
"2014-01-20 16:02:51", "2014-01-20 16:26:40", nospace
"2014-01-21 04:29:21", "2014-01-21 04:38:15", nobike
"2014-01-21 11:40:45", "2014-01-21 11:46:44", nospace
"2014-01-21 13:17:56", "2014-01-21 13:26:57", nospace
"2014-01-21 15:20:05", "2014-01-21 15:38:03", nospace
"2014-01-21 23:46:59", "2014-01-21 23:55:59", nospace
"2014-01-22 03:06:48", "2014-01-22 03:18:49", nobike
"2014-01-22 03:20:19", "2014-01-22 03:21:49", nobike
"2014-01-22 03:23:19", "2014-01-22 03:39:49", nobike
"2014-01-22 03:42:49", "2014-01-22 04:09:47", nobike
"2014-01-22 04:18:47", "2014-01-22 04:35:18", nobike
"2014-01-22 10:08:11", "2014-01-22 10:11:14", nospace
"2014-01-23 03:06:29", "2014-01-23 03:15:40", nobike
"2014-01-23 03:38:28", "2014-01-23 03:41:29", nobike
"2014-01-23 10:29:41", "2014-01-23 10:35:47", nospace
"2014-01-24 04:05:29", "2014-01-24 04:25:21", nobike
"2014-01-24 04:26:52", "2014-01-24 04:31:28", nobike
"2014-01-24 10:27:13", "2014-01-24 10:31:52", nospace
"2014-01-24 10:33:24", "2014-01-24 10:38:04", nospace
"2014-01-24 11:02:29", "2014-01-24 11:08:39", nospace
"2014-01-24 11:25:11", "2014-01-24 11:41:59", nospace
"2014-01-24 12:05:29", "2014-01-24 12:11:39", nospace
"2014-01-24 12:16:15", "2014-01-24 12:19:20", nospace
"2014-01-24 12:30:11", "2014-01-24 12:54:04", nospace
"2014-01-24 23:48:23", "2014-01-25 00:24:07", nospace
"2014-01-25 00:25:19", "2014-01-25 00:37:56", nospace
"2014-01-25 03:00:31", "2014-01-25 03:03:37", nobike
"2014-01-25 03:20:43", "2014-01-25 03:22:59", nobike
"2014-01-25 03:23:35", "2014-01-25 03:26:02", nobike
"2014-01-25 03:26:41", "2014-01-25 03:35:02", nobike
"2014-01-25 03:57:35", "2014-01-25 04:00:42", nobike
"2014-01-25 04:02:15", "2014-01-25 04:23:48", nobike
"2014-01-25 04:25:50", "2014-01-25 04:29:38", nobike
"2014-01-25 08:10:06", "2014-01-25 08:11:40", nospace
"2014-01-25 08:16:23", "2014-01-25 08:19:31", nospace
"2014-01-25 08:44:31", "2014-01-25 08:46:02", nospace
"2014-01-25 08:50:47", "2014-01-25 09:01:44", nospace
"2014-01-25 09:12:42", "2014-01-25 09:14:16", nospace
"2014-01-25 09:18:59", "2014-01-25 09:20:32", nospace
"2014-01-25 09:23:40", "2014-01-25 09:25:14", nospace
"2014-01-25 09:26:50", "2014-01-25 09:36:10", nospace
"2014-01-25 09:40:53", "2014-01-25 09:42:26", nospace
"2014-01-25 09:45:34", "2014-01-25 09:47:09", nospace
"2014-01-25 09:51:51", "2014-01-25 09:55:54", nospace
"2014-01-25 10:00:02", "2014-01-25 10:06:44", nospace
"2014-01-25 10:08:58", "2014-01-25 10:15:09", nospace
"2014-01-25 13:46:38", "2014-01-25 13:54:28", nospace
"2014-01-25 14:00:43", "2014-01-25 14:03:52", nospace
"2014-01-25 14:11:40", "2014-01-25 14:25:46", nospace
"2014-01-25 14:28:54", "2014-01-25 14:33:36", nospace
"2014-01-25 14:35:10", "2014-01-25 14:43:01", nospace
"2014-01-25 14:55:33", "2014-01-25 15:04:58", nospace
"2014-01-25 15:23:47", "2014-01-25 15:31:38", nospace
"2014-01-25 15:50:45", "2014-01-25 15:52:33", nospace
"2014-01-25 15:54:28", "2014-01-25 16:50:25", nospace
"2014-01-25 17:54:49", "2014-01-25 18:16:47", nospace
"2014-01-26 08:13:29", "2014-01-26 08:15:32", nospace
"2014-01-26 08:38:46", "2014-01-26 08:40:19", nospace
"2014-01-26 10:36:58", "2014-01-26 10:48:54", nospace
"2014-01-26 11:30:44", "2014-01-26 11:32:47", nospace
"2014-01-26 11:33:34", "2014-01-26 11:41:29", nospace
"2014-01-26 11:58:22", "2014-01-26 12:04:44", nospace
"2014-01-26 12:44:08", "2014-01-26 12:47:16", nospace
"2014-01-26 12:53:35", "2014-01-26 13:03:02", nospace
"2014-01-26 13:23:34", "2014-01-26 13:29:53", nospace
"2014-01-26 15:45:38", "2014-01-26 16:18:36", nospace
"2014-01-27 01:17:53", "2014-01-27 01:33:45", nobike
"2014-01-27 10:07:41", "2014-01-27 10:12:29", nobike
"2014-01-27 15:36:02", "2014-01-27 15:37:38", nospace
"2014-01-27 15:44:03", "2014-01-27 16:01:37", nospace
"2014-01-28 00:45:41", "2014-01-28 00:53:41", nobike
"2014-01-28 00:56:54", "2014-01-28 00:58:29", nobike
"2014-01-28 03:50:37", "2014-01-28 03:52:13", nobike
"2014-01-28 03:53:49", "2014-01-28 04:11:24", nobike
"2014-01-28 04:12:59", "2014-01-28 04:17:48", nobike
"2014-01-28 04:19:23", "2014-01-28 04:27:22", nobike
"2014-01-28 04:28:58", "2014-01-28 04:30:33", nobike
"2014-01-28 04:44:58", "2014-01-28 04:46:35", nobike
"2014-01-28 08:40:04", "2014-01-28 08:41:55", nobike
"2014-01-28 10:01:49", "2014-01-28 10:09:54", nospace
"2014-01-28 17:45:05", "2014-01-28 17:46:42", nospace
"2014-01-28 22:57:30", "2014-01-28 23:00:20", nospace
"2014-01-29 05:45:10", "2014-01-29 05:46:47", nospace
"2014-01-29 05:48:24", "2014-01-29 05:55:25", nospace
"2014-01-29 05:57:29", "2014-01-29 06:04:08", nospace
"2014-01-29 06:18:43", "2014-01-29 06:21:58", nospace
"2014-01-29 18:12:04", "2014-01-29 20:01:07", nospace
"2014-01-29 22:26:42", "2014-01-29 23:23:53", nospace
"2014-01-29 23:45:05", "2014-01-30 00:17:51", nospace
"2014-01-30 04:00:00", "2014-01-30 04:13:06", nospace
"2014-01-30 04:14:45", "2014-01-30 04:32:46", nospace
"2014-01-30 05:41:27", "2014-01-30 05:46:22", nospace
"2014-01-30 05:48:01", "2014-01-30 06:07:41", nospace
"2014-01-31 02:09:36", "2014-01-31 02:23:08", nospace
"2014-01-31 08:12:55", "2014-01-31 08:14:34", nospace
"2014-01-31 08:35:00", "2014-01-31 08:57:56", nospace
"2014-01-31 09:00:07", "2014-01-31 09:04:28", nospace
"2014-01-31 15:28:32", "2014-01-31 15:43:43", nobike
"2014-02-01 09:01:20", "2014-02-01 09:15:26", nospace
"2014-02-01 09:17:39", "2014-02-01 09:22:03", nospace
"2014-02-01 09:24:16", "2014-02-01 09:26:26", nospace
"2014-02-01 09:28:36", "2014-02-01 09:35:31", nospace
"2014-02-01 09:41:21", "2014-02-01 09:48:47", nospace
"2014-02-01 13:27:46", "2014-02-01 13:44:22", nobike
"2014-02-01 13:46:04", "2014-02-01 13:51:05", nobike
"2014-02-01 13:57:47", "2014-02-01 14:01:06", nobike
"2014-02-01 14:44:40", "2014-02-01 14:52:42", nobike
"2014-02-01 15:07:35", "2014-02-01 15:12:20", nobike
"2014-02-01 15:16:51", "2014-02-01 15:58:59", nobike
"2014-02-01 17:12:48", "2014-02-01 22:05:08", nobike
"2014-02-01 22:59:02", "2014-02-01 23:04:04", nobike
"2014-02-02 02:35:49", "2014-02-02 02:37:30", nobike
"2014-02-02 02:40:53", "2014-02-02 02:56:02", nobike
"2014-02-02 06:07:20", "2014-02-02 06:09:32", nospace
"2014-02-02 06:16:24", "2014-02-02 06:23:18", nospace
"2014-02-02 06:56:27", "2014-02-02 07:30:28", nospace
"2014-02-02 07:32:41", "2014-02-02 07:44:08", nospace
"2014-02-02 08:13:49", "2014-02-02 08:27:06", nospace
"2014-02-02 09:03:41", "2014-02-02 09:22:06", nospace
"2014-02-02 09:24:18", "2014-02-02 09:28:49", nospace
"2014-02-02 13:09:04", "2014-02-02 13:11:15", nospace
"2014-02-02 13:15:40", "2014-02-02 13:20:12", nospace
"2014-02-02 13:24:37", "2014-02-02 13:26:29", nospace
"2014-02-03 08:09:28", "2014-02-03 08:22:29", nospace
"2014-02-03 08:28:35", "2014-02-03 08:40:35", nospace
"2014-02-03 08:43:58", "2014-02-03 08:55:57", nospace
"2014-02-03 10:51:06", "2014-02-03 11:03:55", nobike
"2014-02-03 11:04:55", "2014-02-03 11:21:14", nobike
"2014-02-03 12:45:17", "2014-02-03 13:09:04", nobike
"2014-02-03 14:34:24", "2014-02-03 14:36:34", nospace
"2014-02-03 19:14:09", "2014-02-03 20:39:55", nobike
"2014-02-04 05:16:42", "2014-02-04 05:28:48", nospace
"2014-02-04 07:17:15", "2014-02-04 07:24:12", nospace
"2014-02-04 08:31:03", "2014-02-04 08:37:57", nospace
"2014-02-05 08:52:27", "2014-02-05 08:56:07", nospace
"2014-02-05 09:20:19", "2014-02-05 09:27:25", nospace
"2014-02-05 09:37:21", "2014-02-05 09:39:33", nospace
"2014-02-05 09:41:50", "2014-02-05 09:52:49", nospace
"2014-02-05 09:54:10", "2014-02-05 10:10:27", nospace
"2014-02-05 10:12:55", "2014-02-05 10:20:49", nospace
"2014-02-05 10:31:45", "2014-02-05 10:36:11", nospace
"2014-02-05 11:16:45", "2014-02-05 11:18:13", nospace
"2014-02-05 11:54:39", "2014-02-05 11:59:27", nospace
"2014-02-05 14:01:20", "2014-02-05 14:03:34", nospace
"2014-02-06 01:02:58", "2014-02-06 01:18:40", nobike
"2014-02-06 04:34:04", "2014-02-06 04:39:09", nospace
"2014-02-06 08:10:39", "2014-02-06 08:15:54", nospace
"2014-02-06 08:17:40", "2014-02-06 08:22:55", nospace
"2014-02-06 09:00:46", "2014-02-06 09:03:01", nospace
"2014-02-06 09:05:16", "2014-02-06 09:10:05", nospace
"2014-02-06 09:25:01", "2014-02-06 09:40:39", nospace
"2014-02-06 09:46:06", "2014-02-06 09:50:40", nospace
"2014-02-06 09:57:39", "2014-02-06 09:59:57", nospace
"2014-02-06 10:07:00", "2014-02-06 10:13:59", nospace
"2014-02-07 08:23:18", "2014-02-07 08:39:19", nospace
"2014-02-07 08:49:56", "2014-02-07 08:51:41", nospace
"2014-02-07 09:21:28", "2014-02-07 09:25:58", nospace
"2014-02-07 09:42:38", "2014-02-07 09:44:57", nospace
"2014-02-07 09:46:25", "2014-02-07 09:54:02", nospace
"2014-02-07 09:55:48", "2014-02-07 09:57:33", nospace
"2014-02-07 10:09:57", "2014-02-07 10:43:37", nospace
"2014-02-07 10:45:24", "2014-02-07 10:47:09", nospace
"2014-02-07 11:22:42", "2014-02-07 11:24:30", nospace
"2014-02-07 11:31:35", "2014-02-07 11:38:41", nospace
"2014-02-07 11:55:03", "2014-02-07 12:03:54", nospace
"2014-02-07 13:00:39", "2014-02-07 13:02:25", nospace
"2014-02-07 13:43:07", "2014-02-07 13:45:26", nospace
"2014-02-08 02:18:25", "2014-02-08 02:54:38", nospace
"2014-02-08 03:16:19", "2014-02-08 03:18:54", nospace
"2014-02-08 03:56:50", "2014-02-08 04:02:11", nospace
"2014-02-08 04:12:56", "2014-02-08 04:51:51", nospace
"2014-02-08 04:54:52", "2014-02-08 05:06:35", nospace
"2014-02-08 06:15:10", "2014-02-08 06:25:58", nospace
"2014-02-08 06:27:46", "2014-02-08 06:34:57", nospace
"2014-02-08 07:13:24", "2014-02-08 07:24:50", nospace
"2014-02-08 07:27:04", "2014-02-08 07:30:30", nospace
"2014-02-08 07:32:19", "2014-02-08 07:35:54", nospace
"2014-02-08 07:57:18", "2014-02-08 08:07:48", nospace
"2014-02-08 08:31:38", "2014-02-08 08:40:32", nospace
"2014-02-08 10:18:09", "2014-02-08 10:32:33", nospace
"2014-02-08 10:40:01", "2014-02-08 10:49:31", nospace
"2014-02-08 11:55:34", "2014-02-08 12:47:00", nospace
"2014-02-08 12:51:46", "2014-02-08 12:54:05", nospace
"2014-02-08 12:58:49", "2014-02-08 13:18:42", nospace
"2014-02-10 09:18:17", "2014-02-10 09:21:57", nospace
"2014-02-10 09:56:19", "2014-02-10 09:58:07", nospace
"2014-02-10 10:12:36", "2014-02-10 10:18:03", nospace
"2014-02-10 10:27:07", "2014-02-10 10:34:23", nospace
"2014-02-12 11:06:05", "2014-02-12 11:17:12", nospace
"2014-02-12 12:20:29", "2014-02-12 12:49:26", nospace
"2014-02-13 10:25:04", "2014-02-13 10:26:59", nospace
"2014-02-13 10:28:10", "2014-02-13 10:43:07", nospace
"2014-02-13 10:45:30", "2014-02-13 10:58:08", nospace
"2014-02-14 08:32:14", "2014-02-14 08:47:20", nospace
"2014-02-14 08:56:47", "2014-02-14 08:58:39", nospace
"2014-02-14 09:02:25", "2014-02-14 09:17:29", nospace
"2014-02-14 10:01:53", "2014-02-14 10:05:12", nospace
"2014-02-14 10:07:32", "2014-02-14 10:32:51", nospace
"2014-02-14 10:36:36", "2014-02-14 11:01:06", nospace
"2014-02-14 11:10:28", "2014-02-14 11:39:38", nospace
"2014-02-14 11:58:45", "2014-02-14 12:33:41", nospace
"2014-02-14 13:53:10", "2014-02-14 14:02:55", nospace
"2014-02-15 06:43:48", "2014-02-15 06:45:55", nospace
"2014-02-15 06:53:32", "2014-02-15 06:55:25", nospace
"2014-02-15 06:59:13", "2014-02-15 07:03:01", nospace
"2014-02-15 07:25:28", "2014-02-15 07:27:52", nospace
"2014-02-15 07:49:33", "2014-02-15 07:55:15", nospace
"2014-02-15 08:00:58", "2014-02-15 08:10:26", nospace
"2014-02-15 08:19:55", "2014-02-15 08:35:01", nospace
"2014-02-15 08:38:49", "2014-02-15 08:44:31", nospace
"2014-02-15 08:52:04", "2014-02-15 08:53:59", nospace
"2014-02-15 09:35:49", "2014-02-15 10:00:52", nospace
"2014-02-15 10:05:18", "2014-02-15 10:11:02", nospace
"2014-02-15 10:12:56", "2014-02-15 10:14:48", nospace
"2014-02-15 10:33:46", "2014-02-15 10:45:08", nospace
"2014-02-16 02:45:21", "2014-02-16 03:27:12", nospace
"2014-02-16 03:40:32", "2014-02-16 04:17:35", nospace
"2014-02-16 04:18:22", "2014-02-16 04:28:14", nospace
"2014-02-16 04:55:05", "2014-02-16 05:13:56", nospace
"2014-02-16 07:06:23", "2014-02-16 07:10:13", nospace
"2014-02-16 07:15:55", "2014-02-16 07:17:51", nospace
"2014-02-16 07:19:47", "2014-02-16 07:27:27", nospace
"2014-02-16 07:35:07", "2014-02-16 07:42:45", nospace
"2014-02-16 07:58:02", "2014-02-16 07:59:57", nospace
"2014-02-16 08:07:38", "2014-02-16 08:09:31", nospace
"2014-02-16 08:36:03", "2014-02-16 08:45:38", nospace
"2014-02-16 08:47:33", "2014-02-16 08:49:27", nospace
"2014-02-16 08:53:14", "2014-02-16 09:00:51", nospace
"2014-02-16 09:02:45", "2014-02-16 09:12:19", nospace
"2014-02-16 09:32:17", "2014-02-16 09:34:45", nospace
"2014-02-16 09:49:39", "2014-02-16 09:51:34", nospace
"2014-02-16 10:44:48", "2014-02-16 10:46:42", nospace
"2014-02-16 11:00:06", "2014-02-16 11:26:52", nospace
"2014-02-16 11:38:23", "2014-02-16 11:44:07", nospace
"2014-02-16 13:41:42", "2014-02-16 13:47:29", nospace
"2014-02-16 13:56:59", "2014-02-16 13:58:54", nospace
"2014-02-16 14:16:07", "2014-02-16 14:21:54", nospace
"2014-02-17 01:13:40", "2014-02-17 01:23:12", nobike
"2014-02-17 07:32:07", "2014-02-17 07:35:56", nobike
"2014-02-17 07:37:52", "2014-02-17 07:55:05", nobike
"2014-02-17 10:59:56", "2014-02-17 11:09:38", nospace
"2014-02-17 11:15:26", "2014-02-17 11:17:23", nospace
"2014-02-17 11:21:15", "2014-02-17 11:30:53", nospace
"2014-02-17 11:38:34", "2014-02-17 11:40:30", nospace
"2014-02-17 12:16:17", "2014-02-17 12:54:54", nospace
"2014-02-18 00:26:05", "2014-02-18 00:39:51", nobike
"2014-02-18 01:16:22", "2014-02-18 01:22:06", nobike
"2014-02-18 01:24:04", "2014-02-18 01:26:00", nobike
"2014-02-18 01:27:56", "2014-02-18 01:31:49", nobike
"2014-02-18 04:37:31", "2014-02-18 04:49:09", nospace
"2014-02-20 00:51:43", "2014-02-20 00:57:37", nobike
"2014-02-20 06:23:09", "2014-02-20 06:29:57", nospace
"2014-02-20 07:31:10", "2014-02-20 07:35:07", nospace
"2014-02-20 07:48:52", "2014-02-20 08:02:39", nospace
"2014-02-20 09:01:45", "2014-02-20 09:05:40", nospace
"2014-02-20 10:03:22", "2014-02-20 10:04:09", nospace
"2014-02-20 10:39:07", "2014-02-20 10:52:54", nospace
"2014-02-20 10:54:52", "2014-02-20 11:04:44", nospace
"2014-02-20 11:14:34", "2014-02-20 11:18:27", nospace
"2014-02-20 11:19:53", "2014-02-20 11:37:46", nospace
"2014-02-20 11:45:37", "2014-02-20 11:55:31", nospace
"2014-02-20 12:00:47", "2014-02-20 12:10:54", nospace
"2014-02-20 12:16:16", "2014-02-20 12:30:18", nospace
"2014-02-20 12:42:09", "2014-02-20 12:46:05", nospace
"2014-02-21 00:13:10", "2014-02-21 00:17:08", nobike
"2014-02-21 00:19:06", "2014-02-21 00:54:18", nobike
"2014-02-21 00:56:16", "2014-02-21 00:58:15", nobike
"2014-02-21 11:10:43", "2014-02-21 11:30:17", nospace
"2014-02-21 13:13:10", "2014-02-21 13:29:02", nospace
"2014-02-21 13:39:00", "2014-02-21 13:48:56", nospace
"2014-02-22 00:16:02", "2014-02-22 00:37:59", nospace
"2014-02-22 01:15:15", "2014-02-22 01:21:14", nospace
"2014-02-22 01:25:13", "2014-02-22 01:27:13", nospace
"2014-02-22 01:29:12", "2014-02-22 01:31:13", nospace
"2014-02-22 06:28:40", "2014-02-22 06:32:39", nospace
"2014-02-22 06:34:39", "2014-02-22 06:56:33", nospace
"2014-02-22 07:04:33", "2014-02-22 07:10:37", nospace
"2014-02-22 07:36:47", "2014-02-22 07:54:55", nospace
"2014-02-22 08:06:53", "2014-02-22 08:08:53", nospace
"2014-02-22 08:30:16", "2014-02-22 08:40:18", nospace
"2014-02-22 09:05:54", "2014-02-22 09:07:55", nospace
"2014-02-22 09:15:54", "2014-02-22 09:21:54", nospace
"2014-02-22 09:23:54", "2014-02-22 09:31:55", nospace
"2014-02-22 09:51:48", "2014-02-22 10:01:47", nospace
"2014-02-22 10:05:48", "2014-02-22 10:13:49", nospace
"2014-02-22 11:19:22", "2014-02-22 11:25:24", nospace
"2014-02-22 11:29:24", "2014-02-22 11:41:23", nospace
"2014-02-22 11:49:24", "2014-02-22 12:05:23", nospace
"2014-02-22 12:07:23", "2014-02-22 12:09:23", nospace
"2014-02-22 12:17:23", "2014-02-22 12:21:24", nospace
"2014-02-22 12:23:24", "2014-02-22 12:25:24", nospace
"2014-02-22 17:44:36", "2014-02-22 20:05:31", nobike
"2014-02-23 02:54:12", "2014-02-23 03:01:29", nospace
"2014-02-23 03:04:02", "2014-02-23 03:13:33", nospace
"2014-02-23 03:44:02", "2014-02-23 03:55:19", nospace
"2014-02-23 04:01:18", "2014-02-23 04:01:59", nospace
"2014-02-23 04:07:58", "2014-02-23 04:13:36", nospace
"2014-02-23 05:09:51", "2014-02-23 05:21:54", nospace
"2014-02-23 05:33:57", "2014-02-23 05:39:55", nospace
"2014-02-23 05:51:57", "2014-02-23 06:06:05", nospace
"2014-02-23 06:14:09", "2014-02-23 06:20:11", nospace
"2014-02-23 06:22:12", "2014-02-23 06:28:18", nospace
"2014-02-23 06:32:21", "2014-02-23 06:40:51", nospace
"2014-02-23 07:29:17", "2014-02-23 07:50:05", nospace
"2014-02-23 07:53:10", "2014-02-23 07:59:11", nospace
"2014-02-23 08:13:19", "2014-02-23 08:27:26", nospace
"2014-02-23 08:33:32", "2014-02-23 08:37:38", nospace
"2014-02-23 08:39:39", "2014-02-23 08:41:40", nospace
"2014-02-23 09:01:49", "2014-02-23 09:03:50", nospace
"2014-02-23 09:05:52", "2014-02-23 09:15:55", nospace
"2014-02-23 09:17:59", "2014-02-23 09:20:01", nospace
"2014-02-23 09:22:04", "2014-02-23 09:30:10", nospace
"2014-02-23 09:38:14", "2014-02-23 09:40:15", nospace
"2014-02-24 01:01:55", "2014-02-24 01:30:21", nobike
"2014-02-24 02:49:21", "2014-02-24 02:59:30", nobike
"2014-02-24 03:07:39", "2014-02-24 03:09:40", nobike
"2014-02-24 03:27:01", "2014-02-24 03:36:24", nobike
"2014-02-24 03:54:41", "2014-02-24 04:08:53", nobike
"2014-02-24 08:13:37", "2014-02-24 08:17:42", nospace
"2014-02-24 08:19:43", "2014-02-24 08:21:46", nospace
"2014-02-24 08:38:02", "2014-02-24 09:01:03", nospace
"2014-02-24 09:40:53", "2014-02-24 09:47:54", nospace
"2014-02-24 10:02:08", "2014-02-24 10:12:17", nospace
"2014-02-24 10:20:25", "2014-02-24 10:24:29", nospace
"2014-02-24 10:28:33", "2014-02-24 10:36:43", nospace
"2014-02-24 10:40:46", "2014-02-24 10:48:56", nospace
"2014-02-24 10:53:01", "2014-02-24 10:57:05", nospace
"2014-02-24 10:57:59", "2014-02-24 10:59:24", nospace
"2014-02-24 11:10:50", "2014-02-24 11:39:18", nospace
"2014-02-24 11:55:29", "2014-02-24 11:59:33", nospace
"2014-02-25 01:26:23", "2014-02-25 01:34:32", nobike
"2014-02-25 01:36:35", "2014-02-25 01:38:37", nobike
"2014-02-25 09:38:51", "2014-02-25 09:40:54", nobike
"2014-02-25 09:42:57", "2014-02-25 09:45:00", nobike
"2014-02-25 11:39:52", "2014-02-25 11:41:55", nospace
"2014-02-26 00:54:12", "2014-02-26 00:58:21", nobike
"2014-02-26 00:59:34", "2014-02-26 01:03:43", nobike
"2014-02-26 01:05:47", "2014-02-26 01:28:29", nobike
"2014-02-26 08:04:01", "2014-02-26 08:08:55", nobike
"2014-02-26 08:41:26", "2014-02-26 08:46:22", nobike
"2014-02-26 10:21:56", "2014-02-26 10:24:00", nospace
"2014-02-26 10:48:22", "2014-02-26 10:50:26", nospace
"2014-02-26 11:13:11", "2014-02-26 11:19:26", nospace
"2014-02-26 13:28:22", "2014-02-26 13:29:09", nospace
"2014-02-27 00:44:20", "2014-02-27 00:55:34", nospace
"2014-02-27 06:56:23", "2014-02-27 07:04:38", nospace
"2014-02-27 07:08:42", "2014-02-27 07:10:46", nospace
"2014-02-27 07:14:55", "2014-02-27 07:16:58", nospace
"2014-02-27 07:25:15", "2014-02-27 07:31:27", nospace
"2014-02-27 07:33:31", "2014-02-27 07:35:35", nospace
"2014-02-27 10:16:46", "2014-02-27 10:21:59", nospace
"2014-02-27 10:38:50", "2014-02-27 10:40:15", nospace
"2014-02-27 10:45:32", "2014-02-27 11:00:30", nospace
"2014-02-27 11:03:08", "2014-02-27 11:11:46", nospace
"2014-02-27 13:02:14", "2014-02-27 13:08:27", nospace
"2014-02-27 13:14:40", "2014-02-27 13:29:06", nospace
"2014-02-28 07:02:23", "2014-02-28 07:12:47", nospace
"2014-02-28 07:37:46", "2014-02-28 07:39:51", nospace
"2014-02-28 09:07:21", "2014-02-28 09:13:36", nospace
"2014-02-28 09:26:47", "2014-02-28 09:47:34", nospace
"2014-02-28 11:13:48", "2014-02-28 11:15:54", nospace
"2014-02-28 11:20:05", "2014-02-28 11:28:15", nospace
"2014-02-28 13:16:10", "2014-02-28 13:21:23", nospace
"2014-02-28 13:35:36", "2014-02-28 13:43:57", nospace
"2014-02-28 13:48:07", "2014-02-28 13:52:19", nospace
"2014-03-01 06:17:46", "2014-03-01 06:21:37", nospace
"2014-03-01 06:28:11", "2014-03-01 06:30:52", nospace
"2014-03-01 07:22:08", "2014-03-01 07:23:26", nospace
"2014-03-01 07:58:18", "2014-03-01 08:07:19", nospace
"2014-03-01 08:13:36", "2014-03-01 08:19:51", nospace
"2014-03-01 14:48:26", "2014-03-01 15:05:41", nobike
"2014-03-03 04:57:31", "2014-03-03 05:01:50", nospace
"2014-03-03 10:27:18", "2014-03-03 10:37:40", nospace
"2014-03-03 10:40:16", "2014-03-03 10:46:31", nospace
"2014-03-03 10:47:53", "2014-03-03 10:55:36", nospace
"2014-03-03 10:59:21", "2014-03-03 11:17:35", nospace
"2014-03-03 11:22:47", "2014-03-03 11:26:21", nospace
"2014-03-03 11:31:36", "2014-03-03 11:35:17", nospace
"2014-03-03 11:56:26", "2014-03-03 12:01:36", nospace
"2014-03-03 12:02:26", "2014-03-03 12:16:08", nospace
"2014-03-03 12:35:17", "2014-03-03 12:41:14", nospace
"2014-03-04 00:27:03", "2014-03-04 00:41:10", nobike
"2014-03-04 00:47:49", "2014-03-04 00:54:30", nobike
"2014-03-05 00:30:39", "2014-03-05 01:46:39", nobike
"2014-03-05 01:48:56", "2014-03-05 01:53:32", nobike
"2014-03-05 01:55:51", "2014-03-05 02:16:31", nobike
"2014-03-05 09:57:10", "2014-03-05 10:07:46", nospace
"2014-03-05 10:13:14", "2014-03-05 10:16:53", nospace
"2014-03-05 10:19:32", "2014-03-05 10:24:25", nospace
"2014-03-05 10:25:44", "2014-03-05 10:39:58", nospace
"2014-03-05 10:43:37", "2014-03-05 10:46:14", nospace
"2014-03-05 10:48:51", "2014-03-05 11:00:59", nospace
"2014-03-05 11:13:10", "2014-03-05 11:15:28", nospace
"2014-03-07 00:57:03", "2014-03-07 01:01:41", nobike
"2014-03-07 01:06:20", "2014-03-07 01:27:14", nobike
"2014-03-07 07:06:04", "2014-03-07 07:20:01", nospace
"2014-03-07 07:24:41", "2014-03-07 07:29:20", nospace
"2014-03-07 07:31:39", "2014-03-07 07:33:58", nospace
"2014-03-08 02:51:47", "2014-03-08 02:54:07", nobike
"2014-03-08 03:10:30", "2014-03-08 03:29:12", nobike
"2014-03-09 01:12:18", "2014-03-09 01:17:00", nospace
"2014-03-09 07:14:46", "2014-03-09 07:21:06", nospace
"2014-03-09 08:21:17", "2014-03-09 08:23:40", nospace
"2014-03-09 09:19:14", "2014-03-09 09:37:31", nospace
"2014-03-09 09:44:33", "2014-03-09 09:46:36", nospace
"2014-03-09 11:14:32", "2014-03-09 11:16:20", nospace
"2014-03-10 00:55:26", "2014-03-10 01:00:29", nobike
"2014-03-10 01:03:10", "2014-03-10 01:14:09", nobike
"2014-03-10 10:16:23", "2014-03-10 10:21:42", nospace
"2014-03-10 10:34:48", "2014-03-10 10:49:01", nospace
"2014-03-10 10:58:09", "2014-03-10 11:04:49", nospace
"2014-03-10 11:10:46", "2014-03-10 11:46:12", nospace
"2014-03-10 11:48:34", "2014-03-10 11:58:02", nospace
"2014-03-10 23:40:23", "2014-03-10 23:47:31", nospace
"2014-03-10 23:52:16", "2014-03-10 23:54:39", nospace
"2014-03-10 23:57:01", "2014-03-11 00:01:47", nospace
"2014-03-11 01:04:05", "2014-03-11 01:23:06", nobike
"2014-03-11 04:30:53", "2014-03-11 04:36:11", nospace
"2014-03-11 04:38:37", "2014-03-11 04:43:23", nospace
"2014-03-11 05:50:31", "2014-03-11 06:00:03", nospace
"2014-03-11 07:02:22", "2014-03-11 07:07:06", nospace
"2014-03-11 09:20:06", "2014-03-11 09:25:14", nospace
"2014-03-11 09:30:52", "2014-03-11 09:37:59", nospace
"2014-03-11 09:42:45", "2014-03-11 09:54:38", nospace
"2014-03-11 10:44:42", "2014-03-11 10:56:38", nospace
"2014-03-11 11:01:25", "2014-03-11 11:03:47", nospace
"2014-03-11 11:08:35", "2014-03-11 11:13:22", nospace
"2014-03-11 11:20:34", "2014-03-11 11:22:59", nospace
"2014-03-11 11:34:51", "2014-03-11 11:49:06", nospace
"2014-03-13 10:07:14", "2014-03-13 10:21:41", nospace
"2014-03-13 10:26:32", "2014-03-13 10:28:56", nospace
"2014-03-13 10:33:44", "2014-03-13 10:36:09", nospace
"2014-03-13 10:38:34", "2014-03-13 10:40:57", nospace
"2014-03-13 10:43:22", "2014-03-13 10:45:45", nospace
"2014-03-13 10:48:10", "2014-03-13 11:05:02", nospace
"2014-03-13 15:19:32", "2014-03-13 15:24:21", nobike
"2014-03-13 16:15:00", "2014-03-13 16:34:17", nobike
"2014-03-14 00:59:41", "2014-03-14 01:13:42", nobike
"2014-03-14 01:20:47", "2014-03-14 01:44:05", nobike
"2014-03-14 01:46:46", "2014-03-14 01:48:57", nobike
"2014-03-14 03:50:36", "2014-03-14 03:57:49", nobike
"2014-03-14 04:05:05", "2014-03-14 04:12:19", nobike
"2014-03-14 05:19:57", "2014-03-14 05:27:12", nobike
"2014-03-14 05:29:37", "2014-03-14 05:32:01", nobike
"2014-03-14 06:25:06", "2014-03-14 06:40:00", nospace
"2014-03-14 06:47:15", "2014-03-14 06:52:05", nospace
"2014-03-14 06:56:54", "2014-03-14 07:09:02", nospace
"2014-03-14 10:11:29", "2014-03-14 10:18:38", nospace
"2014-03-14 10:42:43", "2014-03-14 11:11:44", nospace
"2014-03-14 12:31:27", "2014-03-14 12:36:18", nospace
"2014-03-15 01:13:55", "2014-03-15 01:23:08", nobike
"2014-03-15 02:20:17", "2014-03-15 02:27:59", nospace
"2014-03-15 02:35:01", "2014-03-15 02:38:42", nospace
"2014-03-15 05:22:23", "2014-03-15 05:29:01", nospace
"2014-03-15 05:31:45", "2014-03-15 05:35:33", nospace
"2014-03-15 05:44:45", "2014-03-15 05:47:29", nospace
"2014-03-15 06:33:10", "2014-03-15 06:40:42", nospace
"2014-03-15 06:43:07", "2014-03-15 06:50:28", nospace
"2014-03-15 08:10:47", "2014-03-15 08:15:40", nospace
"2014-03-15 08:18:06", "2014-03-15 08:20:34", nospace
"2014-03-15 08:52:15", "2014-03-15 08:57:09", nospace
"2014-03-15 09:11:42", "2014-03-15 09:21:24", nospace
"2014-03-15 09:23:51", "2014-03-15 09:26:18", nospace
"2014-03-15 12:50:45", "2014-03-15 12:58:04", nobike
"2014-03-15 13:05:23", "2014-03-15 13:07:49", nobike
"2014-03-15 14:19:01", "2014-03-15 14:21:28", nobike
"2014-03-16 01:10:48", "2014-03-16 01:13:14", nospace
"2014-03-16 01:15:41", "2014-03-16 01:23:00", nospace
"2014-03-16 01:25:27", "2014-03-16 01:27:53", nospace
"2014-03-16 01:44:59", "2014-03-16 01:47:26", nospace
"2014-03-16 05:45:51", "2014-03-16 06:00:31", nospace
"2014-03-16 06:15:11", "2014-03-16 06:17:38", nospace
"2014-03-16 06:20:05", "2014-03-16 06:22:31", nospace
"2014-03-16 06:38:23", "2014-03-16 06:48:48", nospace
"2014-03-16 06:51:37", "2014-03-16 06:57:02", nospace
"2014-03-16 07:01:32", "2014-03-16 07:07:37", nospace
"2014-03-16 08:14:11", "2014-03-16 08:19:05", nospace
"2014-03-16 08:21:30", "2014-03-16 08:31:15", nospace
"2014-03-16 08:45:53", "2014-03-16 08:53:12", nospace
"2014-03-16 08:55:38", "2014-03-16 09:05:24", nospace
"2014-03-16 13:16:07", "2014-03-16 13:22:16", nobike
"2014-03-16 14:42:16", "2014-03-16 14:45:01", nobike
"2014-03-17 00:38:50", "2014-03-17 01:05:38", nobike
"2014-03-17 08:14:45", "2014-03-17 08:17:13", nospace
"2014-03-17 08:24:36", "2014-03-17 08:29:29", nospace
"2014-03-17 09:44:00", "2014-03-17 09:56:18", nospace
"2014-03-17 10:01:14", "2014-03-17 10:03:42", nospace
"2014-03-17 10:40:34", "2014-03-17 10:55:21", nospace
"2014-03-17 10:57:48", "2014-03-17 11:12:37", nospace
"2014-03-17 11:15:05", "2014-03-17 11:20:01", nospace
"2014-03-17 11:32:29", "2014-03-17 11:38:00", nospace
"2014-03-17 11:41:36", "2014-03-17 11:52:43", nospace
"2014-03-17 23:48:36", "2014-03-17 23:55:59", nospace
"2014-03-18 00:58:22", "2014-03-18 01:10:44", nobike
"2014-03-18 01:18:09", "2014-03-18 01:20:37", nobike
"2014-03-18 05:22:17", "2014-03-18 05:23:46", nobike
"2014-03-18 05:26:30", "2014-03-18 05:41:20", nobike
"2014-03-18 05:42:13", "2014-03-18 05:44:57", nobike
"2014-03-18 09:53:34", "2014-03-18 09:58:31", nospace
"2014-03-18 10:56:15", "2014-03-18 10:58:45", nospace
"2014-03-18 11:08:39", "2014-03-18 11:13:36", nospace
"2014-03-18 11:18:33", "2014-03-18 11:23:30", nospace
"2014-03-18 23:49:40", "2014-03-18 23:52:09", nospace
"2014-03-19 00:57:46", "2014-03-19 01:14:42", nobike
"2014-03-19 01:17:11", "2014-03-19 01:19:39", nobike
"2014-03-19 02:51:03", "2014-03-19 02:53:53", nospace
"2014-03-19 03:45:39", "2014-03-19 04:17:08", nospace
"2014-03-19 04:24:40", "2014-03-19 04:37:14", nospace
"2014-03-19 04:44:45", "2014-03-19 04:51:58", nospace
"2014-03-19 04:59:25", "2014-03-19 05:04:22", nospace
"2014-03-19 10:08:42", "2014-03-19 10:21:09", nospace
"2014-03-19 10:33:36", "2014-03-19 10:42:29", nospace
"2014-03-19 10:54:32", "2014-03-19 11:02:00", nospace
"2014-03-19 11:09:28", "2014-03-19 11:16:53", nospace
"2014-03-19 11:19:22", "2014-03-19 11:21:50", nospace
"2014-03-19 11:26:48", "2014-03-19 11:31:48", nospace
"2014-03-19 11:34:15", "2014-03-19 11:44:13", nospace
"2014-03-19 11:54:08", "2014-03-19 12:06:34", nospace
"2014-03-19 12:11:33", "2014-03-19 12:14:04", nospace
"2014-03-19 12:41:22", "2014-03-19 12:53:48", nospace
"2014-03-20 01:25:12", "2014-03-20 01:32:41", nobike
"2014-03-20 04:46:22", "2014-03-20 04:49:20", nospace
"2014-03-21 00:56:28", "2014-03-21 01:11:31", nobike
"2014-03-21 10:29:39", "2014-03-21 11:09:44", nospace
"2014-03-21 11:17:16", "2014-03-21 11:25:42", nospace
"2014-03-21 11:28:13", "2014-03-21 11:33:15", nospace
"2014-03-21 11:35:46", "2014-03-21 11:45:51", nospace
"2014-03-21 15:54:30", "2014-03-21 16:02:01", nobike
"2014-03-22 05:41:51", "2014-03-22 05:44:23", nospace
"2014-03-22 06:15:55", "2014-03-22 06:23:29", nospace
"2014-03-22 06:31:05", "2014-03-22 06:51:28", nospace
"2014-03-22 06:59:01", "2014-03-22 07:01:32", nospace
"2014-03-22 07:06:33", "2014-03-22 07:14:06", nospace
"2014-03-22 07:19:08", "2014-03-22 07:21:39", nospace
"2014-03-22 07:26:41", "2014-03-22 07:29:11", nospace
"2014-03-22 08:14:31", "2014-03-22 08:19:34", nospace
"2014-03-22 08:24:37", "2014-03-22 08:40:45", nospace
"2014-03-22 08:46:30", "2014-03-22 08:50:32", nospace
"2014-03-22 09:03:07", "2014-03-22 09:05:59", nospace
"2014-03-22 09:10:54", "2014-03-22 09:39:30", nospace
"2014-03-22 10:52:35", "2014-03-22 10:57:38", nospace
"2014-03-22 11:01:25", "2014-03-22 11:02:50", nospace
"2014-03-22 11:29:23", "2014-03-22 11:46:30", nospace
"2014-03-22 11:49:00", "2014-03-22 11:56:34", nospace
"2014-03-22 16:08:07", "2014-03-22 16:20:41", nobike
"2014-03-23 02:23:22", "2014-03-23 02:34:24", nospace
"2014-03-23 04:25:18", "2014-03-23 04:35:23", nospace
"2014-03-23 04:39:48", "2014-03-23 04:54:30", nospace
"2014-03-23 05:08:51", "2014-03-23 05:11:21", nospace
"2014-03-23 05:13:54", "2014-03-23 05:33:19", nospace
"2014-03-23 05:36:17", "2014-03-23 05:43:17", nospace
"2014-03-23 06:15:41", "2014-03-23 06:23:16", nospace
"2014-03-23 06:30:53", "2014-03-23 06:35:59", nospace
"2014-03-23 06:38:31", "2014-03-23 06:43:35", nospace
"2014-03-23 06:48:55", "2014-03-23 06:56:32", nospace
"2014-03-23 07:01:34", "2014-03-23 07:06:36", nospace
"2014-03-23 07:11:40", "2014-03-23 07:14:13", nospace
"2014-03-23 07:21:46", "2014-03-23 07:31:53", nospace
"2014-03-23 07:39:30", "2014-03-23 07:44:34", nospace
"2014-03-23 08:04:51", "2014-03-23 08:20:02", nospace
"2014-03-23 08:22:34", "2014-03-23 08:35:13", nospace
"2014-03-23 08:58:02", "2014-03-23 09:00:34", nospace
"2014-03-23 09:15:46", "2014-03-23 09:20:52", nospace
"2014-03-23 09:33:31", "2014-03-23 09:38:35", nospace
"2014-03-23 09:59:46", "2014-03-23 10:17:30", nospace
"2014-03-23 10:20:02", "2014-03-23 10:22:33", nospace
"2014-03-24 06:47:54", "2014-03-24 06:50:26", nospace
"2014-03-24 07:39:39", "2014-03-24 07:47:17", nospace
"2014-03-24 07:57:29", "2014-03-24 08:02:34", nospace
"2014-03-24 09:40:12", "2014-03-24 09:55:29", nospace
"2014-03-24 10:00:35", "2014-03-24 10:13:18", nospace
"2014-03-24 10:26:02", "2014-03-24 10:28:34", nospace
"2014-03-24 10:31:09", "2014-03-24 10:36:12", nospace
"2014-03-24 10:44:35", "2014-03-24 10:52:23", nospace
"2014-03-24 11:05:09", "2014-03-24 11:12:46", nospace
"2014-03-24 11:20:25", "2014-03-24 11:25:31", nospace
"2014-03-24 11:28:03", "2014-03-24 11:33:10", nospace
"2014-03-24 11:35:42", "2014-03-24 11:38:15", nospace
"2014-03-25 00:36:30", "2014-03-25 01:09:38", nobike
"2014-03-25 05:47:42", "2014-03-25 05:50:16", nospace
"2014-03-25 09:28:02", "2014-03-25 09:44:45", nospace
"2014-03-25 09:47:20", "2014-03-25 09:52:26", nospace
"2014-03-25 10:18:08", "2014-03-25 10:20:44", nospace
"2014-03-25 10:33:26", "2014-03-25 10:38:35", nospace
"2014-03-25 10:43:40", "2014-03-25 10:46:14", nospace
"2014-03-25 11:16:57", "2014-03-25 11:19:31", nospace
"2014-03-25 11:22:05", "2014-03-25 11:42:32", nospace
"2014-03-25 11:47:40", "2014-03-25 11:52:48", nospace
"2014-03-25 11:55:21", "2014-03-25 12:00:28", nospace
"2014-03-26 00:46:48", "2014-03-26 00:48:10", nobike
"2014-03-26 00:50:44", "2014-03-26 01:13:49", nobike
"2014-03-26 01:34:21", "2014-03-26 01:36:54", nospace
"2014-03-26 09:10:56", "2014-03-26 09:13:30", nobike
"2014-03-26 10:52:45", "2014-03-26 10:55:21", nospace
"2014-03-26 11:02:39", "2014-03-26 11:04:39", nospace
"2014-03-26 11:05:40", "2014-03-26 11:11:26", nospace
"2014-03-26 11:15:23", "2014-03-26 11:31:48", nospace
"2014-03-26 11:36:55", "2014-03-26 11:49:49", nospace
"2014-03-26 11:52:22", "2014-03-26 11:54:56", nospace
"2014-03-26 12:05:12", "2014-03-26 12:07:45", nospace
"2014-03-26 12:10:18", "2014-03-26 12:18:01", nospace
"2014-03-26 12:28:17", "2014-03-26 12:38:35", nospace
"2014-03-26 13:15:34", "2014-03-26 13:23:18", nospace
"2014-03-26 13:28:24", "2014-03-26 13:31:00", nospace
"2014-03-26 23:56:54", "2014-03-26 23:59:29", nospace
"2014-03-27 00:30:21", "2014-03-27 00:57:10", nobike
"2014-03-27 00:59:47", "2014-03-27 01:20:20", nobike
"2014-03-27 07:20:54", "2014-03-27 07:23:30", nobike
"2014-03-27 08:02:09", "2014-03-27 08:04:44", nobike
"2014-03-27 08:07:19", "2014-03-27 08:35:36", nobike
"2014-03-27 08:38:09", "2014-03-27 08:40:44", nobike
"2014-03-27 08:58:46", "2014-03-27 09:01:20", nobike
"2014-03-27 11:07:35", "2014-03-27 11:17:53", nospace
"2014-03-27 11:32:03", "2014-03-27 11:34:37", nospace
"2014-03-28 00:49:56", "2014-03-28 01:02:50", nobike
"2014-03-28 04:43:32", "2014-03-28 04:48:42", nospace
"2014-03-28 08:00:28", "2014-03-28 08:15:13", nospace
"2014-03-28 08:17:47", "2014-03-28 08:22:57", nospace
"2014-03-28 10:01:23", "2014-03-28 10:06:33", nospace
"2014-03-28 10:09:08", "2014-03-28 10:11:44", nospace
"2014-03-28 10:14:20", "2014-03-28 10:45:24", nospace
"2014-03-28 10:47:58", "2014-03-28 10:53:10", nospace
"2014-03-28 12:06:56", "2014-03-28 12:14:41", nospace
"2014-03-28 12:27:40", "2014-03-28 12:40:35", nospace
"2014-03-29 07:04:48", "2014-03-29 07:10:01", nospace
"2014-03-29 07:12:37", "2014-03-29 07:20:26", nospace
"2014-03-29 07:23:02", "2014-03-29 07:33:24", nospace
"2014-03-29 07:36:00", "2014-03-29 07:46:24", nospace
"2014-03-29 08:53:43", "2014-03-29 09:01:31", nospace
"2014-03-29 09:04:08", "2014-03-29 09:09:21", nospace
"2014-03-29 09:17:10", "2014-03-29 09:22:22", nospace
"2014-03-29 09:35:23", "2014-03-29 09:40:35", nospace
"2014-03-29 09:45:48", "2014-03-29 09:51:01", nospace
"2014-03-29 09:53:37", "2014-03-29 09:56:13", nospace
"2014-03-29 09:58:49", "2014-03-29 10:07:22", nospace
"2014-03-29 10:10:20", "2014-03-29 10:14:36", nospace
"2014-03-29 10:41:33", "2014-03-29 10:51:57", nobike
"2014-03-30 03:54:22", "2014-03-30 03:59:35", nospace
"2014-03-30 05:25:38", "2014-03-30 05:38:40", nospace
"2014-03-30 06:26:57", "2014-03-30 06:34:36", nospace
"2014-03-30 06:37:00", "2014-03-30 06:41:36", nospace
"2014-03-30 07:30:05", "2014-03-30 07:48:27", nospace
"2014-03-30 07:51:02", "2014-03-30 08:23:33", nospace
"2014-03-30 08:49:47", "2014-03-30 08:52:24", nospace
"2014-03-30 09:45:55", "2014-03-30 09:48:32", nospace
"2014-03-30 09:51:10", "2014-03-30 09:53:46", nospace
"2014-03-30 10:54:06", "2014-03-30 10:59:56", nobike
"2014-03-30 11:00:41", "2014-03-30 11:02:59", nobike
"2014-03-30 11:05:34", "2014-03-30 11:08:11", nobike
"2014-03-30 11:13:25", "2014-03-30 11:16:00", nobike
"2014-03-31 00:16:42", "2014-03-31 00:27:37", nobike
"2014-03-31 00:32:20", "2014-03-31 00:35:11", nobike
"2014-03-31 09:06:25", "2014-03-31 09:14:17", nospace
"2014-03-31 09:16:54", "2014-03-31 09:19:32", nospace
"2014-03-31 10:09:18", "2014-03-31 10:11:56", nospace
"2014-03-31 10:40:51", "2014-03-31 10:43:30", nospace
"2014-03-31 11:59:35", "2014-03-31 12:04:50", nospace
"2014-03-31 12:15:22", "2014-03-31 12:17:58", nospace
"2014-03-31 12:20:37", "2014-03-31 12:23:15", nospace
"2014-04-01 04:44:28", "2014-04-01 04:48:49", nospace
"2014-04-01 05:03:36", "2014-04-01 05:06:06", nospace
"2014-04-01 05:08:44", "2014-04-01 05:35:26", nospace
"2014-04-01 05:41:14", "2014-04-01 05:51:09", nospace
"2014-04-01 05:56:05", "2014-04-01 05:58:44", nospace
"2014-04-01 06:45:10", "2014-04-01 07:35:17", nospace
"2014-04-01 07:39:34", "2014-04-01 07:44:50", nospace
"2014-04-01 08:21:43", "2014-04-01 08:34:52", nospace
"2014-04-01 08:42:46", "2014-04-01 08:48:03", nospace
"2014-04-01 09:56:38", "2014-04-01 09:59:17", nospace
"2014-04-01 10:15:06", "2014-04-01 10:20:22", nospace
"2014-04-01 10:23:01", "2014-04-01 10:30:56", nospace
"2014-04-01 10:33:34", "2014-04-01 10:44:06", nospace
"2014-04-01 11:10:29", "2014-04-01 11:13:08", nospace
"2014-04-01 11:28:57", "2014-04-01 11:34:13", nospace
"2014-04-01 13:32:50", "2014-04-01 13:35:29", nospace
"2014-04-01 13:40:46", "2014-04-01 13:43:24", nospace
"2014-04-01 13:46:02", "2014-04-01 14:04:29", nospace
"2014-04-02 01:03:51", "2014-04-02 01:14:26", nobike
"2014-04-02 05:16:23", "2014-04-02 05:18:24", nospace
"2014-04-02 09:44:45", "2014-04-02 09:47:25", nospace
"2014-04-02 09:50:05", "2014-04-02 09:55:22", nospace
"2014-04-02 10:11:14", "2014-04-02 10:19:11", nospace
"2014-04-02 10:21:51", "2014-04-02 10:32:26", nospace
"2014-04-02 10:37:44", "2014-04-02 10:40:24", nospace
"2014-04-02 11:01:50", "2014-04-02 11:11:14", nospace
"2014-04-02 11:16:13", "2014-04-02 11:18:53", nospace
"2014-04-02 12:14:36", "2014-04-02 12:17:37", nospace
"2014-04-02 12:43:10", "2014-04-02 12:48:26", nospace
"2014-04-02 14:50:24", "2014-04-02 14:53:04", nospace
"2014-04-03 00:58:30", "2014-04-03 01:01:08", nobike
"2014-04-03 01:03:49", "2014-04-03 01:18:21", nobike
"2014-04-03 01:21:00", "2014-04-03 01:26:18", nobike
"2014-04-03 01:55:34", "2014-04-03 01:58:13", nospace
"2014-04-03 03:53:47", "2014-04-03 04:04:26", nospace
"2014-04-03 04:09:44", "2014-04-03 04:20:22", nospace
"2014-04-03 04:46:56", "2014-04-03 04:54:54", nospace
"2014-04-03 05:10:52", "2014-04-03 05:18:51", nospace
"2014-04-03 05:21:30", "2014-04-03 05:37:26", nospace
"2014-04-03 05:40:06", "2014-04-03 05:41:10", nospace
"2014-04-03 05:50:23", "2014-04-03 05:57:23", nospace
"2014-04-03 10:39:50", "2014-04-03 10:45:09", nospace
"2014-04-03 10:47:47", "2014-04-03 11:03:47", nospace
"2014-04-03 14:54:07", "2014-04-03 15:04:48", nospace
"2014-04-04 05:19:37", "2014-04-04 05:32:57", nobike
"2014-04-04 05:38:19", "2014-04-04 05:43:43", nobike
"2014-04-04 05:49:00", "2014-04-04 05:57:01", nobike
"2014-04-04 06:36:38", "2014-04-04 07:02:54", nospace
"2014-04-04 07:53:39", "2014-04-04 08:09:40", nospace
"2014-04-04 08:17:43", "2014-04-04 08:20:23", nospace
"2014-04-04 08:41:50", "2014-04-04 08:44:31", nospace
"2014-04-04 12:35:46", "2014-04-04 12:38:26", nospace
"2014-04-04 12:51:48", "2014-04-04 13:07:52", nospace
"2014-04-04 13:46:38", "2014-04-04 13:54:41", nospace
"2014-04-05 00:25:17", "2014-04-05 00:36:01", nospace
"2014-04-05 01:10:50", "2014-04-05 01:24:08", nospace
"2014-04-05 01:25:36", "2014-04-05 01:28:17", nospace
"2014-04-05 01:30:58", "2014-04-05 01:44:24", nospace
"2014-04-05 02:00:28", "2014-04-05 02:05:50", nospace
"2014-04-05 04:45:46", "2014-04-05 04:48:26", nospace
"2014-04-05 04:52:34", "2014-04-05 04:59:57", nospace
"2014-04-05 05:22:01", "2014-04-05 05:24:42", nospace
"2014-04-05 05:32:44", "2014-04-05 05:51:38", nospace
"2014-04-05 05:56:55", "2014-04-05 06:12:04", nospace
"2014-04-05 06:23:46", "2014-04-05 06:29:51", nospace
"2014-04-05 07:30:42", "2014-04-05 07:38:45", nospace
"2014-04-05 07:41:26", "2014-04-05 08:02:51", nospace
"2014-04-05 08:05:32", "2014-04-05 08:21:39", nospace
"2014-04-05 08:24:22", "2014-04-05 08:40:27", nospace
"2014-04-05 08:43:08", "2014-04-05 08:53:50", nospace
"2014-04-05 08:59:14", "2014-04-05 09:04:35", nospace
"2014-04-05 09:07:15", "2014-04-05 09:09:57", nospace
"2014-04-05 09:12:39", "2014-04-05 09:39:31", nospace
"2014-04-05 09:52:55", "2014-04-05 10:03:40", nospace
"2014-04-05 10:06:21", "2014-04-05 10:11:42", nospace
"2014-04-05 11:34:58", "2014-04-05 11:51:05", nospace
"2014-04-05 14:17:45", "2014-04-05 14:20:27", nospace
"2014-04-06 03:01:57", "2014-04-06 03:04:38", nobike
"2014-04-06 04:44:13", "2014-04-06 04:52:15", nospace
"2014-04-06 05:50:12", "2014-04-06 06:13:21", nospace
"2014-04-06 06:17:15", "2014-04-06 06:20:14", nospace
"2014-04-06 06:32:52", "2014-04-06 06:36:30", nospace
"2014-04-06 06:44:36", "2014-04-06 06:50:01", nospace
"2014-04-06 07:10:46", "2014-04-06 07:17:54", nospace
"2014-04-06 07:39:53", "2014-04-06 07:45:16", nospace
"2014-04-06 09:29:02", "2014-04-06 09:31:44", nospace
"2014-04-06 09:45:15", "2014-04-06 09:47:56", nospace
"2014-04-06 09:53:20", "2014-04-06 09:58:42", nospace
"2014-04-06 10:24:26", "2014-04-06 10:32:32", nospace
"2014-04-06 10:35:14", "2014-04-06 10:40:35", nospace
"2014-04-06 11:53:01", "2014-04-06 11:54:54", nospace
"2014-04-06 11:57:51", "2014-04-06 12:07:13", nospace
"2014-04-06 12:10:10", "2014-04-06 12:16:33", nospace
"2014-04-07 09:38:54", "2014-04-07 09:52:24", nospace
"2014-04-07 10:16:44", "2014-04-07 10:35:39", nospace
"2014-04-07 10:49:11", "2014-04-07 10:51:53", nospace
"2014-04-07 11:47:34", "2014-04-07 11:58:19", nospace
"2014-04-07 12:06:27", "2014-04-07 12:09:09", nospace
"2014-04-07 17:10:26", "2014-04-07 21:35:46", nospace
"2014-04-08 01:12:44", "2014-04-08 01:20:54", nobike
"2014-04-08 01:23:37", "2014-04-08 01:31:44", nobike
"2014-04-08 04:01:57", "2014-04-08 04:23:11", nospace
"2014-04-08 04:25:52", "2014-04-08 04:28:34", nospace
"2014-04-08 04:31:19", "2014-04-08 04:44:52", nospace
"2014-04-08 04:47:35", "2014-04-08 04:50:19", nospace
"2014-04-08 05:25:35", "2014-04-08 05:28:18", nospace
"2014-04-08 05:32:47", "2014-04-08 05:40:40", nospace
"2014-04-08 05:51:32", "2014-04-08 05:56:59", nospace
"2014-04-08 05:59:42", "2014-04-08 06:05:08", nospace
"2014-04-08 06:58:41", "2014-04-08 07:03:06", nospace
"2014-04-08 07:30:04", "2014-04-08 07:35:30", nospace
"2014-04-08 07:38:12", "2014-04-08 07:59:57", nospace
"2014-04-08 10:21:46", "2014-04-08 10:33:57", nospace
"2014-04-08 10:36:40", "2014-04-08 10:41:54", nospace
"2014-04-08 10:49:01", "2014-04-08 10:57:11", nospace
"2014-04-08 11:02:37", "2014-04-08 11:05:21", nospace
"2014-04-08 12:59:24", "2014-04-08 13:12:59", nospace
"2014-04-08 13:18:26", "2014-04-08 13:23:52", nospace
"2014-04-08 15:56:04", "2014-04-08 16:04:13", nospace
"2014-04-09 00:20:59", "2014-04-09 00:44:17", nobike
"2014-04-09 01:59:05", "2014-04-09 02:06:05", nospace
"2014-04-09 02:11:32", "2014-04-09 02:16:59", nospace
"2014-04-09 02:44:10", "2014-04-09 03:03:13", nospace
"2014-04-09 03:27:45", "2014-04-09 03:41:21", nospace
"2014-04-09 03:44:05", "2014-04-09 03:46:47", nospace
"2014-04-09 03:54:58", "2014-04-09 04:00:24", nospace
"2014-04-09 04:03:07", "2014-04-09 04:05:51", nospace
"2014-04-09 04:08:34", "2014-04-09 04:14:00", nospace
"2014-04-09 07:07:49", "2014-04-09 07:10:33", nospace
"2014-04-09 08:10:28", "2014-04-09 08:13:11", nospace
"2014-04-09 09:29:30", "2014-04-09 09:34:57", nospace
"2014-04-09 09:37:39", "2014-04-09 09:51:18", nospace
"2014-04-09 10:04:54", "2014-04-09 10:07:37", nospace
"2014-04-09 10:13:02", "2014-04-09 10:21:13", nospace
"2014-04-09 23:48:13", "2014-04-09 23:55:35", nospace
"2014-04-10 01:44:52", "2014-04-10 01:58:31", nospace
"2014-04-10 03:53:31", "2014-04-10 04:23:34", nospace
"2014-04-10 04:26:17", "2014-04-10 04:29:01", nospace
"2014-04-10 05:29:07", "2014-04-10 05:42:47", nospace
"2014-04-10 06:04:37", "2014-04-10 06:10:06", nospace
"2014-04-10 06:34:50", "2014-04-10 06:41:04", nospace
"2014-04-10 06:42:44", "2014-04-10 06:48:49", nospace
"2014-04-10 06:51:04", "2014-04-10 07:01:18", nospace
"2014-04-10 07:06:47", "2014-04-10 07:17:44", nospace
"2014-04-10 07:23:13", "2014-04-10 07:42:19", nospace
"2014-04-10 07:47:47", "2014-04-10 07:53:13", nospace
"2014-04-10 09:38:38", "2014-04-10 09:59:46", nospace
"2014-04-10 10:07:58", "2014-04-10 10:10:42", nospace
"2014-04-10 10:49:01", "2014-04-10 10:51:44", nospace
"2014-04-10 14:31:08", "2014-04-10 14:32:44", nospace
"2014-04-10 14:39:00", "2014-04-10 14:48:53", nospace
"2014-04-11 00:36:06", "2014-04-11 00:38:50", nospace
"2014-04-11 03:50:39", "2014-04-11 03:52:56", nospace
"2014-04-11 03:55:59", "2014-04-11 04:05:23", nospace
"2014-04-11 04:08:24", "2014-04-11 04:15:38", nospace
"2014-04-11 04:45:47", "2014-04-11 04:48:31", nospace
"2014-04-11 06:09:38", "2014-04-11 06:28:53", nospace
"2014-04-11 07:15:58", "2014-04-11 07:18:42", nospace
"2014-04-11 10:15:06", "2014-04-11 10:18:12", nospace
"2014-04-11 10:53:09", "2014-04-11 11:04:07", nospace
"2014-04-11 11:09:38", "2014-04-11 11:20:38", nospace
"2014-04-11 11:28:53", "2014-04-11 11:34:23", nospace
"2014-04-11 13:18:01", "2014-04-11 13:29:22", nospace
"2014-04-12 02:20:27", "2014-04-12 02:25:59", nospace
"2014-04-12 02:31:27", "2014-04-12 02:34:12", nospace
"2014-04-12 05:51:16", "2014-04-12 05:59:32", nospace
"2014-04-12 06:02:17", "2014-04-12 06:05:03", nospace
"2014-04-12 06:16:05", "2014-04-12 06:24:22", nospace
"2014-04-12 07:04:51", "2014-04-12 07:07:37", nospace
"2014-04-12 07:37:57", "2014-04-12 07:40:42", nospace
"2014-04-12 07:43:27", "2014-04-12 07:54:27", nospace
"2014-04-12 07:59:57", "2014-04-12 08:05:28", nospace
"2014-04-12 08:16:28", "2014-04-12 08:46:48", nospace
"2014-04-12 09:00:34", "2014-04-12 09:06:05", nospace
"2014-04-12 09:51:46", "2014-04-12 09:57:18", nospace
"2014-04-12 10:00:05", "2014-04-12 10:20:40", nospace
"2014-04-12 10:35:12", "2014-04-12 10:38:16", nospace
"2014-04-12 10:42:57", "2014-04-12 10:45:44", nospace
"2014-04-12 12:02:53", "2014-04-12 12:08:24", nospace
"2014-04-12 12:16:18", "2014-04-12 12:23:52", nospace
"2014-04-12 12:40:09", "2014-04-12 12:43:14", nospace
"2014-04-12 13:10:32", "2014-04-12 13:15:24", nospace
"2014-04-12 13:18:32", "2014-04-12 13:28:46", nospace
"2014-04-12 13:31:32", "2014-04-12 13:34:16", nospace
"2014-04-13 00:17:15", "2014-04-13 00:20:01", nospace
"2014-04-13 02:26:06", "2014-04-13 02:31:36", nospace
"2014-04-13 02:34:22", "2014-04-13 02:51:20", nospace
"2014-04-13 02:56:46", "2014-04-13 03:09:36", nospace
"2014-04-13 03:52:04", "2014-04-13 03:53:40", nospace
"2014-04-13 04:41:53", "2014-04-13 04:44:38", nospace
"2014-04-13 04:47:24", "2014-04-13 04:50:11", nospace
"2014-04-13 05:28:57", "2014-04-13 05:42:46", nospace
"2014-04-13 05:54:13", "2014-04-13 05:56:37", nospace
"2014-04-13 05:57:44", "2014-04-13 06:00:50", nospace
"2014-04-13 06:52:49", "2014-04-13 06:58:19", nospace
"2014-04-13 08:48:52", "2014-04-13 08:51:38", nospace
"2014-04-13 09:27:24", "2014-04-13 09:30:53", nospace
"2014-04-13 09:36:05", "2014-04-13 09:37:40", nospace
"2014-04-14 00:02:36", "2014-04-14 00:08:08", nospace
"2014-04-14 00:10:55", "2014-04-14 00:13:41", nospace
"2014-04-14 01:21:49", "2014-04-14 01:47:25", nobike
"2014-04-14 02:02:35", "2014-04-14 02:13:42", nospace
"2014-04-14 07:50:06", "2014-04-14 07:53:11", nospace
"2014-04-14 09:43:57", "2014-04-14 09:46:44", nospace
"2014-04-14 09:49:31", "2014-04-14 09:55:04", nospace
"2014-04-14 11:14:27", "2014-04-14 11:17:13", nospace
"2014-04-15 00:11:59", "2014-04-15 00:13:42", nospace
"2014-04-15 02:06:56", "2014-04-15 02:12:32", nospace
"2014-04-15 05:57:41", "2014-04-15 06:02:13", nospace
"2014-04-15 07:31:03", "2014-04-15 07:33:49", nospace
"2014-04-15 10:10:42", "2014-04-15 10:31:10", nospace
"2014-04-15 10:36:45", "2014-04-15 10:50:33", nospace
"2014-04-15 10:53:09", "2014-04-15 11:03:46", nospace
"2014-04-15 13:27:40", "2014-04-15 13:50:59", nospace
"2014-04-15 13:56:09", "2014-04-15 14:00:48", nospace
"2014-04-15 23:49:09", "2014-04-15 23:51:07", nospace
"2014-04-15 23:57:15", "2014-04-15 23:58:39", nospace
"2014-04-16 00:52:11", "2014-04-16 01:06:09", nobike
"2014-04-16 01:14:32", "2014-04-16 01:17:20", nospace
"2014-04-16 01:50:51", "2014-04-16 02:04:49", nospace
"2014-04-16 05:41:49", "2014-04-16 05:47:26", nospace
"2014-04-16 06:04:13", "2014-04-16 06:18:12", nospace
"2014-04-16 10:37:19", "2014-04-16 11:08:10", nospace
"2014-04-16 11:10:58", "2014-04-16 11:27:45", nospace
"2014-04-16 11:50:10", "2014-04-16 11:52:58", nospace
"2014-04-16 14:00:37", "2014-04-16 14:09:00", nospace
"2014-04-16 14:11:49", "2014-04-16 14:17:25", nospace
"2014-04-16 14:20:12", "2014-04-16 14:33:09", nospace
"2014-04-16 23:56:11", "2014-04-17 00:00:15", nospace
"2014-04-17 00:31:37", "2014-04-17 00:34:25", nobike
"2014-04-17 00:37:12", "2014-04-17 01:08:07", nobike
"2014-04-17 02:07:00", "2014-04-17 02:21:03", nospace
"2014-04-17 02:29:27", "2014-04-17 02:37:52", nospace
"2014-04-17 03:08:46", "2014-04-17 03:11:34", nospace
"2014-04-17 04:20:38", "2014-04-17 04:26:17", nospace
"2014-04-17 07:53:26", "2014-04-17 08:04:35", nobike
"2014-04-17 08:07:44", "2014-04-17 08:17:37", nobike
"2014-04-17 08:19:03", "2014-04-17 08:25:15", nobike
"2014-04-17 10:43:45", "2014-04-17 11:00:36", nospace
"2014-04-18 00:27:15", "2014-04-18 00:30:04", nobike
"2014-04-18 00:31:26", "2014-04-18 00:36:22", nobike
"2014-04-18 00:55:56", "2014-04-18 01:03:50", nobike
"2014-04-18 02:01:39", "2014-04-18 02:15:06", nospace
"2014-04-18 02:29:13", "2014-04-18 02:32:03", nospace
"2014-04-18 02:57:33", "2014-04-18 03:00:38", nospace
"2014-04-18 04:29:33", "2014-04-18 04:40:47", nospace
"2014-04-18 04:54:51", "2014-04-18 04:57:39", nospace
"2014-04-18 05:00:28", "2014-04-18 05:03:17", nospace
"2014-04-18 10:01:44", "2014-04-18 10:04:32", nospace
"2014-04-18 10:52:24", "2014-04-18 10:55:14", nospace
"2014-04-18 11:00:52", "2014-04-18 11:03:41", nospace
"2014-04-18 11:09:21", "2014-04-18 11:37:33", nospace
"2014-04-18 11:40:23", "2014-04-18 11:48:52", nospace
"2014-04-18 12:32:39", "2014-04-18 12:33:54", nospace
"2014-04-18 12:45:13", "2014-04-18 12:48:03", nospace
"2014-04-18 13:50:04", "2014-04-18 13:52:55", nospace
"2014-04-19 05:48:12", "2014-04-19 06:03:51", nospace
"2014-04-19 07:14:09", "2014-04-19 07:16:58", nospace
"2014-04-19 07:31:07", "2014-04-19 07:39:37", nospace
"2014-04-19 07:42:27", "2014-04-19 07:48:08", nospace
"2014-04-19 07:50:59", "2014-04-19 08:02:02", nospace
"2014-04-19 08:18:39", "2014-04-19 08:24:06", nospace
"2014-04-19 09:06:34", "2014-04-19 09:09:25", nospace
"2014-04-19 09:12:15", "2014-04-19 09:18:52", nospace
"2014-04-19 09:59:41", "2014-04-19 10:02:32", nospace
"2014-04-19 10:05:21", "2014-04-19 10:08:11", nospace
"2014-04-19 10:10:59", "2014-04-19 10:13:49", nospace
"2014-04-19 10:42:08", "2014-04-19 10:47:48", nospace
"2014-04-19 11:32:04", "2014-04-19 11:37:43", nospace
"2014-04-19 11:51:49", "2014-04-19 11:54:38", nospace
"2014-04-19 11:57:28", "2014-04-19 12:05:57", nospace
"2014-04-19 12:08:46", "2014-04-19 12:11:36", nospace
"2014-04-19 14:55:59", "2014-04-19 14:58:49", nospace
"2014-04-20 03:27:40", "2014-04-20 03:44:42", nobike
"2014-04-20 06:00:56", "2014-04-20 06:03:45", nospace
"2014-04-20 12:44:32", "2014-04-20 12:53:58", nospace
"2014-04-21 01:11:43", "2014-04-21 01:25:58", nobike
"2014-04-21 01:28:48", "2014-04-21 01:51:34", nobike
"2014-04-21 04:14:44", "2014-04-21 04:34:42", nospace
"2014-04-21 04:51:49", "2014-04-21 05:28:49", nospace
"2014-04-21 10:38:00", "2014-04-21 10:40:51", nospace
"2014-04-21 10:47:39", "2014-04-21 11:05:04", nospace
"2014-04-21 11:10:10", "2014-04-21 11:18:44", nospace
"2014-04-21 11:21:34", "2014-04-21 11:30:08", nospace
"2014-04-21 11:35:50", "2014-04-21 11:38:41", nospace
"2014-04-21 11:41:32", "2014-04-21 11:50:05", nospace
"2014-04-21 12:04:21", "2014-04-21 12:24:16", nospace
"2014-04-21 12:27:08", "2014-04-21 12:49:58", nospace
"2014-04-21 13:01:21", "2014-04-21 13:04:13", nospace
"2014-04-21 13:09:55", "2014-04-21 13:12:46", nospace
"2014-04-21 23:50:43", "2014-04-21 23:55:23", nospace
"2014-04-22 00:57:31", "2014-04-22 01:10:15", nobike
"2014-04-22 04:18:01", "2014-04-22 04:20:53", nospace
"2014-04-22 04:32:19", "2014-04-22 04:35:10", nospace
"2014-04-22 04:43:45", "2014-04-22 05:23:47", nospace
"2014-04-22 06:08:41", "2014-04-22 06:11:33", nospace
"2014-04-22 10:14:14", "2014-04-22 10:19:58", nospace
"2014-04-22 10:22:48", "2014-04-22 10:40:01", nospace
"2014-04-23 00:33:32", "2014-04-23 00:41:33", nospace
"2014-04-23 02:17:54", "2014-04-23 02:20:45", nospace
"2014-04-23 03:09:30", "2014-04-23 03:13:45", nospace
"2014-04-23 03:28:40", "2014-04-23 03:34:22", nospace
"2014-04-23 03:37:13", "2014-04-23 03:40:06", nospace
"2014-04-23 04:00:09", "2014-04-23 04:05:53", nospace
"2014-04-23 04:08:46", "2014-04-23 04:25:59", nospace
"2014-04-23 04:28:51", "2014-04-23 04:40:19", nospace
"2014-04-23 09:21:14", "2014-04-23 09:26:58", nobike
"2014-04-23 09:29:50", "2014-04-23 09:32:44", nobike
"2014-04-23 10:20:37", "2014-04-23 10:35:09", nospace
"2014-04-23 10:38:02", "2014-04-23 10:52:22", nospace
"2014-04-23 11:38:19", "2014-04-23 11:44:02", nospace
"2014-04-23 11:58:24", "2014-04-23 12:04:08", nospace
"2014-04-23 13:05:00", "2014-04-23 13:11:19", nospace
"2014-04-23 13:37:23", "2014-04-23 13:42:15", nospace
"2014-04-23 14:54:15", "2014-04-23 14:57:08", nospace
"2014-04-24 04:19:42", "2014-04-24 04:43:55", nospace
"2014-04-24 04:47:32", "2014-04-24 04:50:41", nospace
"2014-04-24 05:08:18", "2014-04-24 05:11:10", nospace
"2014-04-24 05:22:42", "2014-04-24 05:25:35", nospace
"2014-04-24 05:28:28", "2014-04-24 05:31:20", nospace
"2014-04-24 09:45:59", "2014-04-24 09:51:43", nospace
"2014-04-24 09:54:36", "2014-04-24 10:00:24", nospace
"2014-04-24 10:06:10", "2014-04-24 10:09:02", nospace
"2014-04-24 10:17:42", "2014-04-24 10:43:35", nospace
"2014-04-24 11:03:44", "2014-04-24 11:18:12", nospace
"2014-04-24 11:24:24", "2014-04-24 11:48:55", nospace
"2014-04-24 11:54:41", "2014-04-24 12:06:13", nospace
"2014-04-24 13:57:47", "2014-04-24 14:02:26", nospace
"2014-04-25 08:04:07", "2014-04-25 08:28:38", nospace
"2014-04-25 09:11:53", "2014-04-25 09:18:00", nospace
"2014-04-25 09:49:37", "2014-04-25 09:55:24", nospace
"2014-04-25 09:58:17", "2014-04-25 10:30:07", nospace
"2014-04-25 10:38:49", "2014-04-25 10:41:41", nospace
"2014-04-25 10:47:29", "2014-04-25 10:53:16", nospace
"2014-04-25 12:51:55", "2014-04-25 12:54:48", nospace
"2014-04-25 13:12:10", "2014-04-25 13:20:53", nospace
"2014-04-25 13:29:34", "2014-04-25 13:32:27", nospace
"2014-04-25 13:57:37", "2014-04-25 14:06:18", nospace
"2014-04-25 17:17:33", "2014-04-25 17:49:23", nobike
"2014-04-26 03:59:20", "2014-04-26 04:02:41", nospace
"2014-04-26 06:35:58", "2014-04-26 06:41:49", nospace
"2014-04-26 06:44:43", "2014-04-26 06:50:31", nospace
"2014-04-26 07:39:02", "2014-04-26 07:41:56", nospace
"2014-04-26 07:47:43", "2014-04-26 07:50:37", nospace
"2014-04-26 07:59:20", "2014-04-26 08:05:08", nospace
"2014-04-26 08:16:44", "2014-04-26 08:31:14", nospace
"2014-04-26 13:43:47", "2014-04-26 13:47:57", nospace
"2014-04-26 23:50:15", "2014-04-26 23:58:59", nospace
"2014-04-27 00:07:42", "2014-04-27 00:57:07", nospace
"2014-04-27 04:11:05", "2014-04-27 04:22:42", nospace
"2014-04-27 04:42:13", "2014-04-27 04:45:06", nospace
"2014-04-27 04:50:54", "2014-04-27 04:53:49", nospace
"2014-04-27 05:52:00", "2014-04-27 06:11:35", nospace
"2014-04-27 06:17:24", "2014-04-27 06:41:12", nospace
"2014-04-27 06:44:07", "2014-04-27 06:49:59", nospace
"2014-04-27 06:52:54", "2014-04-27 07:01:38", nospace
"2014-04-27 07:13:18", "2014-04-27 07:24:56", nospace
"2014-04-27 07:28:22", "2014-04-27 07:34:57", nospace
"2014-04-27 07:36:20", "2014-04-27 08:04:51", nospace
"2014-04-27 08:07:45", "2014-04-27 08:13:35", nospace
"2014-04-27 08:36:55", "2014-04-27 08:42:44", nospace
"2014-04-27 08:54:27", "2014-04-27 09:09:00", nospace
"2014-04-27 10:21:54", "2014-04-27 10:23:48", nospace
"2014-04-27 10:25:45", "2014-04-27 10:28:59", nospace
"2014-04-27 10:33:58", "2014-04-27 10:47:32", nospace
"2014-04-27 11:28:21", "2014-04-27 11:37:05", nospace
"2014-04-27 15:13:05", "2014-04-27 15:24:43", nobike
"2014-04-27 15:27:38", "2014-04-27 15:45:08", nobike
"2014-04-28 00:22:32", "2014-04-28 00:25:28", nospace
"2014-04-28 02:06:51", "2014-04-28 02:21:27", nospace
"2014-04-28 03:22:53", "2014-04-28 03:34:35", nospace
"2014-04-28 03:57:56", "2014-04-28 04:27:09", nospace
"2014-04-28 04:32:57", "2014-04-28 04:38:48", nospace
"2014-04-28 04:44:37", "2014-04-28 04:47:33", nospace
"2014-04-28 07:30:39", "2014-04-28 07:37:22", nospace
"2014-04-28 07:41:37", "2014-04-28 07:44:47", nospace
"2014-04-28 07:51:54", "2014-04-28 07:55:08", nospace
"2014-04-28 09:38:31", "2014-04-28 09:47:16", nospace
"2014-04-28 10:10:39", "2014-04-28 10:28:11", nospace
"2014-04-28 10:31:08", "2014-04-28 10:42:49", nospace
"2014-04-28 10:45:44", "2014-04-28 10:51:35", nospace
"2014-04-28 12:03:54", "2014-04-28 12:21:26", nospace
"2014-04-28 12:39:03", "2014-04-28 12:41:58", nospace
"2014-04-28 13:14:08", "2014-04-28 13:17:07", nospace
"2014-04-28 23:49:49", "2014-04-28 23:52:44", nospace
"2014-04-29 05:48:01", "2014-04-29 05:50:57", nospace
"2014-04-29 05:53:53", "2014-04-29 06:47:05", nospace
"2014-04-29 07:01:44", "2014-04-29 07:22:15", nospace
"2014-04-29 10:43:07", "2014-04-29 10:48:59", nospace
"2014-04-29 10:54:51", "2014-04-29 10:57:48", nospace
"2014-04-29 11:27:08", "2014-04-29 11:30:03", nospace
"2014-04-29 11:58:04", "2014-04-29 11:59:57", nospace
"2014-04-29 12:54:21", "2014-04-29 13:06:06", nospace
"2014-04-30 01:04:24", "2014-04-30 01:12:40", nobike
"2014-04-30 01:17:37", "2014-04-30 01:48:43", nobike
"2014-04-30 06:23:32", "2014-04-30 06:38:18", nospace
"2014-04-30 06:44:12", "2014-04-30 07:05:06", nospace
"2014-05-01 00:11:06", "2014-05-01 00:15:55", nospace
"2014-05-01 01:30:02", "2014-05-01 01:50:41", nospace
"2014-05-01 01:53:38", "2014-05-01 01:59:31", nospace
"2014-05-01 10:23:27", "2014-05-01 10:30:19", nospace
"2014-05-01 10:33:15", "2014-05-01 10:50:59", nospace
"2014-05-02 00:13:28", "2014-05-02 00:16:24", nospace
"2014-05-02 04:28:30", "2014-05-02 04:34:26", nospace
"2014-05-02 09:51:11", "2014-05-02 10:08:58", nospace
"2014-05-02 10:16:15", "2014-05-02 10:23:04", nospace
"2014-05-02 10:26:00", "2014-05-02 10:40:52", nospace
"2014-05-02 10:43:49", "2014-05-02 10:46:46", nospace
"2014-05-02 11:10:35", "2014-05-02 11:16:34", nospace
"2014-05-02 11:19:33", "2014-05-02 11:25:33", nospace
"2014-05-02 12:25:13", "2014-05-02 12:28:12", nospace
"2014-05-02 12:34:11", "2014-05-02 12:37:12", nospace
"2014-05-02 12:40:08", "2014-05-02 12:49:07", nospace
"2014-05-02 13:21:14", "2014-05-02 13:24:12", nospace
"2014-05-02 13:33:06", "2014-05-02 13:51:01", nospace
"2014-05-03 02:03:24", "2014-05-03 02:12:19", nospace
"2014-05-03 02:21:14", "2014-05-03 02:30:08", nospace
"2014-05-03 07:09:10", "2014-05-03 07:12:09", nospace
"2014-05-03 07:19:14", "2014-05-03 07:22:37", nospace
"2014-05-03 07:28:01", "2014-05-03 07:31:22", nospace
"2014-05-03 07:33:19", "2014-05-03 07:36:40", nospace
"2014-05-03 07:50:05", "2014-05-03 07:53:04", nospace
"2014-05-03 08:10:36", "2014-05-03 08:22:14", nospace
"2014-05-03 08:25:14", "2014-05-03 08:31:10", nospace
"2014-05-03 08:34:08", "2014-05-03 08:37:08", nospace
"2014-05-03 08:46:04", "2014-05-03 08:54:59", nospace
"2014-05-03 09:30:44", "2014-05-03 09:33:41", nospace
"2014-05-03 09:39:38", "2014-05-03 09:48:34", nospace
"2014-05-03 09:51:32", "2014-05-03 09:57:30", nospace
"2014-05-03 10:00:27", "2014-05-03 10:03:26", nospace
"2014-05-03 10:06:25", "2014-05-03 10:18:16", nospace
"2014-05-03 10:21:14", "2014-05-03 10:27:11", nospace
"2014-05-03 10:33:07", "2014-05-03 10:47:58", nospace
"2014-05-03 13:24:49", "2014-05-03 13:27:48", nospace
"2014-05-03 13:45:39", "2014-05-03 13:48:37", nospace
"2014-05-03 15:20:55", "2014-05-03 15:50:42", nobike
"2014-05-04 01:11:17", "2014-05-04 01:17:14", nospace
"2014-05-04 01:32:09", "2014-05-04 01:35:07", nospace
"2014-05-04 02:01:55", "2014-05-04 02:07:53", nospace
"2014-05-04 03:36:33", "2014-05-04 03:42:31", nospace
"2014-05-04 04:09:19", "2014-05-04 04:18:12", nospace
"2014-05-04 09:33:20", "2014-05-04 09:42:26", nospace
"2014-05-04 09:57:51", "2014-05-04 09:59:46", nospace
"2014-05-04 10:02:26", "2014-05-04 10:14:21", nospace
"2014-05-04 10:17:20", "2014-05-04 10:20:19", nospace
"2014-05-04 10:29:17", "2014-05-04 10:32:15", nospace
"2014-05-04 12:15:31", "2014-05-04 12:18:30", nobike
"2014-05-04 12:21:29", "2014-05-04 12:24:29", nobike
"2014-05-05 04:33:13", "2014-05-05 04:42:12", nospace
"2014-05-05 04:45:12", "2014-05-05 04:48:11", nospace
"2014-05-05 04:54:09", "2014-05-05 05:09:08", nospace
"2014-05-05 05:21:03", "2014-05-05 05:24:04", nospace
"2014-05-05 05:47:59", "2014-05-05 06:23:55", nospace
"2014-05-05 07:45:09", "2014-05-05 07:51:08", nospace
"2014-05-05 08:03:07", "2014-05-05 08:33:02", nospace
"2014-05-05 09:59:44", "2014-05-05 10:02:42", nospace
"2014-05-05 10:05:44", "2014-05-05 10:08:44", nospace
"2014-05-05 10:11:43", "2014-05-05 10:26:40", nospace
"2014-05-05 10:29:39", "2014-05-05 10:35:38", nospace
"2014-05-05 10:50:35", "2014-05-05 11:08:33", nospace
"2014-05-05 11:11:34", "2014-05-05 11:17:32", nospace
"2014-05-06 01:24:34", "2014-05-06 01:27:34", nospace
"2014-05-06 09:48:09", "2014-05-06 10:06:45", nospace
"2014-05-06 10:24:45", "2014-05-06 10:30:46", nospace
"2014-05-06 10:33:46", "2014-05-06 10:48:45", nospace
"2014-05-06 10:51:45", "2014-05-06 10:54:46", nospace
"2014-05-06 11:00:48", "2014-05-06 11:03:49", nospace
"2014-05-06 11:06:48", "2014-05-06 11:09:48", nospace
"2014-05-06 11:45:51", "2014-05-06 11:51:51", nospace
"2014-05-06 13:33:54", "2014-05-06 13:36:55", nospace
"2014-05-06 13:51:54", "2014-05-06 14:18:57", nospace
"2014-05-06 23:34:10", "2014-05-06 23:43:12", nospace
"2014-05-06 23:49:11", "2014-05-07 00:01:14", nospace
"2014-05-07 00:43:20", "2014-05-07 00:49:20", nobike
"2014-05-07 02:21:57", "2014-05-07 02:27:58", nospace
"2014-05-07 02:33:58", "2014-05-07 02:36:57", nospace
"2014-05-07 03:07:03", "2014-05-07 03:49:12", nospace
"2014-05-07 10:41:35", "2014-05-07 10:47:37", nospace
"2014-05-07 10:50:37", "2014-05-07 11:05:39", nospace
"2014-05-07 11:08:40", "2014-05-07 11:17:42", nospace
"2014-05-07 12:17:58", "2014-05-07 13:18:24", nospace
"2014-05-07 13:51:32", "2014-05-07 13:54:33", nospace
"2014-05-08 04:11:49", "2014-05-08 04:17:52", nospace
"2014-05-08 04:23:54", "2014-05-08 04:26:55", nospace
"2014-05-08 04:29:56", "2014-05-08 04:32:11", nospace
"2014-05-08 04:33:59", "2014-05-08 04:38:19", nospace
"2014-05-08 04:41:21", "2014-05-08 04:44:23", nospace
"2014-05-08 04:56:27", "2014-05-08 05:08:32", nospace
"2014-05-08 05:26:40", "2014-05-08 05:50:50", nospace
"2014-05-08 06:13:41", "2014-05-08 06:24:09", nospace
"2014-05-08 10:09:13", "2014-05-08 10:18:16", nospace
"2014-05-08 10:24:16", "2014-05-08 11:03:33", nospace
"2014-05-08 11:09:34", "2014-05-08 11:12:37", nospace
"2014-05-08 11:33:44", "2014-05-08 11:58:07", nospace
"2014-05-08 12:01:11", "2014-05-08 12:04:13", nospace
