"2013-11-27 23:19:39", "2013-11-27 23:52:46", nospace
"2013-11-27 23:58:39", "2013-11-28 00:04:54", nospace
"2013-11-28 06:31:46", "2013-11-28 06:37:44", nospace
"2013-11-28 06:40:43", "2013-11-28 07:04:44", nospace
"2013-11-28 07:28:43", "2013-11-28 07:34:56", nospace
"2013-11-29 02:01:45", "2013-11-29 02:22:59", nospace
"2013-11-29 02:38:00", "2013-11-29 04:01:41", nospace
"2013-11-29 06:31:53", "2013-11-29 07:01:51", nospace
"2013-11-29 07:07:48", "2013-11-29 07:13:48", nospace
"2013-11-29 07:22:43", "2013-11-29 07:35:01", nospace
"2013-11-29 07:44:00", "2013-11-29 07:47:00", nospace
"2013-11-29 13:46:43", "2013-11-29 14:07:41", nobike
"2013-11-29 14:20:02", "2013-11-29 14:43:58", nospace
"2013-11-30 03:58:45", "2013-11-30 04:07:51", nobike
"2013-11-30 04:13:54", "2013-11-30 04:20:00", nobike
"2013-11-30 05:55:49", "2013-11-30 06:07:55", nospace
"2013-11-30 07:29:02", "2013-11-30 07:32:03", nospace
"2013-11-30 07:35:03", "2013-11-30 07:38:04", nospace
"2013-11-30 08:10:45", "2013-11-30 08:31:52", nospace
"2013-11-30 08:37:55", "2013-11-30 08:50:02", nospace
"2013-11-30 09:07:50", "2013-11-30 09:13:53", nospace
"2013-11-30 09:16:54", "2013-11-30 09:32:01", nospace
"2013-11-30 09:35:03", "2013-11-30 09:41:06", nospace
"2013-11-30 13:16:59", "2013-11-30 13:56:06", nobike
"2013-11-30 13:58:45", "2013-11-30 14:10:52", nobike
"2013-11-30 14:46:52", "2013-11-30 15:13:48", nobike
"2013-11-30 17:01:47", "2013-11-30 17:04:48", nobike
"2013-12-01 04:50:03", "2013-12-01 05:04:54", nospace
"2013-12-01 05:58:54", "2013-12-01 06:01:57", nospace
"2013-12-01 06:19:54", "2013-12-01 06:53:00", nospace
"2013-12-01 06:59:09", "2013-12-01 07:11:00", nospace
"2013-12-01 07:14:05", "2013-12-01 07:29:02", nospace
"2013-12-01 07:32:04", "2013-12-01 07:37:48", nospace
"2013-12-01 08:05:08", "2013-12-01 08:20:03", nospace
"2013-12-01 08:23:06", "2013-12-01 08:28:48", nospace
"2013-12-01 08:44:07", "2013-12-01 08:46:48", nospace
"2013-12-01 11:38:08", "2013-12-01 12:11:08", nobike
"2013-12-01 12:16:52", "2013-12-01 12:19:55", nobike
"2013-12-01 12:26:02", "2013-12-01 12:32:08", nobike
"2013-12-01 12:34:49", "2013-12-01 12:40:56", nobike
"2013-12-01 12:44:07", "2013-12-01 12:52:51", nobike
"2013-12-01 13:23:10", "2013-12-01 14:08:01", nobike
"2013-12-01 14:11:04", "2013-12-01 14:19:54", nobike
"2013-12-01 14:31:48", "2013-12-01 14:37:58", nospace
"2013-12-02 09:01:59", "2013-12-02 09:05:06", nospace
"2013-12-02 09:20:11", "2013-12-02 09:29:04", nospace
"2013-12-02 09:32:08", "2013-12-02 09:44:06", nospace
"2013-12-02 11:43:58", "2013-12-02 11:50:09", nobike
"2013-12-02 23:29:04", "2013-12-02 23:41:06", nospace
"2013-12-03 01:55:55", "2013-12-03 02:02:08", nospace
"2013-12-03 15:38:08", "2013-12-03 16:05:13", nobike
"2013-12-04 01:38:13", "2013-12-04 02:08:03", nospace
"2013-12-04 02:26:11", "2013-12-04 02:28:56", nospace
"2013-12-04 02:35:14", "2013-12-04 03:05:04", nospace
"2013-12-04 03:10:57", "2013-12-04 03:32:10", nospace
"2013-12-04 03:41:14", "2013-12-04 04:11:09", nospace
"2013-12-04 04:32:05", "2013-12-04 04:41:09", nospace
"2013-12-04 04:56:06", "2013-12-04 04:59:14", nospace
"2013-12-04 05:05:08", "2013-12-04 05:08:18", nospace
"2013-12-04 05:53:04", "2013-12-04 05:56:13", nospace
"2013-12-04 06:02:11", "2013-12-04 06:11:12", nospace
"2013-12-04 06:47:17", "2013-12-04 07:02:07", nospace
"2013-12-04 07:05:16", "2013-12-04 07:14:19", nospace
"2013-12-04 09:29:08", "2013-12-04 09:32:17", nospace
"2013-12-05 01:32:03", "2013-12-05 02:02:11", nospace
"2013-12-05 02:17:15", "2013-12-05 02:56:07", nospace
"2013-12-05 03:02:03", "2013-12-05 03:05:15", nospace
"2013-12-05 03:08:01", "2013-12-05 03:17:08", nospace
"2013-12-05 03:20:19", "2013-12-05 03:38:11", nospace
"2013-12-05 04:02:03", "2013-12-05 04:14:22", nospace
"2013-12-05 04:26:17", "2013-12-05 04:29:04", nospace
"2013-12-05 04:38:13", "2013-12-05 04:50:07", nospace
"2013-12-05 04:59:16", "2013-12-05 05:29:13", nospace
"2013-12-05 05:38:01", "2013-12-05 05:59:16", nospace
"2013-12-05 06:08:04", "2013-12-05 06:26:07", nospace
"2013-12-05 06:41:05", "2013-12-05 06:53:05", nospace
"2013-12-05 13:20:23", "2013-12-05 13:59:24", nobike
"2013-12-06 01:38:10", "2013-12-06 02:14:14", nospace
"2013-12-06 02:17:05", "2013-12-06 02:29:22", nospace
"2013-12-06 13:29:15", "2013-12-06 13:32:08", nobike
"2013-12-06 13:47:19", "2013-12-06 14:23:29", nobike
"2013-12-06 14:38:17", "2013-12-06 14:41:11", nospace
"2013-12-07 05:53:28", "2013-12-07 05:56:23", nospace
"2013-12-07 05:59:20", "2013-12-07 06:02:14", nospace
"2013-12-07 06:14:22", "2013-12-07 06:32:24", nospace
"2013-12-07 06:35:20", "2013-12-07 06:44:30", nospace
"2013-12-07 06:47:26", "2013-12-07 06:56:31", nospace
"2013-12-07 07:32:20", "2013-12-07 07:38:11", nospace
"2013-12-07 07:44:26", "2013-12-07 07:50:19", nospace
"2013-12-07 08:50:23", "2013-12-07 09:05:19", nospace
"2013-12-07 14:47:25", "2013-12-07 15:14:20", nobike
"2013-12-07 15:23:13", "2013-12-07 15:26:32", nobike
"2013-12-07 15:38:15", "2013-12-07 15:50:29", nobike
"2013-12-07 15:56:18", "2013-12-07 15:59:15", nobike
"2013-12-08 04:23:21", "2013-12-08 04:32:34", nospace
"2013-12-08 04:35:35", "2013-12-08 04:41:19", nospace
"2013-12-08 05:02:28", "2013-12-08 05:14:30", nospace
"2013-12-08 05:56:17", "2013-12-08 06:26:28", nospace
"2013-12-08 06:29:24", "2013-12-08 07:26:26", nospace
"2013-12-08 07:29:35", "2013-12-08 07:38:18", nospace
"2013-12-08 07:41:24", "2013-12-08 08:08:17", nospace
"2013-12-08 08:11:30", "2013-12-08 08:23:28", nospace
"2013-12-08 08:26:12", "2013-12-08 08:35:24", nospace
"2013-12-08 08:38:36", "2013-12-08 08:53:13", nospace
"2013-12-08 09:02:26", "2013-12-08 09:14:21", nospace
"2013-12-09 09:41:37", "2013-12-09 10:29:30", nobike
"2013-12-09 10:32:34", "2013-12-09 10:44:29", nobike
"2013-12-09 10:47:35", "2013-12-09 10:56:22", nobike
"2013-12-10 04:02:48", "2013-12-10 04:14:25", nospace
"2013-12-10 04:17:34", "2013-12-10 04:41:43", nospace
"2013-12-10 13:53:28", "2013-12-10 13:56:41", nospace
"2013-12-11 01:32:21", "2013-12-11 02:11:32", nospace
"2013-12-11 02:14:26", "2013-12-11 02:44:20", nospace
"2013-12-11 02:47:47", "2013-12-11 03:05:38", nospace
"2013-12-11 03:29:32", "2013-12-11 03:44:34", nospace
"2013-12-11 03:53:25", "2013-12-11 04:32:24", nospace
"2013-12-11 05:32:27", "2013-12-11 05:50:51", nospace
"2013-12-11 05:56:38", "2013-12-11 06:08:46", nospace
"2013-12-11 06:29:36", "2013-12-11 06:35:34", nospace
"2013-12-11 06:38:26", "2013-12-11 06:44:30", nospace
"2013-12-11 07:08:24", "2013-12-11 07:45:00", nospace
"2013-12-11 07:50:49", "2013-12-11 07:59:28", nospace
"2013-12-11 08:35:51", "2013-12-11 08:50:42", nospace
"2013-12-11 08:56:53", "2013-12-11 09:02:27", nospace
"2013-12-11 11:32:25", "2013-12-11 11:35:31", nospace
"2013-12-11 12:11:39", "2013-12-11 12:14:47", nospace
"2013-12-11 14:44:38", "2013-12-11 14:53:55", nospace
"2013-12-12 10:59:58", "2013-12-12 11:14:55", nobike
"2013-12-12 13:56:43", "2013-12-12 14:02:35", nobike
"2013-12-12 14:11:43", "2013-12-12 14:20:50", nospace
"2013-12-13 10:17:35", "2013-12-13 10:32:36", nobike
"2013-12-13 13:15:01", "2013-12-13 13:17:45", nobike
"2013-12-13 14:05:45", "2013-12-13 14:11:54", nospace
"2013-12-14 12:27:13", "2013-12-14 12:35:42", nobike
"2013-12-14 14:26:41", "2013-12-14 14:57:01", nobike
"2013-12-15 14:12:00", "2013-12-15 14:29:52", nobike
"2013-12-15 23:35:37", "2013-12-15 23:39:21", nospace
"2013-12-16 01:48:14", "2013-12-16 01:54:12", nospace
"2013-12-16 02:12:09", "2013-12-16 02:15:08", nospace
"2013-12-16 02:59:42", "2013-12-16 03:14:38", nospace
"2013-12-16 03:33:00", "2013-12-16 04:05:57", nospace
"2013-12-16 04:53:56", "2013-12-16 04:56:56", nospace
"2013-12-16 05:14:56", "2013-12-16 05:32:49", nospace
"2013-12-18 13:48:27", "2013-12-18 14:14:49", nobike
"2013-12-19 11:00:23", "2013-12-19 11:18:04", nobike
"2013-12-19 12:54:20", "2013-12-19 12:56:53", nobike
"2013-12-19 13:56:58", "2013-12-19 14:21:02", nobike
"2013-12-21 14:57:10", "2013-12-21 15:03:39", nobike
"2013-12-22 06:21:00", "2013-12-22 06:24:44", nospace
"2013-12-22 06:33:11", "2013-12-22 06:51:13", nospace
"2013-12-22 06:57:44", "2013-12-22 07:09:44", nospace
"2013-12-22 07:12:31", "2013-12-22 07:36:43", nospace
"2013-12-22 07:51:37", "2013-12-22 07:57:12", nospace
"2013-12-22 10:33:47", "2013-12-22 10:48:36", nobike
"2013-12-22 14:06:52", "2013-12-22 14:27:21", nobike
"2013-12-22 14:42:17", "2013-12-22 15:00:47", nobike
"2013-12-24 10:24:37", "2013-12-24 10:45:47", nobike
"2013-12-27 10:57:24", "2013-12-27 11:01:03", nobike
"2013-12-27 14:31:01", "2013-12-27 14:51:45", nobike
"2013-12-28 03:25:13", "2013-12-28 03:36:46", nospace
"2013-12-28 03:46:15", "2013-12-28 03:48:21", nospace
"2013-12-28 03:51:31", "2013-12-28 03:54:40", nospace
"2013-12-28 04:00:59", "2013-12-28 04:12:34", nospace
"2013-12-28 04:15:45", "2013-12-28 04:18:55", nospace
"2013-12-28 04:22:04", "2013-12-28 04:33:39", nospace
"2013-12-28 04:36:48", "2013-12-28 04:39:58", nospace
"2013-12-28 04:46:18", "2013-12-28 05:01:01", nospace
"2013-12-28 13:12:24", "2013-12-28 13:33:55", nobike
"2013-12-28 13:37:08", "2013-12-28 13:48:47", nobike
"2013-12-29 12:58:03", "2013-12-29 14:00:39", nobike
"2013-12-29 14:03:47", "2013-12-29 14:15:37", nobike
"2013-12-30 11:01:19", "2013-12-30 11:18:46", nobike
"2013-12-30 11:22:04", "2013-12-30 11:30:37", nobike
"2013-12-30 14:37:20", "2013-12-30 14:51:37", nobike
"2013-12-31 03:43:05", "2013-12-31 03:57:32", nospace
"2013-12-31 10:07:16", "2013-12-31 10:25:08", nospace
"2013-12-31 10:46:25", "2013-12-31 10:48:40", nospace
"2013-12-31 11:33:36", "2013-12-31 11:36:58", nospace
"2013-12-31 12:16:13", "2013-12-31 12:34:12", nospace
"2013-12-31 12:43:13", "2013-12-31 12:46:35", nospace
"2013-12-31 13:42:43", "2013-12-31 14:09:41", nospace
"2013-12-31 14:16:25", "2013-12-31 15:01:23", nospace
"2013-12-31 15:03:38", "2013-12-31 15:10:21", nospace
"2013-12-31 19:06:40", "2013-12-31 19:13:17", nospace
"2013-12-31 19:15:31", "2013-12-31 19:27:50", nospace
"2013-12-31 20:34:14", "2013-12-31 20:45:31", nospace
"2013-12-31 23:27:55", "2013-12-31 23:36:55", nospace
"2013-12-31 23:58:18", "2014-01-01 00:07:20", nospace
"2014-01-01 00:30:45", "2014-01-01 00:57:52", nospace
"2014-01-01 01:15:55", "2014-01-01 01:24:55", nospace
"2014-01-01 01:30:34", "2014-01-01 01:33:57", nospace
"2014-01-01 01:37:20", "2014-01-01 01:51:59", nospace
"2014-01-01 02:13:28", "2014-01-01 02:31:33", nospace
"2014-01-01 02:42:48", "2014-01-01 02:51:49", nospace
"2014-01-01 02:55:13", "2014-01-01 03:25:04", nospace
"2014-01-01 03:31:29", "2014-01-01 03:37:09", nospace
"2014-01-01 03:57:59", "2014-01-01 04:01:22", nospace
"2014-01-01 04:07:03", "2014-01-01 04:19:31", nospace
"2014-01-01 04:25:13", "2014-01-01 04:30:53", nospace
"2014-01-01 04:37:38", "2014-01-01 04:39:54", nospace
"2014-01-01 04:45:34", "2014-01-01 06:30:34", nospace
"2014-01-01 06:33:56", "2014-01-01 06:37:21", nospace
"2014-01-01 06:39:36", "2014-01-01 06:49:07", nospace
"2014-01-01 06:54:53", "2014-01-01 07:22:39", nospace
"2014-01-01 07:43:32", "2014-01-01 08:22:39", nospace
"2014-01-01 08:40:29", "2014-01-01 08:42:47", nospace
"2014-01-01 09:27:47", "2014-01-01 09:43:00", nospace
"2014-01-01 09:45:44", "2014-01-01 09:48:57", nospace
"2014-01-01 10:07:25", "2014-01-01 10:16:41", nospace
"2014-01-01 10:24:45", "2014-01-01 10:28:12", nospace
"2014-01-01 14:45:55", "2014-01-01 15:06:46", nobike
"2014-01-02 06:24:37", "2014-01-02 06:28:10", nospace
"2014-01-02 06:34:20", "2014-01-02 06:39:48", nospace
"2014-01-02 07:28:16", "2014-01-02 07:34:03", nospace
"2014-01-04 10:40:55", "2014-01-04 10:45:45", nospace
"2014-01-05 06:48:58", "2014-01-05 06:52:43", nospace
"2014-01-05 07:16:11", "2014-01-05 07:19:55", nospace
"2014-01-05 07:28:34", "2014-01-05 07:43:23", nospace
"2014-01-05 08:12:53", "2014-01-05 08:37:01", nospace
"2014-01-05 08:42:53", "2014-01-05 08:52:43", nospace
"2014-01-05 08:55:10", "2014-01-05 09:07:06", nospace
"2014-01-05 09:10:45", "2014-01-05 09:16:53", nospace
"2014-01-05 09:21:49", "2014-01-05 09:31:43", nospace
"2014-01-05 13:45:54", "2014-01-05 14:07:51", nobike
"2014-01-06 01:04:10", "2014-01-06 01:58:41", nospace
"2014-01-06 02:01:11", "2014-01-06 02:15:51", nospace
"2014-01-06 11:43:44", "2014-01-06 13:10:02", nobike
"2014-01-07 01:16:29", "2014-01-07 01:34:06", nospace
"2014-01-07 10:34:17", "2014-01-07 10:38:05", nospace
"2014-01-07 12:55:22", "2014-01-07 12:59:09", nospace
"2014-01-07 13:04:11", "2014-01-07 13:10:28", nospace
"2014-01-08 07:55:27", "2014-01-08 08:07:07", nospace
"2014-01-10 04:10:58", "2014-01-10 04:29:14", nospace
"2014-01-10 09:16:38", "2014-01-10 09:22:31", nospace
"2014-01-10 09:25:09", "2014-01-10 09:34:21", nospace
"2014-01-10 10:19:10", "2014-01-10 10:28:23", nospace
"2014-01-11 03:52:07", "2014-01-11 03:55:10", nospace
"2014-01-11 04:10:13", "2014-01-11 04:22:08", nospace
"2014-01-11 04:26:06", "2014-01-11 04:52:34", nospace
"2014-01-11 08:20:01", "2014-01-11 08:22:42", nospace
"2014-01-11 08:34:48", "2014-01-11 08:44:13", nospace
"2014-01-11 09:13:54", "2014-01-11 09:16:35", nospace
"2014-01-11 10:29:13", "2014-01-11 10:31:55", nospace
"2014-01-11 10:46:10", "2014-01-11 10:50:13", nospace
"2014-01-11 12:50:06", "2014-01-11 13:07:40", nobike
"2014-01-11 13:32:23", "2014-01-11 13:40:28", nobike
"2014-01-12 04:20:18", "2014-01-12 04:25:40", nospace
"2014-01-12 04:32:22", "2014-01-12 04:40:25", nospace
"2014-01-12 04:58:41", "2014-01-12 05:01:49", nospace
"2014-01-12 05:07:18", "2014-01-12 05:29:00", nospace
"2014-01-12 05:46:24", "2014-01-12 06:40:24", nospace
"2014-01-12 06:47:11", "2014-01-12 07:22:46", nospace
"2014-01-12 09:26:14", "2014-01-12 09:28:59", nospace
"2014-01-12 09:46:13", "2014-01-12 10:13:56", nospace
"2014-01-12 14:07:24", "2014-01-12 14:11:28", nobike
"2014-01-12 14:14:12", "2014-01-12 14:44:13", nobike
"2014-01-13 13:44:00", "2014-01-13 14:29:09", nobike
"2014-01-14 12:41:23", "2014-01-14 12:46:48", nobike
"2014-01-14 14:23:06", "2014-01-14 14:28:30", nobike
"2014-01-15 01:46:30", "2014-01-15 02:04:34", nospace
"2014-01-15 02:14:16", "2014-01-15 02:19:49", nospace
"2014-01-15 05:34:24", "2014-01-15 05:46:46", nospace
"2014-01-15 06:17:19", "2014-01-15 07:08:07", nospace
"2014-01-15 08:37:57", "2014-01-15 08:46:26", nospace
"2014-01-15 08:50:41", "2014-01-15 08:59:09", nospace
"2014-01-15 09:38:35", "2014-01-15 09:44:14", nospace
"2014-01-15 09:55:23", "2014-01-15 09:59:39", nospace
"2014-01-15 14:07:32", "2014-01-15 15:20:05", nobike
"2014-01-16 00:07:45", "2014-01-16 00:17:36", nospace
"2014-01-16 02:46:37", "2014-01-16 03:16:47", nospace
"2014-01-16 03:19:37", "2014-01-16 03:35:03", nospace
"2014-01-16 03:40:42", "2014-01-16 03:59:28", nospace
"2014-01-16 04:10:45", "2014-01-16 04:13:33", nospace
"2014-01-16 04:17:47", "2014-01-16 04:26:04", nospace
"2014-01-16 05:19:42", "2014-01-16 05:22:32", nospace
"2014-01-16 05:26:46", "2014-01-16 06:32:22", nospace
"2014-01-16 06:41:05", "2014-01-16 06:50:47", nospace
"2014-01-16 06:53:34", "2014-01-16 07:16:25", nospace
"2014-01-16 07:26:26", "2014-01-16 07:32:09", nospace
"2014-01-16 08:31:57", "2014-01-16 08:50:27", nospace
"2014-01-16 10:59:33", "2014-01-16 11:05:13", nobike
"2014-01-16 11:08:04", "2014-01-16 11:10:54", nobike
"2014-01-16 11:13:44", "2014-01-16 11:20:33", nobike
"2014-01-16 11:31:57", "2014-01-16 11:34:49", nobike
"2014-01-16 11:37:38", "2014-01-16 11:40:30", nobike
"2014-01-16 14:02:04", "2014-01-16 14:10:35", nobike
"2014-01-16 14:17:42", "2014-01-16 14:20:32", nobike
"2014-01-17 06:52:54", "2014-01-17 06:58:46", nospace
"2014-01-17 07:11:09", "2014-01-17 07:19:45", nospace
"2014-01-17 07:22:38", "2014-01-17 07:50:29", nospace
"2014-01-17 08:31:51", "2014-01-17 09:06:18", nospace
"2014-01-17 10:25:47", "2014-01-17 10:29:45", nospace
"2014-01-17 13:44:28", "2014-01-17 14:26:08", nobike
"2014-01-18 06:24:03", "2014-01-18 06:34:02", nospace
"2014-01-18 06:36:04", "2014-01-18 06:40:32", nospace
"2014-01-18 06:56:31", "2014-01-18 07:10:36", nospace
"2014-01-18 08:22:58", "2014-01-18 08:50:17", nospace
"2014-01-18 08:53:11", "2014-01-18 08:56:05", nospace
"2014-01-18 08:58:59", "2014-01-18 09:10:35", nospace
"2014-01-18 09:14:56", "2014-01-18 09:20:45", nospace
"2014-01-18 14:11:45", "2014-01-18 14:26:12", nobike
"2014-01-18 14:31:58", "2014-01-18 15:07:50", nobike
"2014-01-19 05:11:28", "2014-01-19 05:28:48", nospace
"2014-01-19 06:56:42", "2014-01-19 07:08:11", nospace
"2014-01-19 07:26:59", "2014-01-19 07:41:46", nospace
"2014-01-19 08:17:04", "2014-01-19 08:34:46", nospace
"2014-01-19 08:37:41", "2014-01-19 08:43:40", nospace
"2014-01-19 09:32:00", "2014-01-19 09:34:58", nospace
"2014-01-19 09:40:53", "2014-01-19 09:43:50", nospace
"2014-01-19 09:46:47", "2014-01-19 09:52:41", nospace
"2014-01-20 02:05:39", "2014-01-20 02:17:25", nospace
"2014-01-20 02:20:21", "2014-01-20 02:26:15", nospace
"2014-01-20 02:35:07", "2014-01-20 02:38:03", nospace
"2014-01-20 03:54:05", "2014-01-20 04:05:55", nospace
"2014-01-20 05:02:06", "2014-01-20 05:06:00", nospace
"2014-01-20 05:13:52", "2014-01-20 05:53:41", nospace
"2014-01-20 05:59:35", "2014-01-20 06:02:33", nospace
"2014-01-20 06:05:29", "2014-01-20 06:08:26", nospace
"2014-01-20 07:26:20", "2014-01-20 07:41:15", nospace
"2014-01-20 07:44:14", "2014-01-20 08:08:00", nospace
"2014-01-21 05:01:47", "2014-01-21 05:04:45", nospace
"2014-01-21 09:04:57", "2014-01-21 09:15:28", nospace
"2014-01-21 09:37:47", "2014-01-21 09:47:16", nospace
"2014-01-21 09:55:46", "2014-01-21 10:00:24", nospace
"2014-01-21 10:02:27", "2014-01-21 10:11:49", nospace
"2014-01-21 10:23:16", "2014-01-21 10:29:14", nospace
"2014-01-21 10:32:14", "2014-01-21 10:41:09", nospace
"2014-01-21 23:31:59", "2014-01-21 23:33:30", nospace
"2014-01-21 23:41:00", "2014-01-21 23:44:00", nospace
"2014-01-22 02:14:31", "2014-01-22 02:22:02", nospace
"2014-01-22 02:23:33", "2014-01-22 02:32:32", nospace
"2014-01-22 02:38:31", "2014-01-22 02:40:01", nospace
"2014-01-22 02:58:01", "2014-01-22 02:59:31", nospace
"2014-01-22 03:08:19", "2014-01-22 03:42:49", nospace
"2014-01-22 03:44:19", "2014-01-22 03:48:49", nospace
"2014-01-22 03:57:47", "2014-01-22 04:03:47", nospace
"2014-01-22 04:24:47", "2014-01-22 04:36:49", nospace
"2014-01-22 05:06:52", "2014-01-22 05:09:52", nospace
"2014-01-22 05:11:22", "2014-01-22 05:15:52", nospace
"2014-01-22 05:21:53", "2014-01-22 05:27:54", nospace
"2014-01-22 05:45:56", "2014-01-22 06:02:26", nospace
"2014-01-22 06:08:26", "2014-01-22 06:21:57", nospace
"2014-01-22 07:04:46", "2014-01-22 07:14:50", nospace
"2014-01-22 07:22:16", "2014-01-22 07:25:18", nospace
"2014-01-22 08:00:46", "2014-01-22 08:12:54", nospace
"2014-01-22 08:23:32", "2014-01-22 08:31:09", nospace
"2014-01-22 08:35:41", "2014-01-22 08:41:45", nospace
"2014-01-22 09:54:35", "2014-01-22 10:06:41", nospace
"2014-01-22 13:03:41", "2014-01-22 13:05:11", nobike
"2014-01-22 13:06:43", "2014-01-22 13:19:51", nobike
"2014-01-22 13:31:57", "2014-01-22 13:38:02", nobike
"2014-01-22 13:39:34", "2014-01-22 13:47:09", nobike
"2014-01-22 13:48:41", "2014-01-22 13:56:17", nobike
"2014-01-22 13:57:48", "2014-01-22 14:22:03", nobike
"2014-01-23 02:55:50", "2014-01-23 03:21:43", nospace
"2014-01-23 03:23:14", "2014-01-23 03:32:21", nospace
"2014-01-23 03:38:28", "2014-01-23 04:01:08", nospace
"2014-01-23 04:16:21", "2014-01-23 05:07:55", nospace
"2014-01-23 05:18:35", "2014-01-23 05:23:10", nospace
"2014-01-23 06:11:56", "2014-01-23 06:19:35", nospace
"2014-01-23 06:21:07", "2014-01-23 06:31:45", nospace
"2014-01-23 06:50:36", "2014-01-23 06:52:38", nospace
"2014-01-23 06:58:39", "2014-01-23 07:04:42", nospace
"2014-01-23 07:16:33", "2014-01-23 07:56:31", nospace
"2014-01-23 07:59:33", "2014-01-23 08:07:13", nospace
"2014-01-23 08:11:49", "2014-01-23 08:22:26", nospace
"2014-01-23 08:23:58", "2014-01-23 08:25:32", nospace
"2014-01-23 08:27:03", "2014-01-23 08:28:34", nospace
"2014-01-23 08:30:07", "2014-01-23 08:37:50", nospace
"2014-01-23 08:40:54", "2014-01-23 08:53:13", nospace
"2014-01-23 10:02:13", "2014-01-23 10:08:19", nospace
"2014-01-23 10:51:03", "2014-01-23 11:03:19", nospace
"2014-01-24 01:50:19", "2014-01-24 01:57:28", nospace
"2014-01-24 02:00:17", "2014-01-24 02:01:49", nospace
"2014-01-24 02:07:58", "2014-01-24 02:12:33", nospace
"2014-01-24 02:30:54", "2014-01-24 02:59:43", nospace
"2014-01-24 03:12:09", "2014-01-24 03:26:50", nospace
"2014-01-24 04:00:52", "2014-01-24 04:10:04", nospace
"2014-01-24 04:11:36", "2014-01-24 05:18:44", nospace
"2014-01-24 05:38:38", "2014-01-24 05:47:49", nospace
"2014-01-24 05:53:57", "2014-01-24 06:00:05", nospace
"2014-01-24 06:01:37", "2014-01-24 06:06:13", nospace
"2014-01-24 06:16:58", "2014-01-24 06:23:06", nospace
"2014-01-24 06:27:45", "2014-01-24 06:41:32", nospace
"2014-01-24 06:47:15", "2014-01-24 07:06:53", nospace
"2014-01-24 07:09:58", "2014-01-24 07:13:05", nospace
"2014-01-24 07:17:43", "2014-01-24 07:33:09", nospace
"2014-01-24 07:37:49", "2014-01-24 08:04:51", nospace
"2014-01-24 08:14:33", "2014-01-24 08:19:11", nospace
"2014-01-24 08:31:33", "2014-01-24 08:36:10", nospace
"2014-01-24 08:37:42", "2014-01-24 08:45:27", nospace
"2014-01-24 14:32:37", "2014-01-24 14:35:42", nobike
"2014-01-24 14:49:38", "2014-01-24 14:51:11", nospace
"2014-01-25 05:53:56", "2014-01-25 05:58:37", nospace
"2014-01-25 06:15:44", "2014-01-25 06:21:56", nospace
"2014-01-25 06:38:43", "2014-01-25 07:07:29", nospace
"2014-01-25 07:10:37", "2014-01-25 07:16:53", nospace
"2014-01-25 07:21:35", "2014-01-25 08:00:39", nospace
"2014-01-25 08:02:14", "2014-01-25 08:06:58", nospace
"2014-01-25 08:10:06", "2014-01-25 08:50:47", nospace
"2014-01-25 08:52:20", "2014-01-25 08:53:56", nospace
"2014-01-25 08:58:38", "2014-01-25 09:29:56", nospace
"2014-01-25 09:33:02", "2014-01-25 10:00:02", nospace
"2014-01-25 10:13:07", "2014-01-25 10:15:09", nospace
"2014-01-26 01:57:59", "2014-01-26 01:59:33", nospace
"2014-01-26 02:01:06", "2014-01-26 02:33:54", nospace
"2014-01-26 07:46:53", "2014-01-26 07:52:26", nospace
"2014-01-26 12:50:24", "2014-01-26 12:52:00", nobike
"2014-01-26 13:01:28", "2014-01-26 13:42:29", nobike
"2014-01-26 13:51:58", "2014-01-26 14:12:31", nobike
"2014-01-27 01:43:15", "2014-01-27 01:44:50", nospace
"2014-01-27 01:48:04", "2014-01-27 02:06:52", nospace
"2014-01-27 02:21:32", "2014-01-27 02:24:42", nospace
"2014-01-27 02:31:02", "2014-01-27 02:38:59", nospace
"2014-01-27 07:52:03", "2014-01-27 07:53:39", nospace
"2014-01-27 07:56:51", "2014-01-27 08:12:35", nospace
"2014-01-27 08:13:51", "2014-01-27 08:44:48", nospace
"2014-01-27 09:08:48", "2014-01-27 09:13:37", nospace
"2014-01-27 09:33:59", "2014-01-27 09:44:09", nospace
"2014-01-27 10:01:16", "2014-01-27 10:06:04", nospace
"2014-01-27 10:10:53", "2014-01-27 10:15:41", nospace
"2014-01-27 13:47:46", "2014-01-27 13:52:35", nobike
"2014-01-28 00:17:02", "2014-01-28 00:42:30", nospace
"2014-01-28 00:45:41", "2014-01-28 00:52:05", nospace
"2014-01-28 00:53:41", "2014-01-28 01:19:13", nospace
"2014-01-28 02:07:02", "2014-01-28 02:13:26", nospace
"2014-01-28 02:16:37", "2014-01-28 02:19:50", nospace
"2014-01-28 02:23:01", "2014-01-28 02:31:00", nospace
"2014-01-28 02:32:36", "2014-01-28 02:35:47", nospace
"2014-01-28 02:42:11", "2014-01-28 03:02:35", nospace
"2014-01-28 03:16:58", "2014-01-28 03:21:46", nospace
"2014-01-28 04:06:37", "2014-01-28 04:17:48", nospace
"2014-01-28 04:40:10", "2014-01-28 04:49:46", nospace
"2014-01-28 05:34:36", "2014-01-28 05:39:24", nospace
"2014-01-28 05:42:37", "2014-01-28 06:12:57", nospace
"2014-01-28 06:14:33", "2014-01-28 06:24:10", nospace
"2014-01-28 07:28:35", "2014-01-28 07:31:50", nospace
"2014-01-28 07:35:04", "2014-01-28 07:46:21", nospace
"2014-01-28 07:47:58", "2014-01-28 08:13:48", nospace
"2014-01-28 09:13:22", "2014-01-28 09:18:13", nospace
"2014-01-28 09:19:49", "2014-01-28 09:23:01", nospace
"2014-01-29 00:56:00", "2014-01-29 01:28:20", nospace
"2014-01-29 02:54:37", "2014-01-29 03:01:40", nospace
"2014-01-29 03:06:31", "2014-01-29 03:11:22", nospace
"2014-01-29 03:14:36", "2014-01-29 03:25:57", nospace
"2014-01-29 03:27:33", "2014-01-29 03:42:08", nospace
"2014-01-29 03:43:46", "2014-01-29 03:59:55", nospace
"2014-01-29 04:17:43", "2014-01-29 04:22:34", nospace
"2014-01-29 04:27:25", "2014-01-29 04:32:16", nospace
"2014-01-29 04:35:31", "2014-01-29 04:56:35", nospace
"2014-01-29 04:59:49", "2014-01-29 05:15:59", nospace
"2014-01-29 05:51:12", "2014-01-29 05:58:06", nospace
"2014-01-29 05:58:42", "2014-01-29 06:08:20", nospace
"2014-01-29 06:08:56", "2014-01-29 06:12:15", nospace
"2014-01-29 06:13:53", "2014-01-29 06:26:52", nospace
"2014-01-29 06:37:13", "2014-01-29 06:43:22", nospace
"2014-01-29 06:44:49", "2014-01-29 07:00:47", nospace
"2014-01-29 07:04:43", "2014-01-29 07:06:04", nospace
"2014-01-29 07:07:42", "2014-01-29 07:09:20", nospace
"2014-01-29 07:12:34", "2014-01-29 07:14:12", nospace
"2014-01-29 07:27:17", "2014-01-29 07:31:33", nospace
"2014-01-29 10:31:30", "2014-01-29 10:47:41", nobike
"2014-01-29 11:02:49", "2014-01-29 11:13:57", nobike
"2014-01-29 12:18:16", "2014-01-29 12:21:33", nobike
"2014-01-29 12:24:48", "2014-01-29 12:28:03", nobike
"2014-01-29 12:57:20", "2014-01-29 12:58:58", nospace
"2014-01-31 02:40:00", "2014-01-31 02:52:50", nospace
"2014-01-31 03:43:23", "2014-01-31 04:04:52", nospace
"2014-01-31 04:09:51", "2014-01-31 04:28:02", nospace
"2014-01-31 04:29:40", "2014-01-31 04:37:52", nospace
"2014-01-31 05:58:48", "2014-01-31 06:00:28", nospace
"2014-01-31 06:26:46", "2014-01-31 06:31:42", nospace
"2014-01-31 06:33:22", "2014-01-31 06:42:58", nospace
"2014-01-31 06:48:44", "2014-01-31 06:55:41", nospace
"2014-01-31 07:48:22", "2014-01-31 08:03:34", nospace
"2014-01-31 08:14:34", "2014-01-31 08:20:07", nospace
"2014-01-31 08:21:13", "2014-01-31 08:29:28", nospace
"2014-01-31 08:31:07", "2014-01-31 08:36:03", nospace
"2014-01-31 08:39:22", "2014-01-31 08:50:57", nospace
"2014-01-31 08:52:36", "2014-01-31 09:04:28", nospace
"2014-01-31 10:03:29", "2014-01-31 10:08:27", nospace
"2014-01-31 10:10:06", "2014-01-31 10:15:03", nospace
"2014-02-01 06:16:43", "2014-02-01 06:18:51", nospace
"2014-02-01 06:59:26", "2014-02-01 07:01:39", nospace
"2014-02-01 07:42:34", "2014-02-01 07:46:54", nospace
"2014-02-01 07:51:34", "2014-02-01 08:02:42", nospace
"2014-02-02 02:08:24", "2014-02-02 02:18:05", nospace
"2014-02-02 02:19:32", "2014-02-02 02:30:34", nospace
"2014-02-02 05:30:37", "2014-02-02 05:34:42", nospace
"2014-02-02 06:58:48", "2014-02-02 07:04:49", nospace
"2014-02-02 07:07:01", "2014-02-02 07:21:14", nospace
"2014-02-02 07:25:49", "2014-02-02 07:44:08", nospace
"2014-02-02 07:54:44", "2014-02-02 08:02:26", nospace
"2014-02-02 08:03:52", "2014-02-02 08:12:57", nospace
"2014-02-02 08:43:22", "2014-02-02 08:47:47", nospace
"2014-02-02 08:49:19", "2014-02-02 08:50:13", nospace
"2014-02-02 08:54:40", "2014-02-02 09:08:35", nospace
"2014-02-02 09:58:04", "2014-02-02 10:00:16", nospace
"2014-02-02 10:02:42", "2014-02-02 10:07:05", nospace
"2014-02-02 10:11:50", "2014-02-02 10:13:07", nospace
"2014-02-02 11:56:50", "2014-02-02 11:58:30", nospace
"2014-02-02 12:01:54", "2014-02-02 12:05:17", nospace
"2014-02-03 02:17:53", "2014-02-03 02:22:57", nospace
"2014-02-03 02:26:19", "2014-02-03 02:54:57", nospace
"2014-02-03 03:13:43", "2014-02-03 03:20:44", nospace
"2014-02-03 03:30:01", "2014-02-03 03:37:09", nospace
"2014-02-03 03:51:15", "2014-02-03 03:58:02", nospace
"2014-02-03 04:01:25", "2014-02-03 04:04:49", nospace
"2014-02-03 04:06:31", "2014-02-03 04:30:15", nospace
"2014-02-03 04:38:43", "2014-02-03 04:47:06", nospace
"2014-02-03 04:55:35", "2014-02-03 05:21:00", nospace
"2014-02-03 05:24:24", "2014-02-03 05:31:14", nospace
"2014-02-03 06:49:13", "2014-02-03 06:54:01", nospace
"2014-02-03 06:56:21", "2014-02-03 07:43:16", nospace
"2014-02-03 08:02:11", "2014-02-03 09:06:14", nospace
"2014-02-03 09:18:18", "2014-02-03 09:48:00", nospace
"2014-02-03 17:52:37", "2014-02-03 18:01:35", nobike
"2014-02-05 08:29:14", "2014-02-05 08:31:29", nospace
"2014-02-05 08:40:45", "2014-02-05 08:56:07", nospace
"2014-02-05 09:04:00", "2014-02-05 09:05:15", nospace
"2014-02-05 11:07:41", "2014-02-05 11:10:03", nobike
"2014-02-05 11:14:34", "2014-02-05 11:23:46", nobike
"2014-02-05 11:42:58", "2014-02-05 11:46:53", nobike
"2014-02-05 11:52:26", "2014-02-05 11:59:27", nobike
"2014-02-05 13:33:40", "2014-02-05 14:55:58", nobike
"2014-02-05 14:58:14", "2014-02-05 15:00:29", nobike
"2014-02-06 03:53:58", "2014-02-06 04:02:39", nospace
"2014-02-06 04:06:08", "2014-02-06 04:16:36", nospace
"2014-02-06 04:20:06", "2014-02-06 04:36:56", nospace
"2014-02-06 04:43:39", "2014-02-06 05:09:13", nospace
"2014-02-06 05:11:27", "2014-02-06 05:14:05", nospace
"2014-02-06 05:16:21", "2014-02-06 05:18:41", nospace
"2014-02-06 05:22:26", "2014-02-06 05:25:51", nospace
"2014-02-06 06:31:44", "2014-02-06 06:39:26", nospace
"2014-02-06 06:54:40", "2014-02-06 06:58:11", nospace
"2014-02-06 07:03:28", "2014-02-06 07:08:44", nospace
"2014-02-06 07:21:37", "2014-02-06 07:40:58", nospace
"2014-02-06 07:42:44", "2014-02-06 07:44:30", nospace
"2014-02-06 07:46:16", "2014-02-06 07:49:47", nospace
"2014-02-06 08:36:37", "2014-02-06 08:38:23", nospace
"2014-02-06 08:52:28", "2014-02-06 09:00:46", nospace
"2014-02-06 11:34:32", "2014-02-06 11:38:03", nobike
"2014-02-06 14:06:01", "2014-02-06 14:33:00", nobike
"2014-02-07 07:10:56", "2014-02-07 07:13:30", nospace
"2014-02-07 07:24:57", "2014-02-07 07:30:03", nospace
"2014-02-07 07:40:00", "2014-02-07 08:05:26", nospace
"2014-02-07 08:28:36", "2014-02-07 08:46:22", nospace
"2014-02-07 09:04:27", "2014-02-07 09:06:45", nospace
"2014-02-07 09:25:58", "2014-02-07 10:02:53", nospace
"2014-02-07 10:04:39", "2014-02-07 10:09:57", nospace
"2014-02-07 10:13:29", "2014-02-07 10:22:19", nospace
"2014-02-07 14:01:49", "2014-02-07 14:03:35", nobike
"2014-02-07 14:07:09", "2014-02-07 14:40:48", nobike
"2014-02-07 14:44:21", "2014-02-07 14:56:44", nobike
"2014-02-08 09:16:40", "2014-02-08 09:20:13", nobike
"2014-02-08 10:10:50", "2014-02-08 11:07:53", nobike
"2014-02-10 00:15:49", "2014-02-10 00:25:14", nospace
"2014-02-10 00:28:41", "2014-02-10 01:13:43", nospace
"2014-02-10 01:37:30", "2014-02-10 01:45:06", nospace
"2014-02-10 01:54:37", "2014-02-10 01:59:09", nospace
"2014-02-10 02:54:01", "2014-02-10 02:55:49", nospace
"2014-02-10 02:57:38", "2014-02-10 03:43:02", nospace
"2014-02-10 03:50:18", "2014-02-10 04:10:08", nospace
"2014-02-10 04:57:20", "2014-02-10 05:02:55", nospace
"2014-02-10 10:59:41", "2014-02-10 11:05:09", nobike
"2014-02-10 11:12:24", "2014-02-10 11:17:51", nobike
"2014-02-13 11:22:59", "2014-02-13 11:49:39", nobike
"2014-02-14 05:29:07", "2014-02-14 05:31:00", nobike
"2014-02-14 09:19:21", "2014-02-14 09:38:11", nobike
"2014-02-14 09:52:19", "2014-02-14 10:01:53", nobike
"2014-02-14 10:09:51", "2014-02-14 10:32:51", nobike
"2014-02-15 03:38:34", "2014-02-15 04:05:01", nospace
"2014-02-15 04:28:35", "2014-02-15 04:45:33", nospace
"2014-02-15 06:57:19", "2014-02-15 07:01:07", nospace
"2014-02-15 07:49:33", "2014-02-15 07:57:09", nospace
"2014-02-15 07:59:03", "2014-02-15 08:02:52", nospace
"2014-02-15 08:06:38", "2014-02-15 08:27:25", nospace
"2014-02-15 08:36:56", "2014-02-15 08:42:37", nospace
"2014-02-15 08:52:04", "2014-02-15 08:57:46", nospace
"2014-02-15 09:01:35", "2014-02-15 09:05:23", nospace
"2014-02-15 09:11:04", "2014-02-15 09:30:07", nospace
"2014-02-15 13:46:06", "2014-02-15 14:03:10", nobike
"2014-02-15 14:05:02", "2014-02-15 14:10:43", nobike
"2014-02-15 14:12:37", "2014-02-15 14:14:29", nobike
"2014-02-15 15:57:31", "2014-02-15 16:16:27", nobike
"2014-02-16 04:49:23", "2014-02-16 04:51:17", nospace
"2014-02-16 04:55:05", "2014-02-16 05:02:38", nospace
"2014-02-16 06:49:10", "2014-02-16 06:54:54", nospace
"2014-02-16 06:56:48", "2014-02-16 07:00:37", nospace
"2014-02-16 07:02:32", "2014-02-16 07:04:28", nospace
"2014-02-16 07:06:23", "2014-02-16 07:17:51", nospace
"2014-02-16 07:19:47", "2014-02-16 07:21:43", nospace
"2014-02-16 07:25:32", "2014-02-16 07:48:27", nospace
"2014-02-16 08:05:43", "2014-02-16 08:09:31", nospace
"2014-02-16 08:11:25", "2014-02-16 08:19:03", nospace
"2014-02-16 08:30:30", "2014-02-16 08:37:59", nospace
"2014-02-16 09:00:51", "2014-02-16 09:32:17", nospace
"2014-02-16 09:34:45", "2014-02-16 09:38:10", nospace
"2014-02-16 09:51:34", "2014-02-16 09:57:18", nospace
"2014-02-16 10:16:13", "2014-02-16 10:25:45", nospace
"2014-02-17 00:04:35", "2014-02-17 00:23:44", nospace
"2014-02-17 02:43:44", "2014-02-17 02:45:40", nospace
"2014-02-17 02:58:11", "2014-02-17 03:18:16", nospace
"2014-02-17 03:35:31", "2014-02-17 04:06:15", nospace
"2014-02-17 04:27:24", "2014-02-17 04:33:10", nospace
"2014-02-17 05:24:24", "2014-02-17 05:26:03", nospace
"2014-02-17 07:53:09", "2014-02-17 07:58:54", nospace
"2014-02-17 08:00:49", "2014-02-17 08:14:16", nospace
"2014-02-18 01:44:34", "2014-02-18 02:07:50", nospace
"2014-02-18 02:21:24", "2014-02-18 02:23:19", nospace
"2014-02-18 02:46:33", "2014-02-18 02:48:29", nospace
"2014-02-18 02:58:10", "2014-02-18 03:09:50", nospace
"2014-02-18 03:45:07", "2014-02-18 05:18:17", nospace
"2014-02-18 09:58:01", "2014-02-18 10:13:31", nospace
"2014-02-19 01:10:09", "2014-02-19 01:47:02", nospace
"2014-02-19 12:42:44", "2014-02-19 12:50:34", nospace
"2014-02-19 23:48:48", "2014-02-19 23:55:17", nospace
"2014-02-19 23:57:27", "2014-02-20 00:06:23", nospace
"2014-02-20 01:05:31", "2014-02-20 01:21:00", nospace
"2014-02-20 01:32:02", "2014-02-20 01:34:28", nospace
"2014-02-20 01:42:54", "2014-02-20 02:12:24", nospace
"2014-02-20 02:14:22", "2014-02-20 02:26:11", nospace
"2014-02-20 03:54:01", "2014-02-20 04:03:53", nospace
"2014-02-20 04:12:28", "2014-02-20 04:14:09", nospace
"2014-02-20 05:21:59", "2014-02-20 05:27:55", nospace
"2014-02-20 05:31:50", "2014-02-20 05:44:55", nospace
"2014-02-20 06:43:51", "2014-02-20 06:45:52", nospace
"2014-02-20 06:47:51", "2014-02-20 07:17:23", nospace
"2014-02-20 08:22:22", "2014-02-20 08:30:14", nospace
"2014-02-21 00:01:14", "2014-02-21 00:22:59", nospace
"2014-02-21 00:26:40", "2014-02-21 00:38:29", nospace
"2014-02-21 00:42:29", "2014-02-21 00:48:23", nospace
"2014-02-22 04:52:42", "2014-02-22 04:56:43", nospace
"2014-02-22 05:06:41", "2014-02-22 05:12:40", nospace
"2014-02-22 05:40:39", "2014-02-22 05:44:38", nospace
"2014-02-22 05:54:36", "2014-02-22 06:22:35", nospace
"2014-02-22 06:30:39", "2014-02-22 06:46:15", nospace
"2014-02-22 07:02:33", "2014-02-22 07:12:37", nospace
"2014-02-22 07:18:38", "2014-02-22 07:24:40", nospace
"2014-02-22 07:48:51", "2014-02-22 07:50:52", nospace
"2014-02-22 07:52:53", "2014-02-22 08:06:53", nospace
"2014-02-22 08:08:53", "2014-02-22 08:34:16", nospace
"2014-02-22 08:42:19", "2014-02-22 08:49:53", nospace
"2014-02-22 08:51:52", "2014-02-22 08:59:55", nospace
"2014-02-22 09:13:55", "2014-02-22 09:19:55", nospace
"2014-02-22 09:21:54", "2014-02-22 09:23:54", nospace
"2014-02-22 09:25:54", "2014-02-22 09:47:53", nospace
"2014-02-22 09:49:48", "2014-02-22 10:03:48", nospace
"2014-02-22 10:13:49", "2014-02-22 10:45:18", nospace
"2014-02-22 11:15:21", "2014-02-22 11:21:24", nospace
"2014-02-22 12:13:22", "2014-02-22 12:15:23", nospace
"2014-02-22 14:35:25", "2014-02-22 14:41:25", nobike
"2014-02-22 14:49:26", "2014-02-22 14:51:25", nobike
"2014-02-22 15:07:28", "2014-02-22 15:23:29", nobike
"2014-02-23 03:07:11", "2014-02-23 03:16:01", nospace
"2014-02-23 03:27:46", "2014-02-23 04:00:21", nospace
"2014-02-23 04:10:30", "2014-02-23 04:15:36", nospace
"2014-02-23 04:17:37", "2014-02-23 04:25:41", nospace
"2014-02-23 04:35:45", "2014-02-23 04:51:48", nospace
"2014-02-23 05:03:50", "2014-02-23 05:07:51", nospace
"2014-02-23 05:27:54", "2014-02-23 05:31:56", nospace
"2014-02-23 05:41:56", "2014-02-23 06:06:05", nospace
"2014-02-23 06:16:10", "2014-02-23 06:26:17", nospace
"2014-02-23 06:53:02", "2014-02-23 07:07:05", nospace
"2014-02-23 07:24:15", "2014-02-23 07:29:17", nospace
"2014-02-23 07:33:17", "2014-02-23 07:44:41", nospace
"2014-02-23 08:07:14", "2014-02-23 09:01:49", nospace
"2014-02-23 09:03:50", "2014-02-23 09:07:52", nospace
"2014-02-23 09:17:59", "2014-02-23 09:22:04", nospace
"2014-02-23 23:53:37", "2014-02-24 00:11:18", nospace
"2014-02-24 00:15:21", "2014-02-24 00:19:24", nospace
"2014-02-24 02:02:46", "2014-02-24 02:04:48", nospace
"2014-02-24 02:08:51", "2014-02-24 02:39:13", nospace
"2014-02-24 03:05:36", "2014-02-24 03:07:39", nospace
"2014-02-24 04:08:53", "2014-02-24 04:10:55", nospace
"2014-02-24 04:12:56", "2014-02-24 04:29:10", nospace
"2014-02-24 05:19:50", "2014-02-24 05:27:58", nospace
"2014-02-24 05:50:20", "2014-02-24 06:18:26", nospace
"2014-02-24 06:20:28", "2014-02-24 06:26:37", nospace
"2014-02-24 07:07:10", "2014-02-24 07:13:28", nospace
"2014-02-24 07:14:14", "2014-02-24 07:16:44", nospace
"2014-02-24 07:39:06", "2014-02-24 07:55:20", nospace
"2014-02-24 11:33:13", "2014-02-24 11:43:22", nobike
"2014-02-25 00:11:22", "2014-02-25 02:23:32", nospace
"2014-02-25 08:13:03", "2014-02-25 08:19:12", nospace
"2014-02-25 08:21:15", "2014-02-25 08:23:17", nospace
"2014-02-25 08:25:19", "2014-02-25 08:35:36", nospace
"2014-02-25 08:41:46", "2014-02-25 08:43:49", nospace
"2014-02-25 08:50:00", "2014-02-25 09:10:10", nospace
"2014-02-25 09:45:00", "2014-02-25 10:01:26", nospace
"2014-02-25 12:12:43", "2014-02-25 12:13:46", nospace
"2014-02-25 23:14:03", "2014-02-25 23:36:42", nospace
"2014-02-26 01:26:25", "2014-02-26 02:09:27", nospace
"2014-02-26 02:15:38", "2014-02-26 02:17:42", nospace
"2014-02-26 02:30:08", "2014-02-26 02:54:45", nospace
"2014-02-26 03:37:21", "2014-02-26 03:47:05", nospace
"2014-02-26 03:52:00", "2014-02-26 04:02:18", nospace
"2014-02-26 04:43:37", "2014-02-26 04:49:48", nospace
"2014-02-26 06:27:11", "2014-02-26 06:29:50", nospace
"2014-02-26 06:49:01", "2014-02-26 06:51:32", nospace
"2014-02-26 07:15:02", "2014-02-26 07:19:09", nospace
"2014-02-26 07:21:13", "2014-02-26 07:23:16", nospace
"2014-02-26 07:35:38", "2014-02-26 07:53:35", nospace
"2014-02-26 08:43:59", "2014-02-26 08:46:22", nospace
"2014-02-26 08:49:59", "2014-02-26 08:56:29", nospace
"2014-02-26 09:11:58", "2014-02-26 09:13:19", nospace
"2014-02-27 00:19:33", "2014-02-27 00:37:09", nospace
"2014-02-27 03:48:58", "2014-02-27 04:15:38", nospace
"2014-02-27 07:35:35", "2014-02-27 07:42:21", nospace
"2014-02-27 07:47:28", "2014-02-27 08:04:25", nospace
"2014-02-27 08:21:23", "2014-02-27 08:29:40", nospace
"2014-02-27 08:35:52", "2014-02-27 08:46:13", nospace
"2014-02-27 08:50:21", "2014-02-27 08:54:29", nospace
"2014-02-27 08:58:38", "2014-02-27 09:04:52", nospace
"2014-02-27 09:06:56", "2014-02-27 09:08:20", nospace
"2014-02-27 09:23:20", "2014-02-27 09:29:32", nospace
"2014-02-27 09:39:52", "2014-02-27 09:52:29", nospace
"2014-02-27 10:00:11", "2014-02-27 10:02:59", nospace
"2014-02-28 03:49:15", "2014-02-28 04:10:04", nospace
"2014-02-28 04:12:05", "2014-02-28 04:49:48", nospace
"2014-02-28 05:01:03", "2014-02-28 05:02:29", nospace
"2014-02-28 05:12:08", "2014-02-28 05:42:38", nospace
"2014-02-28 05:50:57", "2014-02-28 06:22:10", nospace
"2014-02-28 06:26:24", "2014-02-28 06:47:49", nospace
"2014-02-28 07:02:23", "2014-02-28 07:48:12", nospace
"2014-02-28 07:50:16", "2014-02-28 08:13:14", nospace
"2014-02-28 08:19:29", "2014-02-28 08:25:43", nospace
"2014-02-28 08:27:48", "2014-02-28 08:38:12", nospace
"2014-02-28 08:56:57", "2014-02-28 09:11:32", nospace
"2014-02-28 09:13:36", "2014-02-28 09:42:31", nospace
"2014-03-01 03:18:26", "2014-03-01 03:30:59", nospace
"2014-03-01 03:37:17", "2014-03-01 03:43:35", nospace
"2014-03-01 03:45:41", "2014-03-01 03:49:53", nospace
"2014-03-01 03:51:58", "2014-03-01 03:56:08", nospace
"2014-03-01 06:45:02", "2014-03-01 07:10:41", nospace
"2014-03-01 07:13:03", "2014-03-01 07:35:05", nospace
"2014-03-01 07:49:24", "2014-03-01 08:00:25", nospace
"2014-03-01 08:01:49", "2014-03-01 08:04:36", nospace
"2014-03-01 08:13:36", "2014-03-01 08:40:30", nospace
"2014-03-01 08:58:56", "2014-03-01 09:01:38", nospace
"2014-03-01 09:22:41", "2014-03-01 09:24:50", nospace
"2014-03-01 09:26:58", "2014-03-01 09:33:13", nospace
"2014-03-03 05:10:30", "2014-03-03 05:25:33", nospace
"2014-03-03 10:04:40", "2014-03-03 10:50:33", nobike
"2014-03-03 14:41:19", "2014-03-03 14:45:41", nobike
"2014-03-04 01:23:10", "2014-03-04 01:25:25", nospace
"2014-03-04 01:29:52", "2014-03-04 01:45:27", nospace
"2014-03-04 01:47:43", "2014-03-04 02:05:56", nospace
"2014-03-04 02:12:42", "2014-03-04 02:21:46", nospace
"2014-03-04 02:23:59", "2014-03-04 02:26:12", nospace
"2014-03-05 01:42:09", "2014-03-05 01:46:39", nospace
"2014-03-05 01:51:15", "2014-03-05 01:58:09", nospace
"2014-03-05 02:05:04", "2014-03-05 02:09:38", nospace
"2014-03-05 02:21:05", "2014-03-05 02:34:51", nospace
"2014-03-05 02:37:09", "2014-03-05 03:07:09", nospace
"2014-03-05 03:11:45", "2014-03-05 03:27:49", nospace
"2014-03-05 03:50:46", "2014-03-05 04:13:44", nospace
"2014-03-05 04:29:47", "2014-03-05 04:52:42", nospace
"2014-03-05 04:54:08", "2014-03-05 05:29:37", nospace
"2014-03-05 05:45:39", "2014-03-05 05:59:26", nospace
"2014-03-05 06:01:44", "2014-03-05 06:06:19", nospace
"2014-03-05 06:08:37", "2014-03-05 06:27:04", nospace
"2014-03-05 06:33:55", "2014-03-05 06:40:48", nospace
"2014-03-05 06:47:41", "2014-03-05 07:04:05", nospace
"2014-03-05 07:08:38", "2014-03-05 07:10:55", nospace
"2014-03-05 08:19:47", "2014-03-05 08:38:12", nospace
"2014-03-05 10:51:32", "2014-03-05 11:06:37", nobike
"2014-03-09 03:54:27", "2014-03-09 04:15:36", nospace
"2014-03-09 04:20:19", "2014-03-09 04:41:26", nospace
"2014-03-09 05:47:31", "2014-03-09 05:54:24", nospace
"2014-03-09 06:19:04", "2014-03-09 06:30:57", nospace
"2014-03-09 08:09:32", "2014-03-09 08:37:47", nospace
"2014-03-09 13:47:28", "2014-03-09 13:52:10", nobike
"2014-03-10 00:02:39", "2014-03-10 00:05:01", nospace
"2014-03-10 01:33:00", "2014-03-10 01:54:15", nospace
"2014-03-10 07:04:23", "2014-03-10 07:35:08", nospace
"2014-03-10 07:57:46", "2014-03-10 08:08:10", nospace
"2014-03-10 11:29:40", "2014-03-10 11:34:23", nobike
"2014-03-11 01:01:43", "2014-03-11 01:11:14", nospace
"2014-03-11 02:46:18", "2014-03-11 03:43:24", nospace
"2014-03-11 03:52:54", "2014-03-11 04:02:23", nospace
"2014-03-11 04:26:08", "2014-03-11 04:28:31", nospace
"2014-03-11 04:33:16", "2014-03-11 04:55:18", nospace
"2014-03-11 05:04:49", "2014-03-11 05:11:58", nospace
"2014-03-11 05:16:43", "2014-03-11 05:24:19", nospace
"2014-03-11 05:36:14", "2014-03-11 06:09:34", nospace
"2014-03-11 06:28:41", "2014-03-11 06:50:28", nospace
"2014-03-11 06:52:51", "2014-03-11 07:04:44", nospace
"2014-03-11 07:26:09", "2014-03-11 07:42:47", nospace
"2014-03-11 08:23:23", "2014-03-11 08:30:48", nospace
"2014-03-11 09:06:54", "2014-03-11 09:11:02", nospace
"2014-03-11 11:39:37", "2014-03-11 11:44:21", nobike
"2014-03-11 14:37:09", "2014-03-11 14:44:06", nobike
"2014-03-12 05:57:21", "2014-03-12 06:02:10", nospace
"2014-03-12 07:09:53", "2014-03-12 07:12:16", nospace
"2014-03-12 07:29:01", "2014-03-12 07:36:12", nospace
"2014-03-12 07:52:58", "2014-03-12 08:19:08", nospace
"2014-03-12 09:34:13", "2014-03-12 09:55:00", nospace
"2014-03-13 11:19:30", "2014-03-13 11:29:08", nobike
"2014-03-13 11:31:31", "2014-03-13 11:33:55", nobike
"2014-03-13 12:02:48", "2014-03-13 12:05:12", nospace
"2014-03-13 12:29:17", "2014-03-13 12:36:29", nospace
"2014-03-13 12:38:54", "2014-03-13 12:41:18", nospace
"2014-03-13 12:50:55", "2014-03-13 12:56:23", nospace
"2014-03-13 14:18:43", "2014-03-13 14:25:57", nospace
"2014-03-13 14:31:48", "2014-03-13 14:34:36", nospace
"2014-03-14 02:44:14", "2014-03-14 03:45:46", nospace
"2014-03-14 03:50:36", "2014-03-14 04:14:44", nospace
"2014-03-14 05:39:15", "2014-03-14 06:00:57", nospace
"2014-03-14 06:03:22", "2014-03-14 06:15:24", nospace
"2014-03-14 06:42:24", "2014-03-14 07:23:32", nospace
"2014-03-14 07:28:20", "2014-03-14 07:33:11", nospace
"2014-03-14 09:41:52", "2014-03-14 09:46:42", nospace
"2014-03-14 10:28:18", "2014-03-14 10:37:54", nospace
"2014-03-15 03:19:40", "2014-03-15 03:39:56", nospace
"2014-03-15 03:41:49", "2014-03-15 03:43:36", nospace
"2014-03-15 04:17:20", "2014-03-15 04:38:24", nospace
"2014-03-15 04:45:08", "2014-03-15 05:15:46", nospace
"2014-03-15 05:47:29", "2014-03-15 05:52:20", nobike
"2014-03-15 07:12:26", "2014-03-15 07:19:46", nospace
"2014-03-15 07:39:13", "2014-03-15 07:41:39", nospace
"2014-03-15 07:44:05", "2014-03-15 07:46:31", nospace
"2014-03-15 07:51:23", "2014-03-15 07:53:48", nospace
"2014-03-15 08:05:56", "2014-03-15 08:10:47", nospace
"2014-03-15 08:44:58", "2014-03-15 08:47:24", nospace
"2014-03-15 08:49:51", "2014-03-15 09:04:27", nospace
"2014-03-15 09:19:00", "2014-03-15 09:23:51", nospace
"2014-03-15 09:28:43", "2014-03-15 09:31:06", nospace
"2014-03-15 09:50:26", "2014-03-15 09:55:18", nospace
"2014-03-15 09:57:45", "2014-03-15 10:17:15", nospace
"2014-03-15 15:07:56", "2014-03-15 15:09:44", nobike
"2014-03-15 15:18:54", "2014-03-15 15:25:56", nobike
"2014-03-16 04:46:29", "2014-03-16 04:51:23", nospace
"2014-03-16 05:08:29", "2014-03-16 05:13:23", nospace
"2014-03-16 05:23:10", "2014-03-16 05:41:33", nospace
"2014-03-16 05:43:25", "2014-03-16 06:05:25", nospace
"2014-03-16 06:07:51", "2014-03-16 06:10:18", nospace
"2014-03-16 06:15:11", "2014-03-16 06:17:38", nospace
"2014-03-16 06:31:43", "2014-03-16 06:38:23", nospace
"2014-03-16 06:41:09", "2014-03-16 06:43:36", nospace
"2014-03-16 06:48:48", "2014-03-16 06:54:11", nospace
"2014-03-16 07:07:37", "2014-03-16 07:35:05", nospace
"2014-03-16 08:16:37", "2014-03-16 08:26:23", nospace
"2014-03-16 10:41:27", "2014-03-16 10:43:53", nospace
"2014-03-16 23:37:59", "2014-03-16 23:40:26", nospace
"2014-03-16 23:42:54", "2014-03-16 23:47:48", nospace
"2014-03-16 23:52:43", "2014-03-16 23:55:09", nospace
"2014-03-17 06:39:42", "2014-03-17 06:41:43", nospace
"2014-03-17 10:40:34", "2014-03-17 10:55:21", nobike
"2014-03-18 02:24:32", "2014-03-18 03:06:28", nospace
"2014-03-18 03:11:24", "2014-03-18 03:36:03", nospace
"2014-03-18 03:38:30", "2014-03-18 03:43:25", nospace
"2014-03-18 03:48:21", "2014-03-18 04:00:41", nospace
"2014-03-18 06:09:26", "2014-03-18 06:28:42", nospace
"2014-03-18 11:57:46", "2014-03-18 12:00:24", nospace
"2014-03-18 12:43:27", "2014-03-18 12:48:24", nospace
"2014-03-18 12:50:52", "2014-03-18 12:53:22", nospace
"2014-03-18 14:29:51", "2014-03-18 14:32:20", nobike
"2014-03-18 23:47:13", "2014-03-18 23:49:40", nospace
"2014-03-18 23:52:09", "2014-03-18 23:57:07", nospace
"2014-03-19 01:24:36", "2014-03-19 01:46:51", nospace
"2014-03-19 01:51:50", "2014-03-19 02:51:03", nospace
"2014-03-19 02:58:09", "2014-03-19 03:20:29", nospace
"2014-03-19 03:22:59", "2014-03-19 03:29:06", nospace
"2014-03-19 04:03:19", "2014-03-19 05:01:53", nospace
"2014-03-19 05:14:16", "2014-03-19 05:34:11", nospace
"2014-03-19 06:01:29", "2014-03-19 06:57:12", nospace
"2014-03-19 07:32:41", "2014-03-19 07:37:38", nospace
"2014-03-19 12:38:54", "2014-03-19 12:41:22", nospace
"2014-03-19 23:46:11", "2014-03-19 23:48:40", nospace
"2014-03-20 02:39:57", "2014-03-20 03:22:00", nospace
"2014-03-20 03:25:34", "2014-03-20 04:10:13", nospace
"2014-03-20 04:27:23", "2014-03-20 04:59:20", nospace
"2014-03-20 05:01:49", "2014-03-20 05:24:20", nospace
"2014-03-20 05:26:50", "2014-03-20 05:29:18", nospace
"2014-03-20 05:52:38", "2014-03-20 06:02:38", nospace
"2014-03-20 09:38:22", "2014-03-20 09:40:52", nospace
"2014-03-20 15:01:18", "2014-03-20 15:03:47", nospace
"2014-03-20 23:17:10", "2014-03-20 23:55:43", nospace
"2014-03-21 02:19:59", "2014-03-21 02:42:31", nospace
"2014-03-21 03:00:03", "2014-03-21 03:30:05", nospace
"2014-03-21 03:40:05", "2014-03-21 04:05:06", nospace
"2014-03-21 04:10:06", "2014-03-21 04:47:30", nospace
"2014-03-21 05:51:03", "2014-03-21 06:18:35", nospace
"2014-03-21 06:28:39", "2014-03-21 06:44:46", nospace
"2014-03-21 06:49:00", "2014-03-21 06:51:49", nospace
"2014-03-21 07:39:04", "2014-03-21 07:51:38", nospace
"2014-03-21 09:36:59", "2014-03-21 09:47:01", nospace
"2014-03-22 05:52:02", "2014-03-22 05:54:35", nospace
"2014-03-22 06:02:05", "2014-03-22 06:03:40", nospace
"2014-03-22 06:05:50", "2014-03-22 06:13:22", nospace
"2014-03-22 06:15:55", "2014-03-22 06:33:53", nospace
"2014-03-22 06:36:24", "2014-03-22 07:01:32", nospace
"2014-03-22 07:04:03", "2014-03-22 07:26:41", nospace
"2014-03-22 07:31:42", "2014-03-22 07:34:13", nospace
"2014-03-22 07:56:52", "2014-03-22 07:59:23", nospace
"2014-03-22 08:24:37", "2014-03-22 08:40:45", nospace
"2014-03-22 08:46:30", "2014-03-22 08:48:48", nospace
"2014-03-22 09:05:59", "2014-03-22 09:10:54", nospace
"2014-03-22 14:47:11", "2014-03-22 15:02:33", nobike
"2014-03-23 02:44:29", "2014-03-23 03:02:07", nospace
"2014-03-23 03:32:26", "2014-03-23 03:52:36", nospace
"2014-03-23 04:02:45", "2014-03-23 04:12:51", nospace
"2014-03-23 04:15:23", "2014-03-23 04:29:16", nospace
"2014-03-23 04:34:32", "2014-03-23 04:46:34", nospace
"2014-03-23 04:49:28", "2014-03-23 04:52:22", nospace
"2014-03-23 04:56:10", "2014-03-23 05:03:47", nospace
"2014-03-23 05:11:21", "2014-03-23 05:18:57", nospace
"2014-03-23 05:28:06", "2014-03-23 05:28:58", nospace
"2014-03-23 06:03:01", "2014-03-23 06:15:41", nospace
"2014-03-23 06:20:45", "2014-03-23 06:33:26", nospace
"2014-03-23 06:35:59", "2014-03-23 06:38:31", nospace
"2014-03-23 06:41:03", "2014-03-23 06:46:06", nospace
"2014-03-23 06:48:55", "2014-03-23 06:51:28", nospace
"2014-03-23 06:54:00", "2014-03-23 07:26:49", nospace
"2014-03-23 07:36:57", "2014-03-23 07:39:30", nospace
"2014-03-23 07:44:34", "2014-03-23 07:47:06", nospace
"2014-03-23 07:49:39", "2014-03-23 08:22:34", nospace
"2014-03-23 08:32:42", "2014-03-23 08:42:50", nospace
"2014-03-23 08:45:23", "2014-03-23 08:47:54", nospace
"2014-03-23 08:58:02", "2014-03-23 09:00:34", nospace
"2014-03-23 09:08:07", "2014-03-23 09:10:40", nospace
"2014-03-23 09:13:13", "2014-03-23 09:41:06", nospace
"2014-03-23 09:45:45", "2014-03-23 09:46:32", nospace
"2014-03-23 09:49:39", "2014-03-23 09:54:42", nospace
"2014-03-23 14:44:25", "2014-03-23 14:49:27", nospace
"2014-03-24 00:30:42", "2014-03-24 01:06:15", nospace
"2014-03-24 04:43:07", "2014-03-24 05:12:03", nospace
"2014-03-24 05:17:08", "2014-03-24 05:37:29", nospace
"2014-03-24 05:52:44", "2014-03-24 06:10:33", nospace
"2014-03-24 06:13:05", "2014-03-24 07:44:44", nospace
"2014-03-24 07:47:17", "2014-03-24 07:52:24", nospace
"2014-03-24 11:20:25", "2014-03-24 11:22:59", nobike
"2014-03-24 14:36:39", "2014-03-24 14:49:21", nospace
"2014-03-24 23:12:19", "2014-03-24 23:22:30", nospace
"2014-03-24 23:25:03", "2014-03-24 23:32:42", nospace
"2014-03-24 23:35:15", "2014-03-24 23:37:49", nospace
"2014-03-25 04:35:59", "2014-03-25 04:54:06", nospace
"2014-03-25 05:14:33", "2014-03-25 06:18:21", nospace
"2014-03-25 07:12:31", "2014-03-25 07:17:38", nospace
"2014-03-25 08:39:22", "2014-03-25 08:52:14", nospace
"2014-03-25 08:54:47", "2014-03-25 09:10:04", nospace
"2014-03-25 09:28:02", "2014-03-25 09:37:03", nospace
"2014-03-25 11:39:57", "2014-03-25 11:50:13", nospace
"2014-03-25 12:00:28", "2014-03-25 12:05:35", nospace
"2014-03-25 23:45:38", "2014-03-26 00:03:35", nospace
"2014-03-26 00:06:08", "2014-03-26 00:08:41", nospace
"2014-03-26 00:24:06", "2014-03-26 00:53:19", nospace
"2014-03-26 04:06:56", "2014-03-26 04:09:30", nospace
"2014-03-26 04:14:38", "2014-03-26 04:17:13", nospace
"2014-03-26 04:24:53", "2014-03-26 04:53:05", nospace
"2014-03-26 06:52:26", "2014-03-26 07:02:41", nospace
"2014-03-26 07:20:35", "2014-03-26 08:06:50", nospace
"2014-03-26 09:22:09", "2014-03-26 09:24:28", nospace
"2014-03-26 11:47:13", "2014-03-26 12:10:18", nobike
"2014-03-27 01:56:23", "2014-03-27 04:06:18", nospace
"2014-03-27 04:11:27", "2014-03-27 04:24:22", nospace
"2014-03-27 04:42:22", "2014-03-27 04:47:30", nospace
"2014-03-27 08:22:45", "2014-03-27 08:30:28", nospace
"2014-03-27 12:37:31", "2014-03-27 12:40:06", nospace
"2014-03-27 14:38:24", "2014-03-27 14:43:33", nospace
"2014-03-28 00:42:10", "2014-03-28 00:47:20", nospace
"2014-03-28 00:52:30", "2014-03-28 01:15:44", nospace
"2014-03-28 02:00:47", "2014-03-28 03:32:35", nospace
"2014-03-28 03:40:21", "2014-03-28 04:06:13", nospace
"2014-03-28 04:08:48", "2014-03-28 04:14:45", nospace
"2014-03-28 05:43:41", "2014-03-28 05:46:15", nospace
"2014-03-28 05:54:01", "2014-03-28 05:59:12", nospace
"2014-03-28 07:17:10", "2014-03-28 07:40:26", nospace
"2014-03-28 07:45:36", "2014-03-28 07:53:22", nospace
"2014-03-28 08:30:46", "2014-03-28 08:33:22", nospace
"2014-03-28 08:41:12", "2014-03-28 08:43:48", nospace
"2014-03-28 08:46:22", "2014-03-28 09:04:28", nospace
"2014-03-28 09:07:03", "2014-03-28 09:22:35", nospace
"2014-03-28 09:35:33", "2014-03-28 09:40:43", nospace
"2014-03-28 09:45:54", "2014-03-28 10:01:23", nospace
"2014-03-28 14:26:53", "2014-03-28 14:29:28", nospace
"2014-03-29 00:58:28", "2014-03-29 01:03:39", nospace
"2014-03-29 01:06:16", "2014-03-29 01:08:51", nospace
"2014-03-29 01:14:03", "2014-03-29 01:34:50", nospace
"2014-03-29 04:23:18", "2014-03-29 04:49:19", nospace
"2014-03-29 04:54:30", "2014-03-29 04:59:42", nospace
"2014-03-29 05:23:04", "2014-03-29 05:30:52", nospace
"2014-03-29 05:41:16", "2014-03-29 05:49:05", nospace
"2014-03-29 05:54:19", "2014-03-29 05:56:54", nospace
"2014-03-29 07:04:48", "2014-03-29 07:07:23", nospace
"2014-03-29 07:12:37", "2014-03-29 07:15:14", nospace
"2014-03-29 07:17:50", "2014-03-29 07:20:26", nospace
"2014-03-29 07:38:36", "2014-03-29 07:43:48", nospace
"2014-03-29 07:53:51", "2014-03-29 08:05:42", nospace
"2014-03-29 08:21:21", "2014-03-29 08:23:57", nospace
"2014-03-29 08:26:33", "2014-03-29 08:43:17", nospace
"2014-03-29 08:58:55", "2014-03-29 09:19:45", nospace
"2014-03-30 00:19:05", "2014-03-30 00:32:05", nospace
"2014-03-30 04:02:11", "2014-03-30 04:04:48", nospace
"2014-03-30 04:10:02", "2014-03-30 04:16:37", nospace
"2014-03-30 04:19:33", "2014-03-30 04:40:05", nospace
"2014-03-30 04:42:42", "2014-03-30 04:50:30", nospace
"2014-03-30 05:25:38", "2014-03-30 05:36:03", nospace
"2014-03-30 05:38:40", "2014-03-30 05:46:31", nospace
"2014-03-30 05:59:35", "2014-03-30 06:15:15", nospace
"2014-03-30 06:44:34", "2014-03-30 06:50:46", nospace
"2014-03-30 06:56:06", "2014-03-30 07:22:15", nospace
"2014-03-30 08:28:48", "2014-03-30 08:31:26", nospace
"2014-03-30 08:36:41", "2014-03-30 08:39:17", nospace
"2014-03-30 09:45:55", "2014-03-30 09:48:32", nospace
"2014-03-30 12:17:20", "2014-03-30 12:24:38", nobike
"2014-03-30 14:06:12", "2014-03-30 14:19:16", nobike
"2014-03-31 02:39:58", "2014-03-31 02:44:31", nospace
"2014-03-31 02:47:08", "2014-03-31 03:10:45", nospace
"2014-03-31 03:16:00", "2014-03-31 03:42:13", nospace
"2014-03-31 06:40:29", "2014-03-31 07:14:06", nospace
"2014-03-31 14:33:18", "2014-03-31 14:38:34", nospace
"2014-04-01 00:54:18", "2014-04-01 01:07:29", nospace
"2014-04-01 01:15:24", "2014-04-01 01:18:02", nospace
"2014-04-01 01:23:18", "2014-04-01 01:28:35", nospace
"2014-04-01 01:31:15", "2014-04-01 01:41:52", nospace
"2014-04-01 02:04:18", "2014-04-01 03:00:50", nospace
"2014-04-01 04:27:51", "2014-04-01 04:48:49", nospace
"2014-04-01 05:01:32", "2014-04-01 05:06:06", nospace
"2014-04-01 05:14:00", "2014-04-01 05:32:26", nospace
"2014-04-01 09:51:22", "2014-04-01 09:54:01", nospace
"2014-04-01 13:59:14", "2014-04-01 14:01:51", nospace
"2014-04-02 00:18:57", "2014-04-02 00:32:09", nospace
"2014-04-02 00:34:48", "2014-04-02 00:48:01", nospace
"2014-04-02 01:09:08", "2014-04-02 01:46:08", nospace
"2014-04-02 11:45:45", "2014-04-02 11:48:42", nobike
"2014-04-02 23:22:58", "2014-04-02 23:36:13", nospace
"2014-04-02 23:38:53", "2014-04-02 23:57:28", nospace
"2014-04-03 00:42:35", "2014-04-03 01:36:56", nospace
"2014-04-03 01:47:34", "2014-04-03 01:55:34", nospace
"2014-04-03 03:00:19", "2014-04-03 03:29:50", nospace
"2014-04-03 03:35:10", "2014-04-03 03:37:49", nospace
"2014-04-03 04:20:22", "2014-04-03 04:31:02", nospace
"2014-04-03 04:36:20", "2014-04-03 04:49:36", nospace
"2014-04-03 05:18:51", "2014-04-03 06:00:02", nospace
"2014-04-03 06:02:42", "2014-04-03 06:10:40", nospace
"2014-04-03 06:18:39", "2014-04-03 06:42:58", nospace
"2014-04-03 14:43:28", "2014-04-03 14:46:07", nospace
"2014-04-04 01:27:48", "2014-04-04 01:35:50", nospace
"2014-04-04 01:49:10", "2014-04-04 01:56:35", nospace
"2014-04-04 01:58:07", "2014-04-04 02:19:52", nospace
"2014-04-04 02:35:56", "2014-04-04 02:46:39", nospace
"2014-04-04 02:52:00", "2014-04-04 03:02:41", nospace
"2014-04-04 03:10:40", "2014-04-04 03:26:43", nospace
"2014-04-04 03:31:33", "2014-04-04 03:45:05", nospace
"2014-04-04 03:52:26", "2014-04-04 03:55:06", nospace
"2014-04-04 04:42:42", "2014-04-04 04:55:31", nospace
"2014-04-04 05:08:55", "2014-04-04 05:19:37", nospace
"2014-04-04 05:22:17", "2014-04-04 05:49:00", nospace
"2014-04-04 05:57:01", "2014-04-04 06:18:23", nospace
"2014-04-04 06:43:34", "2014-04-04 07:02:54", nospace
"2014-04-04 07:13:34", "2014-04-04 07:16:15", nospace
"2014-04-04 07:29:36", "2014-04-04 07:32:16", nospace
"2014-04-04 09:11:09", "2014-04-04 09:16:29", nospace
"2014-04-04 09:43:16", "2014-04-04 09:53:56", nospace
"2014-04-04 09:59:18", "2014-04-04 10:12:40", nospace
"2014-04-04 14:18:43", "2014-04-04 14:24:05", nospace
"2014-04-05 01:28:17", "2014-04-05 01:30:58", nospace
"2014-04-05 01:57:48", "2014-04-05 02:05:50", nospace
"2014-04-05 02:08:31", "2014-04-05 02:54:07", nospace
"2014-04-05 03:18:15", "2014-04-05 03:23:39", nospace
"2014-04-05 06:32:08", "2014-04-05 06:33:56", nospace
"2014-04-05 07:13:14", "2014-04-05 07:25:18", nospace
"2014-04-05 07:36:04", "2014-04-05 07:46:47", nospace
"2014-04-05 08:35:04", "2014-04-05 08:37:46", nospace
"2014-04-05 08:45:49", "2014-04-05 08:51:11", nospace
"2014-04-05 09:01:55", "2014-04-05 09:04:35", nospace
"2014-04-05 09:09:57", "2014-04-05 09:15:19", nospace
"2014-04-05 09:55:37", "2014-04-05 10:00:59", nospace
"2014-04-05 10:09:01", "2014-04-05 10:11:42", nospace
"2014-04-05 10:49:19", "2014-04-05 10:57:21", nospace
"2014-04-05 11:24:16", "2014-04-05 11:37:42", nospace
"2014-04-05 15:40:57", "2014-04-05 15:49:00", nobike
"2014-04-05 15:51:42", "2014-04-05 16:06:33", nobike
"2014-04-06 05:04:06", "2014-04-06 05:18:49", nospace
"2014-04-06 05:20:35", "2014-04-06 05:44:48", nospace
"2014-04-06 05:47:30", "2014-04-06 05:50:12", nospace
"2014-04-06 05:52:54", "2014-04-06 06:00:58", nospace
"2014-04-06 06:39:11", "2014-04-06 07:25:16", nospace
"2014-04-06 07:39:53", "2014-04-06 07:47:58", nospace
"2014-04-06 07:53:21", "2014-04-06 07:54:25", nospace
"2014-04-06 07:57:25", "2014-04-06 08:10:53", nospace
"2014-04-06 08:18:58", "2014-04-06 08:35:07", nospace
"2014-04-07 04:13:46", "2014-04-07 04:16:29", nospace
"2014-04-07 17:04:59", "2014-04-07 21:38:43", nospace
"2014-04-08 00:40:10", "2014-04-08 00:59:09", nospace
"2014-04-08 01:01:51", "2014-04-08 02:44:03", nospace
"2014-04-08 05:17:27", "2014-04-08 05:31:02", nospace
"2014-04-08 08:21:40", "2014-04-08 08:27:01", nospace
"2014-04-08 09:27:15", "2014-04-08 09:32:41", nospace
"2014-04-09 00:10:05", "2014-04-09 00:15:32", nospace
"2014-04-09 01:16:55", "2014-04-09 01:30:48", nospace
"2014-04-09 01:32:28", "2014-04-09 01:38:40", nospace
"2014-04-09 01:50:57", "2014-04-09 01:53:42", nospace
"2014-04-09 03:54:58", "2014-04-09 04:11:16", nospace
"2014-04-09 04:22:10", "2014-04-09 05:00:18", nospace
"2014-04-09 06:37:31", "2014-04-09 06:48:45", nospace
"2014-04-09 06:59:40", "2014-04-09 07:40:30", nospace
"2014-04-09 11:26:13", "2014-04-09 11:31:33", nobike
"2014-04-09 23:55:35", "2014-04-10 00:47:29", nospace
"2014-04-10 00:52:56", "2014-04-10 00:58:24", nospace
"2014-04-10 02:47:37", "2014-04-10 03:09:10", nospace
"2014-04-10 03:28:54", "2014-04-10 03:45:19", nospace
"2014-04-10 03:58:59", "2014-04-10 04:18:06", nospace
"2014-04-10 04:26:17", "2014-04-10 04:53:36", nospace
"2014-04-10 05:23:40", "2014-04-10 06:01:55", nospace
"2014-04-10 06:24:14", "2014-04-10 06:45:46", nospace
"2014-04-10 11:53:23", "2014-04-10 11:56:07", nospace
"2014-04-10 12:01:35", "2014-04-10 12:09:49", nospace
"2014-04-10 12:12:34", "2014-04-10 12:18:00", nospace
"2014-04-10 14:08:53", "2014-04-10 14:11:36", nospace
"2014-04-10 23:52:17", "2014-04-11 00:14:12", nospace
"2014-04-11 00:16:55", "2014-04-11 00:36:06", nospace
"2014-04-11 00:41:36", "2014-04-11 01:00:44", nospace
"2014-04-11 03:24:45", "2014-04-11 03:40:30", nospace
"2014-04-11 03:52:56", "2014-04-11 03:55:59", nospace
"2014-04-11 04:08:24", "2014-04-11 04:23:52", nospace
"2014-04-11 04:29:21", "2014-04-11 04:40:18", nospace
"2014-04-11 05:33:58", "2014-04-11 05:42:14", nospace
"2014-04-11 05:44:59", "2014-04-11 05:55:56", nospace
"2014-04-11 06:15:08", "2014-04-11 06:17:53", nospace
"2014-04-11 06:37:28", "2014-04-11 06:40:14", nospace
"2014-04-11 09:33:46", "2014-04-11 09:40:09", nospace
"2014-04-11 10:02:09", "2014-04-11 10:07:38", nospace
"2014-04-11 10:10:14", "2014-04-11 10:21:39", nospace
"2014-04-11 13:55:05", "2014-04-11 14:06:04", nospace
"2014-04-12 01:13:49", "2014-04-12 01:27:57", nospace
"2014-04-12 01:32:46", "2014-04-12 02:12:13", nospace
"2014-04-12 03:48:32", "2014-04-12 04:20:23", nospace
"2014-04-12 04:23:29", "2014-04-12 04:25:02", nospace
"2014-04-12 04:36:55", "2014-04-12 04:39:39", nospace
"2014-04-12 04:42:25", "2014-04-12 05:29:14", nospace
"2014-04-12 06:18:51", "2014-04-12 06:21:37", nospace
"2014-04-12 06:24:22", "2014-04-12 06:25:54", nospace
"2014-04-12 06:30:22", "2014-04-12 06:35:24", nospace
"2014-04-12 06:49:14", "2014-04-12 07:10:23", nospace
"2014-04-12 07:37:57", "2014-04-12 08:49:33", nospace
"2014-04-12 08:55:02", "2014-04-12 09:34:20", nospace
"2014-04-12 09:49:00", "2014-04-12 10:00:05", nospace
"2014-04-12 10:01:42", "2014-04-12 10:14:22", nospace
"2014-04-12 11:10:32", "2014-04-12 11:21:33", nospace
"2014-04-12 11:29:49", "2014-04-12 11:49:05", nospace
"2014-04-12 13:05:14", "2014-04-12 13:12:21", nospace
"2014-04-12 13:15:24", "2014-04-12 13:20:31", nospace
"2014-04-12 13:23:16", "2014-04-12 13:28:46", nospace
"2014-04-12 13:31:32", "2014-04-12 13:37:03", nospace
"2014-04-13 01:05:56", "2014-04-13 01:41:53", nospace
"2014-04-13 01:52:56", "2014-04-13 02:01:13", nospace
"2014-04-13 02:06:46", "2014-04-13 02:09:30", nospace
"2014-04-13 02:12:16", "2014-04-13 02:51:20", nospace
"2014-04-13 02:54:31", "2014-04-13 03:09:36", nospace
"2014-04-13 03:22:48", "2014-04-13 03:46:43", nospace
"2014-04-13 04:28:06", "2014-04-13 04:30:51", nospace
"2014-04-13 04:44:38", "2014-04-13 04:52:57", nospace
"2014-04-13 04:58:30", "2014-04-13 05:39:59", nospace
"2014-04-13 05:48:06", "2014-04-13 06:03:58", nospace
"2014-04-13 06:10:32", "2014-04-13 06:13:34", nospace
"2014-04-13 06:46:55", "2014-04-13 07:06:35", nospace
"2014-04-13 07:14:53", "2014-04-13 07:17:40", nospace
"2014-04-13 08:10:08", "2014-04-13 08:15:40", nospace
"2014-04-13 08:23:58", "2014-04-13 08:57:09", nospace
"2014-04-13 08:59:56", "2014-04-13 09:30:53", nospace
"2014-04-13 09:34:01", "2014-04-13 09:40:48", nospace
"2014-04-13 09:51:24", "2014-04-13 09:54:12", nospace
"2014-04-13 09:59:44", "2014-04-13 10:02:29", nospace
"2014-04-13 14:03:01", "2014-04-13 14:07:25", nobike
"2014-04-13 23:54:16", "2014-04-13 23:59:49", nospace
"2014-04-14 00:02:36", "2014-04-14 01:30:07", nospace
"2014-04-14 01:32:53", "2014-04-14 01:47:25", nospace
"2014-04-14 01:48:56", "2014-04-14 01:51:28", nospace
"2014-04-14 03:45:10", "2014-04-14 03:50:42", nospace
"2014-04-14 03:59:03", "2014-04-14 04:27:57", nospace
"2014-04-14 04:53:26", "2014-04-14 04:56:12", nospace
"2014-04-14 05:01:46", "2014-04-14 05:07:19", nospace
"2014-04-14 05:35:04", "2014-04-14 05:54:32", nospace
"2014-04-14 06:36:12", "2014-04-14 06:58:47", nospace
"2014-04-14 07:03:07", "2014-04-14 07:43:43", nospace
"2014-04-14 08:28:59", "2014-04-14 08:31:45", nospace
"2014-04-14 08:40:07", "2014-04-14 08:42:53", nospace
"2014-04-14 10:52:15", "2014-04-14 11:00:34", nobike
"2014-04-14 14:21:23", "2014-04-14 14:26:56", nospace
"2014-04-15 01:12:26", "2014-04-15 01:35:02", nospace
"2014-04-15 04:13:55", "2014-04-15 04:25:04", nospace
"2014-04-15 04:33:25", "2014-04-15 04:52:56", nospace
"2014-04-15 04:55:43", "2014-04-15 04:58:30", nospace
"2014-04-15 05:23:35", "2014-04-15 05:26:22", nospace
"2014-04-15 08:26:46", "2014-04-15 08:51:54", nospace
"2014-04-15 09:05:51", "2014-04-15 09:08:38", nospace
"2014-04-15 14:16:43", "2014-04-15 14:22:17", nospace
"2014-04-16 00:10:18", "2014-04-16 00:24:17", nospace
"2014-04-16 00:27:06", "2014-04-16 01:06:09", nospace
"2014-04-16 06:53:22", "2014-04-16 07:06:37", nospace
"2014-04-16 10:54:09", "2014-04-16 10:59:45", nobike
"2014-04-16 11:08:10", "2014-04-16 11:13:47", nobike
"2014-04-16 13:48:20", "2014-04-16 13:51:32", nospace
"2014-04-17 00:59:41", "2014-04-17 01:24:57", nospace
"2014-04-17 04:02:04", "2014-04-17 04:46:00", nospace
"2014-04-17 05:39:21", "2014-04-17 05:57:58", nospace
"2014-04-17 06:00:47", "2014-04-17 06:42:16", nospace
"2014-04-17 06:59:29", "2014-04-17 07:24:42", nospace
"2014-04-17 10:49:22", "2014-04-17 10:52:11", nospace
"2014-04-17 11:11:49", "2014-04-17 11:20:17", nospace
"2014-04-17 11:23:07", "2014-04-17 11:28:43", nospace
"2014-04-17 11:55:47", "2014-04-17 12:07:01", nospace
"2014-04-17 12:19:01", "2014-04-17 12:22:14", nospace
"2014-04-17 12:30:27", "2014-04-17 12:43:41", nospace
"2014-04-18 01:39:26", "2014-04-18 01:42:15", nospace
"2014-04-18 01:45:05", "2014-04-18 02:06:37", nospace
"2014-04-18 04:18:17", "2014-04-18 04:21:05", nospace
"2014-04-18 04:46:26", "2014-04-18 05:03:17", nospace
"2014-04-18 06:30:14", "2014-04-18 06:47:09", nospace
"2014-04-18 08:26:51", "2014-04-18 08:38:08", nospace
"2014-04-18 09:50:26", "2014-04-18 09:56:04", nospace
"2014-04-18 11:03:41", "2014-04-18 11:06:32", nospace
"2014-04-18 11:09:21", "2014-04-18 11:14:58", nospace
"2014-04-18 11:51:41", "2014-04-18 11:57:20", nospace
"2014-04-18 12:05:48", "2014-04-18 12:08:38", nospace
"2014-04-18 12:13:36", "2014-04-18 12:22:48", nospace
"2014-04-18 13:13:26", "2014-04-18 13:30:18", nospace
"2014-04-18 14:46:37", "2014-04-18 14:52:16", nospace
"2014-04-18 15:25:15", "2014-04-18 15:28:04", nospace
"2014-04-18 15:30:54", "2014-04-18 15:36:33", nospace
"2014-04-19 01:08:55", "2014-04-19 01:16:33", nospace
"2014-04-19 01:19:41", "2014-04-19 01:33:19", nospace
"2014-04-19 05:10:54", "2014-04-19 05:19:24", nospace
"2014-04-19 05:22:14", "2014-04-19 05:30:43", nospace
"2014-04-19 05:36:24", "2014-04-19 05:48:12", nospace
"2014-04-19 06:48:41", "2014-04-19 06:54:20", nospace
"2014-04-19 06:59:59", "2014-04-19 07:25:27", nospace
"2014-04-19 07:28:17", "2014-04-19 07:36:46", nospace
"2014-04-19 07:42:27", "2014-04-19 07:45:18", nospace
"2014-04-19 07:50:59", "2014-04-19 07:56:39", nospace
"2014-04-19 08:16:32", "2014-04-19 08:24:06", nospace
"2014-04-19 08:29:45", "2014-04-19 08:58:04", nospace
"2014-04-19 09:00:54", "2014-04-19 09:18:52", nospace
"2014-04-19 09:23:30", "2014-04-19 09:33:31", nospace
"2014-04-19 09:38:01", "2014-04-19 09:48:21", nospace
"2014-04-19 09:54:02", "2014-04-19 10:02:32", nospace
"2014-04-19 10:05:21", "2014-04-19 10:13:49", nospace
"2014-04-19 10:39:18", "2014-04-19 10:44:57", nospace
"2014-04-20 00:56:25", "2014-04-20 01:24:48", nospace
"2014-04-20 01:27:38", "2014-04-20 01:53:11", nospace
"2014-04-20 01:58:51", "2014-04-20 02:01:41", nospace
"2014-04-20 02:07:22", "2014-04-20 02:10:13", nospace
"2014-04-20 02:13:03", "2014-04-20 02:18:44", nospace
"2014-04-20 03:44:42", "2014-04-20 04:10:12", nospace
"2014-04-20 04:32:55", "2014-04-20 04:55:35", nospace
"2014-04-20 05:04:07", "2014-04-20 05:26:52", nospace
"2014-04-20 05:46:46", "2014-04-20 06:00:56", nospace
"2014-04-20 06:03:45", "2014-04-20 06:06:35", nospace
"2014-04-20 06:15:07", "2014-04-20 06:29:23", nospace
"2014-04-20 06:35:04", "2014-04-20 06:40:45", nospace
"2014-04-20 06:43:35", "2014-04-20 07:26:35", nospace
"2014-04-20 08:38:28", "2014-04-20 08:44:07", nospace
"2014-04-20 08:49:50", "2014-04-20 08:52:39", nospace
"2014-04-20 09:20:48", "2014-04-20 09:25:47", nospace
"2014-04-20 09:39:57", "2014-04-20 09:42:48", nospace
"2014-04-20 09:45:37", "2014-04-20 09:57:01", nospace
"2014-04-20 10:51:02", "2014-04-20 10:56:41", nospace
"2014-04-20 23:57:46", "2014-04-21 00:20:31", nospace
"2014-04-21 00:26:14", "2014-04-21 01:54:24", nospace
"2014-04-21 02:02:56", "2014-04-21 02:11:29", nospace
"2014-04-21 02:22:53", "2014-04-21 03:34:51", nospace
"2014-04-21 03:40:31", "2014-04-21 04:00:27", nospace
"2014-04-21 04:14:44", "2014-04-21 05:06:01", nospace
"2014-04-21 05:54:26", "2014-04-21 06:00:06", nospace
"2014-04-21 06:02:58", "2014-04-21 06:08:40", nospace
"2014-04-21 06:17:13", "2014-04-21 06:20:04", nospace
"2014-04-21 06:25:49", "2014-04-21 06:37:15", nospace
"2014-04-21 09:49:30", "2014-04-21 10:03:45", nospace
"2014-04-21 14:25:58", "2014-04-21 14:28:50", nospace
"2014-04-21 23:10:58", "2014-04-21 23:14:36", nospace
"2014-04-21 23:20:47", "2014-04-21 23:30:43", nospace
"2014-04-21 23:34:51", "2014-04-21 23:40:33", nospace
"2014-04-21 23:47:40", "2014-04-22 00:41:29", nospace
"2014-04-22 00:46:41", "2014-04-22 00:51:16", nospace
"2014-04-22 00:54:26", "2014-04-22 01:07:25", nospace
"2014-04-22 01:14:57", "2014-04-22 01:24:28", nospace
"2014-04-22 01:40:41", "2014-04-22 03:12:06", nospace
"2014-04-22 03:20:42", "2014-04-22 03:37:58", nospace
"2014-04-22 03:40:48", "2014-04-22 03:52:14", nospace
"2014-04-22 04:00:46", "2014-04-22 04:12:18", nospace
"2014-04-22 04:26:36", "2014-04-22 04:52:20", nospace
"2014-04-22 05:26:38", "2014-04-22 05:29:29", nospace
"2014-04-22 05:42:45", "2014-04-22 06:11:33", nospace
"2014-04-22 23:56:43", "2014-04-23 00:08:09", nospace
"2014-04-23 00:13:53", "2014-04-23 00:30:21", nospace
"2014-04-23 00:41:33", "2014-04-23 00:59:08", nospace
"2014-04-23 01:38:39", "2014-04-23 01:44:22", nospace
"2014-04-23 01:57:42", "2014-04-23 02:00:49", nospace
"2014-04-23 03:18:42", "2014-04-23 03:51:34", nospace
"2014-04-23 03:54:25", "2014-04-23 04:00:09", nospace
"2014-04-23 07:52:07", "2014-04-23 07:57:53", nospace
"2014-04-23 08:06:30", "2014-04-23 08:17:58", nospace
"2014-04-23 14:39:53", "2014-04-23 14:48:30", nospace
"2014-04-24 11:06:35", "2014-04-24 11:12:47", nobike
"2014-04-24 11:57:34", "2014-04-24 12:09:07", nospace
"2014-04-25 09:43:51", "2014-04-25 09:55:24", nospace
"2014-04-25 11:59:50", "2014-04-25 12:11:24", nobike
"2014-04-25 12:17:11", "2014-04-25 12:34:32", nobike
"2014-04-26 01:56:51", "2014-04-26 01:59:47", nospace
"2014-04-26 02:11:57", "2014-04-26 02:15:11", nospace
"2014-04-26 02:19:28", "2014-04-26 02:59:47", nospace
"2014-04-26 03:14:14", "2014-04-26 03:17:08", nospace
"2014-04-26 03:25:52", "2014-04-26 03:45:55", nospace
"2014-04-26 03:49:06", "2014-04-26 04:08:29", nospace
"2014-04-26 04:17:10", "2014-04-26 04:40:21", nospace
"2014-04-26 04:49:04", "2014-04-26 05:09:02", nospace
"2014-04-26 05:12:14", "2014-04-26 06:18:07", nospace
"2014-04-26 06:23:56", "2014-04-26 06:29:49", nospace
"2014-04-26 06:32:43", "2014-04-26 06:35:58", nospace
"2014-04-26 06:50:31", "2014-04-26 07:21:13", nospace
"2014-04-26 07:24:45", "2014-04-26 07:39:02", nospace
"2014-04-26 07:47:43", "2014-04-26 07:56:26", nospace
"2014-04-26 08:02:13", "2014-04-26 08:05:08", nospace
"2014-04-26 08:28:18", "2014-04-26 08:37:02", nospace
"2014-04-26 14:13:34", "2014-04-26 14:16:28", nospace
"2014-04-27 03:24:34", "2014-04-27 03:33:17", nospace
"2014-04-27 05:43:16", "2014-04-27 05:46:10", nospace
"2014-04-27 05:49:06", "2014-04-27 06:02:22", nospace
"2014-04-27 06:05:35", "2014-04-27 06:26:12", nospace
"2014-04-27 06:32:25", "2014-04-27 06:35:20", nospace
"2014-04-27 06:49:59", "2014-04-27 06:55:49", nospace
"2014-04-27 07:04:34", "2014-04-27 07:16:12", nospace
"2014-04-27 07:22:03", "2014-04-27 07:39:07", nospace
"2014-04-27 07:42:19", "2014-04-27 08:57:21", nospace
"2014-04-27 09:03:10", "2014-04-27 09:20:42", nospace
"2014-04-27 13:12:20", "2014-04-27 13:21:07", nobike
"2014-04-27 14:01:02", "2014-04-27 14:01:51", nobike
"2014-04-27 14:18:35", "2014-04-27 14:24:24", nospace
"2014-04-28 00:45:53", "2014-04-28 01:12:09", nospace
"2014-04-28 05:16:44", "2014-04-28 05:27:36", nospace
"2014-04-28 05:31:34", "2014-04-28 05:50:57", nospace
"2014-04-28 06:23:05", "2014-04-28 07:10:14", nospace
"2014-04-28 07:36:29", "2014-04-28 07:38:26", nospace
"2014-04-28 07:51:54", "2014-04-28 07:55:08", nospace
"2014-04-28 07:59:05", "2014-04-28 08:13:42", nospace
"2014-04-28 08:19:33", "2014-04-28 08:22:30", nospace
"2014-04-28 09:09:18", "2014-04-28 09:12:14", nospace
"2014-04-28 09:15:11", "2014-04-28 09:35:36", nospace
"2014-04-29 00:13:14", "2014-04-29 00:19:06", nospace
"2014-04-29 00:22:03", "2014-04-29 00:42:31", nospace
"2014-04-29 00:48:24", "2014-04-29 00:57:12", nospace
"2014-04-29 01:00:07", "2014-04-29 02:32:19", nospace
"2014-04-29 02:35:14", "2014-04-29 03:44:51", nospace
"2014-04-29 04:11:16", "2014-04-29 04:28:52", nospace
"2014-04-29 06:05:36", "2014-04-29 06:11:28", nospace
"2014-04-29 06:52:55", "2014-04-29 06:58:47", nospace
"2014-04-29 09:33:30", "2014-04-29 09:45:15", nospace
"2014-04-29 10:06:02", "2014-04-29 10:11:16", nospace
"2014-04-29 12:45:31", "2014-04-29 13:00:14", nobike
"2014-04-29 14:40:03", "2014-04-29 14:42:58", nospace
"2014-04-30 00:30:07", "2014-04-30 00:50:43", nospace
"2014-04-30 00:53:40", "2014-04-30 01:09:30", nospace
"2014-04-30 01:12:40", "2014-04-30 02:09:17", nospace
"2014-04-30 03:11:00", "2014-04-30 03:19:51", nospace
"2014-04-30 03:28:39", "2014-04-30 04:09:03", nospace
"2014-04-30 04:42:45", "2014-04-30 04:47:51", nospace
"2014-04-30 04:51:01", "2014-04-30 04:52:19", nospace
"2014-04-30 07:34:32", "2014-04-30 08:27:29", nospace
"2014-04-30 09:17:29", "2014-04-30 09:32:12", nospace
"2014-05-01 14:33:24", "2014-05-01 14:45:10", nospace
"2014-05-02 00:37:30", "2014-05-02 00:40:44", nospace
"2014-05-02 01:38:29", "2014-05-02 01:53:16", nospace
"2014-05-02 02:05:09", "2014-05-02 02:22:52", nospace
"2014-05-02 02:25:49", "2014-05-02 03:16:10", nospace
"2014-05-02 03:17:43", "2014-05-02 03:50:50", nospace
"2014-05-02 03:59:42", "2014-05-02 04:11:31", nospace
"2014-05-02 04:43:17", "2014-05-02 05:35:52", nospace
"2014-05-02 10:34:55", "2014-05-02 10:40:52", nospace
"2014-05-02 12:22:15", "2014-05-02 12:37:12", nospace
"2014-05-03 02:18:16", "2014-05-03 02:39:02", nospace
"2014-05-03 02:44:58", "2014-05-03 02:47:56", nospace
"2014-05-03 03:14:40", "2014-05-03 03:17:39", nospace
"2014-05-03 03:20:37", "2014-05-03 03:26:33", nospace
"2014-05-03 03:38:25", "2014-05-03 03:41:23", nospace
"2014-05-03 03:47:18", "2014-05-03 03:59:11", nospace
"2014-05-03 04:14:04", "2014-05-03 04:23:00", nospace
"2014-05-03 04:43:48", "2014-05-03 04:52:42", nospace
"2014-05-03 07:56:02", "2014-05-03 08:10:36", nospace
"2014-05-03 08:19:17", "2014-05-03 08:22:14", nospace
"2014-05-03 08:28:11", "2014-05-03 08:52:01", nospace
"2014-05-03 08:54:59", "2014-05-03 09:06:54", nospace
"2014-05-03 09:15:50", "2014-05-03 09:27:45", nospace
"2014-05-04 05:58:50", "2014-05-04 06:02:09", nospace
"2014-05-04 06:08:59", "2014-05-04 06:10:39", nospace
"2014-05-04 06:17:23", "2014-05-04 06:22:35", nospace
"2014-05-04 06:30:57", "2014-05-04 06:39:56", nospace
"2014-05-04 06:46:21", "2014-05-04 07:07:16", nospace
"2014-05-04 07:13:12", "2014-05-04 07:16:11", nospace
"2014-05-04 07:45:57", "2014-05-04 07:51:56", nospace
"2014-05-04 08:12:49", "2014-05-04 08:18:48", nospace
"2014-05-04 08:24:45", "2014-05-04 08:27:43", nospace
"2014-05-04 08:39:39", "2014-05-04 08:42:38", nospace
"2014-05-04 08:54:32", "2014-05-04 09:03:27", nospace
"2014-05-04 09:06:27", "2014-05-04 09:12:26", nospace
"2014-05-04 09:15:25", "2014-05-04 09:39:18", nospace
"2014-05-04 09:40:28", "2014-05-04 09:45:48", nospace
"2014-05-04 10:44:10", "2014-05-04 10:46:29", nospace
"2014-05-04 10:47:27", "2014-05-04 11:01:01", nospace
"2014-05-04 13:14:47", "2014-05-04 13:32:38", nobike
"2014-05-04 13:41:36", "2014-05-04 14:04:52", nobike
"2014-05-04 14:08:08", "2014-05-04 14:09:48", nobike
"2014-05-04 14:10:56", "2014-05-04 14:28:53", nobike
"2014-05-06 13:36:55", "2014-05-06 13:45:54", nobike
"2014-05-06 13:48:54", "2014-05-06 13:54:55", nobike
"2014-05-06 14:06:56", "2014-05-06 14:15:55", nospace
"2014-05-07 01:06:44", "2014-05-07 01:15:45", nospace
"2014-05-07 01:18:45", "2014-05-07 01:21:45", nospace
"2014-05-07 01:30:46", "2014-05-07 01:48:49", nospace
"2014-05-07 02:24:57", "2014-05-07 03:28:07", nospace
"2014-05-07 03:31:08", "2014-05-07 04:10:12", nospace
"2014-05-07 04:25:13", "2014-05-07 04:49:19", nospace
"2014-05-07 13:51:32", "2014-05-07 14:09:36", nobike
"2014-05-07 14:18:37", "2014-05-07 14:21:38", nospace
"2014-05-08 01:37:52", "2014-05-08 01:40:52", nospace
"2014-05-08 01:43:54", "2014-05-08 02:53:19", nospace
"2014-05-08 03:14:26", "2014-05-08 03:29:33", nospace
"2014-05-08 03:47:40", "2014-05-08 04:20:53", nospace
"2014-05-08 05:47:49", "2014-05-08 06:18:56", nospace
"2014-05-08 06:38:42", "2014-05-08 06:49:11", nospace
"2014-05-08 06:53:49", "2014-05-08 06:57:11", nospace
"2014-05-08 14:16:46", "2014-05-08 14:22:48", nobike
"2014-05-08 14:25:48", "2014-05-08 14:31:51", nobike
"2014-05-08 14:56:01", "2014-05-08 14:59:03", nospace
