"2013-11-27 23:19:39", "2013-11-27 23:22:36", nospace
"2013-11-27 23:34:44", "2013-11-27 23:37:41", nospace
"2013-11-27 23:43:56", "2013-11-27 23:52:46", nospace
"2013-11-28 04:01:39", "2013-11-28 04:58:36", nospace
"2013-11-28 05:22:39", "2013-11-28 05:31:52", nospace
"2013-11-28 06:25:51", "2013-11-28 06:46:38", nospace
"2013-11-28 06:49:56", "2013-11-28 07:01:47", nospace
"2013-11-28 07:28:43", "2013-11-28 07:37:51", nospace
"2013-11-28 08:49:43", "2013-11-28 09:01:37", nospace
"2013-11-28 09:07:53", "2013-11-28 09:10:50", nospace
"2013-11-28 09:19:43", "2013-11-28 09:34:52", nospace
"2013-11-28 09:40:47", "2013-11-28 09:55:56", nospace
"2013-11-28 11:01:52", "2013-11-28 11:04:51", nospace
"2013-11-28 12:07:48", "2013-11-28 12:13:43", nobike
"2013-11-28 12:22:59", "2013-11-28 12:25:57", nospace
"2013-11-28 14:01:58", "2013-11-28 14:04:55", nospace
"2013-11-28 15:16:54", "2013-11-28 15:49:49", nobike
"2013-11-28 15:52:47", "2013-11-28 15:55:44", nospace
"2013-11-28 23:04:48", "2013-11-28 23:19:43", nospace
"2013-11-29 00:40:54", "2013-11-29 00:55:51", nospace
"2013-11-29 00:58:51", "2013-11-29 01:13:50", nospace
"2013-11-29 01:19:51", "2013-11-29 01:22:51", nospace
"2013-11-29 01:25:51", "2013-11-29 01:28:50", nospace
"2013-11-29 01:31:49", "2013-11-29 01:40:49", nospace
"2013-11-29 01:52:46", "2013-11-29 02:28:59", nospace
"2013-11-29 02:31:59", "2013-11-29 03:07:56", nospace
"2013-11-29 03:10:54", "2013-11-29 03:13:53", nospace
"2013-11-29 03:16:52", "2013-11-29 03:28:52", nospace
"2013-11-29 03:31:51", "2013-11-29 03:52:45", nospace
"2013-11-29 04:11:00", "2013-11-29 04:28:53", nospace
"2013-11-29 05:35:02", "2013-11-29 05:41:00", nospace
"2013-11-29 06:34:52", "2013-11-29 06:46:54", nospace
"2013-11-29 06:49:54", "2013-11-29 06:52:53", nospace
"2013-11-29 06:58:51", "2013-11-29 07:10:49", nospace
"2013-11-29 07:13:48", "2013-11-29 07:25:42", nospace
"2013-11-29 07:28:41", "2013-11-29 07:38:01", nospace
"2013-11-29 08:43:52", "2013-11-29 08:55:50", nospace
"2013-11-29 09:01:49", "2013-11-29 09:04:49", nospace
"2013-11-29 09:13:48", "2013-11-29 09:28:43", nospace
"2013-11-29 09:31:43", "2013-11-29 09:37:41", nospace
"2013-11-29 11:13:43", "2013-11-29 11:19:43", nobike
"2013-11-29 13:07:47", "2013-11-29 13:10:46", nobike
"2013-11-29 13:16:45", "2013-11-29 13:55:42", nobike
"2013-11-29 14:01:42", "2013-11-29 14:04:42", nospace
"2013-11-29 15:07:57", "2013-11-29 15:16:55", nobike
"2013-11-29 15:19:55", "2013-11-29 15:28:54", nobike
"2013-11-30 00:55:51", "2013-11-30 01:10:56", nospace
"2013-11-30 01:13:57", "2013-11-30 01:19:58", nospace
"2013-11-30 02:10:50", "2013-11-30 02:13:51", nospace
"2013-11-30 02:16:51", "2013-11-30 02:19:52", nospace
"2013-11-30 02:22:53", "2013-11-30 02:28:55", nospace
"2013-11-30 02:31:55", "2013-11-30 02:43:58", nospace
"2013-11-30 02:46:59", "2013-11-30 02:49:59", nospace
"2013-11-30 03:31:54", "2013-11-30 03:34:55", nospace
"2013-11-30 03:37:58", "2013-11-30 03:53:05", nospace
"2013-11-30 04:41:05", "2013-11-30 05:10:51", nospace
"2013-11-30 05:22:56", "2013-11-30 05:25:57", nospace
"2013-11-30 05:38:03", "2013-11-30 05:41:03", nospace
"2013-11-30 06:07:55", "2013-11-30 06:19:59", nospace
"2013-11-30 06:35:03", "2013-11-30 06:50:05", nospace
"2013-11-30 06:55:45", "2013-11-30 07:07:52", nospace
"2013-11-30 07:10:53", "2013-11-30 07:19:57", nospace
"2013-11-30 07:22:59", "2013-11-30 07:43:44", nospace
"2013-11-30 07:55:49", "2013-11-30 08:10:45", nospace
"2013-11-30 08:13:46", "2013-11-30 08:16:47", nospace
"2013-11-30 08:31:52", "2013-11-30 08:34:53", nospace
"2013-11-30 08:37:55", "2013-11-30 08:44:01", nospace
"2013-11-30 11:56:00", "2013-11-30 12:05:04", nobike
"2013-11-30 12:08:06", "2013-11-30 12:19:48", nobike
"2013-11-30 13:56:06", "2013-11-30 14:40:49", nobike
"2013-12-01 01:55:55", "2013-12-01 01:58:57", nospace
"2013-12-01 02:02:00", "2013-12-01 02:05:03", nospace
"2013-12-01 02:16:53", "2013-12-01 02:26:01", nospace
"2013-12-01 02:32:08", "2013-12-01 02:34:49", nospace
"2013-12-01 02:37:53", "2013-12-01 02:47:02", nospace
"2013-12-01 03:50:05", "2013-12-01 03:53:08", nospace
"2013-12-01 04:11:03", "2013-12-01 04:19:50", nospace
"2013-12-01 04:22:53", "2013-12-01 04:28:59", nospace
"2013-12-01 04:32:01", "2013-12-01 04:46:58", nospace
"2013-12-01 05:04:54", "2013-12-01 05:11:00", nospace
"2013-12-01 05:32:01", "2013-12-01 05:35:05", nospace
"2013-12-01 06:49:57", "2013-12-01 06:56:04", nospace
"2013-12-01 06:59:09", "2013-12-01 07:01:50", nospace
"2013-12-01 07:07:56", "2013-12-01 07:14:05", nospace
"2013-12-01 07:22:54", "2013-12-01 07:25:58", nospace
"2013-12-01 07:32:04", "2013-12-01 07:40:51", nospace
"2013-12-01 11:43:51", "2013-12-01 12:08:05", nobike
"2013-12-01 13:23:10", "2013-12-01 13:56:08", nobike
"2013-12-01 13:58:50", "2013-12-01 14:34:53", nobike
"2013-12-02 04:01:50", "2013-12-02 04:23:00", nospace
"2013-12-02 04:31:54", "2013-12-02 04:35:00", nospace
"2013-12-02 04:40:49", "2013-12-02 05:02:07", nospace
"2013-12-02 05:19:53", "2013-12-02 05:22:59", nospace
"2013-12-02 05:26:03", "2013-12-02 05:56:10", nospace
"2013-12-02 05:58:54", "2013-12-02 06:02:01", nospace
"2013-12-02 06:10:54", "2013-12-02 06:17:04", nospace
"2013-12-02 06:32:07", "2013-12-02 06:46:50", nospace
"2013-12-02 07:17:03", "2013-12-02 07:25:58", nospace
"2013-12-02 08:53:05", "2013-12-02 08:58:53", nospace
"2013-12-02 09:01:59", "2013-12-02 09:08:12", nospace
"2013-12-02 09:14:00", "2013-12-02 09:17:05", nospace
"2013-12-02 14:07:54", "2013-12-02 14:10:59", nobike
"2013-12-02 14:22:59", "2013-12-02 14:26:04", nospace
"2013-12-02 15:56:01", "2013-12-02 16:08:01", nobike
"2013-12-02 23:25:58", "2013-12-02 23:32:11", nospace
"2013-12-03 00:28:57", "2013-12-03 01:08:07", nospace
"2013-12-03 01:13:56", "2013-12-03 01:26:02", nospace
"2013-12-03 01:32:13", "2013-12-03 01:59:02", nospace
"2013-12-03 02:02:08", "2013-12-03 02:05:14", nospace
"2013-12-03 02:07:57", "2013-12-03 02:29:01", nospace
"2013-12-03 02:37:59", "2013-12-03 02:50:02", nospace
"2013-12-03 03:37:59", "2013-12-03 03:41:05", nospace
"2013-12-03 04:56:15", "2013-12-03 05:07:57", nospace
"2013-12-03 05:23:11", "2013-12-03 05:25:56", nospace
"2013-12-03 05:32:13", "2013-12-03 05:34:56", nospace
"2013-12-03 05:47:03", "2013-12-03 05:52:54", nospace
"2013-12-03 06:05:04", "2013-12-03 06:17:12", nospace
"2013-12-03 06:19:55", "2013-12-03 06:23:03", nospace
"2013-12-03 06:53:14", "2013-12-03 06:55:57", nospace
"2013-12-03 07:13:54", "2013-12-03 07:20:09", nospace
"2013-12-03 08:56:11", "2013-12-03 09:02:03", nospace
"2013-12-03 09:20:05", "2013-12-03 09:23:12", nospace
"2013-12-03 11:44:00", "2013-12-03 11:50:15", nobike
"2013-12-03 11:52:59", "2013-12-03 11:59:13", nobike
"2013-12-03 14:22:58", "2013-12-03 14:26:05", nobike
"2013-12-03 16:56:21", "2013-12-03 17:23:00", nobike
"2013-12-03 23:56:19", "2013-12-04 00:08:04", nospace
"2013-12-04 00:17:05", "2013-12-04 00:20:14", nospace
"2013-12-04 00:31:59", "2013-12-04 01:02:07", nospace
"2013-12-04 01:05:16", "2013-12-04 01:26:03", nospace
"2013-12-04 01:40:59", "2013-12-04 02:26:11", nospace
"2013-12-04 02:32:04", "2013-12-04 02:47:00", nospace
"2013-12-04 02:59:10", "2013-12-04 03:23:06", nospace
"2013-12-04 03:29:01", "2013-12-04 03:34:56", nospace
"2013-12-04 03:41:14", "2013-12-04 03:44:00", nospace
"2013-12-04 03:47:10", "2013-12-04 03:56:12", nospace
"2013-12-04 03:58:57", "2013-12-04 04:14:19", nospace
"2013-12-04 04:20:16", "2013-12-04 04:29:19", nospace
"2013-12-04 04:37:59", "2013-12-04 04:59:14", nospace
"2013-12-04 05:11:04", "2013-12-04 05:14:12", nospace
"2013-12-04 05:32:16", "2013-12-04 05:35:00", nospace
"2013-12-04 05:44:03", "2013-12-04 05:53:04", nospace
"2013-12-04 06:08:04", "2013-12-04 06:11:12", nospace
"2013-12-04 06:13:57", "2013-12-04 06:20:15", nospace
"2013-12-04 06:35:11", "2013-12-04 06:44:09", nospace
"2013-12-04 06:47:17", "2013-12-04 06:50:03", nospace
"2013-12-04 06:53:11", "2013-12-04 06:56:17", nospace
"2013-12-04 06:59:22", "2013-12-04 07:02:07", nospace
"2013-12-04 07:05:16", "2013-12-04 07:08:01", nospace
"2013-12-04 11:32:01", "2013-12-04 11:44:15", nobike
"2013-12-04 11:47:00", "2013-12-04 11:59:12", nobike
"2013-12-04 12:01:58", "2013-12-04 12:11:01", nobike
"2013-12-04 13:38:10", "2013-12-04 13:49:59", nobike
"2013-12-04 13:59:03", "2013-12-04 14:02:12", nospace
"2013-12-05 00:14:06", "2013-12-05 00:17:15", nospace
"2013-12-05 00:56:01", "2013-12-05 00:59:11", nospace
"2013-12-05 01:02:19", "2013-12-05 01:08:15", nospace
"2013-12-05 01:11:02", "2013-12-05 01:59:00", nospace
"2013-12-05 02:14:05", "2013-12-05 02:38:16", nospace
"2013-12-05 02:41:03", "2013-12-05 03:38:11", nospace
"2013-12-05 03:47:21", "2013-12-05 03:59:15", nospace
"2013-12-05 04:14:22", "2013-12-05 04:23:07", nospace
"2013-12-05 05:05:14", "2013-12-05 05:17:13", nospace
"2013-12-05 05:23:13", "2013-12-05 05:32:01", nospace
"2013-12-05 05:38:01", "2013-12-05 05:53:16", nospace
"2013-12-05 06:23:18", "2013-12-05 06:50:17", nospace
"2013-12-05 07:08:18", "2013-12-05 07:20:16", nospace
"2013-12-05 07:26:14", "2013-12-05 07:53:11", nospace
"2013-12-05 07:56:20", "2013-12-05 07:59:07", nospace
"2013-12-05 09:32:02", "2013-12-05 09:35:15", nospace
"2013-12-05 09:38:04", "2013-12-05 09:53:23", nospace
"2013-12-05 10:05:08", "2013-12-05 10:11:12", nospace
"2013-12-05 11:32:20", "2013-12-05 11:35:08", nobike
"2013-12-05 23:23:15", "2013-12-05 23:26:04", nospace
"2013-12-06 00:29:18", "2013-12-06 00:32:09", nospace
"2013-12-06 00:35:26", "2013-12-06 01:02:18", nospace
"2013-12-06 02:38:20", "2013-12-06 02:56:09", nospace
"2013-12-06 03:05:06", "2013-12-06 03:20:13", nospace
"2013-12-06 03:23:04", "2013-12-06 03:44:05", nospace
"2013-12-06 04:02:06", "2013-12-06 04:38:10", nospace
"2013-12-06 06:38:22", "2013-12-06 07:08:16", nospace
"2013-12-06 07:11:48", "2013-12-06 07:14:14", nospace
"2013-12-06 07:20:19", "2013-12-06 07:29:13", nospace
"2013-12-06 07:32:27", "2013-12-06 07:38:09", nospace
"2013-12-06 07:44:37", "2013-12-06 07:50:14", nospace
"2013-12-06 07:53:04", "2013-12-06 08:02:27", nospace
"2013-12-06 08:41:16", "2013-12-06 08:47:26", nospace
"2013-12-06 08:50:19", "2013-12-06 08:59:24", nospace
"2013-12-06 09:05:12", "2013-12-06 09:08:06", nospace
"2013-12-06 09:11:23", "2013-12-06 09:20:29", nospace
"2013-12-06 10:38:11", "2013-12-06 10:50:26", nobike
"2013-12-06 10:53:18", "2013-12-06 10:56:10", nobike
"2013-12-06 12:59:10", "2013-12-06 13:02:05", nospace
"2013-12-06 14:29:13", "2013-12-06 14:35:24", nobike
"2013-12-07 00:23:14", "2013-12-07 00:26:09", nospace
"2013-12-07 00:29:26", "2013-12-07 00:32:22", nospace
"2013-12-07 01:20:18", "2013-12-07 01:26:09", nobike
"2013-12-07 03:47:28", "2013-12-07 03:50:24", nospace
"2013-12-07 03:56:16", "2013-12-07 04:08:20", nospace
"2013-12-07 04:17:30", "2013-12-07 04:23:20", nospace
"2013-12-07 05:02:11", "2013-12-07 05:11:19", nospace
"2013-12-07 05:14:16", "2013-12-07 05:26:20", nospace
"2013-12-07 05:47:12", "2013-12-07 05:53:28", nospace
"2013-12-07 05:56:23", "2013-12-07 06:05:10", nospace
"2013-12-07 06:08:30", "2013-12-07 06:14:22", nospace
"2013-12-07 06:26:08", "2013-12-07 06:47:26", nospace
"2013-12-07 06:53:32", "2013-12-07 07:02:21", nospace
"2013-12-07 07:14:22", "2013-12-07 07:17:19", nospace
"2013-12-07 07:23:10", "2013-12-07 07:59:27", nospace
"2013-12-07 08:05:22", "2013-12-07 08:08:39", nospace
"2013-12-07 08:11:10", "2013-12-07 08:26:08", nospace
"2013-12-07 08:56:11", "2013-12-07 08:59:31", nospace
"2013-12-07 09:23:13", "2013-12-07 09:26:10", nospace
"2013-12-07 10:38:20", "2013-12-07 10:56:17", nospace
"2013-12-07 13:38:13", "2013-12-07 13:44:30", nobike
"2013-12-07 13:47:26", "2013-12-07 14:02:33", nobike
"2013-12-07 14:05:28", "2013-12-07 14:11:23", nobike
"2013-12-07 14:14:19", "2013-12-07 14:35:21", nobike
"2013-12-07 15:14:20", "2013-12-07 15:29:29", nobike
"2013-12-07 15:32:24", "2013-12-07 15:35:20", nobike
"2013-12-07 15:59:15", "2013-12-07 16:05:28", nobike
"2013-12-07 16:08:25", "2013-12-07 16:11:25", nobike
"2013-12-08 03:44:24", "2013-12-08 03:56:16", nospace
"2013-12-08 03:59:19", "2013-12-08 04:08:33", nospace
"2013-12-08 04:11:32", "2013-12-08 05:02:28", nospace
"2013-12-08 05:05:32", "2013-12-08 05:08:12", nospace
"2013-12-08 05:29:28", "2013-12-08 05:32:30", nospace
"2013-12-08 05:38:11", "2013-12-08 05:59:22", nospace
"2013-12-08 06:14:21", "2013-12-08 06:26:28", nospace
"2013-12-08 06:29:24", "2013-12-08 06:32:11", nospace
"2013-12-08 06:38:37", "2013-12-08 06:47:37", nospace
"2013-12-08 06:50:16", "2013-12-08 06:56:31", nospace
"2013-12-08 06:59:11", "2013-12-08 07:11:17", nospace
"2013-12-08 07:17:34", "2013-12-08 07:38:18", nospace
"2013-12-08 07:47:36", "2013-12-08 07:50:17", nospace
"2013-12-08 08:11:30", "2013-12-08 08:23:28", nospace
"2013-12-08 08:32:15", "2013-12-08 08:38:36", nospace
"2013-12-08 08:44:27", "2013-12-08 08:50:29", nospace
"2013-12-08 09:02:26", "2013-12-08 09:14:21", nospace
"2013-12-08 12:59:37", "2013-12-08 13:05:29", nobike
"2013-12-09 02:32:26", "2013-12-09 02:47:32", nospace
"2013-12-09 05:32:33", "2013-12-09 05:44:25", nospace
"2013-12-09 05:47:33", "2013-12-09 05:56:15", nospace
"2013-12-09 10:08:19", "2013-12-09 10:38:16", nobike
"2013-12-09 11:29:29", "2013-12-09 11:32:36", nobike
"2013-12-09 11:35:42", "2013-12-09 11:56:26", nobike
"2013-12-09 14:02:32", "2013-12-09 14:20:45", nobike
"2013-12-09 14:23:20", "2013-12-09 14:44:36", nobike
"2013-12-09 14:50:18", "2013-12-09 14:59:23", nospace
"2013-12-10 00:05:27", "2013-12-10 00:53:29", nospace
"2013-12-10 01:08:19", "2013-12-10 01:23:37", nospace
"2013-12-10 01:26:16", "2013-12-10 01:29:26", nospace
"2013-12-10 01:32:38", "2013-12-10 01:41:36", nospace
"2013-12-10 09:29:26", "2013-12-10 09:44:36", nospace
"2013-12-10 09:47:25", "2013-12-10 09:56:25", nospace
"2013-12-10 09:59:49", "2013-12-10 10:02:39", nospace
"2013-12-10 10:35:51", "2013-12-10 10:53:39", nobike
"2013-12-10 11:41:26", "2013-12-10 11:47:38", nobike
"2013-12-10 13:53:28", "2013-12-10 13:59:27", nobike
"2013-12-10 14:05:28", "2013-12-10 14:11:32", nospace
"2013-12-10 14:20:29", "2013-12-10 14:26:24", nospace
"2013-12-10 23:20:50", "2013-12-10 23:29:25", nospace
"2013-12-10 23:32:52", "2013-12-10 23:38:35", nospace
"2013-12-10 23:41:28", "2013-12-10 23:53:32", nospace
"2013-12-10 23:56:41", "2013-12-10 23:59:28", nospace
"2013-12-11 00:11:33", "2013-12-11 00:29:44", nospace
"2013-12-11 00:32:37", "2013-12-11 00:41:49", nospace
"2013-12-11 00:56:44", "2013-12-11 01:23:42", nospace
"2013-12-11 01:38:42", "2013-12-11 01:53:42", nospace
"2013-12-11 01:56:34", "2013-12-11 02:05:47", nospace
"2013-12-11 04:26:39", "2013-12-11 04:29:32", nospace
"2013-12-11 04:35:53", "2013-12-11 04:53:44", nospace
"2013-12-11 05:23:46", "2013-12-11 05:32:27", nospace
"2013-12-11 05:35:49", "2013-12-11 05:38:43", nospace
"2013-12-11 05:41:36", "2013-12-11 06:02:25", nospace
"2013-12-11 06:59:48", "2013-12-11 07:20:56", nospace
"2013-12-11 07:23:26", "2013-12-11 07:35:58", nospace
"2013-12-11 09:50:46", "2013-12-11 09:53:52", nospace
"2013-12-11 14:02:39", "2013-12-11 14:14:28", nobike
"2013-12-11 14:17:34", "2013-12-11 14:23:42", nospace
"2013-12-12 04:59:58", "2013-12-12 05:02:29", nobike
"2013-12-12 06:50:35", "2013-12-12 06:56:26", nospace
"2013-12-12 06:59:41", "2013-12-12 07:05:33", nospace
"2013-12-12 07:27:02", "2013-12-12 07:29:38", nospace
"2013-12-12 07:41:48", "2013-12-12 07:51:04", nospace
"2013-12-12 08:14:41", "2013-12-12 08:17:56", nospace
"2013-12-12 08:20:33", "2013-12-12 08:23:47", nospace
"2013-12-12 08:35:29", "2013-12-12 08:38:44", nospace
"2013-12-12 10:11:41", "2013-12-12 10:17:35", nobike
"2013-12-12 10:23:25", "2013-12-12 10:53:26", nobike
"2013-12-12 11:38:28", "2013-12-12 11:41:45", nobike
"2013-12-12 11:45:02", "2013-12-12 11:53:35", nobike
"2013-12-12 12:38:30", "2013-12-12 12:51:27", nobike
"2013-12-12 12:53:27", "2013-12-12 13:17:44", nobike
"2013-12-12 13:20:48", "2013-12-12 13:53:26", nobike
"2013-12-12 13:59:58", "2013-12-12 14:08:27", nospace
"2013-12-12 23:14:54", "2013-12-12 23:23:29", nospace
"2013-12-13 01:03:03", "2013-12-13 01:23:37", nospace
"2013-12-13 01:59:46", "2013-12-13 02:03:04", nospace
"2013-12-13 02:09:01", "2013-12-13 02:56:49", nospace
"2013-12-13 03:08:43", "2013-12-13 03:14:40", nospace
"2013-12-13 03:32:30", "2013-12-13 03:50:58", nospace
"2013-12-13 03:56:56", "2013-12-13 04:11:33", nospace
"2013-12-13 05:12:00", "2013-12-13 05:32:38", nospace
"2013-12-13 09:09:02", "2013-12-13 09:14:31", nobike
"2013-12-13 09:14:31", "2013-12-13 09:20:45", nospace
"2013-12-13 11:14:37", "2013-12-13 11:20:46", nospace
"2013-12-13 11:20:46", "2013-12-13 11:35:47", nobike
"2013-12-13 11:48:04", "2013-12-13 11:50:49", nobike
"2013-12-13 12:14:47", "2013-12-13 12:23:43", nobike
"2013-12-13 12:38:46", "2013-12-13 12:47:37", nobike
"2013-12-13 13:02:41", "2013-12-13 13:06:07", nospace
"2013-12-13 13:08:51", "2013-12-13 13:11:36", nospace
"2013-12-13 14:23:35", "2013-12-13 14:27:01", nobike
"2013-12-13 15:44:51", "2013-12-13 16:23:36", nobike
"2013-12-14 03:47:57", "2013-12-14 03:59:48", nospace
"2013-12-14 04:08:58", "2013-12-14 04:17:36", nospace
"2013-12-14 04:26:41", "2013-12-14 04:32:56", nospace
"2013-12-14 09:05:49", "2013-12-14 10:02:42", nobike
"2013-12-14 14:17:32", "2013-12-14 14:38:38", nobike
"2013-12-15 14:12:00", "2013-12-15 14:14:57", nobike
"2013-12-15 14:23:54", "2013-12-15 14:29:52", nospace
"2013-12-15 14:35:45", "2013-12-15 14:38:40", nospace
"2013-12-16 01:51:14", "2013-12-16 01:54:12", nospace
"2013-12-16 02:15:08", "2013-12-16 02:21:06", nospace
"2013-12-16 02:24:06", "2013-12-16 02:39:01", nospace
"2013-12-16 02:47:43", "2013-12-16 03:05:42", nospace
"2013-12-16 03:08:41", "2013-12-16 03:23:55", nospace
"2013-12-16 03:26:58", "2013-12-16 03:53:59", nospace
"2013-12-16 03:59:59", "2013-12-16 04:02:57", nospace
"2013-12-16 04:17:54", "2013-12-16 04:20:53", nospace
"2013-12-16 05:02:55", "2013-12-16 05:20:57", nospace
"2013-12-16 05:32:49", "2013-12-16 05:44:47", nospace
"2013-12-16 06:23:42", "2013-12-16 06:29:44", nospace
"2013-12-16 10:11:52", "2013-12-16 11:15:19", nobike
"2013-12-17 14:50:51", "2013-12-17 15:20:46", nobike
"2013-12-18 02:23:49", "2013-12-18 02:35:53", nospace
"2013-12-18 04:06:11", "2013-12-18 04:35:57", nospace
"2013-12-18 04:39:12", "2013-12-18 04:54:29", nospace
"2013-12-18 05:00:09", "2013-12-18 05:17:57", nospace
"2013-12-18 05:47:52", "2013-12-18 05:56:45", nospace
"2013-12-18 07:33:29", "2013-12-18 07:35:58", nospace
"2013-12-18 07:41:45", "2013-12-18 07:45:04", nospace
"2013-12-18 09:33:05", "2013-12-18 09:54:16", nospace
"2013-12-19 10:54:28", "2013-12-19 11:12:10", nobike
"2013-12-19 14:15:31", "2013-12-19 14:17:56", nobike
"2013-12-19 14:51:18", "2013-12-19 15:21:22", nobike
"2013-12-21 03:45:39", "2013-12-21 03:48:23", nospace
"2013-12-21 03:57:19", "2013-12-21 04:21:48", nospace
"2013-12-21 04:33:36", "2013-12-21 04:36:18", nospace
"2013-12-21 05:03:29", "2013-12-21 05:12:32", nospace
"2013-12-21 14:00:39", "2013-12-21 14:36:47", nobike
"2013-12-22 09:12:37", "2013-12-22 09:15:24", nospace
"2013-12-22 13:12:44", "2013-12-22 14:18:03", nobike
"2013-12-22 14:21:46", "2013-12-22 14:36:43", nobike
"2013-12-23 10:45:55", "2013-12-23 11:18:11", nobike
"2013-12-24 09:54:48", "2013-12-24 10:12:06", nobike
"2013-12-24 10:15:58", "2013-12-24 10:30:24", nobike
"2013-12-26 10:33:35", "2013-12-26 10:42:19", nobike
"2013-12-26 10:45:25", "2013-12-26 10:48:32", nobike
"2013-12-26 13:55:02", "2013-12-26 13:58:08", nobike
"2013-12-27 01:03:25", "2013-12-27 01:06:32", nospace
"2013-12-27 01:18:59", "2013-12-27 01:22:07", nospace
"2013-12-27 01:25:14", "2013-12-27 01:33:31", nospace
"2013-12-27 01:36:38", "2013-12-27 01:49:08", nospace
"2013-12-27 01:54:19", "2013-12-27 02:24:25", nospace
"2013-12-27 09:31:01", "2013-12-27 09:43:07", nospace
"2013-12-27 09:57:43", "2013-12-27 10:03:58", nospace
"2013-12-27 12:00:18", "2013-12-27 12:22:09", nobike
"2013-12-27 13:57:57", "2013-12-27 14:04:08", nospace
"2013-12-27 14:09:17", "2013-12-27 14:12:24", nospace
"2013-12-28 01:51:55", "2013-12-28 01:55:05", nospace
"2013-12-28 01:58:13", "2013-12-28 02:19:04", nospace
"2013-12-28 04:07:17", "2013-12-28 04:09:24", nospace
"2013-12-28 04:15:45", "2013-12-28 04:18:55", nospace
"2013-12-28 04:30:29", "2013-12-28 04:43:08", nospace
"2013-12-28 07:45:34", "2013-12-28 07:48:47", nospace
"2013-12-29 09:51:30", "2013-12-29 10:30:27", nobike
"2013-12-29 10:33:42", "2013-12-29 10:52:09", nobike
"2013-12-29 12:34:16", "2013-12-29 12:54:49", nobike
"2013-12-29 12:58:03", "2013-12-29 13:09:59", nobike
"2013-12-29 13:37:06", "2013-12-29 13:55:15", nobike
"2013-12-30 01:12:33", "2013-12-30 01:24:32", nospace
"2013-12-30 09:36:41", "2013-12-30 09:45:33", nospace
"2013-12-30 11:06:47", "2013-12-30 11:10:03", nobike
"2013-12-30 11:42:42", "2013-12-30 11:46:01", nospace
"2013-12-30 13:25:30", "2013-12-30 13:27:44", nobike
"2013-12-30 13:31:03", "2013-12-30 14:37:20", nobike
"2013-12-30 15:21:51", "2013-12-30 15:37:22", nospace
"2013-12-31 00:36:47", "2013-12-31 00:57:53", nospace
"2013-12-31 01:01:14", "2013-12-31 01:06:48", nospace
"2013-12-31 05:18:58", "2013-12-31 05:22:19", nospace
"2013-12-31 09:42:35", "2013-12-31 09:51:34", nospace
"2013-12-31 09:54:56", "2013-12-31 09:58:18", nospace
"2013-12-31 14:18:42", "2013-12-31 14:27:41", nospace
"2013-12-31 16:55:17", "2013-12-31 17:06:34", nospace
"2013-12-31 17:36:41", "2013-12-31 17:39:56", nospace
"2013-12-31 18:24:42", "2013-12-31 18:33:42", nospace
"2014-01-01 02:58:37", "2014-01-01 03:00:51", nospace
"2014-01-01 03:04:14", "2014-01-01 03:07:37", nospace
"2014-01-01 03:09:52", "2014-01-01 03:13:15", nospace
"2014-01-01 03:21:41", "2014-01-01 03:28:05", nospace
"2014-01-01 03:33:45", "2014-01-01 03:49:02", nospace
"2014-01-01 03:57:59", "2014-01-01 04:10:27", nospace
"2014-01-01 04:12:42", "2014-01-01 04:16:06", nospace
"2014-01-01 04:25:13", "2014-01-01 04:37:38", nospace
"2014-01-01 04:39:54", "2014-01-01 05:16:05", nospace
"2014-01-01 05:30:47", "2014-01-01 06:04:00", nospace
"2014-01-01 06:24:50", "2014-01-01 06:28:17", nospace
"2014-01-01 06:33:56", "2014-01-01 06:54:53", nospace
"2014-01-01 07:07:37", "2014-01-01 07:19:10", nospace
"2014-01-01 07:34:16", "2014-01-01 07:51:34", nospace
"2014-01-01 08:06:48", "2014-01-01 08:10:17", nospace
"2014-01-01 09:27:47", "2014-01-01 09:40:24", nospace
"2014-01-01 09:45:44", "2014-01-01 09:52:26", nospace
"2014-01-01 10:03:59", "2014-01-01 10:28:12", nospace
"2014-01-01 10:31:40", "2014-01-01 10:37:25", nospace
"2014-01-01 10:39:44", "2014-01-01 10:46:40", nospace
"2014-01-01 14:21:39", "2014-01-01 14:43:36", nobike
"2014-01-01 23:28:01", "2014-01-01 23:31:29", nospace
"2014-01-02 00:47:28", "2014-01-02 01:10:51", nospace
"2014-01-02 03:07:02", "2014-01-02 03:10:31", nospace
"2014-01-02 03:58:02", "2014-01-02 04:00:54", nospace
"2014-01-02 06:13:01", "2014-01-02 06:22:18", nospace
"2014-01-02 06:24:37", "2014-01-02 06:28:10", nospace
"2014-01-02 06:34:20", "2014-01-02 06:43:41", nospace
"2014-01-02 06:46:01", "2014-01-02 07:28:16", nospace
"2014-01-02 07:42:46", "2014-01-02 08:01:41", nospace
"2014-01-02 08:25:30", "2014-01-02 08:42:50", nospace
"2014-01-02 08:55:32", "2014-01-02 09:49:45", nospace
"2014-01-02 11:25:02", "2014-01-02 11:34:25", nobike
"2014-01-02 13:10:16", "2014-01-02 13:19:38", nobike
"2014-01-02 13:21:51", "2014-01-02 13:24:40", nobike
"2014-01-02 13:34:03", "2014-01-02 13:37:34", nobike
"2014-01-03 09:07:46", "2014-01-03 09:13:41", nospace
"2014-01-03 09:39:44", "2014-01-03 09:52:46", nospace
"2014-01-04 04:19:36", "2014-01-04 04:25:35", nospace
"2014-01-04 05:22:51", "2014-01-04 05:49:08", nospace
"2014-01-04 06:16:08", "2014-01-04 06:25:42", nospace
"2014-01-04 06:55:31", "2014-01-04 07:04:02", nospace
"2014-01-04 07:40:36", "2014-01-04 07:46:41", nospace
"2014-01-04 08:07:15", "2014-01-04 08:21:46", nospace
"2014-01-05 05:22:15", "2014-01-05 05:36:55", nospace
"2014-01-05 05:40:34", "2014-01-05 05:46:36", nospace
"2014-01-05 06:25:02", "2014-01-05 06:28:43", nospace
"2014-01-05 06:34:02", "2014-01-05 06:46:28", nospace
"2014-01-05 07:07:33", "2014-01-05 07:10:02", nospace
"2014-01-05 07:16:11", "2014-01-05 07:22:24", nospace
"2014-01-05 07:24:52", "2014-01-05 07:28:34", nospace
"2014-01-05 07:40:55", "2014-01-05 07:49:32", nospace
"2014-01-05 07:52:00", "2014-01-05 08:12:53", nospace
"2014-01-05 08:40:29", "2014-01-05 08:42:53", nospace
"2014-01-05 08:58:52", "2014-01-05 09:19:22", nospace
"2014-01-06 02:43:09", "2014-01-06 03:01:28", nospace
"2014-01-06 03:07:40", "2014-01-06 03:24:51", nospace
"2014-01-06 04:42:52", "2014-01-06 04:46:31", nospace
"2014-01-06 04:55:10", "2014-01-06 05:07:34", nospace
"2014-01-06 05:10:02", "2014-01-06 05:13:45", nospace
"2014-01-06 05:55:50", "2014-01-06 06:01:54", nospace
"2014-01-06 06:06:51", "2014-01-06 06:13:03", nospace
"2014-01-06 14:16:36", "2014-01-06 14:27:57", nobike
"2014-01-09 10:55:20", "2014-01-09 11:04:26", nobike
"2014-01-09 11:07:03", "2014-01-09 11:20:05", nobike
"2014-01-10 08:55:56", "2014-01-10 09:07:52", nospace
"2014-01-10 09:13:09", "2014-01-10 09:16:38", nospace
"2014-01-10 09:58:04", "2014-01-10 10:04:39", nospace
"2014-01-10 14:01:58", "2014-01-10 14:16:28", nobike
"2014-01-11 06:49:35", "2014-01-11 06:52:39", nospace
"2014-01-11 07:26:15", "2014-01-11 07:31:38", nospace
"2014-01-11 07:41:04", "2014-01-11 07:50:26", nospace
"2014-01-11 07:55:48", "2014-01-11 07:58:29", nospace
"2014-01-11 08:07:55", "2014-01-11 08:25:24", nospace
"2014-01-11 08:34:48", "2014-01-11 08:52:16", nospace
"2014-01-11 09:01:43", "2014-01-11 09:13:54", nospace
"2014-01-11 09:46:11", "2014-01-11 09:55:39", nospace
"2014-01-12 07:28:13", "2014-01-12 07:32:17", nospace
"2014-01-12 07:55:21", "2014-01-12 07:59:25", nospace
"2014-01-12 08:56:22", "2014-01-12 08:59:02", nospace
"2014-01-12 09:23:31", "2014-01-12 09:26:14", nospace
"2014-01-13 11:20:10", "2014-01-13 11:32:34", nobike
"2014-01-13 13:41:14", "2014-01-13 14:19:24", nobike
"2014-01-15 05:44:03", "2014-01-15 05:46:46", nospace
"2014-01-15 05:49:33", "2014-01-15 05:52:41", nospace
"2014-01-15 05:59:19", "2014-01-15 06:04:50", nospace
"2014-01-15 08:35:08", "2014-01-15 08:37:57", nospace
"2014-01-15 08:40:46", "2014-01-15 08:46:26", nospace
"2014-01-15 14:22:32", "2014-01-15 14:53:25", nobike
"2014-01-16 12:43:55", "2014-01-16 13:08:06", nobike
"2014-01-17 02:05:38", "2014-01-17 02:08:30", nospace
"2014-01-17 02:17:02", "2014-01-17 02:29:51", nospace
"2014-01-17 02:32:43", "2014-01-17 02:49:47", nospace
"2014-01-17 02:55:27", "2014-01-17 04:10:35", nospace
"2014-01-17 04:23:22", "2014-01-17 05:13:47", nospace
"2014-01-17 05:16:38", "2014-01-17 05:19:29", nospace
"2014-01-17 05:46:32", "2014-01-17 05:49:46", nospace
"2014-01-17 07:08:18", "2014-01-17 07:11:09", nospace
"2014-01-17 07:16:54", "2014-01-17 07:19:45", nospace
"2014-01-17 07:25:49", "2014-01-17 07:29:46", nospace
"2014-01-17 07:44:05", "2014-01-17 07:46:53", nospace
"2014-01-17 08:08:48", "2014-01-17 08:11:15", nospace
"2014-01-17 08:38:31", "2014-01-17 09:00:06", nospace
"2014-01-19 03:02:09", "2014-01-19 03:19:39", nospace
"2014-01-19 03:24:00", "2014-01-19 03:29:48", nospace
"2014-01-19 03:32:42", "2014-01-19 03:38:33", nospace
"2014-01-19 03:56:00", "2014-01-19 04:04:44", nospace
"2014-01-19 04:35:19", "2014-01-19 04:38:14", nospace
"2014-01-19 04:47:02", "2014-01-19 04:49:57", nospace
"2014-01-19 04:58:40", "2014-01-19 05:05:10", nospace
"2014-01-19 06:50:42", "2014-01-19 07:08:11", nospace
"2014-01-19 07:10:47", "2014-01-19 07:13:43", nospace
"2014-01-19 07:16:42", "2014-01-19 07:22:34", nospace
"2014-01-19 07:26:59", "2014-01-19 07:41:46", nospace
"2014-01-19 07:56:30", "2014-01-19 08:02:18", nospace
"2014-01-19 08:05:16", "2014-01-19 08:08:13", nospace
"2014-01-19 08:46:43", "2014-01-19 08:50:39", nospace
"2014-01-20 02:52:47", "2014-01-20 02:55:41", nospace
"2014-01-20 03:18:29", "2014-01-20 03:28:59", nospace
"2014-01-20 03:31:56", "2014-01-20 03:40:47", nospace
"2014-01-20 03:54:05", "2014-01-20 03:57:03", nospace
"2014-01-20 04:00:00", "2014-01-20 04:05:55", nospace
"2014-01-20 04:08:55", "2014-01-20 04:20:41", nospace
"2014-01-20 04:46:52", "2014-01-20 04:54:33", nospace
"2014-01-20 04:56:31", "2014-01-20 05:02:06", nospace
"2014-01-20 05:41:53", "2014-01-20 05:53:41", nospace
"2014-01-20 07:50:12", "2014-01-20 07:53:12", nospace
"2014-01-20 08:02:02", "2014-01-20 08:13:57", nospace
"2014-01-20 08:19:57", "2014-01-20 08:22:56", nospace
"2014-01-20 08:28:58", "2014-01-20 08:37:55", nospace
"2014-01-21 02:17:34", "2014-01-21 02:59:10", nospace
"2014-01-21 03:11:02", "2014-01-21 03:19:57", nospace
"2014-01-21 03:22:55", "2014-01-21 03:46:40", nospace
"2014-01-21 03:54:07", "2014-01-21 04:00:04", nospace
"2014-01-21 04:35:15", "2014-01-21 05:04:45", nospace
"2014-01-21 05:18:09", "2014-01-21 05:30:03", nospace
"2014-01-21 05:33:01", "2014-01-21 05:35:54", nospace
"2014-01-21 05:41:49", "2014-01-21 05:59:23", nospace
"2014-01-21 06:11:15", "2014-01-21 06:25:50", nospace
"2014-01-21 06:31:43", "2014-01-21 06:53:04", nospace
"2014-01-21 06:59:04", "2014-01-21 07:11:23", nospace
"2014-01-21 07:17:05", "2014-01-21 07:23:06", nospace
"2014-01-21 07:56:05", "2014-01-21 08:11:04", nospace
"2014-01-21 08:14:04", "2014-01-21 08:23:03", nospace
"2014-01-21 09:27:06", "2014-01-21 09:32:25", nospace
"2014-01-21 09:36:22", "2014-01-21 09:43:56", nospace
"2014-01-22 06:32:30", "2014-01-22 06:35:32", nospace
"2014-01-22 06:56:04", "2014-01-22 07:12:52", nospace
"2014-01-22 07:14:50", "2014-01-22 07:19:14", nospace
"2014-01-22 07:20:44", "2014-01-22 07:34:27", nospace
"2014-01-22 08:55:25", "2014-01-22 09:12:06", nospace
"2014-01-22 09:13:36", "2014-01-22 09:18:10", nospace
"2014-01-22 13:44:08", "2014-01-22 13:45:39", nobike
"2014-01-24 07:20:46", "2014-01-24 07:23:51", nospace
"2014-01-24 07:26:58", "2014-01-24 07:28:30", nospace
"2014-01-24 08:36:10", "2014-01-24 09:05:33", nospace
"2014-01-25 06:38:43", "2014-01-25 06:48:32", nospace
"2014-01-25 06:56:48", "2014-01-25 07:15:19", nospace
"2014-01-25 07:16:53", "2014-01-25 07:32:32", nospace
"2014-01-25 07:34:05", "2014-01-25 07:46:37", nospace
"2014-01-25 07:48:11", "2014-01-25 07:49:46", nospace
"2014-01-25 07:51:20", "2014-01-25 07:54:29", nospace
"2014-01-25 07:56:02", "2014-01-25 08:02:14", nospace
"2014-01-25 08:14:49", "2014-01-25 08:27:18", nospace
"2014-01-25 08:28:53", "2014-01-25 08:36:43", nospace
"2014-01-25 08:53:56", "2014-01-25 09:18:59", nospace
"2014-01-25 09:23:40", "2014-01-25 09:28:22", nospace
"2014-01-25 09:29:56", "2014-01-25 09:31:29", nospace
"2014-01-25 15:15:58", "2014-01-25 15:36:22", nobike
"2014-01-26 03:26:55", "2014-01-26 03:31:36", nospace
"2014-01-26 03:37:51", "2014-01-26 03:53:30", nospace
"2014-01-26 03:58:12", "2014-01-26 04:04:29", nospace
"2014-01-26 04:06:02", "2014-01-26 04:16:56", nospace
"2014-01-26 04:30:59", "2014-01-26 04:35:40", nospace
"2014-01-26 04:49:43", "2014-01-26 04:52:49", nospace
"2014-01-26 04:54:23", "2014-01-26 04:59:05", nospace
"2014-01-26 05:02:13", "2014-01-26 05:11:35", nospace
"2014-01-26 05:35:08", "2014-01-26 05:47:15", nospace
"2014-01-26 05:48:28", "2014-01-26 06:02:47", nospace
"2014-01-26 06:47:54", "2014-01-26 07:03:04", nospace
"2014-01-26 07:05:08", "2014-01-26 07:28:21", nospace
"2014-01-26 07:29:56", "2014-01-26 07:36:13", nospace
"2014-01-26 08:49:47", "2014-01-26 08:54:30", nospace
"2014-01-26 09:00:47", "2014-01-26 09:02:21", nospace
"2014-01-26 09:14:59", "2014-01-26 09:19:41", nospace
"2014-01-26 09:21:16", "2014-01-26 09:51:13", nospace
"2014-01-26 09:54:22", "2014-01-26 09:55:57", nospace
"2014-01-27 02:04:27", "2014-01-27 02:15:11", nospace
"2014-01-27 02:18:22", "2014-01-27 02:54:50", nospace
"2014-01-27 02:56:26", "2014-01-27 02:58:01", nospace
"2014-01-27 03:06:01", "2014-01-27 03:12:20", nospace
"2014-01-27 03:13:54", "2014-01-27 03:29:47", nospace
"2014-01-27 03:37:43", "2014-01-27 03:40:53", nospace
"2014-01-27 03:42:29", "2014-01-27 03:45:40", nospace
"2014-01-27 04:09:29", "2014-01-27 04:23:44", nospace
"2014-01-27 05:31:59", "2014-01-27 05:43:06", nospace
"2014-01-27 05:44:41", "2014-01-27 05:49:28", nospace
"2014-01-27 06:06:35", "2014-01-27 06:12:47", nospace
"2014-01-27 06:16:54", "2014-01-27 06:23:02", nospace
"2014-01-27 06:24:57", "2014-01-27 06:25:33", nospace
"2014-01-27 06:33:32", "2014-01-27 06:44:40", nospace
"2014-01-27 06:53:02", "2014-01-27 07:01:04", nospace
"2014-01-27 07:12:16", "2014-01-27 07:18:34", nospace
"2014-01-27 07:37:37", "2014-01-27 07:40:50", nospace
"2014-01-27 08:40:01", "2014-01-27 08:44:48", nospace
"2014-01-27 08:52:50", "2014-01-27 08:56:03", nospace
"2014-01-27 09:07:12", "2014-01-27 09:08:48", nospace
"2014-01-27 09:23:12", "2014-01-27 09:33:59", nospace
"2014-01-27 09:34:35", "2014-01-27 09:37:49", nospace
"2014-01-27 14:06:54", "2014-01-27 14:14:46", nobike
"2014-01-28 05:34:36", "2014-01-28 05:58:35", nospace
"2014-01-28 06:03:21", "2014-01-28 06:17:46", nospace
"2014-01-28 06:19:22", "2014-01-28 06:25:49", nospace
"2014-01-28 06:38:38", "2014-01-28 06:59:50", nospace
"2014-01-28 07:01:28", "2014-01-28 07:30:13", nospace
"2014-01-28 07:33:27", "2014-01-28 07:35:04", nospace
"2014-01-28 07:38:17", "2014-01-28 07:39:54", nospace
"2014-01-28 08:04:05", "2014-01-28 08:10:34", nospace
"2014-01-28 08:52:35", "2014-01-28 09:02:01", nospace
"2014-01-28 09:05:16", "2014-01-28 09:06:53", nospace
"2014-01-28 09:32:44", "2014-01-28 09:34:21", nospace
"2014-01-28 09:58:35", "2014-01-28 10:05:03", nospace
"2014-01-28 10:08:17", "2014-01-28 10:11:30", nospace
"2014-01-29 04:46:51", "2014-01-29 05:14:23", nospace
"2014-01-29 05:30:35", "2014-01-29 05:37:03", nospace
"2014-01-29 05:41:56", "2014-01-29 05:57:29", nospace
"2014-01-29 05:58:06", "2014-01-29 06:06:15", nospace
"2014-01-29 06:20:20", "2014-01-29 06:37:13", nospace
"2014-01-29 06:39:19", "2014-01-29 06:48:58", nospace
"2014-01-29 08:09:52", "2014-01-29 08:22:55", nospace
"2014-01-29 08:27:47", "2014-01-29 08:31:02", nospace
"2014-01-30 06:25:46", "2014-01-30 06:30:42", nospace
"2014-01-30 06:44:21", "2014-01-30 06:55:53", nospace
"2014-01-30 06:59:13", "2014-01-30 07:00:51", nospace
"2014-01-31 05:52:11", "2014-01-31 05:53:51", nospace
"2014-01-31 06:25:04", "2014-01-31 06:30:03", nospace
"2014-01-31 06:31:42", "2014-01-31 06:36:11", nospace
"2014-01-31 06:38:55", "2014-01-31 06:41:05", nospace
"2014-01-31 07:06:56", "2014-01-31 07:17:34", nospace
"2014-01-31 07:21:33", "2014-01-31 07:28:03", nospace
"2014-01-31 07:52:41", "2014-01-31 07:55:32", nospace
"2014-01-31 07:59:56", "2014-01-31 08:07:54", nospace
"2014-01-31 08:14:34", "2014-01-31 08:17:54", nospace
"2014-01-31 08:29:28", "2014-01-31 08:32:47", nospace
"2014-01-31 08:35:00", "2014-01-31 08:39:22", nospace
"2014-01-31 08:50:57", "2014-01-31 09:02:17", nospace
"2014-01-31 09:04:28", "2014-01-31 09:18:02", nospace
"2014-01-31 09:20:12", "2014-01-31 09:26:49", nospace
"2014-01-31 09:37:39", "2014-01-31 09:44:06", nospace
"2014-01-31 09:45:42", "2014-01-31 09:50:45", nospace
"2014-01-31 10:01:50", "2014-01-31 10:06:47", nospace
"2014-02-01 06:12:09", "2014-02-01 06:13:48", nospace
"2014-02-01 06:16:43", "2014-02-01 06:18:51", nospace
"2014-02-01 06:28:07", "2014-02-01 06:37:02", nospace
"2014-02-01 06:41:23", "2014-02-01 06:49:38", nospace
"2014-02-01 06:52:06", "2014-02-01 06:59:26", nospace
"2014-02-01 07:33:28", "2014-02-01 07:35:46", nospace
"2014-02-01 07:55:58", "2014-02-01 07:58:55", nospace
"2014-02-01 08:25:22", "2014-02-01 08:34:19", nospace
"2014-02-01 08:45:46", "2014-02-01 08:47:57", nospace
"2014-02-01 08:50:12", "2014-02-01 08:52:23", nospace
"2014-02-01 09:10:39", "2014-02-01 09:17:39", nospace
"2014-02-02 03:04:25", "2014-02-02 03:06:06", nospace
"2014-02-02 03:34:33", "2014-02-02 03:37:56", nospace
"2014-02-02 03:48:01", "2014-02-02 03:49:41", nospace
"2014-02-02 03:54:44", "2014-02-02 03:56:25", nospace
"2014-02-02 04:08:13", "2014-02-02 04:18:20", nospace
"2014-02-02 04:33:49", "2014-02-02 04:53:57", nospace
"2014-02-02 05:23:38", "2014-02-02 05:30:37", nospace
"2014-02-02 07:08:32", "2014-02-02 07:11:51", nospace
"2014-02-02 07:17:39", "2014-02-02 07:25:49", nospace
"2014-02-02 07:28:12", "2014-02-02 07:30:28", nospace
"2014-02-02 07:46:38", "2014-02-02 07:58:01", nospace
"2014-02-02 08:09:20", "2014-02-02 08:11:35", nospace
"2014-02-02 08:15:58", "2014-02-02 08:27:06", nospace
"2014-02-02 08:31:06", "2014-02-02 08:34:08", nospace
"2014-02-02 08:38:37", "2014-02-02 08:45:35", nospace
"2014-02-02 08:54:40", "2014-02-02 08:58:25", nospace
"2014-02-02 09:33:12", "2014-02-02 09:37:51", nospace
"2014-02-02 09:46:51", "2014-02-02 09:49:01", nospace
"2014-02-02 09:51:12", "2014-02-02 10:04:53", nospace
"2014-02-02 11:55:08", "2014-02-02 12:05:17", nospace
"2014-02-02 12:16:35", "2014-02-02 12:22:11", nospace
"2014-02-03 03:51:15", "2014-02-03 03:56:21", nospace
"2014-02-03 03:58:02", "2014-02-03 04:16:39", nospace
"2014-02-03 04:20:03", "2014-02-03 04:23:27", nospace
"2014-02-03 04:25:09", "2014-02-03 04:52:11", nospace
"2014-02-03 04:55:35", "2014-02-03 05:05:46", nospace
"2014-02-03 05:12:31", "2014-02-03 05:26:07", nospace
"2014-02-03 05:27:49", "2014-02-03 05:39:40", nospace
"2014-02-03 05:59:59", "2014-02-03 06:01:42", nospace
"2014-02-03 06:10:10", "2014-02-03 06:11:52", nospace
"2014-02-03 06:13:34", "2014-02-03 06:32:44", nospace
"2014-02-03 07:00:49", "2014-02-03 07:10:19", nospace
"2014-02-03 07:12:34", "2014-02-03 07:17:31", nospace
"2014-02-03 07:25:32", "2014-02-03 07:48:14", nospace
"2014-02-03 07:50:28", "2014-02-03 08:22:29", nospace
"2014-02-03 08:23:47", "2014-02-03 08:26:53", nospace
"2014-02-03 08:33:45", "2014-02-03 08:45:41", nospace
"2014-02-03 08:55:57", "2014-02-03 08:57:39", nospace
"2014-02-03 08:59:22", "2014-02-03 09:01:05", nospace
"2014-02-03 09:02:47", "2014-02-03 09:07:57", nospace
"2014-02-03 09:14:53", "2014-02-03 09:19:06", nospace
"2014-02-03 09:19:42", "2014-02-03 09:23:51", nospace
"2014-02-03 09:32:35", "2014-02-03 09:34:51", nospace
"2014-02-03 09:37:06", "2014-02-03 09:38:54", nospace
"2014-02-03 09:48:00", "2014-02-03 09:54:50", nospace
"2014-02-03 09:59:36", "2014-02-03 10:11:13", nospace
"2014-02-03 10:13:28", "2014-02-03 10:15:48", nospace
"2014-02-03 10:23:13", "2014-02-03 10:30:16", nospace
"2014-02-03 10:32:26", "2014-02-03 10:35:59", nospace
"2014-02-03 11:19:04", "2014-02-03 11:22:48", nospace
"2014-02-03 11:26:07", "2014-02-03 11:28:18", nospace
"2014-02-03 11:32:53", "2014-02-03 11:41:01", nospace
"2014-02-03 12:16:29", "2014-02-03 12:27:54", nospace
"2014-02-04 14:53:39", "2014-02-04 15:28:25", nobike
"2014-02-05 10:05:55", "2014-02-05 10:08:08", nobike
"2014-02-05 10:10:27", "2014-02-05 10:15:07", nobike
"2014-02-05 10:22:10", "2014-02-05 11:00:01", nobike
"2014-02-05 11:00:59", "2014-02-05 11:10:03", nobike
"2014-02-05 11:12:20", "2014-02-05 11:40:45", nobike
"2014-02-05 13:44:59", "2014-02-05 13:49:42", nobike
"2014-02-05 13:52:02", "2014-02-05 14:25:53", nobike
"2014-02-05 14:27:45", "2014-02-05 14:35:42", nobike
"2014-02-05 14:37:36", "2014-02-05 14:39:52", nobike
"2014-02-06 05:53:45", "2014-02-06 06:07:46", nospace
"2014-02-06 06:10:05", "2014-02-06 06:29:44", nospace
"2014-02-06 06:52:55", "2014-02-06 07:19:53", nospace
"2014-02-06 07:21:37", "2014-02-06 07:23:22", nospace
"2014-02-06 07:25:07", "2014-02-06 07:26:54", nospace
"2014-02-06 07:35:42", "2014-02-06 07:39:12", nospace
"2014-02-07 14:17:47", "2014-02-07 14:28:23", nobike
"2014-02-10 05:16:48", "2014-02-10 05:21:23", nospace
"2014-02-10 14:12:24", "2014-02-10 14:17:52", nobike
"2014-02-10 14:21:29", "2014-02-10 14:57:44", nobike
"2014-02-15 06:01:52", "2014-02-15 06:03:45", nospace
"2014-02-15 06:20:45", "2014-02-15 06:22:39", nospace
"2014-02-15 07:57:09", "2014-02-15 07:59:03", nospace
"2014-02-15 08:00:58", "2014-02-15 08:06:38", nospace
"2014-02-15 08:08:32", "2014-02-15 08:16:07", nospace
"2014-02-15 08:18:01", "2014-02-15 08:27:25", nospace
"2014-02-15 08:50:10", "2014-02-15 08:53:59", nospace
"2014-02-15 08:57:46", "2014-02-15 09:07:17", nospace
"2014-02-15 09:12:57", "2014-02-15 09:16:46", nospace
"2014-02-15 09:35:49", "2014-02-15 09:39:38", nospace
"2014-02-15 09:41:32", "2014-02-15 09:43:25", nospace
"2014-02-15 10:02:50", "2014-02-15 10:09:08", nospace
"2014-02-15 10:22:23", "2014-02-15 10:24:17", nospace
"2014-02-15 10:29:59", "2014-02-15 10:43:14", nospace
"2014-02-15 14:40:57", "2014-02-15 14:50:23", nobike
"2014-02-16 03:25:17", "2014-02-16 03:29:07", nospace
"2014-02-16 03:31:02", "2014-02-16 03:36:45", nospace
"2014-02-16 03:38:40", "2014-02-16 03:40:32", nospace
"2014-02-16 03:42:26", "2014-02-16 03:48:08", nospace
"2014-02-16 03:59:33", "2014-02-16 04:01:27", nospace
"2014-02-16 04:05:18", "2014-02-16 04:10:28", nospace
"2014-02-16 04:19:03", "2014-02-16 04:21:03", nospace
"2014-02-16 04:23:30", "2014-02-16 04:28:14", nospace
"2014-02-16 04:32:35", "2014-02-16 04:47:30", nospace
"2014-02-16 05:55:57", "2014-02-16 05:58:20", nospace
"2014-02-16 06:04:45", "2014-02-16 06:06:39", nospace
"2014-02-16 06:14:16", "2014-02-16 06:18:06", nospace
"2014-02-16 06:21:53", "2014-02-16 06:34:02", nospace
"2014-02-16 06:38:55", "2014-02-16 07:08:18", nospace
"2014-02-16 07:10:13", "2014-02-16 07:12:07", nospace
"2014-02-16 07:17:51", "2014-02-16 07:19:47", nospace
"2014-02-16 07:25:32", "2014-02-16 07:31:17", nospace
"2014-02-16 07:33:11", "2014-02-16 07:40:50", nospace
"2014-02-16 07:42:45", "2014-02-16 08:13:20", nospace
"2014-02-16 08:17:08", "2014-02-16 08:22:52", nospace
"2014-02-16 08:28:36", "2014-02-16 08:34:18", nospace
"2014-02-16 08:36:03", "2014-02-16 08:37:59", nospace
"2014-02-16 08:39:53", "2014-02-16 09:08:30", nospace
"2014-02-16 09:10:25", "2014-02-16 09:16:39", nospace
"2014-02-16 09:21:29", "2014-02-16 09:23:58", nospace
"2014-02-16 09:57:18", "2014-02-16 10:01:02", nospace
"2014-02-16 10:33:23", "2014-02-16 10:35:16", nospace
"2014-02-17 06:39:32", "2014-02-17 06:51:36", nospace
"2014-02-17 06:53:32", "2014-02-17 06:55:28", nospace
"2014-02-17 07:10:56", "2014-02-17 07:32:07", nospace
"2014-02-17 07:43:38", "2014-02-17 07:58:54", nospace
"2014-02-17 09:22:36", "2014-02-17 09:32:09", nospace
"2014-02-17 09:34:05", "2014-02-17 09:36:00", nospace
"2014-02-17 09:45:36", "2014-02-17 09:47:32", nospace
"2014-02-18 01:27:56", "2014-02-18 01:34:07", nospace
"2014-02-18 01:34:50", "2014-02-18 01:58:09", nospace
"2014-02-18 03:55:06", "2014-02-18 04:01:03", nospace
"2014-02-18 04:03:27", "2014-02-18 04:35:35", nospace
"2014-02-18 04:51:07", "2014-02-18 04:53:04", nospace
"2014-02-18 05:53:06", "2014-02-18 06:38:47", nospace
"2014-02-20 01:05:31", "2014-02-20 01:54:41", nospace
"2014-02-20 02:30:07", "2014-02-20 02:36:01", nospace
"2014-02-20 02:51:43", "2014-02-20 02:57:37", nospace
"2014-02-20 02:59:35", "2014-02-20 03:29:07", nospace
"2014-02-20 03:32:28", "2014-02-20 04:07:50", nospace
"2014-02-20 04:09:48", "2014-02-20 04:16:37", nospace
"2014-02-20 05:50:50", "2014-02-20 05:52:49", nospace
"2014-02-20 05:58:43", "2014-02-20 06:02:40", nospace
"2014-02-20 06:16:26", "2014-02-20 06:20:22", nospace
"2014-02-20 06:40:14", "2014-02-20 07:03:37", nospace
"2014-02-20 07:05:35", "2014-02-20 07:11:29", nospace
"2014-02-20 07:19:22", "2014-02-20 07:29:13", nospace
"2014-02-20 07:31:10", "2014-02-20 07:35:07", nospace
"2014-02-20 07:52:48", "2014-02-20 07:56:45", nospace
"2014-02-20 08:16:27", "2014-02-20 08:18:24", nospace
"2014-02-20 09:34:53", "2014-02-20 09:48:37", nospace
"2014-02-21 01:08:08", "2014-02-21 01:10:08", nospace
"2014-02-21 01:12:05", "2014-02-21 01:16:02", nospace
"2014-02-21 13:54:55", "2014-02-21 14:04:52", nobike
"2014-02-21 14:08:50", "2014-02-21 14:38:37", nobike
"2014-02-22 07:00:33", "2014-02-22 07:28:42", nospace
"2014-02-22 07:30:44", "2014-02-22 07:34:46", nospace
"2014-02-22 07:38:48", "2014-02-22 07:40:48", nospace
"2014-02-22 07:42:49", "2014-02-22 07:46:51", nospace
"2014-02-22 08:16:13", "2014-02-22 08:30:16", nospace
"2014-02-22 08:34:16", "2014-02-22 09:03:55", nospace
"2014-02-22 09:21:54", "2014-02-22 09:33:55", nospace
"2014-02-22 09:35:56", "2014-02-22 09:39:58", nospace
"2014-02-22 09:41:58", "2014-02-22 09:43:56", nospace
"2014-02-22 09:51:48", "2014-02-22 09:53:48", nospace
"2014-02-22 10:09:47", "2014-02-22 10:11:49", nospace
"2014-02-22 14:39:25", "2014-02-22 14:55:27", nobike
"2014-02-23 04:33:45", "2014-02-23 04:35:45", nospace
"2014-02-23 04:41:47", "2014-02-23 04:45:47", nospace
"2014-02-23 05:25:54", "2014-02-23 05:35:56", nospace
"2014-02-23 05:39:55", "2014-02-23 05:45:57", nospace
"2014-02-23 05:51:57", "2014-02-23 06:12:08", nospace
"2014-02-23 06:24:13", "2014-02-23 06:26:17", nospace
"2014-02-23 06:28:18", "2014-02-23 06:34:39", nospace
"2014-02-23 06:51:01", "2014-02-23 06:53:02", nospace
"2014-02-23 07:13:10", "2014-02-23 07:19:10", nospace
"2014-02-23 07:29:17", "2014-02-23 07:35:50", nospace
"2014-02-23 07:42:05", "2014-02-23 07:49:23", nospace
"2014-02-23 07:57:11", "2014-02-23 08:55:43", nospace
"2014-02-23 09:01:49", "2014-02-23 09:09:53", nospace
"2014-02-23 10:06:28", "2014-02-23 10:12:31", nospace
"2014-02-23 10:14:34", "2014-02-23 10:16:34", nospace
"2014-02-23 10:32:41", "2014-02-23 10:34:42", nospace
"2014-02-23 12:55:36", "2014-02-23 13:07:41", nospace
"2014-02-24 00:13:19", "2014-02-24 00:17:22", nospace
"2014-02-24 00:21:26", "2014-02-24 00:33:34", nospace
"2014-02-24 00:35:35", "2014-02-24 01:05:58", nospace
"2014-02-24 01:16:06", "2014-02-24 01:22:12", nospace
"2014-02-24 01:28:18", "2014-02-24 01:38:25", nospace
"2014-02-24 01:40:28", "2014-02-24 01:44:31", nospace
"2014-02-24 01:54:38", "2014-02-24 02:04:48", nospace
"2014-02-24 02:10:53", "2014-02-24 02:29:06", nospace
"2014-02-24 03:15:45", "2014-02-24 03:21:09", nospace
"2014-02-24 04:10:55", "2014-02-24 04:19:02", nospace
"2014-02-24 04:31:13", "2014-02-24 04:37:16", nospace
"2014-02-24 04:39:17", "2014-02-24 04:47:23", nospace
"2014-02-24 04:49:24", "2014-02-24 04:57:32", nospace
"2014-02-24 04:59:33", "2014-02-24 05:03:36", nospace
"2014-02-24 05:11:42", "2014-02-24 05:32:04", nospace
"2014-02-24 05:36:09", "2014-02-24 06:00:01", nospace
"2014-02-24 08:11:35", "2014-02-24 08:29:53", nospace
"2014-02-24 08:31:56", "2014-02-24 08:36:00", nospace
"2014-02-24 08:38:02", "2014-02-24 08:40:03", nospace
"2014-02-24 08:43:57", "2014-02-24 08:46:28", nospace
"2014-02-24 09:24:38", "2014-02-24 09:27:09", nospace
"2014-02-24 09:35:01", "2014-02-24 09:37:35", nospace
"2014-02-24 09:40:06", "2014-02-24 09:45:51", nospace
"2014-02-25 00:31:46", "2014-02-25 01:10:02", nospace
"2014-02-25 01:12:04", "2014-02-25 01:16:09", nospace
"2014-02-25 01:22:17", "2014-02-25 01:32:30", nospace
"2014-02-25 01:36:35", "2014-02-25 01:44:40", nospace
"2014-02-25 01:50:49", "2014-02-25 02:01:03", nospace
"2014-02-25 09:30:40", "2014-02-25 09:38:51", nospace
"2014-02-25 09:40:54", "2014-02-25 09:42:57", nospace
"2014-02-25 09:45:00", "2014-02-25 09:49:06", nospace
"2014-02-25 09:53:14", "2014-02-25 09:55:16", nospace
"2014-02-26 00:56:41", "2014-02-26 01:03:43", nospace
"2014-02-26 01:05:47", "2014-02-26 01:51:08", nospace
"2014-02-26 02:21:52", "2014-02-26 02:36:18", nospace
"2014-02-26 02:38:20", "2014-02-26 02:46:28", nospace
"2014-02-26 02:54:45", "2014-02-26 03:17:28", nospace
"2014-02-26 03:32:18", "2014-02-26 03:39:30", nospace
"2014-02-26 03:42:05", "2014-02-26 04:00:14", nospace
"2014-02-26 04:22:56", "2014-02-26 04:35:22", nospace
"2014-02-26 05:10:26", "2014-02-26 05:45:15", nospace
"2014-02-26 05:51:29", "2014-02-26 05:55:37", nospace
"2014-02-26 06:07:55", "2014-02-26 06:35:55", nospace
"2014-02-26 06:43:57", "2014-02-26 06:57:22", nospace
"2014-02-26 07:21:13", "2014-02-26 07:25:19", nospace
"2014-02-26 07:29:26", "2014-02-26 07:35:38", nospace
"2014-02-26 07:39:45", "2014-02-26 07:40:45", nospace
"2014-02-26 07:44:49", "2014-02-26 07:47:21", nospace
"2014-02-26 08:04:01", "2014-02-26 08:12:32", nospace
"2014-02-26 09:39:42", "2014-02-26 09:40:25", nospace
"2014-02-27 03:58:15", "2014-02-27 04:07:17", nospace
"2014-02-27 04:17:43", "2014-02-27 04:21:55", nospace
"2014-02-27 04:34:24", "2014-02-27 04:44:49", nospace
"2014-02-27 04:46:53", "2014-02-27 04:48:58", nospace
"2014-02-27 04:53:08", "2014-02-27 05:03:36", nospace
"2014-02-27 05:05:41", "2014-02-27 05:07:45", nospace
"2014-02-27 05:16:03", "2014-02-27 05:36:52", nospace
"2014-02-27 05:47:15", "2014-02-27 05:57:40", nospace
"2014-02-27 06:10:10", "2014-02-27 06:24:44", nospace
"2014-02-28 04:13:35", "2014-02-28 04:14:42", nospace
"2014-02-28 04:17:18", "2014-02-28 04:23:11", nospace
"2014-02-28 04:31:15", "2014-02-28 05:30:08", nospace
"2014-02-28 05:34:17", "2014-02-28 06:07:37", nospace
"2014-02-28 06:15:54", "2014-02-28 06:20:05", nospace
"2014-02-28 06:22:10", "2014-02-28 06:38:17", nospace
"2014-02-28 06:43:08", "2014-02-28 07:00:18", nospace
"2014-02-28 07:19:04", "2014-02-28 07:21:10", nospace
"2014-02-28 07:25:18", "2014-02-28 07:48:12", nospace
"2014-02-28 07:50:16", "2014-02-28 07:52:22", nospace
"2014-02-28 08:11:09", "2014-02-28 08:13:14", nospace
"2014-02-28 08:15:20", "2014-02-28 08:21:33", nospace
"2014-02-28 08:38:12", "2014-02-28 08:46:33", nospace
"2014-02-28 08:48:38", "2014-02-28 08:50:43", nospace
"2014-02-28 08:52:48", "2014-02-28 08:54:52", nospace
"2014-02-28 08:56:57", "2014-02-28 08:59:02", nospace
"2014-02-28 09:01:08", "2014-02-28 09:13:36", nospace
"2014-02-28 09:15:39", "2014-02-28 09:30:20", nospace
"2014-02-28 09:33:02", "2014-02-28 09:42:31", nospace
"2014-02-28 09:47:34", "2014-02-28 09:51:21", nospace
"2014-02-28 10:00:04", "2014-02-28 10:15:16", nospace
"2014-02-28 10:47:57", "2014-02-28 10:53:18", nospace
"2014-02-28 10:56:58", "2014-02-28 11:05:26", nospace
"2014-02-28 11:25:27", "2014-02-28 11:26:09", nospace
"2014-02-28 11:27:33", "2014-02-28 11:36:13", nospace
"2014-02-28 11:57:06", "2014-02-28 12:03:18", nospace
"2014-02-28 12:07:28", "2014-02-28 12:09:33", nospace
"2014-02-28 12:24:13", "2014-02-28 12:32:33", nospace
"2014-03-01 02:28:12", "2014-03-01 02:34:29", nospace
"2014-03-01 02:42:51", "2014-03-01 02:49:11", nospace
"2014-03-01 02:51:13", "2014-03-01 02:55:24", nospace
"2014-03-01 03:12:09", "2014-03-01 03:16:20", nospace
"2014-03-01 03:18:26", "2014-03-01 03:54:03", nospace
"2014-03-01 04:12:57", "2014-03-01 04:19:14", nospace
"2014-03-01 04:27:38", "2014-03-01 04:46:25", nospace
"2014-03-01 04:48:31", "2014-03-01 04:52:42", nospace
"2014-03-01 04:54:47", "2014-03-01 05:03:09", nospace
"2014-03-01 05:05:14", "2014-03-01 05:18:45", nospace
"2014-03-01 05:24:17", "2014-03-01 05:56:08", nospace
"2014-03-01 06:02:25", "2014-03-01 06:35:58", nospace
"2014-03-01 06:37:13", "2014-03-01 06:46:27", nospace
"2014-03-01 06:49:07", "2014-03-01 06:58:59", nospace
"2014-03-01 07:03:57", "2014-03-01 07:10:41", nospace
"2014-03-01 07:19:40", "2014-03-01 07:22:08", nospace
"2014-03-01 07:53:00", "2014-03-01 08:16:11", nospace
"2014-03-01 08:19:51", "2014-03-01 08:25:14", nospace
"2014-03-01 08:36:41", "2014-03-01 09:33:13", nospace
"2014-03-01 09:39:31", "2014-03-01 09:43:36", nospace
"2014-03-01 09:47:10", "2014-03-01 09:52:24", nospace
"2014-03-03 10:04:40", "2014-03-03 10:17:38", nobike
"2014-03-03 10:24:08", "2014-03-03 10:27:18", nobike
"2014-03-03 10:28:16", "2014-03-03 10:36:08", nobike
"2014-03-03 11:16:02", "2014-03-03 11:20:11", nobike
"2014-03-05 00:32:27", "2014-03-05 00:43:24", nospace
"2014-03-05 00:46:02", "2014-03-05 01:07:31", nospace
"2014-03-05 01:28:23", "2014-03-05 01:35:16", nospace
"2014-03-05 01:37:33", "2014-03-05 01:42:09", nospace
"2014-03-05 01:44:21", "2014-03-05 01:48:56", nospace
"2014-03-05 01:53:32", "2014-03-05 01:58:09", nospace
"2014-03-05 02:11:55", "2014-03-05 02:44:02", nospace
"2014-03-05 02:46:20", "2014-03-05 03:00:19", nospace
"2014-03-05 03:16:21", "2014-03-05 03:43:53", nospace
"2014-03-05 04:11:27", "2014-03-05 04:38:56", nospace
"2014-03-05 04:43:32", "2014-03-05 05:18:09", nospace
"2014-03-05 05:31:55", "2014-03-05 05:50:15", nospace
"2014-03-05 06:36:13", "2014-03-05 06:52:36", nospace
"2014-03-05 07:47:37", "2014-03-05 07:52:13", nospace
"2014-03-05 09:03:29", "2014-03-05 09:05:48", nospace
"2014-03-05 09:16:25", "2014-03-05 09:20:00", nospace
"2014-03-05 09:22:39", "2014-03-05 09:27:49", nospace
"2014-03-05 09:28:38", "2014-03-05 09:32:12", nospace
"2014-03-05 09:34:50", "2014-03-05 09:43:15", nospace
"2014-03-05 10:06:14", "2014-03-05 10:13:14", nospace
"2014-03-09 05:15:08", "2014-03-09 05:27:03", nospace
"2014-03-09 06:00:42", "2014-03-09 06:03:28", nospace
"2014-03-09 06:07:17", "2014-03-09 06:19:04", nospace
"2014-03-09 09:06:01", "2014-03-09 09:15:25", nospace
"2014-03-09 09:19:14", "2014-03-09 09:26:13", nospace
"2014-03-09 09:37:31", "2014-03-09 09:41:49", nospace
"2014-03-10 00:26:17", "2014-03-10 00:37:03", nospace
"2014-03-10 00:43:37", "2014-03-10 01:00:29", nospace
"2014-03-10 01:09:23", "2014-03-10 01:35:21", nospace
"2014-03-10 01:37:42", "2014-03-10 01:59:00", nospace
"2014-03-10 02:03:44", "2014-03-10 02:08:27", nospace
"2014-03-10 02:22:39", "2014-03-10 02:34:26", nospace
"2014-03-10 02:41:31", "2014-03-10 02:58:04", nospace
"2014-03-10 03:05:09", "2014-03-10 03:14:36", nospace
"2014-03-10 03:42:55", "2014-03-10 03:45:15", nospace
"2014-03-10 03:47:37", "2014-03-10 04:01:50", nospace
"2014-03-10 04:08:55", "2014-03-10 04:16:00", nospace
"2014-03-10 04:44:25", "2014-03-10 04:49:09", nospace
"2014-03-10 04:53:53", "2014-03-10 05:00:59", nospace
"2014-03-10 05:03:21", "2014-03-10 05:08:03", nospace
"2014-03-11 01:11:14", "2014-03-11 01:30:14", nospace
"2014-03-11 10:56:38", "2014-03-11 11:01:25", nobike
"2014-03-11 13:20:16", "2014-03-11 13:25:03", nobike
"2014-03-11 13:27:27", "2014-03-11 13:46:31", nobike
"2014-03-11 13:48:53", "2014-03-11 13:51:17", nobike
"2014-03-11 13:53:39", "2014-03-11 13:56:03", nobike
"2014-03-12 03:23:46", "2014-03-12 03:26:09", nospace
"2014-03-12 04:47:26", "2014-03-12 04:52:14", nospace
"2014-03-12 05:33:05", "2014-03-12 05:38:13", nospace
"2014-03-12 06:36:06", "2014-03-12 06:55:30", nospace
"2014-03-12 07:00:18", "2014-03-12 07:05:05", nospace
"2014-03-12 07:12:16", "2014-03-12 07:21:51", nospace
"2014-03-12 07:24:14", "2014-03-12 07:29:01", nospace
"2014-03-12 07:33:48", "2014-03-12 07:52:58", nospace
"2014-03-12 09:37:57", "2014-03-12 09:45:56", nospace
"2014-03-13 11:55:34", "2014-03-13 11:57:59", nobike
"2014-03-14 04:07:29", "2014-03-14 04:19:34", nospace
"2014-03-14 04:22:00", "2014-03-14 04:24:25", nospace
"2014-03-15 04:42:26", "2014-03-15 04:47:32", nospace
"2014-03-15 04:51:46", "2014-03-15 05:05:51", nospace
"2014-03-15 05:29:01", "2014-03-15 05:43:13", nospace
"2014-03-15 08:15:40", "2014-03-15 08:25:25", nospace
"2014-03-15 08:27:54", "2014-03-15 08:57:09", nospace
"2014-03-15 08:59:35", "2014-03-15 09:02:00", nospace
"2014-03-15 09:09:16", "2014-03-15 09:14:08", nospace
"2014-03-15 09:19:00", "2014-03-15 09:23:51", nospace
"2014-03-15 10:17:15", "2014-03-15 10:24:35", nospace
"2014-03-15 15:54:50", "2014-03-15 15:57:17", nobike
"2014-03-16 04:17:12", "2014-03-16 04:19:41", nospace
"2014-03-16 04:24:32", "2014-03-16 04:29:26", nospace
"2014-03-16 04:31:51", "2014-03-16 04:36:46", nospace
"2014-03-16 04:39:12", "2014-03-16 04:44:03", nospace
"2014-03-16 05:32:58", "2014-03-16 05:35:25", nospace
"2014-03-16 05:37:51", "2014-03-16 05:39:24", nospace
"2014-03-16 05:40:50", "2014-03-16 05:43:25", nospace
"2014-03-16 05:45:51", "2014-03-16 05:50:46", nospace
"2014-03-16 05:53:11", "2014-03-16 06:00:31", nospace
"2014-03-16 06:17:38", "2014-03-16 06:25:12", nospace
"2014-03-16 06:35:34", "2014-03-16 07:09:42", nospace
"2014-03-16 07:10:29", "2014-03-16 07:22:52", nospace
"2014-03-16 07:30:12", "2014-03-16 07:35:05", nospace
"2014-03-16 07:44:52", "2014-03-16 07:54:35", nospace
"2014-03-16 08:04:24", "2014-03-16 08:11:45", nospace
"2014-03-16 08:21:30", "2014-03-16 08:36:07", nospace
"2014-03-16 08:38:34", "2014-03-16 08:43:27", nospace
"2014-03-16 08:53:12", "2014-03-16 08:55:38", nospace
"2014-03-16 09:21:25", "2014-03-16 09:23:52", nospace
"2014-03-16 09:38:57", "2014-03-16 09:42:53", nospace
"2014-03-16 09:45:37", "2014-03-16 09:57:26", nospace
"2014-03-16 10:36:34", "2014-03-16 10:41:27", nospace
"2014-03-17 01:08:04", "2014-03-17 01:10:30", nospace
"2014-03-17 01:17:51", "2014-03-17 01:22:47", nospace
"2014-03-17 01:35:01", "2014-03-17 01:37:29", nospace
"2014-03-17 01:42:23", "2014-03-17 02:06:57", nospace
"2014-03-17 02:21:40", "2014-03-17 02:31:27", nospace
"2014-03-17 02:36:21", "2014-03-17 03:00:53", nospace
"2014-03-17 03:03:21", "2014-03-17 03:18:07", nospace
"2014-03-17 03:34:03", "2014-03-17 03:51:18", nospace
"2014-03-17 03:55:44", "2014-03-17 03:58:11", nospace
"2014-03-17 04:00:39", "2014-03-17 04:32:34", nospace
"2014-03-17 04:39:56", "2014-03-17 04:52:14", nospace
"2014-03-17 05:51:17", "2014-03-17 05:53:44", nospace
"2014-03-17 06:08:31", "2014-03-17 06:15:52", nospace
"2014-03-17 06:18:20", "2014-03-17 06:39:42", nospace
"2014-03-17 06:43:21", "2014-03-17 06:53:44", nospace
"2014-03-17 06:56:11", "2014-03-17 06:58:39", nospace
"2014-03-17 07:01:06", "2014-03-17 07:03:32", nospace
"2014-03-17 07:23:12", "2014-03-17 07:25:40", nospace
"2014-03-18 02:34:27", "2014-03-18 02:49:11", nospace
"2014-03-18 03:26:13", "2014-03-18 03:55:43", nospace
"2014-03-18 04:35:42", "2014-03-18 04:51:49", nospace
"2014-03-18 04:53:58", "2014-03-18 04:58:24", nospace
"2014-03-18 05:13:06", "2014-03-18 05:19:49", nospace
"2014-03-18 06:04:29", "2014-03-18 06:28:42", nospace
"2014-03-18 06:32:13", "2014-03-18 06:50:13", nospace
"2014-03-18 13:37:54", "2014-03-18 13:45:19", nobike
"2014-03-19 02:45:29", "2014-03-19 02:51:03", nospace
"2014-03-19 02:55:39", "2014-03-19 02:58:09", nospace
"2014-03-19 03:00:38", "2014-03-19 03:34:36", nospace
"2014-03-19 03:38:33", "2014-03-19 04:10:55", nospace
"2014-03-19 04:12:38", "2014-03-19 04:44:45", nospace
"2014-03-19 04:56:56", "2014-03-19 05:41:37", nospace
"2014-03-20 07:57:43", "2014-03-20 08:10:12", nospace
"2014-03-21 02:01:34", "2014-03-21 02:06:00", nospace
"2014-03-21 02:27:29", "2014-03-21 03:27:34", nospace
"2014-03-21 03:30:05", "2014-03-21 04:10:06", nospace
"2014-03-21 04:18:48", "2014-03-21 04:31:18", nospace
"2014-03-21 04:42:46", "2014-03-21 04:43:31", nospace
"2014-03-21 04:50:20", "2014-03-21 05:01:55", nospace
"2014-03-21 06:11:04", "2014-03-21 06:49:00", nospace
"2014-03-21 06:51:49", "2014-03-21 07:19:01", nospace
"2014-03-21 07:21:30", "2014-03-21 07:26:32", nospace
"2014-03-21 07:49:07", "2014-03-21 08:04:13", nospace
"2014-03-21 08:34:16", "2014-03-21 08:36:48", nospace
"2014-03-21 08:39:17", "2014-03-21 08:46:49", nospace
"2014-03-22 04:41:25", "2014-03-22 04:43:56", nospace
"2014-03-22 04:53:59", "2014-03-22 05:01:32", nospace
"2014-03-22 05:04:03", "2014-03-22 05:14:07", nospace
"2014-03-22 05:19:07", "2014-03-22 05:44:23", nospace
"2014-03-22 06:10:51", "2014-03-22 06:18:26", nospace
"2014-03-22 06:20:58", "2014-03-22 06:26:04", nospace
"2014-03-22 06:46:27", "2014-03-22 06:48:57", nospace
"2014-03-22 06:51:28", "2014-03-22 07:11:35", nospace
"2014-03-22 07:21:39", "2014-03-22 07:26:41", nospace
"2014-03-22 07:41:45", "2014-03-22 07:44:16", nospace
"2014-03-22 07:46:47", "2014-03-22 07:49:18", nospace
"2014-03-22 07:51:49", "2014-03-22 08:04:26", nospace
"2014-03-22 08:06:56", "2014-03-22 08:14:31", nospace
"2014-03-22 08:17:02", "2014-03-22 08:22:05", nospace
"2014-03-22 08:24:37", "2014-03-22 08:43:37", nospace
"2014-03-22 09:10:54", "2014-03-22 09:13:25", nospace
"2014-03-22 09:15:57", "2014-03-22 09:23:30", nospace
"2014-03-22 09:28:33", "2014-03-22 09:43:43", nospace
"2014-03-22 09:49:31", "2014-03-22 09:54:38", nospace
"2014-03-22 23:03:57", "2014-03-22 23:11:32", nobike
"2014-03-22 23:16:35", "2014-03-22 23:29:13", nobike
"2014-03-22 23:39:23", "2014-03-22 23:41:48", nobike
"2014-03-23 04:00:12", "2014-03-23 04:05:17", nospace
"2014-03-23 05:18:57", "2014-03-23 05:23:13", nospace
"2014-03-23 05:30:27", "2014-03-23 05:36:17", nospace
"2014-03-23 05:57:57", "2014-03-23 06:00:28", nospace
"2014-03-23 06:43:35", "2014-03-23 06:46:06", nospace
"2014-03-23 06:48:55", "2014-03-23 06:59:03", nospace
"2014-03-23 07:16:44", "2014-03-23 07:21:46", nospace
"2014-03-23 07:31:53", "2014-03-23 07:34:26", nospace
"2014-03-23 07:39:30", "2014-03-23 07:42:01", nospace
"2014-03-23 07:49:39", "2014-03-23 07:54:44", nospace
"2014-03-23 08:02:20", "2014-03-23 08:04:51", nospace
"2014-03-23 08:14:59", "2014-03-23 08:22:34", nospace
"2014-03-23 08:25:06", "2014-03-23 08:32:42", nospace
"2014-03-23 08:55:29", "2014-03-23 09:00:34", nospace
"2014-03-23 09:05:36", "2014-03-23 09:36:04", nospace
"2014-03-23 09:59:46", "2014-03-23 10:02:21", nospace
"2014-03-23 10:27:36", "2014-03-23 10:32:39", nospace
"2014-03-24 00:58:40", "2014-03-24 01:13:51", nospace
"2014-03-24 01:16:23", "2014-03-24 01:18:55", nospace
"2014-03-24 01:21:28", "2014-03-24 01:29:06", nospace
"2014-03-24 01:31:38", "2014-03-24 01:34:12", nospace
"2014-03-24 01:39:17", "2014-03-24 01:44:21", nospace
"2014-03-24 01:55:14", "2014-03-24 02:03:57", nospace
"2014-03-24 02:09:37", "2014-03-24 02:33:37", nospace
"2014-03-24 02:38:43", "2014-03-24 02:41:14", nospace
"2014-03-24 02:46:18", "2014-03-24 03:32:02", nospace
"2014-03-24 03:34:35", "2014-03-24 04:12:40", nospace
"2014-03-24 04:17:44", "2014-03-24 04:43:07", nospace
"2014-03-24 05:45:07", "2014-03-24 05:47:40", nospace
"2014-03-24 06:00:22", "2014-03-24 06:10:33", nospace
"2014-03-24 06:13:05", "2014-03-24 06:19:27", nospace
"2014-03-24 06:24:49", "2014-03-24 06:26:21", nospace
"2014-03-24 06:29:11", "2014-03-24 06:34:01", nospace
"2014-03-24 06:47:54", "2014-03-24 06:52:58", nospace
"2014-03-24 08:05:06", "2014-03-24 08:07:39", nospace
"2014-03-24 08:20:23", "2014-03-24 08:33:04", nospace
"2014-03-24 08:40:44", "2014-03-24 08:45:50", nospace
"2014-03-24 09:08:45", "2014-03-24 09:11:18", nospace
"2014-03-24 09:15:36", "2014-03-24 09:17:26", nospace
"2014-03-25 00:39:02", "2014-03-25 00:51:47", nospace
"2014-03-25 00:54:19", "2014-03-25 01:27:27", nospace
"2014-03-25 01:37:41", "2014-03-25 01:42:49", nospace
"2014-03-25 02:00:41", "2014-03-25 02:03:15", nospace
"2014-03-25 02:08:21", "2014-03-25 02:44:09", nospace
"2014-03-25 02:46:41", "2014-03-25 03:10:37", nospace
"2014-03-25 03:23:24", "2014-03-25 03:47:17", nospace
"2014-03-25 03:52:27", "2014-03-25 04:08:47", nospace
"2014-03-25 04:33:25", "2014-03-25 04:35:59", nospace
"2014-03-25 04:38:32", "2014-03-25 04:41:06", nospace
"2014-03-25 04:51:34", "2014-03-25 05:29:52", nospace
"2014-03-25 05:50:16", "2014-03-25 05:57:55", nospace
"2014-03-25 06:08:06", "2014-03-25 06:37:59", nospace
"2014-03-25 07:35:28", "2014-03-25 07:38:01", nospace
"2014-03-25 07:40:33", "2014-03-25 07:48:13", nospace
"2014-03-25 07:55:53", "2014-03-25 08:13:49", nospace
"2014-03-25 08:16:22", "2014-03-25 08:18:55", nospace
"2014-03-25 08:21:29", "2014-03-25 08:34:17", nospace
"2014-03-25 08:57:19", "2014-03-25 08:59:52", nospace
"2014-03-26 00:26:39", "2014-03-26 00:34:19", nospace
"2014-03-26 00:35:56", "2014-03-26 00:37:31", nospace
"2014-03-26 00:38:54", "2014-03-26 00:50:44", nospace
"2014-03-26 03:33:17", "2014-03-26 03:42:55", nospace
"2014-03-26 05:52:03", "2014-03-26 05:54:36", nospace
"2014-03-26 06:22:51", "2014-03-26 06:33:25", nospace
"2014-03-26 07:20:35", "2014-03-26 07:36:00", nospace
"2014-03-26 08:32:28", "2014-03-26 08:45:19", nospace
"2014-03-26 08:47:52", "2014-03-26 09:18:38", nospace
"2014-03-26 09:30:12", "2014-03-26 09:32:13", nospace
"2014-03-26 09:35:07", "2014-03-26 09:37:40", nospace
"2014-03-27 01:43:30", "2014-03-27 03:11:07", nospace
"2014-03-27 03:13:42", "2014-03-27 03:30:31", nospace
"2014-03-27 03:33:24", "2014-03-27 03:38:12", nospace
"2014-03-27 03:53:28", "2014-03-27 04:21:45", nospace
"2014-03-27 04:24:22", "2014-03-27 04:50:06", nospace
"2014-03-27 04:52:40", "2014-03-27 04:57:44", nospace
"2014-03-27 05:00:39", "2014-03-27 05:31:41", nospace
"2014-03-27 05:41:19", "2014-03-27 05:43:54", nospace
"2014-03-27 05:49:05", "2014-03-27 06:14:51", nospace
"2014-03-27 06:17:27", "2014-03-27 06:27:47", nospace
"2014-03-27 06:32:55", "2014-03-27 06:35:29", nospace
"2014-03-27 06:48:21", "2014-03-27 06:50:56", nospace
"2014-03-27 06:56:26", "2014-03-27 07:01:35", nospace
"2014-03-27 08:53:37", "2014-03-27 08:56:12", nospace
"2014-03-27 09:01:20", "2014-03-27 09:14:12", nospace
"2014-03-27 09:24:32", "2014-03-27 09:29:40", nospace
"2014-03-27 09:32:15", "2014-03-27 09:34:49", nospace
"2014-03-27 09:37:23", "2014-03-27 09:39:58", nospace
"2014-03-28 00:42:10", "2014-03-28 00:44:45", nospace
"2014-03-28 00:49:56", "2014-03-28 00:55:05", nospace
"2014-03-28 01:47:01", "2014-03-28 01:55:34", nospace
"2014-03-28 02:05:56", "2014-03-28 02:21:27", nospace
"2014-03-28 02:44:35", "2014-03-28 03:11:53", nospace
"2014-03-28 03:14:28", "2014-03-28 03:30:01", nospace
"2014-03-28 03:58:27", "2014-03-28 04:16:52", nospace
"2014-03-28 04:19:45", "2014-03-28 04:56:27", nospace
"2014-03-28 05:38:30", "2014-03-28 05:43:41", nospace
"2014-03-28 05:54:01", "2014-03-28 05:56:36", nospace
"2014-03-28 05:59:12", "2014-03-28 06:04:21", nospace
"2014-03-28 06:06:57", "2014-03-28 06:22:31", nospace
"2014-03-28 08:12:36", "2014-03-28 08:17:47", nospace
"2014-03-28 08:25:33", "2014-03-28 08:33:22", nospace
"2014-03-28 08:36:00", "2014-03-28 08:48:57", nospace
"2014-03-28 08:59:18", "2014-03-28 09:01:53", nospace
"2014-03-29 02:33:06", "2014-03-29 02:35:41", nospace
"2014-03-29 02:38:17", "2014-03-29 02:43:30", nospace
"2014-03-29 05:28:16", "2014-03-29 05:33:27", nospace
"2014-03-29 05:36:04", "2014-03-29 06:04:43", nospace
"2014-03-29 06:15:08", "2014-03-29 06:35:56", nospace
"2014-03-29 06:38:33", "2014-03-29 06:41:08", nospace
"2014-03-29 06:59:36", "2014-03-29 07:02:12", nospace
"2014-03-29 07:51:36", "2014-03-29 07:53:05", nospace
"2014-03-29 08:05:42", "2014-03-29 08:08:19", nospace
"2014-03-29 08:13:31", "2014-03-29 08:21:21", nospace
"2014-03-29 08:26:33", "2014-03-29 08:36:58", nospace
"2014-03-29 08:38:40", "2014-03-29 08:43:17", nospace
"2014-03-29 08:45:55", "2014-03-29 08:48:32", nospace
"2014-03-29 08:51:08", "2014-03-29 08:58:55", nospace
"2014-03-29 09:04:08", "2014-03-29 09:22:22", nospace
"2014-03-29 09:25:00", "2014-03-29 09:27:35", nospace
"2014-03-29 09:32:48", "2014-03-29 09:35:23", nospace
"2014-03-29 15:35:20", "2014-03-29 15:43:08", nobike
"2014-03-30 04:12:39", "2014-03-30 04:29:24", nospace
"2014-03-30 04:37:28", "2014-03-30 04:47:54", nospace
"2014-03-30 05:01:54", "2014-03-30 05:04:50", nospace
"2014-03-30 05:07:36", "2014-03-30 05:09:59", nospace
"2014-03-30 05:12:34", "2014-03-30 05:30:50", nospace
"2014-03-30 05:56:58", "2014-03-30 06:12:39", nospace
"2014-03-30 06:17:53", "2014-03-30 06:38:41", nospace
"2014-03-30 07:14:22", "2014-03-30 07:17:00", nospace
"2014-03-30 07:27:29", "2014-03-30 07:51:02", nospace
"2014-03-30 07:53:40", "2014-03-30 08:00:53", nospace
"2014-03-30 08:03:10", "2014-03-30 08:15:43", nospace
"2014-03-30 08:18:21", "2014-03-30 08:31:26", nospace
"2014-03-30 08:41:54", "2014-03-30 08:44:32", nospace
"2014-03-30 08:47:09", "2014-03-30 08:49:47", nospace
"2014-03-30 09:00:15", "2014-03-30 09:10:40", nospace
"2014-03-30 09:13:16", "2014-03-30 09:15:54", nospace
"2014-03-30 10:06:50", "2014-03-30 10:09:26", nospace
"2014-03-30 14:29:43", "2014-03-30 14:32:20", nobike
"2014-03-30 14:34:55", "2014-03-30 14:42:46", nobike
"2014-03-31 05:53:13", "2014-03-31 06:27:22", nospace
"2014-03-31 08:24:19", "2014-03-31 08:26:57", nospace
"2014-03-31 09:45:46", "2014-03-31 09:48:24", nospace
"2014-03-31 09:51:00", "2014-03-31 09:53:38", nospace
"2014-04-01 02:45:00", "2014-04-01 02:47:38", nospace
"2014-04-01 03:00:50", "2014-04-01 03:14:00", nospace
"2014-04-01 03:29:51", "2014-04-01 04:06:45", nospace
"2014-04-01 04:09:24", "2014-04-01 04:12:01", nospace
"2014-04-01 04:41:05", "2014-04-01 04:45:58", nospace
"2014-04-01 04:51:40", "2014-04-01 04:54:22", nospace
"2014-04-01 05:16:39", "2014-04-01 05:24:33", nospace
"2014-04-01 05:43:29", "2014-04-01 05:52:43", nospace
"2014-04-01 06:04:01", "2014-04-01 06:08:27", nospace
"2014-04-01 06:11:45", "2014-04-01 06:31:39", nospace
"2014-04-01 06:58:22", "2014-04-01 07:00:59", nospace
"2014-04-02 02:49:39", "2014-04-02 02:52:17", nospace
"2014-04-02 02:54:55", "2014-04-02 03:13:27", nospace
"2014-04-02 03:37:16", "2014-04-02 04:20:23", nospace
"2014-04-02 04:30:08", "2014-04-02 05:07:03", nospace
"2014-04-02 05:31:11", "2014-04-02 05:52:24", nospace
"2014-04-03 05:24:10", "2014-04-03 05:32:08", nospace
"2014-04-03 05:34:47", "2014-04-03 05:40:06", nospace
"2014-04-03 23:20:53", "2014-04-03 23:22:34", nobike
"2014-04-03 23:33:05", "2014-04-03 23:49:05", nobike
"2014-04-04 04:15:29", "2014-04-04 04:23:13", nospace
"2014-04-04 04:23:59", "2014-04-04 04:33:19", nospace
"2014-04-04 04:47:32", "2014-04-04 05:03:33", nospace
"2014-04-04 05:16:57", "2014-04-04 05:30:16", nospace
"2014-04-04 05:32:57", "2014-04-04 06:05:03", nospace
"2014-04-04 06:07:42", "2014-04-04 06:23:45", nospace
"2014-04-04 06:43:34", "2014-04-04 06:45:53", nospace
"2014-04-04 07:00:14", "2014-04-04 07:10:54", nospace
"2014-04-04 07:21:35", "2014-04-04 07:29:36", nospace
"2014-04-04 07:32:16", "2014-04-04 07:50:59", nospace
"2014-04-04 10:12:40", "2014-04-04 10:15:21", nospace
"2014-04-04 11:04:07", "2014-04-04 11:10:11", nospace
"2014-04-04 11:15:32", "2014-04-04 11:23:36", nospace
"2014-04-05 07:44:07", "2014-04-05 07:54:47", nospace
"2014-04-05 07:57:30", "2014-04-05 08:27:02", nospace
"2014-04-05 08:53:50", "2014-04-05 08:59:14", nospace
"2014-04-05 09:01:55", "2014-04-05 09:09:57", nospace
"2014-04-05 09:12:39", "2014-04-05 09:23:25", nospace
"2014-04-05 09:36:48", "2014-04-05 09:39:31", nospace
"2014-04-05 10:19:45", "2014-04-05 10:25:07", nospace
"2014-04-05 10:27:49", "2014-04-05 10:41:17", nospace
"2014-04-05 11:05:24", "2014-04-05 11:10:48", nospace
"2014-04-05 11:16:12", "2014-04-05 11:37:42", nospace
"2014-04-05 12:01:50", "2014-04-05 12:04:31", nospace
"2014-04-05 12:19:49", "2014-04-05 12:22:45", nospace
"2014-04-05 12:38:44", "2014-04-05 12:49:07", nospace
"2014-04-05 15:35:34", "2014-04-05 15:51:42", nobike
"2014-04-06 04:36:08", "2014-04-06 04:38:50", nospace
"2014-04-06 05:31:19", "2014-04-06 05:42:07", nospace
"2014-04-06 06:32:04", "2014-04-06 06:47:18", nospace
"2014-04-06 06:55:25", "2014-04-06 07:00:49", nospace
"2014-04-06 07:11:46", "2014-04-06 07:25:16", nospace
"2014-04-06 07:28:18", "2014-04-06 07:50:39", nospace
"2014-04-06 08:05:31", "2014-04-06 08:10:53", nospace
"2014-04-06 08:40:32", "2014-04-06 08:43:13", nospace
"2014-04-06 08:56:42", "2014-04-06 08:59:23", nospace
"2014-04-06 09:04:48", "2014-04-06 09:12:53", nospace
"2014-04-06 09:23:38", "2014-04-06 09:39:52", nospace
"2014-04-07 17:02:17", "2014-04-07 21:50:26", nospace
"2014-04-08 14:20:58", "2014-04-08 14:23:41", nospace
"2014-04-09 01:35:35", "2014-04-09 01:40:54", nospace
"2014-04-09 01:53:42", "2014-04-09 02:14:16", nospace
"2014-04-09 02:16:59", "2014-04-09 02:27:51", nospace
"2014-04-09 02:33:17", "2014-04-09 03:05:57", nospace
"2014-04-09 03:14:06", "2014-04-09 03:19:35", nospace
"2014-04-09 03:22:18", "2014-04-09 03:27:45", nospace
"2014-04-09 03:33:11", "2014-04-09 03:35:54", nospace
"2014-04-09 03:57:41", "2014-04-09 04:05:51", nospace
"2014-04-09 04:08:34", "2014-04-09 04:19:27", nospace
"2014-04-09 04:22:10", "2014-04-09 04:38:30", nospace
"2014-04-09 08:26:48", "2014-04-09 08:29:33", nospace
"2014-04-09 08:34:59", "2014-04-09 08:37:43", nospace
"2014-04-10 01:12:04", "2014-04-10 01:14:48", nospace
"2014-04-10 01:25:44", "2014-04-10 01:44:52", nospace
"2014-04-10 01:47:36", "2014-04-10 02:06:41", nospace
"2014-04-10 02:09:25", "2014-04-10 02:17:35", nospace
"2014-04-10 03:28:54", "2014-04-10 03:42:35", nospace
"2014-04-10 03:45:19", "2014-04-10 03:58:59", nospace
"2014-04-10 04:01:43", "2014-04-10 05:09:57", nospace
"2014-04-11 01:00:44", "2014-04-11 01:11:39", nospace
"2014-04-11 01:14:24", "2014-04-11 01:18:32", nospace
"2014-04-11 01:20:14", "2014-04-11 01:35:11", nospace
"2014-04-11 01:43:24", "2014-04-11 01:57:06", nospace
"2014-04-11 02:02:36", "2014-04-11 02:19:03", nospace
"2014-04-11 02:32:45", "2014-04-11 02:35:30", nospace
"2014-04-11 03:13:50", "2014-04-11 03:19:19", nospace
"2014-04-11 03:50:39", "2014-04-11 04:12:53", nospace
"2014-04-11 04:26:37", "2014-04-11 04:59:30", nospace
"2014-04-11 05:18:26", "2014-04-11 05:47:43", nospace
"2014-04-11 06:06:54", "2014-04-11 06:15:08", nospace
"2014-04-11 06:37:28", "2014-04-11 06:40:14", nospace
"2014-04-11 07:13:13", "2014-04-11 07:15:58", nospace
"2014-04-11 07:21:27", "2014-04-11 07:26:56", nospace
"2014-04-11 07:29:40", "2014-04-11 07:40:37", nospace
"2014-04-11 07:57:03", "2014-04-11 08:18:58", nospace
"2014-04-11 08:21:44", "2014-04-11 08:24:50", nospace
"2014-04-11 08:27:13", "2014-04-11 08:29:59", nospace
"2014-04-11 08:38:13", "2014-04-11 09:00:09", nospace
"2014-04-11 09:11:07", "2014-04-11 09:16:37", nospace
"2014-04-11 09:40:09", "2014-04-11 09:48:25", nospace
"2014-04-11 09:51:10", "2014-04-11 09:56:39", nospace
"2014-04-12 03:32:00", "2014-04-12 03:43:00", nospace
"2014-04-12 03:45:46", "2014-04-12 03:48:32", nospace
"2014-04-12 03:54:00", "2014-04-12 03:56:46", nospace
"2014-04-12 05:32:00", "2014-04-12 05:37:30", nospace
"2014-04-12 05:54:02", "2014-04-12 05:56:47", nospace
"2014-04-12 06:30:22", "2014-04-12 06:33:28", nospace
"2014-04-12 06:44:52", "2014-04-12 06:49:14", nospace
"2014-04-12 07:26:56", "2014-04-12 07:29:42", nospace
"2014-04-12 07:35:11", "2014-04-12 07:48:57", nospace
"2014-04-12 07:57:12", "2014-04-12 08:08:12", nospace
"2014-04-12 08:35:47", "2014-04-12 08:46:48", nospace
"2014-04-12 08:49:33", "2014-04-12 08:55:02", nospace
"2014-04-12 08:57:48", "2014-04-12 09:00:34", nospace
"2014-04-12 09:11:36", "2014-04-12 09:17:19", nospace
"2014-04-12 09:23:25", "2014-04-12 09:28:00", nospace
"2014-04-12 09:31:09", "2014-04-12 09:34:20", nospace
"2014-04-12 09:36:17", "2014-04-12 09:40:45", nospace
"2014-04-13 02:17:48", "2014-04-13 02:26:06", nospace
"2014-04-13 02:31:36", "2014-04-13 02:54:31", nospace
"2014-04-13 02:58:21", "2014-04-13 03:06:27", nospace
"2014-04-13 03:09:36", "2014-04-13 03:12:47", nospace
"2014-04-13 03:43:37", "2014-04-13 03:46:43", nospace
"2014-04-13 03:49:48", "2014-04-13 04:03:16", nospace
"2014-04-13 04:06:03", "2014-04-13 04:25:20", nospace
"2014-04-13 05:09:34", "2014-04-13 05:20:39", nospace
"2014-04-13 07:23:12", "2014-04-13 07:34:13", nospace
"2014-04-13 07:36:59", "2014-04-13 07:53:30", nospace
"2014-04-13 08:12:55", "2014-04-13 08:18:26", nospace
"2014-04-13 08:35:02", "2014-04-13 08:37:47", nospace
"2014-04-13 08:40:33", "2014-04-13 09:02:42", nospace
"2014-04-13 09:11:01", "2014-04-13 09:13:47", nospace
"2014-04-13 09:16:34", "2014-04-13 09:34:01", nospace
"2014-04-13 09:35:14", "2014-04-13 09:45:53", nospace
"2014-04-13 09:51:24", "2014-04-13 09:59:44", nospace
"2014-04-13 10:10:47", "2014-04-13 10:13:34", nospace
"2014-04-13 10:21:50", "2014-04-13 10:24:36", nospace
"2014-04-14 00:38:39", "2014-04-14 00:44:10", nospace
"2014-04-14 00:46:56", "2014-04-14 00:49:42", nospace
"2014-04-14 00:56:43", "2014-04-14 01:01:47", nospace
"2014-04-14 01:14:28", "2014-04-14 01:21:49", nospace
"2014-04-14 01:35:39", "2014-04-14 01:44:23", nospace
"2014-04-14 02:30:22", "2014-04-14 02:38:40", nospace
"2014-04-14 03:11:55", "2014-04-14 03:17:28", nospace
"2014-04-14 06:11:10", "2014-04-14 06:16:43", nospace
"2014-04-14 06:50:28", "2014-04-14 06:56:01", nospace
"2014-04-15 04:58:30", "2014-04-15 05:04:05", nospace
"2014-04-15 05:12:26", "2014-04-15 05:20:47", nospace
"2014-04-15 05:34:44", "2014-04-15 05:45:53", nospace
"2014-04-15 06:16:05", "2014-04-15 06:18:09", nospace
"2014-04-15 07:31:03", "2014-04-15 07:33:49", nospace
"2014-04-16 01:22:56", "2014-04-16 01:31:17", nospace
"2014-04-16 03:06:18", "2014-04-16 03:45:24", nospace
"2014-04-16 03:51:00", "2014-04-16 04:07:45", nospace
"2014-04-16 04:16:07", "2014-04-16 04:40:14", nospace
"2014-04-16 05:53:01", "2014-04-16 06:01:26", nospace
"2014-04-16 06:07:01", "2014-04-16 06:18:12", nospace
"2014-04-16 06:21:00", "2014-04-16 06:29:27", nospace
"2014-04-16 06:50:12", "2014-04-16 06:56:27", nospace
"2014-04-16 09:17:12", "2014-04-16 09:22:47", nospace
"2014-04-16 09:25:34", "2014-04-16 09:28:52", nospace
"2014-04-16 09:32:00", "2014-04-16 09:36:40", nospace
"2014-04-16 09:41:18", "2014-04-16 09:44:07", nospace
"2014-04-17 00:45:39", "2014-04-17 00:51:17", nospace
"2014-04-17 00:54:05", "2014-04-17 01:19:21", nospace
"2014-04-17 01:22:08", "2014-04-17 01:27:45", nospace
"2014-04-17 01:30:34", "2014-04-17 01:38:57", nospace
"2014-04-17 01:44:34", "2014-04-17 01:58:35", nospace
"2014-04-17 02:07:00", "2014-04-17 02:35:05", nospace
"2014-04-17 02:37:52", "2014-04-17 02:40:41", nospace
"2014-04-17 02:51:55", "2014-04-17 04:04:52", nospace
"2014-04-17 04:10:29", "2014-04-17 04:15:00", nospace
"2014-04-17 04:23:26", "2014-04-17 04:29:07", nospace
"2014-04-17 05:33:43", "2014-04-17 05:51:52", nospace
"2014-04-17 05:55:10", "2014-04-17 06:00:47", nospace
"2014-04-17 06:03:35", "2014-04-17 06:20:24", nospace
"2014-04-17 08:09:14", "2014-04-17 08:15:24", nospace
"2014-04-17 08:35:12", "2014-04-17 08:40:49", nospace
"2014-04-17 08:43:38", "2014-04-17 08:46:27", nospace
"2014-04-17 09:17:20", "2014-04-17 09:25:46", nospace
"2014-04-17 09:28:36", "2014-04-17 09:37:00", nospace
"2014-04-18 02:29:13", "2014-04-18 02:32:03", nospace
"2014-04-18 03:19:09", "2014-04-18 03:41:40", nospace
"2014-04-18 03:52:54", "2014-04-18 04:07:00", nospace
"2014-04-18 06:04:26", "2014-04-18 06:27:04", nospace
"2014-04-18 06:30:14", "2014-04-18 06:58:24", nospace
"2014-04-18 07:32:12", "2014-04-18 07:35:01", nospace
"2014-04-18 07:40:38", "2014-04-18 07:43:28", nospace
"2014-04-18 08:49:25", "2014-04-18 09:00:41", nospace
"2014-04-18 09:03:32", "2014-04-18 09:09:11", nospace
"2014-04-18 09:17:37", "2014-04-18 09:20:26", nospace
"2014-04-18 09:33:31", "2014-04-18 09:41:57", nospace
"2014-04-19 03:38:58", "2014-04-19 03:58:20", nospace
"2014-04-19 04:09:39", "2014-04-19 04:33:30", nospace
"2014-04-19 04:36:39", "2014-04-19 04:49:50", nospace
"2014-04-19 05:19:24", "2014-04-19 06:01:02", nospace
"2014-04-19 06:40:13", "2014-04-19 06:45:52", nospace
"2014-04-19 06:51:30", "2014-04-19 06:54:20", nospace
"2014-04-19 06:57:09", "2014-04-19 06:59:59", nospace
"2014-04-19 07:31:07", "2014-04-19 07:36:46", nospace
"2014-04-19 07:48:08", "2014-04-19 08:08:29", nospace
"2014-04-19 08:13:20", "2014-04-19 08:16:32", nospace
"2014-04-19 08:24:06", "2014-04-19 08:29:45", nospace
"2014-04-19 08:38:16", "2014-04-19 08:44:00", nospace
"2014-04-19 08:46:47", "2014-04-19 08:49:36", nospace
"2014-04-19 09:09:25", "2014-04-19 09:12:15", nospace
"2014-04-19 09:15:05", "2014-04-19 09:23:30", nospace
"2014-04-19 10:10:59", "2014-04-19 10:30:49", nospace
"2014-04-19 10:33:38", "2014-04-19 10:42:08", nospace
"2014-04-19 12:11:36", "2014-04-19 12:17:17", nospace
"2014-04-19 23:00:04", "2014-04-19 23:05:44", nobike
"2014-04-19 23:08:35", "2014-04-19 23:14:16", nobike
"2014-04-19 23:17:05", "2014-04-19 23:31:16", nobike
"2014-04-19 23:36:58", "2014-04-19 23:42:39", nobike
"2014-04-20 02:57:54", "2014-04-20 03:01:07", nospace
"2014-04-20 03:24:48", "2014-04-20 03:30:29", nospace
"2014-04-20 03:41:50", "2014-04-20 04:10:12", nospace
"2014-04-20 04:24:24", "2014-04-20 04:47:07", nospace
"2014-04-20 05:06:58", "2014-04-20 05:09:48", nospace
"2014-04-20 05:12:39", "2014-04-20 05:21:11", nospace
"2014-04-20 05:29:42", "2014-04-20 05:32:32", nospace
"2014-04-20 05:41:06", "2014-04-20 06:09:25", nospace
"2014-04-20 06:12:16", "2014-04-20 06:35:04", nospace
"2014-04-20 06:46:26", "2014-04-20 06:49:18", nospace
"2014-04-20 06:52:30", "2014-04-20 06:58:10", nospace
"2014-04-20 07:01:00", "2014-04-20 07:06:41", nospace
"2014-04-20 07:12:22", "2014-04-20 07:23:45", nospace
"2014-04-20 07:26:35", "2014-04-20 07:29:25", nospace
"2014-04-20 07:40:47", "2014-04-20 07:45:07", nospace
"2014-04-20 07:45:58", "2014-04-20 07:47:37", nospace
"2014-04-20 08:02:32", "2014-04-20 08:08:14", nospace
"2014-04-20 09:57:01", "2014-04-20 09:59:51", nospace
"2014-04-20 10:11:10", "2014-04-20 10:14:00", nospace
"2014-04-21 00:54:39", "2014-04-21 01:28:48", nospace
"2014-04-21 01:31:39", "2014-04-21 01:34:29", nospace
"2014-04-21 01:43:02", "2014-04-21 01:57:15", nospace
"2014-04-21 02:00:07", "2014-04-21 02:20:02", nospace
"2014-04-21 02:25:44", "2014-04-21 03:10:13", nospace
"2014-04-21 03:20:50", "2014-04-21 03:26:19", nospace
"2014-04-21 03:29:10", "2014-04-21 04:06:10", nospace
"2014-04-21 04:20:26", "2014-04-21 04:29:00", nospace
"2014-04-21 04:43:16", "2014-04-21 04:46:07", nospace
"2014-04-22 00:49:49", "2014-04-22 01:22:30", nospace
"2014-04-22 01:24:28", "2014-04-22 01:43:32", nospace
"2014-04-22 01:49:16", "2014-04-22 02:03:32", nospace
"2014-04-22 02:17:50", "2014-04-22 02:23:33", nospace
"2014-04-22 03:32:10", "2014-04-22 03:49:23", nospace
"2014-04-22 04:03:40", "2014-04-22 04:06:35", nospace
"2014-04-22 05:29:29", "2014-04-22 05:42:45", nospace
"2014-04-23 01:12:15", "2014-04-23 01:27:10", nospace
"2014-04-23 03:09:30", "2014-04-23 03:34:22", nospace
"2014-04-23 03:37:13", "2014-04-23 03:45:50", nospace
"2014-04-23 03:54:25", "2014-04-23 03:57:17", nospace
"2014-04-23 06:09:16", "2014-04-23 06:29:25", nospace
"2014-04-24 10:23:25", "2014-04-24 10:26:18", nobike
"2014-04-26 03:14:14", "2014-04-26 03:20:03", nospace
"2014-04-26 03:28:44", "2014-04-26 04:08:29", nospace
"2014-04-26 04:11:23", "2014-04-26 04:14:16", nospace
"2014-04-26 04:20:04", "2014-04-26 04:22:58", nospace
"2014-04-26 04:25:53", "2014-04-26 04:28:46", nospace
"2014-04-26 05:03:32", "2014-04-26 05:14:20", nospace
"2014-04-26 05:23:58", "2014-04-26 05:28:48", nospace
"2014-04-26 05:31:43", "2014-04-26 05:40:27", nospace
"2014-04-26 05:43:21", "2014-04-26 05:46:16", nospace
"2014-04-26 05:49:09", "2014-04-26 05:52:02", nospace
"2014-04-26 06:00:44", "2014-04-26 06:06:31", nospace
"2014-04-26 06:18:07", "2014-04-26 06:21:02", nospace
"2014-04-26 06:47:37", "2014-04-26 06:59:13", nospace
"2014-04-26 07:14:44", "2014-04-26 07:17:57", nospace
"2014-04-26 07:27:59", "2014-04-26 07:33:13", nospace
"2014-04-26 07:36:07", "2014-04-26 07:59:20", nospace
"2014-04-26 11:18:04", "2014-04-26 11:26:46", nospace
"2014-04-26 11:29:41", "2014-04-26 11:32:36", nospace
"2014-04-26 11:35:30", "2014-04-26 11:41:18", nospace
"2014-04-26 11:44:13", "2014-04-26 11:47:07", nospace
"2014-04-26 13:27:58", "2014-04-26 13:39:34", nospace
"2014-04-27 03:18:44", "2014-04-27 03:21:39", nospace
"2014-04-27 03:33:17", "2014-04-27 03:36:12", nospace
"2014-04-27 04:05:15", "2014-04-27 04:11:05", nospace
"2014-04-27 04:16:54", "2014-04-27 04:19:49", nospace
"2014-04-27 04:22:42", "2014-04-27 04:26:54", nospace
"2014-04-27 04:28:43", "2014-04-27 04:42:13", nospace
"2014-04-27 04:45:06", "2014-04-27 04:48:00", nospace
"2014-04-27 04:50:54", "2014-04-27 04:59:38", nospace
"2014-04-27 05:08:21", "2014-04-27 05:11:16", nospace
"2014-04-27 05:14:09", "2014-04-27 05:28:43", nospace
"2014-04-27 05:52:00", "2014-04-27 06:08:44", nospace
"2014-04-27 06:11:35", "2014-04-27 06:26:12", nospace
"2014-04-27 06:32:25", "2014-04-27 06:35:20", nospace
"2014-04-27 06:47:03", "2014-04-27 07:01:38", nospace
"2014-04-27 07:39:07", "2014-04-27 07:56:06", nospace
"2014-04-27 08:13:35", "2014-04-27 08:16:29", nospace
"2014-04-27 08:22:19", "2014-04-27 08:33:59", nospace
"2014-04-27 08:36:55", "2014-04-27 09:03:10", nospace
"2014-04-27 09:09:00", "2014-04-27 09:17:46", nospace
"2014-04-27 09:41:03", "2014-04-27 09:46:53", nospace
"2014-04-27 10:25:45", "2014-04-27 10:32:12", nospace
"2014-04-27 11:02:07", "2014-04-27 11:05:02", nospace
"2014-04-28 00:45:53", "2014-04-28 01:00:29", nospace
"2014-04-28 01:03:24", "2014-04-28 01:09:14", nospace
"2014-04-28 01:15:04", "2014-04-28 01:23:51", nospace
"2014-04-28 01:26:46", "2014-04-28 01:44:17", nospace
"2014-04-28 01:47:13", "2014-04-28 01:49:48", nospace
"2014-04-28 01:52:14", "2014-04-28 02:03:56", nospace
"2014-04-28 02:09:46", "2014-04-28 02:24:23", nospace
"2014-04-28 02:30:19", "2014-04-28 03:19:58", nospace
"2014-04-28 03:22:53", "2014-04-28 03:57:56", nospace
"2014-04-28 04:03:46", "2014-04-28 04:12:33", nospace
"2014-04-28 04:15:26", "2014-04-28 04:21:17", nospace
"2014-04-28 04:24:14", "2014-04-28 04:42:03", nospace
"2014-04-28 04:47:33", "2014-04-28 04:56:19", nospace
"2014-04-28 04:59:13", "2014-04-28 05:05:05", nospace
"2014-04-28 05:13:49", "2014-04-28 05:39:28", nospace
"2014-04-28 09:29:47", "2014-04-28 09:32:42", nospace
"2014-04-28 09:44:21", "2014-04-28 09:50:12", nospace
"2014-04-29 00:57:12", "2014-04-29 01:08:20", nospace
"2014-04-29 01:18:53", "2014-04-29 01:20:09", nospace
"2014-04-29 01:22:45", "2014-04-29 01:34:28", nospace
"2014-04-29 01:37:24", "2014-04-29 01:43:16", nospace
"2014-04-29 02:17:37", "2014-04-29 02:40:17", nospace
"2014-04-29 02:47:43", "2014-04-29 02:54:58", nospace
"2014-04-29 02:57:54", "2014-04-29 03:12:34", nospace
"2014-04-29 03:21:22", "2014-04-29 03:50:43", nospace
"2014-04-29 04:23:00", "2014-04-29 04:25:56", nospace
"2014-04-29 04:31:47", "2014-04-29 04:34:45", nospace
"2014-04-29 04:43:32", "2014-04-29 04:49:24", nospace
"2014-04-29 04:52:20", "2014-04-29 04:55:16", nospace
"2014-04-29 05:09:54", "2014-04-29 05:42:10", nospace
"2014-04-30 01:28:09", "2014-04-30 01:34:02", nospace
"2014-04-30 01:51:40", "2014-04-30 01:54:36", nospace
"2014-04-30 02:00:30", "2014-04-30 02:26:56", nospace
"2014-04-30 02:32:49", "2014-04-30 02:47:29", nospace
"2014-04-30 03:02:11", "2014-04-30 03:22:47", nospace
"2014-04-30 03:25:43", "2014-04-30 03:28:39", nospace
"2014-04-30 03:37:28", "2014-04-30 03:46:18", nospace
"2014-04-30 04:11:58", "2014-04-30 04:14:56", nospace
"2014-04-30 04:17:53", "2014-04-30 04:32:36", nospace
"2014-04-30 04:35:32", "2014-04-30 04:47:51", nospace
"2014-05-02 01:05:56", "2014-05-02 01:44:23", nospace
"2014-05-02 01:47:20", "2014-05-02 02:08:05", nospace
"2014-05-02 02:37:39", "2014-05-02 02:40:35", nospace
"2014-05-02 02:43:32", "2014-05-02 03:17:43", nospace
"2014-05-02 03:20:00", "2014-05-02 03:53:47", nospace
"2014-05-02 04:17:27", "2014-05-02 04:37:24", nospace
"2014-05-02 05:05:24", "2014-05-02 05:07:12", nospace
"2014-05-02 05:15:46", "2014-05-02 05:35:52", nospace
"2014-05-02 05:38:50", "2014-05-02 05:59:32", nospace
"2014-05-02 06:53:19", "2014-05-02 06:56:17", nospace
"2014-05-03 03:23:35", "2014-05-03 03:38:25", nospace
"2014-05-03 03:50:16", "2014-05-03 04:20:02", nospace
"2014-05-03 04:28:56", "2014-05-03 04:31:57", nospace
"2014-05-03 05:51:29", "2014-05-03 05:54:27", nospace
"2014-05-03 06:00:23", "2014-05-03 06:06:20", nospace
"2014-05-03 06:09:19", "2014-05-03 06:15:16", nospace
"2014-05-03 06:27:15", "2014-05-03 06:42:26", nospace
"2014-05-03 06:45:25", "2014-05-03 06:51:23", nospace
"2014-05-03 07:03:14", "2014-05-03 07:12:09", nospace
"2014-05-03 07:15:49", "2014-05-03 07:19:14", nospace
"2014-05-03 08:12:51", "2014-05-03 08:13:54", nospace
"2014-05-03 09:57:30", "2014-05-03 10:03:26", nospace
"2014-05-03 10:09:23", "2014-05-03 10:12:21", nospace
"2014-05-03 10:24:12", "2014-05-03 10:30:09", nospace
"2014-05-04 03:45:30", "2014-05-04 03:48:28", nospace
"2014-05-04 03:51:26", "2014-05-04 03:54:26", nospace
"2014-05-04 04:09:19", "2014-05-04 04:48:01", nospace
"2014-05-04 07:48:57", "2014-05-04 07:54:55", nospace
"2014-05-04 08:42:38", "2014-05-04 08:45:37", nospace
"2014-05-04 09:03:27", "2014-05-04 09:06:27", nospace
"2014-05-04 09:09:27", "2014-05-04 09:18:25", nospace
"2014-05-04 10:47:27", "2014-05-04 11:04:00", nospace
"2014-05-05 13:51:52", "2014-05-05 13:57:51", nobike
"2014-05-08 02:29:09", "2014-05-08 02:44:14", nospace
"2014-05-08 02:47:15", "2014-05-08 03:02:22", nospace
"2014-05-08 03:17:29", "2014-05-08 03:32:35", nospace
"2014-05-08 03:53:42", "2014-05-08 04:05:47", nospace
"2014-05-08 04:56:27", "2014-05-08 05:32:43", nospace
"2014-05-08 05:41:48", "2014-05-08 05:47:49", nospace
