"2013-11-28 12:19:38", "2013-11-28 12:22:59", nobike
"2013-11-29 08:07:57", "2013-11-29 08:10:56", nospace
"2013-11-29 08:28:53", "2013-11-29 08:31:52", nospace
"2013-11-29 08:34:51", "2013-11-29 08:40:51", nospace
"2013-11-29 08:58:49", "2013-11-29 09:07:48", nospace
"2013-11-30 06:16:57", "2013-11-30 06:32:01", nospace
"2013-11-30 06:47:04", "2013-11-30 07:04:51", nospace
"2013-11-30 07:16:56", "2013-11-30 07:22:59", nospace
"2013-11-30 07:32:03", "2013-11-30 07:35:03", nospace
"2013-11-30 07:52:47", "2013-11-30 08:31:52", nospace
"2013-11-30 08:34:53", "2013-11-30 08:47:02", nospace
"2013-11-30 08:50:02", "2013-11-30 09:04:49", nospace
"2013-11-30 09:07:50", "2013-11-30 09:10:52", nospace
"2013-11-30 09:13:53", "2013-11-30 09:29:00", nospace
"2013-11-30 09:41:06", "2013-11-30 09:46:48", nospace
"2013-12-01 03:04:59", "2013-12-01 03:13:49", nospace
"2013-12-01 06:11:07", "2013-12-01 06:13:48", nospace
"2013-12-01 08:26:09", "2013-12-01 08:28:48", nospace
"2013-12-01 08:38:00", "2013-12-01 08:41:03", nospace
"2013-12-01 09:10:52", "2013-12-01 09:13:56", nospace
"2013-12-02 08:56:10", "2013-12-02 08:58:53", nospace
"2013-12-02 09:01:59", "2013-12-02 09:10:54", nospace
"2013-12-03 09:11:05", "2013-12-03 09:20:05", nospace
"2013-12-05 09:23:11", "2013-12-05 09:26:24", nospace
"2013-12-05 09:29:13", "2013-12-05 09:47:20", nospace
"2013-12-05 09:50:09", "2013-12-05 10:02:19", nospace
"2013-12-05 10:05:08", "2013-12-05 10:17:13", nospace
"2013-12-06 08:41:16", "2013-12-06 09:02:18", nospace
"2013-12-06 09:32:26", "2013-12-06 09:47:17", nospace
"2013-12-06 09:50:11", "2013-12-06 09:53:24", nospace
"2013-12-06 09:56:17", "2013-12-06 10:05:21", nospace
"2013-12-06 12:44:23", "2013-12-06 12:47:15", nospace
"2013-12-06 12:50:07", "2013-12-06 12:56:18", nospace
"2013-12-06 12:59:10", "2013-12-06 13:11:06", nospace
"2013-12-06 13:26:21", "2013-12-06 13:35:24", nospace
"2013-12-06 13:38:17", "2013-12-06 13:44:26", nospace
"2013-12-07 06:32:24", "2013-12-07 06:38:14", nospace
"2013-12-07 06:41:10", "2013-12-07 06:56:31", nospace
"2013-12-07 06:59:25", "2013-12-07 07:11:27", nospace
"2013-12-07 07:14:22", "2013-12-07 07:50:19", nospace
"2013-12-08 07:36:03", "2013-12-08 07:38:18", nospace
"2013-12-08 07:41:24", "2013-12-08 07:44:33", nospace
"2013-12-08 07:53:28", "2013-12-08 08:05:31", nospace
"2013-12-08 08:26:12", "2013-12-08 08:44:27", nospace
"2013-12-08 09:08:26", "2013-12-08 09:17:36", nospace
"2013-12-08 11:11:24", "2013-12-08 11:14:30", nobike
"2013-12-08 11:17:15", "2013-12-08 11:20:22", nobike
"2013-12-08 11:23:34", "2013-12-08 11:29:24", nobike
"2013-12-08 11:32:32", "2013-12-08 11:35:36", nobike
"2013-12-08 13:53:15", "2013-12-08 14:35:16", nobike
"2013-12-13 15:21:07", "2013-12-13 15:26:36", nospace
"2013-12-16 03:23:55", "2013-12-16 03:36:04", nospace
"2013-12-16 03:48:00", "2013-12-16 03:56:59", nospace
"2013-12-16 04:38:50", "2013-12-16 04:47:44", nospace
"2013-12-16 07:20:40", "2013-12-16 07:32:54", nospace
"2013-12-16 12:05:59", "2013-12-16 12:27:20", nospace
"2013-12-18 12:48:29", "2013-12-18 13:12:32", nospace
"2013-12-18 13:45:07", "2013-12-18 14:12:19", nospace
"2013-12-19 04:06:05", "2013-12-19 05:21:14", nospace
"2013-12-19 07:12:23", "2013-12-19 07:30:08", nospace
"2013-12-21 09:42:10", "2013-12-21 10:24:37", nospace
"2013-12-22 08:09:17", "2013-12-22 08:18:35", nospace
"2013-12-22 09:03:18", "2013-12-22 09:09:49", nospace
"2013-12-27 07:42:43", "2013-12-27 07:57:20", nospace
"2013-12-27 08:45:25", "2013-12-27 08:51:37", nospace
"2013-12-27 09:04:04", "2013-12-27 09:27:54", nospace
"2013-12-28 05:48:20", "2013-12-28 05:57:48", nospace
"2013-12-28 06:34:22", "2013-12-28 06:48:43", nospace
"2013-12-28 06:51:56", "2013-12-28 07:10:10", nospace
"2013-12-28 07:27:19", "2013-12-28 07:30:33", nospace
"2013-12-28 07:45:34", "2013-12-28 08:10:16", nospace
"2013-12-28 08:42:41", "2013-12-28 08:52:12", nospace
"2013-12-28 08:54:21", "2013-12-28 08:57:33", nospace
"2013-12-28 09:42:34", "2013-12-28 09:52:12", nospace
"2013-12-28 10:00:44", "2013-12-28 10:09:24", nospace
"2013-12-28 10:15:50", "2013-12-28 10:39:21", nospace
"2013-12-28 10:42:33", "2013-12-28 10:52:14", nospace
"2013-12-28 11:04:02", "2013-12-28 11:09:22", nospace
"2013-12-28 11:12:35", "2013-12-28 11:19:02", nospace
"2013-12-28 12:57:26", "2013-12-28 13:33:55", nospace
"2013-12-31 10:34:06", "2013-12-31 10:39:42", nospace
"2013-12-31 10:43:04", "2013-12-31 10:57:38", nospace
"2013-12-31 14:04:05", "2013-12-31 15:43:04", nospace
"2013-12-31 15:57:39", "2013-12-31 16:01:01", nospace
"2013-12-31 16:30:34", "2013-12-31 16:51:55", nospace
"2014-01-01 00:30:45", "2014-01-01 00:48:51", nobike
"2014-01-01 01:48:38", "2014-01-01 01:57:39", nobike
"2014-01-01 02:01:04", "2014-01-01 02:49:34", nobike
"2014-01-01 02:51:49", "2014-01-01 03:07:37", nobike
"2014-01-01 06:33:56", "2014-01-01 06:39:36", nospace
"2014-01-01 06:46:27", "2014-01-01 07:13:24", nospace
"2014-01-01 07:24:58", "2014-01-01 07:28:27", nospace
"2014-01-01 07:30:47", "2014-01-01 07:34:16", nospace
"2014-01-01 07:36:37", "2014-01-01 07:43:32", nospace
"2014-01-01 07:55:13", "2014-01-01 08:06:48", nospace
"2014-01-01 08:10:17", "2014-01-01 08:22:39", nospace
"2014-01-01 08:55:27", "2014-01-01 08:57:44", nospace
"2014-01-01 09:31:15", "2014-01-01 09:40:24", nospace
"2014-01-01 11:07:28", "2014-01-01 11:22:31", nobike
"2014-01-01 11:24:49", "2014-01-01 11:54:48", nobike
"2014-01-02 13:28:13", "2014-01-02 13:37:34", nobike
"2014-01-02 14:21:58", "2014-01-02 14:27:49", nobike
"2014-01-02 14:33:38", "2014-01-02 14:48:40", nobike
"2014-01-03 08:55:09", "2014-01-03 09:04:11", nospace
"2014-01-03 09:07:46", "2014-01-03 09:33:49", nospace
"2014-01-03 10:34:21", "2014-01-03 10:43:50", nospace
"2014-01-03 10:55:42", "2014-01-03 11:07:31", nospace
"2014-01-03 11:09:53", "2014-01-03 11:15:53", nospace
"2014-01-04 09:25:25", "2014-01-04 09:27:51", nospace
"2014-01-05 03:19:37", "2014-01-05 03:25:44", nobike
"2014-01-05 08:28:55", "2014-01-05 08:31:22", nospace
"2014-01-05 09:34:10", "2014-01-05 09:37:48", nospace
"2014-01-06 08:58:17", "2014-01-06 09:07:00", nospace
"2014-01-06 09:10:46", "2014-01-06 09:46:44", nospace
"2014-01-07 09:28:44", "2014-01-07 09:31:16", nospace
"2014-01-07 09:43:51", "2014-01-07 09:46:22", nospace
"2014-01-07 09:59:00", "2014-01-07 10:01:31", nospace
"2014-01-08 10:22:14", "2014-01-08 11:55:50", nospace
"2014-01-08 12:09:57", "2014-01-08 12:25:21", nospace
"2014-01-08 12:43:17", "2014-01-08 12:47:09", nospace
"2014-01-10 08:16:08", "2014-01-10 08:22:47", nospace
"2014-01-10 08:41:21", "2014-01-10 09:31:44", nospace
"2014-01-11 03:22:12", "2014-01-11 03:40:43", nospace
"2014-01-11 04:35:22", "2014-01-11 04:47:15", nospace
"2014-01-11 06:52:39", "2014-01-11 06:55:20", nospace
"2014-01-11 06:59:22", "2014-01-11 07:07:27", nospace
"2014-01-11 07:16:52", "2014-01-11 08:01:10", nospace
"2014-01-11 08:25:24", "2014-01-11 08:44:13", nospace
"2014-01-11 08:46:54", "2014-01-11 08:52:16", nospace
"2014-01-11 09:04:11", "2014-01-11 09:13:54", nospace
"2014-01-11 09:16:35", "2014-01-11 09:19:17", nospace
"2014-01-11 09:28:43", "2014-01-11 09:40:47", nospace
"2014-01-12 09:11:18", "2014-01-12 09:19:27", nospace
"2014-01-13 03:43:20", "2014-01-13 04:41:33", nobike
"2014-01-14 13:28:20", "2014-01-14 14:28:30", nospace
"2014-01-14 14:43:43", "2014-01-14 14:50:41", nospace
"2014-01-14 15:46:38", "2014-01-14 15:53:33", nospace
"2014-01-15 03:40:24", "2014-01-15 03:52:54", nospace
"2014-01-15 03:58:26", "2014-01-15 04:13:59", nospace
"2014-01-15 06:14:33", "2014-01-15 06:17:19", nospace
"2014-01-15 06:28:29", "2014-01-15 06:41:01", nospace
"2014-01-15 08:56:19", "2014-01-15 09:17:27", nospace
"2014-01-16 05:29:36", "2014-01-16 05:40:54", nospace
"2014-01-17 07:11:09", "2014-01-17 07:14:23", nospace
"2014-01-17 09:00:06", "2014-01-17 09:06:18", nospace
"2014-01-19 07:16:42", "2014-01-19 07:19:39", nospace
"2014-01-19 08:50:39", "2014-01-19 08:53:36", nospace
"2014-01-19 09:20:09", "2014-01-19 09:23:07", nospace
"2014-01-19 09:29:01", "2014-01-19 09:32:00", nospace
"2014-01-19 09:58:36", "2014-01-19 10:03:02", nospace
"2014-01-21 12:51:02", "2014-01-21 12:57:00", nobike
"2014-01-22 13:44:08", "2014-01-22 13:54:46", nospace
"2014-01-22 14:43:20", "2014-01-22 14:44:46", nospace
"2014-01-23 03:09:33", "2014-01-23 03:11:03", nospace
"2014-01-23 03:14:07", "2014-01-23 03:21:43", nospace
"2014-01-23 06:55:51", "2014-01-23 07:04:42", nospace
"2014-01-23 07:11:57", "2014-01-23 07:44:12", nospace
"2014-01-23 07:45:45", "2014-01-23 07:53:25", nospace
"2014-01-23 07:54:58", "2014-01-23 07:56:31", nospace
"2014-01-23 08:31:40", "2014-01-23 08:48:35", nospace
"2014-01-23 09:05:31", "2014-01-23 09:13:12", nospace
"2014-01-23 09:17:48", "2014-01-23 09:33:08", nospace
"2014-01-23 09:39:16", "2014-01-23 09:42:22", nospace
"2014-01-24 07:19:12", "2014-01-24 07:25:25", nospace
"2014-01-24 07:36:15", "2014-01-24 07:37:49", nospace
"2014-01-24 07:40:46", "2014-01-24 07:43:52", nospace
"2014-01-24 12:42:33", "2014-01-24 13:01:48", nospace
"2014-01-25 07:13:45", "2014-01-25 07:30:56", nospace
"2014-01-25 07:37:15", "2014-01-25 07:38:48", nospace
"2014-01-25 07:40:23", "2014-01-25 07:45:04", nospace
"2014-01-25 07:46:37", "2014-01-25 08:08:32", nospace
"2014-01-25 08:22:38", "2014-01-25 08:27:18", nospace
"2014-01-25 08:28:53", "2014-01-25 09:08:02", nospace
"2014-01-25 09:09:35", "2014-01-25 09:25:14", nospace
"2014-01-25 12:51:46", "2014-01-25 12:54:52", nospace
"2014-01-25 13:08:58", "2014-01-25 13:13:41", nospace
"2014-01-27 04:41:31", "2014-01-27 05:06:34", nospace
"2014-01-27 06:23:02", "2014-01-27 06:57:23", nospace
"2014-01-27 07:07:27", "2014-01-27 07:15:28", nospace
"2014-01-27 07:31:14", "2014-01-27 07:40:50", nospace
"2014-01-27 08:00:04", "2014-01-27 08:12:35", nospace
"2014-01-27 08:15:55", "2014-01-27 08:27:14", nospace
"2014-01-27 08:28:49", "2014-01-27 08:32:01", nospace
"2014-01-29 08:39:10", "2014-01-29 08:40:47", nospace
"2014-01-29 10:47:41", "2014-01-29 10:55:52", nospace
"2014-01-30 06:44:21", "2014-01-30 06:46:00", nospace
"2014-01-30 08:11:57", "2014-01-30 08:12:37", nospace
"2014-01-31 06:38:55", "2014-01-31 06:42:58", nospace
"2014-01-31 06:43:42", "2014-01-31 07:06:56", nospace
"2014-01-31 07:28:03", "2014-01-31 07:34:54", nospace
"2014-01-31 08:06:16", "2014-01-31 08:07:54", nospace
"2014-01-31 08:12:55", "2014-01-31 08:57:56", nospace
"2014-01-31 09:04:28", "2014-01-31 09:18:02", nospace
"2014-02-01 07:28:50", "2014-02-01 07:31:09", nospace
"2014-02-01 09:31:42", "2014-02-01 09:37:44", nospace
"2014-02-01 09:46:37", "2014-02-01 09:52:59", nospace
"2014-02-01 09:53:37", "2014-02-01 09:57:39", nospace
"2014-02-02 05:37:38", "2014-02-02 05:52:52", nospace
"2014-02-02 05:53:37", "2014-02-02 05:55:51", nospace
"2014-02-02 06:14:09", "2014-02-02 06:32:41", nospace
"2014-02-02 06:34:53", "2014-02-02 06:39:29", nospace
"2014-02-02 06:41:42", "2014-02-02 06:57:32", nospace
"2014-02-02 06:58:48", "2014-02-02 07:21:14", nospace
"2014-02-02 07:32:41", "2014-02-02 07:34:52", nospace
"2014-02-02 07:39:39", "2014-02-02 07:48:50", nospace
"2014-02-02 09:13:02", "2014-02-02 09:15:14", nospace
"2014-02-02 09:16:38", "2014-02-02 09:28:49", nospace
"2014-02-02 09:33:12", "2014-02-02 09:35:38", nospace
"2014-02-02 09:43:54", "2014-02-02 09:49:01", nospace
"2014-02-02 13:50:03", "2014-02-02 14:15:16", nobike
"2014-02-02 14:17:33", "2014-02-02 14:19:49", nobike
"2014-02-03 10:30:16", "2014-02-03 10:32:26", nospace
"2014-02-03 11:50:05", "2014-02-03 11:53:09", nospace
"2014-02-04 07:40:33", "2014-02-04 07:45:00", nospace
"2014-02-04 07:55:50", "2014-02-04 07:57:12", nospace
"2014-02-04 08:43:08", "2014-02-04 08:44:53", nospace
"2014-02-04 08:53:29", "2014-02-04 08:55:11", nospace
"2014-02-04 10:04:03", "2014-02-04 10:08:21", nospace
"2014-02-06 03:45:21", "2014-02-06 03:52:12", nospace
"2014-02-06 03:55:41", "2014-02-06 04:07:53", nospace
"2014-02-06 04:20:06", "2014-02-06 04:32:19", nospace
"2014-02-06 05:16:21", "2014-02-06 05:20:57", nospace
"2014-02-06 06:39:26", "2014-02-06 06:47:40", nospace
"2014-02-06 06:49:24", "2014-02-06 06:51:09", nospace
"2014-02-06 07:19:53", "2014-02-06 07:39:12", nospace
"2014-02-06 07:42:44", "2014-02-06 07:49:47", nospace
"2014-02-06 08:03:36", "2014-02-06 08:05:22", nospace
"2014-02-06 08:07:07", "2014-02-06 08:17:40", nospace
"2014-02-07 03:15:40", "2014-02-07 03:55:16", nospace
"2014-02-07 03:58:58", "2014-02-07 04:09:14", nospace
"2014-02-07 04:11:29", "2014-02-07 04:17:12", nospace
"2014-02-07 05:57:53", "2014-02-07 06:34:14", nospace
"2014-02-07 06:38:05", "2014-02-07 06:40:49", nospace
"2014-02-07 06:48:56", "2014-02-07 06:57:12", nospace
"2014-02-07 07:34:52", "2014-02-07 07:40:00", nospace
"2014-02-07 07:49:00", "2014-02-07 08:05:26", nospace
"2014-02-07 08:07:40", "2014-02-07 08:12:41", nospace
"2014-02-07 08:23:18", "2014-02-07 08:49:56", nospace
"2014-02-07 09:17:31", "2014-02-07 09:57:33", nospace
"2014-02-07 10:17:01", "2014-02-07 10:24:06", nospace
"2014-02-07 12:39:22", "2014-02-07 12:50:01", nospace
"2014-02-07 12:57:07", "2014-02-07 13:38:26", nospace
"2014-02-07 13:47:14", "2014-02-07 13:50:37", nospace
"2014-02-08 08:07:48", "2014-02-08 08:09:42", nospace
"2014-02-08 08:26:19", "2014-02-08 08:49:27", nospace
"2014-02-08 08:51:14", "2014-02-08 09:23:47", nospace
"2014-02-08 09:42:32", "2014-02-08 09:47:06", nospace
"2014-02-08 09:48:23", "2014-02-08 09:56:34", nospace
"2014-02-08 09:59:04", "2014-02-08 10:03:39", nospace
"2014-02-08 10:34:51", "2014-02-08 10:52:11", nospace
"2014-02-08 12:16:58", "2014-02-08 12:29:26", nospace
"2014-02-10 08:24:29", "2014-02-10 08:26:46", nospace
"2014-02-10 08:48:15", "2014-02-10 08:54:41", nospace
"2014-02-10 09:00:08", "2014-02-10 09:03:46", nospace
"2014-02-10 09:12:51", "2014-02-10 09:20:07", nospace
"2014-02-10 09:23:45", "2014-02-10 09:29:01", nospace
"2014-02-10 13:43:20", "2014-02-10 13:57:52", nospace
"2014-02-10 14:32:18", "2014-02-10 14:35:55", nospace
"2014-02-13 09:15:13", "2014-02-13 09:24:34", nospace
"2014-02-13 09:30:12", "2014-02-13 09:45:12", nospace
"2014-02-13 10:28:10", "2014-02-13 10:32:53", nospace
"2014-02-13 10:40:46", "2014-02-13 10:56:00", nospace
"2014-02-13 11:16:15", "2014-02-13 11:25:24", nospace
"2014-02-13 12:53:28", "2014-02-13 12:55:05", nospace
"2014-02-13 13:24:12", "2014-02-13 15:53:04", nospace
"2014-02-14 08:45:27", "2014-02-14 08:49:13", nospace
"2014-02-14 09:17:29", "2014-02-14 09:32:32", nospace
"2014-02-14 09:38:11", "2014-02-14 09:42:54", nospace
"2014-02-14 09:44:47", "2014-02-14 10:09:51", nospace
"2014-02-14 13:06:15", "2014-02-14 13:21:21", nospace
"2014-02-14 13:45:40", "2014-02-14 14:36:26", nospace
"2014-02-14 14:51:30", "2014-02-14 15:21:36", nospace
"2014-02-15 03:53:41", "2014-02-15 04:06:53", nospace
"2014-02-15 04:26:41", "2014-02-15 04:32:22", nospace
"2014-02-15 04:34:15", "2014-02-15 04:36:08", nospace
"2014-02-15 04:41:47", "2014-02-15 05:06:20", nospace
"2014-02-15 06:32:50", "2014-02-15 06:44:47", nospace
"2014-02-15 06:47:50", "2014-02-15 07:25:28", nospace
"2014-02-15 07:27:52", "2014-02-15 07:34:22", nospace
"2014-02-15 08:50:10", "2014-02-15 09:22:29", nospace
"2014-02-15 09:28:12", "2014-02-15 09:33:54", nospace
"2014-02-15 09:50:59", "2014-02-15 09:54:47", nospace
"2014-02-15 11:54:26", "2014-02-15 12:15:17", nospace
"2014-02-15 12:22:52", "2014-02-15 12:34:12", nospace
"2014-02-15 12:36:04", "2014-02-15 12:41:45", nospace
"2014-02-15 14:06:56", "2014-02-15 14:12:37", nospace
"2014-02-16 05:25:22", "2014-02-16 05:38:41", nospace
"2014-02-16 05:40:32", "2014-02-16 05:44:49", nospace
"2014-02-16 05:53:31", "2014-02-16 06:04:45", nospace
"2014-02-16 06:08:33", "2014-02-16 06:10:28", nospace
"2014-02-16 06:16:11", "2014-02-16 06:18:06", nospace
"2014-02-16 06:31:38", "2014-02-16 06:41:29", nospace
"2014-02-16 07:06:23", "2014-02-16 07:15:55", nospace
"2014-02-16 07:17:51", "2014-02-16 07:52:17", nospace
"2014-02-16 07:54:12", "2014-02-16 08:19:03", nospace
"2014-02-16 08:20:58", "2014-02-16 08:39:53", nospace
"2014-02-16 09:06:35", "2014-02-16 09:19:05", nospace
"2014-02-16 10:01:02", "2014-02-16 10:02:51", nospace
"2014-02-16 10:06:40", "2014-02-16 10:10:30", nospace
"2014-02-16 10:33:23", "2014-02-16 10:39:04", nospace
"2014-02-17 08:48:55", "2014-02-17 08:55:22", nospace
"2014-02-17 08:57:44", "2014-02-17 09:00:11", nospace
"2014-02-17 09:08:20", "2014-02-17 09:24:31", nospace
"2014-02-17 11:34:44", "2014-02-17 11:38:34", nospace
"2014-02-17 11:40:30", "2014-02-17 11:50:26", nospace
"2014-02-17 11:51:14", "2014-02-17 12:01:47", nospace
"2014-02-17 12:25:55", "2014-02-17 12:39:27", nospace
"2014-02-17 13:21:56", "2014-02-17 13:48:59", nospace
"2014-02-17 14:25:06", "2014-02-17 14:40:31", nospace
"2014-02-18 04:22:51", "2014-02-18 04:30:13", nospace
"2014-02-20 09:29:03", "2014-02-20 09:32:59", nospace
"2014-02-20 14:46:14", "2014-02-20 14:54:11", nospace
"2014-02-20 15:02:03", "2014-02-20 15:05:59", nospace
"2014-02-20 15:33:36", "2014-02-20 16:50:37", nospace
"2014-02-21 05:18:25", "2014-02-21 05:20:24", nospace
"2014-02-21 05:46:12", "2014-02-21 05:52:09", nospace
"2014-02-21 08:19:01", "2014-02-21 08:22:59", nospace
"2014-02-21 08:42:51", "2014-02-21 08:56:46", nospace
"2014-02-21 08:58:45", "2014-02-21 09:04:43", nospace
"2014-02-21 09:07:12", "2014-02-21 09:37:56", nospace
"2014-02-21 10:05:42", "2014-02-21 10:17:34", nospace
"2014-02-21 10:23:31", "2014-02-21 10:33:27", nospace
"2014-02-21 10:37:24", "2014-02-21 10:39:24", nospace
"2014-02-21 12:13:30", "2014-02-21 12:15:30", nospace
"2014-02-21 12:37:25", "2014-02-21 13:09:13", nospace
"2014-02-21 13:39:00", "2014-02-21 13:42:59", nospace
"2014-02-21 13:52:56", "2014-02-21 14:32:40", nospace
"2014-02-21 14:34:40", "2014-02-21 14:36:39", nospace
"2014-02-21 14:52:31", "2014-02-21 15:52:31", nospace
"2014-02-21 16:06:19", "2014-02-21 16:10:27", nospace
"2014-02-22 03:52:34", "2014-02-22 04:14:33", nospace
"2014-02-22 04:32:29", "2014-02-22 04:35:28", nospace
"2014-02-22 05:34:41", "2014-02-22 05:44:38", nospace
"2014-02-22 07:22:36", "2014-02-22 07:26:42", nospace
"2014-02-22 07:28:42", "2014-02-22 07:34:46", nospace
"2014-02-22 07:36:47", "2014-02-22 07:50:52", nospace
"2014-02-22 08:04:54", "2014-02-22 08:32:16", nospace
"2014-02-22 08:36:17", "2014-02-22 09:37:57", nospace
"2014-02-22 09:39:58", "2014-02-22 09:51:48", nospace
"2014-02-23 03:31:49", "2014-02-23 03:51:48", nospace
"2014-02-23 04:00:21", "2014-02-23 04:05:24", nospace
"2014-02-23 05:13:52", "2014-02-23 05:39:55", nospace
"2014-02-23 06:16:10", "2014-02-23 06:26:17", nospace
"2014-02-23 06:30:20", "2014-02-23 07:24:15", nospace
"2014-02-23 07:26:55", "2014-02-23 08:09:17", nospace
"2014-02-23 08:15:20", "2014-02-23 08:27:26", nospace
"2014-02-23 08:31:28", "2014-02-23 08:35:35", nospace
"2014-02-23 08:37:38", "2014-02-23 08:49:41", nospace
"2014-02-23 08:53:43", "2014-02-23 08:55:43", nospace
"2014-02-23 09:01:49", "2014-02-23 09:11:54", nospace
"2014-02-23 09:13:54", "2014-02-23 09:24:05", nospace
"2014-02-23 09:28:08", "2014-02-23 09:52:25", nospace
"2014-02-23 13:31:53", "2014-02-23 13:35:56", nobike
"2014-02-23 13:39:58", "2014-02-23 13:58:09", nobike
"2014-02-23 14:06:14", "2014-02-23 14:18:19", nobike
"2014-02-23 15:04:46", "2014-02-23 15:16:54", nobike
"2014-02-25 09:53:14", "2014-02-25 09:57:19", nospace
"2014-02-25 10:09:37", "2014-02-25 10:11:41", nospace
"2014-02-25 10:36:22", "2014-02-25 10:38:25", nospace
"2014-02-25 10:40:28", "2014-02-25 10:42:31", nospace
"2014-02-25 12:08:37", "2014-02-25 12:10:40", nospace
"2014-02-25 12:12:43", "2014-02-25 12:16:17", nospace
"2014-02-25 12:27:43", "2014-02-25 12:29:32", nospace
"2014-02-25 12:33:38", "2014-02-25 12:35:42", nospace
"2014-02-25 12:48:00", "2014-02-25 13:26:31", nospace
"2014-02-25 13:28:34", "2014-02-25 13:38:48", nospace
"2014-02-25 14:48:12", "2014-02-25 14:54:22", nospace
"2014-02-25 15:46:42", "2014-02-25 15:56:34", nospace
"2014-02-26 09:30:00", "2014-02-26 09:44:45", nospace
"2014-02-26 14:29:13", "2014-02-26 15:02:55", nospace
"2014-02-27 05:30:38", "2014-02-27 05:43:06", nospace
"2014-02-27 06:26:51", "2014-02-27 06:37:44", nospace
"2014-02-27 07:04:38", "2014-02-27 07:10:46", nospace
"2014-02-27 07:16:58", "2014-02-27 07:39:31", nospace
"2014-02-27 07:44:56", "2014-02-27 07:58:34", nospace
"2014-02-27 08:04:25", "2014-02-27 08:21:23", nospace
"2014-02-27 08:25:31", "2014-02-27 08:29:40", nospace
"2014-02-27 09:27:27", "2014-02-27 09:31:36", nospace
"2014-02-27 09:33:40", "2014-02-27 09:48:07", nospace
"2014-02-27 11:11:46", "2014-02-27 11:23:15", nospace
"2014-02-27 13:02:14", "2014-02-27 13:08:27", nospace
"2014-02-27 13:33:15", "2014-02-27 13:35:19", nospace
"2014-02-27 14:02:13", "2014-02-27 14:04:17", nospace
"2014-02-27 14:29:10", "2014-02-27 14:31:15", nospace
"2014-02-27 16:09:08", "2014-02-27 16:10:33", nospace
"2014-02-27 16:17:32", "2014-02-27 17:25:37", nospace
"2014-02-28 02:30:38", "2014-02-28 03:36:43", nospace
"2014-02-28 05:42:38", "2014-02-28 05:53:02", nospace
"2014-02-28 06:01:21", "2014-02-28 06:17:59", nospace
"2014-02-28 06:30:35", "2014-02-28 06:40:55", nospace
"2014-02-28 06:54:04", "2014-02-28 07:06:32", nospace
"2014-02-28 07:10:42", "2014-02-28 07:16:59", nospace
"2014-02-28 07:37:46", "2014-02-28 07:50:16", nospace
"2014-02-28 07:58:39", "2014-02-28 08:27:48", nospace
"2014-02-28 08:40:17", "2014-02-28 08:48:38", nospace
"2014-02-28 09:07:21", "2014-02-28 09:09:27", nospace
"2014-02-28 09:11:32", "2014-02-28 09:17:44", nospace
"2014-02-28 09:33:02", "2014-02-28 10:13:00", nospace
"2014-02-28 10:15:16", "2014-02-28 10:18:07", nospace
"2014-03-01 07:19:40", "2014-03-01 07:22:08", nospace
"2014-03-01 07:26:06", "2014-03-01 07:35:05", nospace
"2014-03-01 07:37:46", "2014-03-01 07:50:22", nospace
"2014-03-01 08:07:19", "2014-03-01 08:19:51", nospace
"2014-03-01 08:22:33", "2014-03-01 08:27:36", nospace
"2014-03-01 08:28:49", "2014-03-01 08:37:52", nospace
"2014-03-01 08:40:30", "2014-03-01 08:45:46", nospace
"2014-03-01 08:58:14", "2014-03-01 09:07:56", nospace
"2014-03-01 09:12:09", "2014-03-01 09:35:19", nospace
"2014-03-01 10:03:36", "2014-03-01 10:07:12", nospace
"2014-03-01 10:09:19", "2014-03-01 10:11:25", nospace
"2014-03-01 10:17:43", "2014-03-01 10:21:54", nospace
"2014-03-01 13:32:58", "2014-03-01 13:35:05", nospace
"2014-03-01 13:47:42", "2014-03-01 13:49:48", nospace
"2014-03-01 13:51:54", "2014-03-01 14:07:59", nospace
"2014-03-02 09:08:36", "2014-03-02 09:39:49", nospace
"2014-03-03 09:02:14", "2014-03-03 09:18:52", nospace
"2014-03-03 13:10:00", "2014-03-03 13:11:29", nospace
"2014-03-03 13:14:10", "2014-03-03 13:19:08", nospace
"2014-03-07 07:59:53", "2014-03-07 08:05:15", nospace
"2014-03-07 10:27:03", "2014-03-07 10:50:19", nospace
"2014-03-08 08:11:46", "2014-03-08 10:27:20", nospace
"2014-03-09 07:35:42", "2014-03-09 07:46:01", nospace
"2014-03-09 08:02:29", "2014-03-09 08:07:11", nospace
"2014-03-09 08:09:32", "2014-03-09 08:28:23", nospace
"2014-03-09 08:54:16", "2014-03-09 09:10:42", nospace
"2014-03-09 09:32:44", "2014-03-09 09:35:25", nospace
"2014-03-09 10:48:06", "2014-03-09 10:50:46", nospace
"2014-03-10 04:49:09", "2014-03-10 05:36:25", nospace
"2014-03-10 05:41:09", "2014-03-10 06:07:11", nospace
"2014-03-10 09:23:24", "2014-03-10 09:29:42", nospace
"2014-03-10 09:32:20", "2014-03-10 09:36:06", nospace
"2014-03-10 09:41:28", "2014-03-10 09:45:06", nospace
"2014-03-10 09:53:34", "2014-03-10 09:58:16", nospace
"2014-03-10 10:12:34", "2014-03-10 10:16:23", nospace
"2014-03-10 10:30:49", "2014-03-10 10:37:29", nospace
"2014-03-10 14:32:12", "2014-03-10 14:39:19", nospace
"2014-03-11 02:46:18", "2014-03-11 02:55:49", nospace
"2014-03-11 03:00:34", "2014-03-11 03:05:21", nospace
"2014-03-11 03:48:10", "2014-03-11 05:19:06", nospace
"2014-03-11 05:48:08", "2014-03-11 06:07:11", nospace
"2014-03-13 08:01:22", "2014-03-13 08:16:05", nospace
"2014-03-13 09:14:15", "2014-03-13 09:19:04", nospace
"2014-03-13 09:26:20", "2014-03-13 09:31:08", nospace
"2014-03-13 09:38:19", "2014-03-13 09:47:57", nospace
"2014-03-14 07:13:52", "2014-03-14 07:28:20", nospace
"2014-03-14 08:58:25", "2014-03-14 09:03:14", nospace
"2014-03-14 09:17:45", "2014-03-14 09:20:10", nospace
"2014-03-14 10:33:03", "2014-03-14 10:52:23", nospace
"2014-03-14 11:06:52", "2014-03-14 11:11:44", nospace
"2014-03-14 11:33:30", "2014-03-14 11:35:55", nospace
"2014-03-14 11:38:19", "2014-03-14 11:50:23", nospace
"2014-03-14 12:31:27", "2014-03-14 12:33:52", nospace
"2014-03-14 14:33:24", "2014-03-14 14:35:49", nospace
"2014-03-15 02:44:21", "2014-03-15 02:48:46", nospace
"2014-03-15 02:51:34", "2014-03-15 03:07:41", nospace
"2014-03-15 03:09:58", "2014-03-15 03:17:13", nospace
"2014-03-15 03:19:40", "2014-03-15 03:24:32", nospace
"2014-03-15 06:28:14", "2014-03-15 06:40:42", nospace
"2014-03-15 06:47:59", "2014-03-15 06:50:28", nospace
"2014-03-15 07:00:13", "2014-03-15 07:22:14", nospace
"2014-03-15 07:53:48", "2014-03-15 07:58:39", nospace
"2014-03-15 08:13:14", "2014-03-15 08:27:54", nospace
"2014-03-15 08:57:09", "2014-03-15 09:04:27", nospace
"2014-03-15 09:06:52", "2014-03-15 09:09:16", nospace
"2014-03-15 09:14:08", "2014-03-15 09:31:06", nospace
"2014-03-15 09:33:32", "2014-03-15 09:35:58", nospace
"2014-03-15 09:40:46", "2014-03-15 09:50:26", nospace
"2014-03-15 09:52:52", "2014-03-15 10:00:11", nospace
"2014-03-15 10:14:49", "2014-03-15 10:19:42", nospace
"2014-03-15 12:26:23", "2014-03-15 12:38:33", nospace
"2014-03-15 12:40:59", "2014-03-15 12:45:52", nospace
"2014-03-16 07:47:20", "2014-03-16 07:49:43", nospace
"2014-03-16 07:54:35", "2014-03-16 08:06:52", nospace
"2014-03-16 08:09:18", "2014-03-16 08:19:05", nospace
"2014-03-16 08:26:23", "2014-03-16 08:38:34", nospace
"2014-03-16 08:41:00", "2014-03-16 08:48:20", nospace
"2014-03-16 08:53:12", "2014-03-16 09:00:30", nospace
"2014-03-16 09:02:57", "2014-03-16 09:21:25", nospace
"2014-03-16 09:22:18", "2014-03-16 09:26:36", nospace
"2014-03-16 09:29:24", "2014-03-16 09:41:22", nospace
"2014-03-16 09:45:37", "2014-03-16 09:59:54", nospace
"2014-03-16 10:02:20", "2014-03-16 10:07:13", nospace
"2014-03-16 10:12:08", "2014-03-16 10:14:35", nospace
"2014-03-17 08:29:29", "2014-03-17 08:41:32", nospace
"2014-03-17 08:44:51", "2014-03-17 08:47:19", nospace
"2014-03-17 08:52:14", "2014-03-17 08:57:09", nospace
"2014-03-17 09:09:27", "2014-03-17 09:14:24", nospace
"2014-03-17 09:16:53", "2014-03-17 09:41:32", nospace
"2014-03-17 12:22:19", "2014-03-17 12:27:14", nospace
"2014-03-17 23:36:18", "2014-03-17 23:41:13", nospace
"2014-03-18 03:06:28", "2014-03-18 03:13:52", nospace
"2014-03-18 03:50:49", "2014-03-18 03:58:11", nospace
"2014-03-18 05:19:49", "2014-03-18 05:47:41", nospace
"2014-03-18 06:19:21", "2014-03-18 06:25:51", nospace
"2014-03-18 06:51:48", "2014-03-18 07:12:22", nospace
"2014-03-18 08:58:23", "2014-03-18 09:18:11", nospace
"2014-03-18 09:58:31", "2014-03-18 10:05:55", nospace
"2014-03-18 13:13:10", "2014-03-18 13:37:54", nospace
"2014-03-18 13:40:21", "2014-03-18 13:50:17", nospace
"2014-03-18 13:57:43", "2014-03-18 14:05:09", nospace
"2014-03-19 06:49:46", "2014-03-19 06:57:12", nospace
"2014-03-19 06:59:40", "2014-03-19 07:07:56", nospace
"2014-03-19 07:13:30", "2014-03-19 07:20:49", nospace
"2014-03-19 08:18:23", "2014-03-19 08:20:51", nospace
"2014-03-19 09:06:35", "2014-03-19 09:09:04", nospace
"2014-03-19 09:11:32", "2014-03-19 09:23:58", nospace
"2014-03-19 09:43:51", "2014-03-19 09:46:20", nospace
"2014-03-19 09:48:49", "2014-03-19 09:51:19", nospace
"2014-03-19 12:36:25", "2014-03-19 12:41:22", nospace
"2014-03-19 13:03:44", "2014-03-19 13:06:12", nospace
"2014-03-19 13:11:11", "2014-03-19 13:16:09", nospace
"2014-03-19 13:18:38", "2014-03-19 13:48:20", nospace
"2014-03-20 08:52:36", "2014-03-20 08:55:06", nospace
"2014-03-20 09:02:33", "2014-03-20 09:05:03", nospace
"2014-03-20 09:17:31", "2014-03-20 09:25:55", nospace
"2014-03-20 09:28:24", "2014-03-20 09:30:54", nospace
"2014-03-20 09:40:52", "2014-03-20 09:43:21", nospace
"2014-03-20 10:13:13", "2014-03-20 10:15:43", nospace
"2014-03-21 02:14:58", "2014-03-21 02:42:31", nospace
"2014-03-21 03:07:31", "2014-03-21 03:20:05", nospace
"2014-03-21 03:27:34", "2014-03-21 03:32:35", nospace
"2014-03-21 03:37:35", "2014-03-21 03:45:05", nospace
"2014-03-21 08:34:16", "2014-03-21 09:04:20", nospace
"2014-03-21 09:11:53", "2014-03-21 09:19:26", nospace
"2014-03-21 09:36:59", "2014-03-21 09:39:29", nospace
"2014-03-21 10:37:12", "2014-03-21 10:44:39", nospace
"2014-03-21 11:09:44", "2014-03-21 11:17:16", nospace
"2014-03-21 12:15:56", "2014-03-21 12:18:27", nospace
"2014-03-21 12:33:30", "2014-03-21 12:56:07", nospace
"2014-03-21 12:58:37", "2014-03-21 13:06:07", nospace
"2014-03-21 13:08:38", "2014-03-21 13:33:47", nospace
"2014-03-21 13:38:50", "2014-03-21 13:41:21", nospace
"2014-03-21 14:11:30", "2014-03-21 14:14:00", nospace
"2014-03-21 14:21:34", "2014-03-21 14:31:36", nospace
"2014-03-21 14:36:35", "2014-03-21 14:39:06", nospace
"2014-03-21 15:11:47", "2014-03-21 15:14:17", nospace
"2014-03-22 08:53:22", "2014-03-22 09:28:33", nospace
"2014-03-22 09:31:04", "2014-03-22 10:07:14", nospace
"2014-03-22 10:17:19", "2014-03-22 10:32:27", nospace
"2014-03-22 10:45:00", "2014-03-22 10:52:35", nospace
"2014-03-23 07:11:40", "2014-03-23 07:24:18", nospace
"2014-03-23 07:42:01", "2014-03-23 07:44:34", nospace
"2014-03-23 07:49:39", "2014-03-23 08:02:20", nospace
"2014-03-23 08:20:02", "2014-03-23 08:22:34", nospace
"2014-03-23 08:30:11", "2014-03-23 08:37:46", nospace
"2014-03-23 08:47:54", "2014-03-23 08:52:57", nospace
"2014-03-23 09:05:36", "2014-03-23 09:15:46", nospace
"2014-03-23 09:38:35", "2014-03-23 09:43:38", nospace
"2014-03-23 09:49:39", "2014-03-23 10:02:21", nospace
"2014-03-23 10:12:27", "2014-03-23 10:22:33", nospace
"2014-03-23 10:25:04", "2014-03-23 10:32:39", nospace
"2014-03-23 10:42:48", "2014-03-23 10:45:20", nospace
"2014-03-25 03:52:27", "2014-03-25 04:20:38", nospace
"2014-03-25 04:23:12", "2014-03-25 04:30:51", nospace
"2014-03-25 09:25:28", "2014-03-25 09:34:30", nospace
"2014-03-25 10:05:19", "2014-03-25 10:28:20", nospace
"2014-03-25 10:33:26", "2014-03-25 10:36:01", nospace
"2014-03-25 10:38:35", "2014-03-25 10:43:40", nospace
"2014-03-25 11:01:37", "2014-03-25 11:11:52", nospace
"2014-03-25 11:45:06", "2014-03-25 11:47:40", nospace
"2014-03-25 11:57:54", "2014-03-25 12:05:35", nospace
"2014-03-25 12:31:08", "2014-03-25 12:33:41", nospace
"2014-03-25 12:36:16", "2014-03-25 12:41:25", nospace
"2014-03-25 13:05:33", "2014-03-25 13:20:51", nospace
"2014-03-25 13:28:31", "2014-03-25 13:41:18", nospace
"2014-03-25 14:06:54", "2014-03-25 14:09:27", nospace
"2014-03-25 14:24:48", "2014-03-25 14:29:54", nospace
"2014-03-26 03:49:34", "2014-03-26 03:54:08", nospace
"2014-03-26 03:59:15", "2014-03-26 04:09:30", nospace
"2014-03-26 04:45:22", "2014-03-26 04:47:57", nospace
"2014-03-26 04:53:05", "2014-03-26 05:13:35", nospace
"2014-03-26 05:16:09", "2014-03-26 05:31:31", nospace
"2014-03-26 05:36:39", "2014-03-26 05:41:47", nospace
"2014-03-26 05:49:28", "2014-03-26 05:52:03", nospace
"2014-03-26 05:57:10", "2014-03-26 06:04:53", nospace
"2014-03-26 06:12:35", "2014-03-26 06:25:25", nospace
"2014-03-26 06:38:50", "2014-03-26 06:47:57", nospace
"2014-03-26 07:10:21", "2014-03-26 07:12:54", nospace
"2014-03-26 07:25:44", "2014-03-26 07:33:27", nospace
"2014-03-26 07:48:51", "2014-03-26 07:56:34", nospace
"2014-03-26 07:59:08", "2014-03-26 08:04:17", nospace
"2014-03-26 08:37:36", "2014-03-26 08:42:45", nospace
"2014-03-26 10:05:56", "2014-03-26 10:13:41", nospace
"2014-03-27 08:27:54", "2014-03-27 08:30:28", nospace
"2014-03-27 08:45:53", "2014-03-27 09:14:12", nospace
"2014-03-27 09:19:22", "2014-03-27 09:21:57", nospace
"2014-03-27 09:29:40", "2014-03-27 09:34:49", nospace
"2014-03-27 09:37:23", "2014-03-27 09:42:32", nospace
"2014-03-27 09:47:39", "2014-03-27 09:50:13", nospace
"2014-03-27 09:55:23", "2014-03-27 10:08:15", nospace
"2014-03-27 10:13:25", "2014-03-27 10:18:36", nospace
"2014-03-27 12:50:58", "2014-03-27 12:56:45", nospace
"2014-03-27 13:06:55", "2014-03-27 13:19:46", nospace
"2014-03-27 13:33:23", "2014-03-27 13:39:08", nospace
"2014-03-27 13:41:42", "2014-03-27 14:07:28", nospace
"2014-03-27 14:12:37", "2014-03-27 14:41:00", nospace
"2014-03-27 23:47:50", "2014-03-27 23:55:35", nospace
"2014-03-28 00:00:45", "2014-03-28 00:44:45", nospace
"2014-03-28 01:05:26", "2014-03-28 01:43:41", nospace
"2014-03-28 01:55:34", "2014-03-28 02:03:43", nospace
"2014-03-28 02:26:38", "2014-03-28 03:24:49", nospace
"2014-03-28 07:19:46", "2014-03-28 07:37:50", nospace
"2014-03-28 08:00:28", "2014-03-28 08:03:18", nospace
"2014-03-28 08:43:48", "2014-03-28 09:07:03", nospace
"2014-03-28 09:12:13", "2014-03-28 09:14:49", nospace
"2014-03-28 09:22:35", "2014-03-28 09:27:47", nospace
"2014-03-28 09:30:22", "2014-03-28 09:35:33", nospace
"2014-03-28 09:45:54", "2014-03-28 09:56:12", nospace
"2014-03-28 10:24:41", "2014-03-28 10:29:52", nospace
"2014-03-28 10:50:34", "2014-03-28 10:58:22", nospace
"2014-03-28 11:03:33", "2014-03-28 11:16:32", nospace
"2014-03-28 11:21:44", "2014-03-28 11:32:05", nospace
"2014-03-28 11:48:56", "2014-03-28 12:14:41", nospace
"2014-03-28 12:22:29", "2014-03-28 12:30:14", nospace
"2014-03-28 12:38:02", "2014-03-28 12:48:22", nospace
"2014-03-28 13:09:09", "2014-03-28 13:27:18", nospace
"2014-03-28 14:26:53", "2014-03-28 14:52:50", nospace
"2014-03-29 06:54:25", "2014-03-29 07:12:37", nospace
"2014-03-29 07:41:12", "2014-03-29 07:55:20", nospace
"2014-03-29 08:03:07", "2014-03-29 08:16:07", nospace
"2014-03-29 08:23:57", "2014-03-29 08:26:33", nospace
"2014-03-29 08:34:22", "2014-03-29 08:40:54", nospace
"2014-03-29 08:45:55", "2014-03-29 08:48:32", nospace
"2014-03-29 08:53:43", "2014-03-29 09:06:43", nospace
"2014-03-29 09:11:58", "2014-03-29 09:22:22", nospace
"2014-03-29 09:43:11", "2014-03-29 09:48:24", nospace
"2014-03-29 09:53:37", "2014-03-29 10:01:25", nospace
"2014-03-30 07:51:02", "2014-03-30 08:03:10", nospace
"2014-03-30 08:05:01", "2014-03-30 08:13:16", nospace
"2014-03-30 08:14:02", "2014-03-30 08:23:33", nospace
"2014-03-30 08:26:10", "2014-03-30 08:34:04", nospace
"2014-03-30 08:36:41", "2014-03-30 08:49:47", nospace
"2014-03-30 08:57:37", "2014-03-30 09:00:15", nospace
"2014-03-30 09:05:27", "2014-03-30 09:10:40", nospace
"2014-03-30 09:13:16", "2014-03-30 09:25:26", nospace
"2014-03-30 09:32:49", "2014-03-30 09:38:04", nospace
"2014-03-31 09:14:17", "2014-03-31 09:51:00", nospace
"2014-03-31 09:56:15", "2014-03-31 09:58:52", nospace
"2014-03-31 10:11:56", "2014-03-31 10:14:35", nospace
"2014-03-31 10:19:50", "2014-03-31 10:43:30", nospace
"2014-04-01 09:01:15", "2014-04-01 09:27:41", nospace
"2014-04-01 09:48:45", "2014-04-01 10:12:27", nospace
"2014-04-01 10:17:43", "2014-04-01 10:20:22", nospace
"2014-04-01 11:07:51", "2014-04-01 11:21:03", nospace
"2014-04-01 12:30:55", "2014-04-01 12:34:52", nospace
"2014-04-01 13:00:43", "2014-04-01 13:06:26", nospace
"2014-04-01 13:09:03", "2014-04-01 13:24:54", nospace
"2014-04-02 08:59:44", "2014-04-02 09:02:23", nospace
"2014-04-02 09:07:41", "2014-04-02 09:10:20", nospace
"2014-04-02 09:15:37", "2014-04-02 09:39:27", nospace
"2014-04-02 09:44:45", "2014-04-02 09:50:05", nospace
"2014-04-02 10:00:40", "2014-04-02 10:05:59", nospace
"2014-04-02 10:16:31", "2014-04-02 10:21:51", nospace
"2014-04-02 10:27:08", "2014-04-02 10:32:26", nospace
"2014-04-02 10:35:05", "2014-04-02 10:53:52", nospace
"2014-04-02 11:24:10", "2014-04-02 11:29:29", nospace
"2014-04-02 13:01:41", "2014-04-02 13:22:55", nospace
"2014-04-02 13:25:34", "2014-04-02 13:28:13", nospace
"2014-04-02 13:30:53", "2014-04-02 13:49:26", nospace
"2014-04-02 14:07:58", "2014-04-02 14:23:54", nospace
"2014-04-03 04:44:18", "2014-04-03 05:10:52", nospace
"2014-04-03 06:58:54", "2014-04-03 07:01:32", nospace
"2014-04-03 07:09:32", "2014-04-03 07:14:51", nospace
"2014-04-03 07:28:11", "2014-04-03 07:36:09", nospace
"2014-04-03 08:10:46", "2014-04-03 08:34:42", nospace
"2014-04-04 04:03:07", "2014-04-04 04:18:26", nospace
"2014-04-04 05:19:37", "2014-04-04 05:30:16", nospace
"2014-04-04 05:32:57", "2014-04-04 05:38:19", nospace
"2014-04-04 05:57:01", "2014-04-04 06:07:42", nospace
"2014-04-04 06:15:42", "2014-04-04 06:43:34", nospace
"2014-04-04 07:24:15", "2014-04-04 07:59:00", nospace
"2014-04-04 08:04:21", "2014-04-04 08:12:21", nospace
"2014-04-04 08:47:11", "2014-04-04 09:03:10", nospace
"2014-04-04 09:05:48", "2014-04-04 09:13:48", nospace
"2014-04-04 09:19:09", "2014-04-04 09:40:35", nospace
"2014-04-04 11:55:43", "2014-04-04 12:03:44", nospace
"2014-04-04 12:14:24", "2014-04-04 12:17:05", nospace
"2014-04-05 06:54:31", "2014-04-05 07:13:14", nospace
"2014-04-05 07:14:54", "2014-04-05 07:22:36", nospace
"2014-04-05 07:33:23", "2014-04-05 07:46:47", nospace
"2014-04-05 08:21:39", "2014-04-05 08:29:44", nospace
"2014-04-05 08:32:23", "2014-04-05 08:45:49", nospace
"2014-04-05 09:01:55", "2014-04-05 09:26:03", nospace
"2014-04-05 09:44:52", "2014-04-05 10:00:59", nospace
"2014-04-05 11:16:12", "2014-04-05 11:37:42", nospace
"2014-04-06 08:08:12", "2014-04-06 08:16:17", nospace
"2014-04-06 08:18:58", "2014-04-06 08:24:22", nospace
"2014-04-07 16:59:34", "2014-04-07 21:53:09", nospace
"2014-04-08 10:01:52", "2014-04-08 10:04:19", nospace
"2014-04-08 10:08:18", "2014-04-08 10:13:40", nospace
"2014-04-09 10:53:55", "2014-04-09 11:02:05", nospace
"2014-04-09 11:07:32", "2014-04-09 11:10:16", nospace
"2014-04-09 11:29:12", "2014-04-09 11:31:33", nospace
"2014-04-09 11:33:46", "2014-04-09 11:52:40", nospace
"2014-04-09 12:17:08", "2014-04-09 12:30:45", nospace
"2014-04-09 12:49:52", "2014-04-09 13:00:46", nospace
"2014-04-09 14:13:56", "2014-04-09 14:22:05", nospace
"2014-04-09 14:30:18", "2014-04-09 14:52:08", nospace
"2014-04-11 08:38:13", "2014-04-11 08:51:55", nospace
"2014-04-11 09:00:09", "2014-04-11 09:13:53", nospace
"2014-04-11 09:30:41", "2014-04-11 09:33:46", nospace
"2014-04-11 09:36:01", "2014-04-11 09:51:10", nospace
"2014-04-11 09:53:53", "2014-04-11 10:02:09", nospace
"2014-04-11 10:53:09", "2014-04-11 11:06:54", nospace
"2014-04-11 11:15:08", "2014-04-11 11:26:07", nospace
"2014-04-11 11:50:51", "2014-04-11 11:53:36", nospace
"2014-04-11 13:18:01", "2014-04-11 13:23:03", nospace
"2014-04-11 13:38:37", "2014-04-11 13:55:05", nospace
"2014-04-12 06:54:52", "2014-04-12 07:04:51", nospace
"2014-04-12 07:32:26", "2014-04-12 07:40:42", nospace
"2014-04-12 07:51:41", "2014-04-12 07:54:27", nospace
"2014-04-12 07:57:12", "2014-04-12 07:59:57", nospace
"2014-04-12 08:08:12", "2014-04-12 08:19:14", nospace
"2014-04-12 08:22:00", "2014-04-12 08:33:01", nospace
"2014-04-12 08:41:17", "2014-04-12 08:55:02", nospace
"2014-04-12 09:31:09", "2014-04-12 09:34:20", nospace
"2014-04-12 09:36:17", "2014-04-12 09:54:33", nospace
"2014-04-12 09:57:18", "2014-04-12 10:11:16", nospace
"2014-04-12 10:17:29", "2014-04-12 10:20:40", nospace
"2014-04-12 10:35:12", "2014-04-12 10:48:30", nospace
"2014-04-12 11:07:48", "2014-04-12 11:10:32", nospace
"2014-04-12 11:16:03", "2014-04-12 11:18:48", nospace
"2014-04-12 11:49:05", "2014-04-12 11:54:36", nospace
"2014-04-12 12:11:09", "2014-04-12 12:20:46", nospace
"2014-04-12 12:59:15", "2014-04-12 13:08:19", nospace
"2014-04-12 13:23:16", "2014-04-12 13:42:31", nospace
"2014-04-12 15:22:12", "2014-04-12 15:35:59", nospace
"2014-04-13 01:30:49", "2014-04-13 01:36:22", nobike
"2014-04-13 01:39:07", "2014-04-13 02:01:13", nobike
"2014-04-13 02:06:46", "2014-04-13 02:20:34", nobike
"2014-04-13 02:47:16", "2014-04-13 02:54:31", nobike
"2014-04-13 02:56:46", "2014-04-13 03:27:45", nobike
"2014-04-13 03:36:00", "2014-04-13 03:39:07", nobike
"2014-04-13 03:49:48", "2014-04-13 03:52:04", nobike
"2014-04-13 03:53:40", "2014-04-13 03:59:50", nobike
"2014-04-13 04:01:32", "2014-04-13 04:03:16", nobike
"2014-04-13 04:06:03", "2014-04-13 04:19:50", nobike
"2014-04-13 08:23:58", "2014-04-13 08:29:31", nospace
"2014-04-13 08:37:47", "2014-04-13 08:40:33", nospace
"2014-04-13 08:59:56", "2014-04-13 09:22:06", nospace
"2014-04-13 09:30:53", "2014-04-13 09:48:39", nospace
"2014-04-13 10:08:01", "2014-04-13 10:13:34", nospace
"2014-04-14 09:05:04", "2014-04-14 09:13:24", nospace
"2014-04-14 09:16:10", "2014-04-14 09:27:19", nospace
"2014-04-14 09:38:24", "2014-04-14 09:43:57", nospace
"2014-04-14 09:46:44", "2014-04-14 09:49:31", nospace
"2014-04-14 10:17:16", "2014-04-14 10:19:38", nospace
"2014-04-14 13:00:50", "2014-04-14 13:03:35", nospace
"2014-04-14 13:06:22", "2014-04-14 13:28:38", nospace
"2014-04-14 14:46:23", "2014-04-14 15:05:49", nospace
"2014-04-15 04:08:21", "2014-04-15 04:16:43", nospace
"2014-04-15 04:33:25", "2014-04-15 04:36:13", nospace
"2014-04-15 04:41:48", "2014-04-15 04:50:09", nospace
"2014-04-15 05:29:10", "2014-04-15 05:31:56", nospace
"2014-04-15 08:51:54", "2014-04-15 09:03:03", nospace
"2014-04-15 09:08:38", "2014-04-15 09:14:13", nospace
"2014-04-15 09:42:04", "2014-04-15 09:50:27", nospace
"2014-04-15 10:04:21", "2014-04-15 10:14:29", nospace
"2014-04-15 12:54:12", "2014-04-15 13:02:32", nospace
"2014-04-15 13:05:19", "2014-04-15 13:41:35", nospace
"2014-04-15 13:44:20", "2014-04-15 13:59:13", nospace
"2014-04-15 23:01:30", "2014-04-15 23:21:05", nospace
"2014-04-15 23:26:40", "2014-04-15 23:35:02", nospace
"2014-04-16 00:13:06", "2014-04-16 00:18:41", nospace
"2014-04-16 00:21:29", "2014-04-16 00:29:52", nospace
"2014-04-16 00:35:27", "2014-04-16 00:52:11", nospace
"2014-04-16 01:11:45", "2014-04-16 01:45:15", nospace
"2014-04-16 01:59:14", "2014-04-16 02:13:13", nospace
"2014-04-16 02:16:00", "2014-04-16 02:29:59", nospace
"2014-04-16 02:38:21", "2014-04-16 02:55:07", nospace
"2014-04-16 03:23:02", "2014-04-16 04:19:25", nospace
"2014-04-16 04:40:14", "2014-04-16 05:08:15", nospace
"2014-04-16 05:13:51", "2014-04-16 05:16:39", nospace
"2014-04-16 08:46:24", "2014-04-16 08:52:01", nospace
"2014-04-16 08:57:37", "2014-04-16 09:03:13", nospace
"2014-04-16 09:06:02", "2014-04-16 09:35:08", nospace
"2014-04-16 09:38:31", "2014-04-16 10:09:18", nospace
"2014-04-16 10:12:06", "2014-04-16 10:26:08", nospace
"2014-04-16 10:28:56", "2014-04-16 10:34:31", nospace
"2014-04-16 10:51:21", "2014-04-16 11:08:10", nospace
"2014-04-16 12:48:56", "2014-04-16 12:51:44", nospace
"2014-04-16 13:05:44", "2014-04-16 13:11:20", nospace
"2014-04-16 13:14:07", "2014-04-16 13:39:17", nospace
"2014-04-16 13:48:20", "2014-04-16 13:55:09", nospace
"2014-04-17 07:02:16", "2014-04-17 07:38:45", nospace
"2014-04-17 09:08:56", "2014-04-17 09:17:20", nospace
"2014-04-17 09:22:59", "2014-04-17 09:25:46", nospace
"2014-04-17 09:28:36", "2014-04-17 09:37:00", nospace
"2014-04-17 09:39:49", "2014-04-17 09:42:38", nospace
"2014-04-17 10:08:35", "2014-04-17 10:26:51", nospace
"2014-04-17 10:32:28", "2014-04-17 10:35:18", nospace
"2014-04-17 10:49:22", "2014-04-17 10:55:00", nospace
"2014-04-17 11:03:24", "2014-04-17 11:06:11", nospace
"2014-04-17 11:55:47", "2014-04-17 12:07:01", nospace
"2014-04-17 12:09:50", "2014-04-17 12:15:28", nospace
"2014-04-17 12:33:39", "2014-04-17 12:43:41", nospace
"2014-04-17 12:48:29", "2014-04-17 12:56:33", nospace
"2014-04-17 13:01:30", "2014-04-17 13:07:08", nospace
"2014-04-17 13:09:57", "2014-04-17 13:29:40", nospace
"2014-04-18 00:14:58", "2014-04-18 00:24:26", nospace
"2014-04-18 03:13:01", "2014-04-18 03:58:32", nospace
"2014-04-18 08:52:13", "2014-04-18 08:55:03", nospace
"2014-04-18 09:09:11", "2014-04-18 09:33:31", nospace
"2014-04-18 10:41:08", "2014-04-18 10:52:24", nospace
"2014-04-18 11:40:23", "2014-04-18 11:43:13", nospace
"2014-04-18 12:32:39", "2014-04-18 12:45:13", nospace
"2014-04-18 13:04:59", "2014-04-18 13:13:26", nospace
"2014-04-18 13:24:41", "2014-04-18 13:47:15", nospace
"2014-04-18 13:50:04", "2014-04-18 14:01:23", nospace
"2014-04-18 14:09:52", "2014-04-18 14:24:00", nospace
"2014-04-18 14:26:50", "2014-04-18 14:29:39", nospace
"2014-04-19 06:20:00", "2014-04-19 06:37:24", nospace
"2014-04-19 06:40:13", "2014-04-19 06:45:52", nospace
"2014-04-19 07:33:57", "2014-04-19 07:48:08", nospace
"2014-04-19 07:50:59", "2014-04-19 08:18:39", nospace
"2014-04-19 08:32:35", "2014-04-19 08:41:06", nospace
"2014-04-19 08:44:00", "2014-04-19 09:00:54", nospace
"2014-04-19 10:05:21", "2014-04-19 10:13:49", nospace
"2014-04-19 10:25:10", "2014-04-19 10:36:28", nospace
"2014-04-19 10:39:18", "2014-04-19 10:44:57", nospace
"2014-04-19 13:22:34", "2014-04-19 13:33:55", nospace
"2014-04-19 13:42:24", "2014-04-19 13:50:53", nospace
"2014-04-19 13:59:23", "2014-04-19 14:02:13", nospace
"2014-04-20 09:19:03", "2014-04-20 09:34:17", nospace
"2014-04-20 09:45:37", "2014-04-20 09:48:28", nospace
"2014-04-21 13:18:28", "2014-04-21 13:35:44", nospace
"2014-04-22 03:17:50", "2014-04-22 03:23:33", nospace
"2014-04-23 09:03:59", "2014-04-23 09:12:36", nospace
"2014-04-23 09:21:14", "2014-04-23 09:24:06", nospace
"2014-04-23 09:41:21", "2014-04-23 09:49:59", nospace
"2014-04-23 10:14:53", "2014-04-23 10:26:22", nospace
"2014-04-23 12:29:26", "2014-04-23 12:53:38", nospace
"2014-04-23 12:54:30", "2014-04-23 13:05:00", nospace
"2014-04-23 13:20:10", "2014-04-23 13:23:02", nospace
"2014-04-23 13:55:40", "2014-04-23 13:58:45", nospace
"2014-04-24 09:48:51", "2014-04-24 10:37:50", nospace
"2014-04-24 11:48:55", "2014-04-24 12:00:27", nospace
"2014-04-24 12:14:52", "2014-04-24 12:17:46", nospace
"2014-04-24 12:29:14", "2014-04-24 12:45:45", nospace
"2014-04-24 12:47:25", "2014-04-24 13:05:51", nospace
"2014-04-24 14:02:26", "2014-04-24 14:22:55", nospace
"2014-04-25 08:15:40", "2014-04-25 08:24:20", nospace
"2014-04-25 08:25:27", "2014-04-25 08:33:59", nospace
"2014-04-25 08:35:53", "2014-04-25 08:39:06", nospace
"2014-04-25 09:55:24", "2014-04-25 10:04:04", nospace
"2014-04-25 10:06:58", "2014-04-25 10:15:40", nospace
"2014-04-25 10:33:02", "2014-04-25 10:35:54", nospace
"2014-04-25 10:38:49", "2014-04-25 10:41:41", nospace
"2014-04-25 10:53:16", "2014-04-25 10:56:10", nospace
"2014-04-25 13:20:53", "2014-04-25 13:32:27", nospace
"2014-04-25 14:20:47", "2014-04-25 14:35:15", nospace
"2014-04-25 14:41:01", "2014-04-25 14:52:36", nospace
"2014-04-27 07:37:15", "2014-04-27 07:39:07", nospace
"2014-04-27 07:56:06", "2014-04-27 07:59:02", nospace
"2014-04-27 08:39:49", "2014-04-27 08:42:44", nospace
"2014-04-27 08:57:21", "2014-04-27 09:00:15", nospace
"2014-04-27 10:01:28", "2014-04-27 10:04:23", nospace
"2014-04-28 12:41:58", "2014-04-28 12:56:35", nospace
"2014-04-29 09:36:27", "2014-04-29 09:42:19", nospace
"2014-04-29 09:45:15", "2014-04-29 09:48:11", nospace
"2014-05-02 10:52:41", "2014-05-02 11:01:36", nospace
"2014-05-02 11:04:35", "2014-05-02 11:13:35", nospace
"2014-05-03 07:53:04", "2014-05-03 07:59:00", nospace
"2014-05-03 08:01:58", "2014-05-03 08:12:51", nospace
"2014-05-03 08:13:54", "2014-05-03 08:25:14", nospace
"2014-05-03 08:31:10", "2014-05-03 08:43:05", nospace
"2014-05-03 10:45:00", "2014-05-03 10:47:58", nospace
"2014-05-04 08:36:39", "2014-05-04 08:39:39", nospace
"2014-05-04 08:45:37", "2014-05-04 08:51:34", nospace
"2014-05-04 08:54:32", "2014-05-04 09:00:28", nospace
"2014-05-05 09:20:53", "2014-05-05 09:47:48", nospace
"2014-05-05 10:35:38", "2014-05-05 10:38:37", nospace
"2014-05-08 10:09:13", "2014-05-08 10:21:16", nospace
"2014-05-08 10:27:17", "2014-05-08 10:30:19", nospace
"2014-05-08 12:36:46", "2014-05-08 12:38:37", nospace
"2014-05-08 12:46:29", "2014-05-08 13:01:49", nospace
"2014-05-08 13:05:12", "2014-05-08 13:07:25", nospace
"2014-05-08 13:19:26", "2014-05-08 13:37:30", nospace
"2014-05-08 13:49:35", "2014-05-08 13:58:38", nospace
"2014-05-08 14:07:42", "2014-05-08 14:22:48", nospace
