"2013-11-28 14:28:44", "2013-11-28 14:34:40", nobike
"2013-11-28 14:37:39", "2013-11-28 14:58:46", nobike
"2013-11-29 00:34:57", "2013-11-29 00:37:56", nospace
"2013-11-29 00:46:54", "2013-11-29 00:52:52", nospace
"2013-11-29 00:55:51", "2013-11-29 00:58:51", nospace
"2013-11-29 01:49:47", "2013-11-29 01:58:46", nospace
"2013-11-29 02:58:56", "2013-11-29 03:04:55", nobike
"2013-11-29 03:40:49", "2013-11-29 03:43:48", nobike
"2013-11-29 04:25:54", "2013-11-29 04:28:53", nobike
"2013-11-29 10:40:48", "2013-11-29 10:43:49", nobike
"2013-11-29 10:46:48", "2013-11-29 10:58:46", nobike
"2013-11-30 04:04:47", "2013-11-30 04:07:51", nospace
"2013-11-30 04:46:45", "2013-11-30 04:49:45", nospace
"2013-11-30 04:58:48", "2013-11-30 05:07:50", nospace
"2013-11-30 05:10:51", "2013-11-30 05:13:52", nospace
"2013-11-30 06:44:03", "2013-11-30 06:47:04", nospace
"2013-11-30 08:10:45", "2013-11-30 08:13:46", nospace
"2013-11-30 08:16:47", "2013-11-30 08:25:50", nospace
"2013-11-30 08:56:05", "2013-11-30 09:07:50", nospace
"2013-11-30 09:19:55", "2013-11-30 09:32:01", nospace
"2013-11-30 09:35:03", "2013-11-30 09:38:04", nospace
"2013-11-30 09:58:54", "2013-11-30 10:14:00", nospace
"2013-11-30 10:58:54", "2013-11-30 11:01:56", nospace
"2013-12-01 02:29:04", "2013-12-01 02:32:08", nospace
"2013-12-01 02:55:49", "2013-12-01 03:04:59", nospace
"2013-12-01 03:08:03", "2013-12-01 03:29:06", nospace
"2013-12-01 05:50:03", "2013-12-01 06:08:04", nospace
"2013-12-01 06:34:49", "2013-12-01 06:49:57", nospace
"2013-12-01 06:53:00", "2013-12-01 06:59:09", nospace
"2013-12-01 07:01:50", "2013-12-01 07:16:47", nospace
"2013-12-01 07:22:54", "2013-12-01 07:32:04", nospace
"2013-12-01 07:35:08", "2013-12-01 07:50:01", nospace
"2013-12-01 07:53:04", "2013-12-01 08:05:08", nospace
"2013-12-01 08:20:03", "2013-12-01 08:26:09", nospace
"2013-12-02 07:56:11", "2013-12-02 08:17:06", nospace
"2013-12-02 08:22:54", "2013-12-02 08:29:07", nospace
"2013-12-02 08:32:12", "2013-12-02 08:46:54", nospace
"2013-12-02 08:49:59", "2013-12-02 08:56:10", nospace
"2013-12-02 23:34:53", "2013-12-02 23:59:01", nospace
"2013-12-03 00:02:07", "2013-12-03 00:05:14", nospace
"2013-12-03 00:11:03", "2013-12-03 00:20:02", nospace
"2013-12-03 00:47:08", "2013-12-03 01:05:01", nospace
"2013-12-03 07:11:11", "2013-12-03 07:32:16", nospace
"2013-12-03 12:46:56", "2013-12-03 12:50:03", nospace
"2013-12-04 07:17:04", "2013-12-04 07:20:13", nospace
"2013-12-04 07:23:18", "2013-12-04 07:56:03", nospace
"2013-12-04 08:05:04", "2013-12-04 08:17:16", nospace
"2013-12-04 08:23:11", "2013-12-04 08:38:09", nospace
"2013-12-04 08:41:18", "2013-12-04 08:44:04", nospace
"2013-12-04 09:08:10", "2013-12-04 09:20:04", nospace
"2013-12-05 14:32:21", "2013-12-05 14:41:11", nobike
"2013-12-05 14:44:24", "2013-12-05 14:53:14", nobike
"2013-12-07 08:41:13", "2013-12-07 08:44:09", nospace
"2013-12-07 09:05:19", "2013-12-07 09:08:12", nospace
"2013-12-07 09:17:19", "2013-12-07 09:32:26", nospace
"2013-12-07 09:59:08", "2013-12-07 10:02:29", nospace
"2013-12-07 10:08:20", "2013-12-07 10:26:14", nospace
"2013-12-07 12:02:22", "2013-12-07 12:14:28", nospace
"2013-12-08 01:05:12", "2013-12-08 01:17:12", nospace
"2013-12-08 01:23:23", "2013-12-08 01:26:26", nospace
"2013-12-08 01:41:21", "2013-12-08 01:47:26", nospace
"2013-12-08 02:02:21", "2013-12-08 02:11:29", nospace
"2013-12-08 02:14:09", "2013-12-08 02:26:30", nospace
"2013-12-08 02:29:10", "2013-12-08 02:35:16", nospace
"2013-12-08 02:41:28", "2013-12-08 03:23:11", nospace
"2013-12-08 03:26:17", "2013-12-08 03:35:35", nospace
"2013-12-08 04:50:35", "2013-12-08 04:53:15", nospace
"2013-12-08 05:29:28", "2013-12-08 05:44:18", nospace
"2013-12-08 06:02:24", "2013-12-08 06:08:36", nospace
"2013-12-08 06:11:19", "2013-12-08 07:36:03", nospace
"2013-12-08 07:44:33", "2013-12-08 07:56:12", nospace
"2013-12-08 08:08:17", "2013-12-08 08:11:30", nospace
"2013-12-08 08:20:19", "2013-12-08 08:50:29", nospace
"2013-12-08 08:53:13", "2013-12-08 08:59:17", nospace
"2013-12-08 09:02:26", "2013-12-08 09:17:36", nospace
"2013-12-08 09:20:21", "2013-12-08 09:35:35", nospace
"2013-12-08 09:38:20", "2013-12-08 10:11:36", nospace
"2013-12-08 10:14:18", "2013-12-08 10:20:36", nospace
"2013-12-08 12:17:30", "2013-12-08 12:26:27", nospace
"2013-12-08 12:35:22", "2013-12-08 12:47:24", nospace
"2013-12-08 13:05:29", "2013-12-08 13:11:23", nospace
"2013-12-08 19:35:19", "2013-12-08 19:53:17", nospace
"2013-12-08 22:41:36", "2013-12-08 22:50:33", nospace
"2013-12-08 23:26:32", "2013-12-08 23:50:37", nospace
"2013-12-09 00:26:39", "2013-12-09 00:38:29", nospace
"2013-12-09 01:20:29", "2013-12-09 01:35:36", nospace
"2013-12-09 03:14:36", "2013-12-09 04:08:15", nospace
"2013-12-09 04:44:32", "2013-12-09 04:56:20", nospace
"2013-12-09 05:59:27", "2013-12-09 06:05:21", nospace
"2013-12-09 06:14:25", "2013-12-09 06:20:17", nospace
"2013-12-09 07:44:44", "2013-12-09 07:47:20", nospace
"2013-12-09 08:26:28", "2013-12-09 08:41:22", nospace
"2013-12-10 14:44:33", "2013-12-10 14:47:21", nobike
"2013-12-11 03:35:42", "2013-12-11 03:38:29", nobike
"2013-12-11 03:41:42", "2013-12-11 03:53:25", nobike
"2013-12-11 04:17:22", "2013-12-11 04:20:51", nobike
"2013-12-11 04:23:44", "2013-12-11 04:26:39", nobike
"2013-12-16 06:17:45", "2013-12-16 06:29:44", nospace
"2013-12-16 06:48:13", "2013-12-16 06:53:40", nospace
"2013-12-16 06:56:46", "2013-12-16 06:59:51", nospace
"2013-12-16 07:02:57", "2013-12-16 07:06:02", nospace
"2013-12-22 08:15:49", "2013-12-22 08:36:17", nospace
"2013-12-22 09:27:08", "2013-12-22 09:30:29", nospace
"2013-12-22 11:03:23", "2013-12-22 11:21:53", nospace
"2013-12-23 04:51:28", "2013-12-23 06:03:08", nospace
"2013-12-23 06:42:52", "2013-12-23 06:54:20", nospace
"2013-12-23 08:42:37", "2013-12-23 08:45:27", nospace
"2013-12-23 15:00:24", "2013-12-23 15:24:08", nospace
"2013-12-27 00:28:16", "2013-12-27 00:45:54", nospace
"2013-12-27 00:52:07", "2013-12-27 01:03:25", nospace
"2013-12-27 01:30:24", "2013-12-27 01:33:31", nospace
"2013-12-27 01:39:45", "2013-12-27 01:42:52", nospace
"2013-12-27 01:46:00", "2013-12-27 02:06:48", nospace
"2013-12-31 13:15:41", "2013-12-31 13:27:32", nospace
"2013-12-31 13:31:27", "2013-12-31 13:40:28", nospace
"2013-12-31 13:42:43", "2013-12-31 13:55:07", nospace
"2013-12-31 14:04:05", "2013-12-31 14:22:03", nospace
"2013-12-31 14:43:25", "2013-12-31 15:19:20", nospace
"2013-12-31 15:28:20", "2013-12-31 15:39:42", nospace
"2013-12-31 15:52:02", "2013-12-31 15:55:24", nospace
"2013-12-31 15:57:39", "2013-12-31 16:04:23", nospace
"2013-12-31 16:06:39", "2013-12-31 16:39:33", nospace
"2013-12-31 17:10:06", "2013-12-31 17:15:42", nospace
"2013-12-31 17:19:04", "2013-12-31 17:48:54", nospace
"2013-12-31 19:54:54", "2013-12-31 20:07:17", nospace
"2013-12-31 20:57:54", "2013-12-31 21:15:56", nospace
"2013-12-31 21:33:56", "2013-12-31 21:48:37", nospace
"2013-12-31 23:42:32", "2014-01-01 00:09:36", nospace
"2014-01-01 00:43:12", "2014-01-01 01:01:15", nospace
"2014-01-01 01:12:52", "2014-01-01 01:15:55", nospace
"2014-01-01 01:19:16", "2014-01-01 01:37:20", nospace
"2014-01-01 01:43:00", "2014-01-01 01:55:23", nospace
"2014-01-01 02:40:32", "2014-01-01 03:07:37", nospace
"2014-01-01 03:09:52", "2014-01-01 03:15:31", nospace
"2014-01-01 03:33:45", "2014-01-01 03:40:32", nospace
"2014-01-01 03:42:47", "2014-01-01 04:01:22", nospace
"2014-01-01 04:54:38", "2014-01-01 05:16:05", nospace
"2014-01-01 05:25:08", "2014-01-01 05:30:47", nospace
"2014-01-01 05:49:04", "2014-01-01 05:58:10", nospace
"2014-01-01 06:15:45", "2014-01-01 06:30:34", nospace
"2014-01-01 06:33:56", "2014-01-01 07:24:58", nospace
"2014-01-01 07:40:04", "2014-01-01 07:48:41", nospace
"2014-01-01 07:51:34", "2014-01-01 08:04:29", nospace
"2014-01-01 08:06:48", "2014-01-01 08:12:38", nospace
"2014-01-01 08:15:46", "2014-01-01 08:22:39", nospace
"2014-01-01 09:04:40", "2014-01-01 09:12:45", nospace
"2014-01-02 02:15:39", "2014-01-02 02:19:07", nospace
"2014-01-03 13:42:42", "2014-01-03 13:52:17", nobike
"2014-01-05 07:13:44", "2014-01-05 07:28:34", nospace
"2014-01-05 07:37:14", "2014-01-05 07:49:32", nospace
"2014-01-05 07:58:10", "2014-01-05 08:07:59", nospace
"2014-01-05 08:10:25", "2014-01-05 08:16:35", nospace
"2014-01-05 08:19:03", "2014-01-05 08:31:22", nospace
"2014-01-05 08:42:53", "2014-01-05 09:10:45", nospace
"2014-01-05 09:21:49", "2014-01-05 09:31:43", nospace
"2014-01-05 09:34:10", "2014-01-05 09:37:48", nospace
"2014-01-10 12:07:15", "2014-01-10 12:13:50", nobike
"2014-01-10 12:19:07", "2014-01-10 12:37:36", nobike
"2014-01-10 12:56:03", "2014-01-10 13:05:19", nobike
"2014-01-10 13:07:57", "2014-01-10 13:10:35", nobike
"2014-01-10 13:25:07", "2014-01-10 13:31:44", nobike
"2014-01-10 14:22:10", "2014-01-10 14:25:18", nobike
"2014-01-10 14:28:14", "2014-01-10 14:40:14", nobike
"2014-01-10 15:01:22", "2014-01-10 15:26:21", nobike
"2014-01-11 04:55:12", "2014-01-11 05:01:50", nospace
"2014-01-11 05:04:29", "2014-01-11 05:22:36", nospace
"2014-01-11 05:28:36", "2014-01-11 05:47:13", nospace
"2014-01-11 05:49:52", "2014-01-11 05:55:11", nospace
"2014-01-11 06:16:24", "2014-01-11 06:20:24", nospace
"2014-01-11 07:10:09", "2014-01-11 07:16:52", nospace
"2014-01-11 08:07:55", "2014-01-11 08:17:20", nospace
"2014-01-11 08:40:12", "2014-01-11 08:56:19", nospace
"2014-01-11 08:59:00", "2014-01-11 09:01:43", nospace
"2014-01-11 09:23:19", "2014-01-11 09:35:23", nospace
"2014-01-11 09:38:04", "2014-01-11 09:58:20", nospace
"2014-01-11 11:41:22", "2014-01-11 11:46:45", nospace
"2014-01-11 11:56:08", "2014-01-11 11:58:49", nospace
"2014-01-12 05:38:22", "2014-01-12 05:43:43", nospace
"2014-01-12 05:46:24", "2014-01-12 05:53:06", nospace
"2014-01-12 06:26:32", "2014-01-12 06:37:41", nospace
"2014-01-12 07:35:00", "2014-01-12 08:02:08", nospace
"2014-01-12 08:04:49", "2014-01-12 08:07:34", nospace
"2014-01-12 08:59:02", "2014-01-12 09:07:13", nospace
"2014-01-12 09:14:02", "2014-01-12 09:23:31", nospace
"2014-01-12 09:28:59", "2014-01-12 09:34:24", nospace
"2014-01-12 10:10:51", "2014-01-12 10:13:56", nospace
"2014-01-12 10:19:23", "2014-01-12 10:38:24", nospace
"2014-01-12 10:49:17", "2014-01-12 11:01:29", nospace
"2014-01-13 08:35:26", "2014-01-13 08:46:28", nospace
"2014-01-15 00:52:22", "2014-01-15 01:02:06", nospace
"2014-01-15 01:14:36", "2014-01-15 01:28:29", nospace
"2014-01-16 14:44:40", "2014-01-16 14:58:53", nobike
"2014-01-17 09:38:12", "2014-01-17 09:56:50", nospace
"2014-01-18 04:34:45", "2014-01-18 04:44:47", nospace
"2014-01-18 06:24:03", "2014-01-18 06:26:04", nospace
"2014-01-18 07:32:26", "2014-01-18 07:35:19", nospace
"2014-01-18 07:44:00", "2014-01-18 08:11:20", nospace
"2014-01-18 08:25:51", "2014-01-18 08:34:35", nospace
"2014-01-18 09:10:35", "2014-01-18 09:14:56", nospace
"2014-01-18 09:17:50", "2014-01-18 09:35:15", nospace
"2014-01-19 01:38:42", "2014-01-19 01:59:03", nospace
"2014-01-19 03:29:48", "2014-01-19 03:32:42", nospace
"2014-01-19 03:35:38", "2014-01-19 03:38:33", nospace
"2014-01-19 05:20:02", "2014-01-19 05:22:58", nospace
"2014-01-19 05:41:56", "2014-01-19 05:44:52", nospace
"2014-01-19 05:50:43", "2014-01-19 05:56:32", nospace
"2014-01-19 06:02:22", "2014-01-19 06:19:52", nospace
"2014-01-19 06:25:47", "2014-01-19 06:38:57", nospace
"2014-01-19 06:56:42", "2014-01-19 07:02:07", nospace
"2014-01-19 07:06:10", "2014-01-19 07:10:47", nospace
"2014-01-19 07:13:43", "2014-01-19 07:19:39", nospace
"2014-01-19 07:38:49", "2014-01-19 07:41:46", nospace
"2014-01-19 07:44:43", "2014-01-19 07:50:35", nospace
"2014-01-19 08:31:49", "2014-01-19 08:41:40", nospace
"2014-01-19 08:43:40", "2014-01-19 08:50:39", nospace
"2014-01-19 08:53:36", "2014-01-19 09:14:16", nospace
"2014-01-20 03:13:42", "2014-01-20 03:18:29", nospace
"2014-01-20 04:50:00", "2014-01-20 04:54:33", nospace
"2014-01-20 04:56:31", "2014-01-20 05:02:06", nospace
"2014-01-20 05:13:52", "2014-01-20 05:19:45", nospace
"2014-01-20 05:25:39", "2014-01-20 05:30:05", nospace
"2014-01-20 05:53:41", "2014-01-20 05:59:35", nospace
"2014-01-20 06:08:26", "2014-01-20 06:11:24", nospace
"2014-01-20 06:38:08", "2014-01-20 06:47:21", nospace
"2014-01-20 06:53:32", "2014-01-20 06:56:32", nospace
"2014-01-20 07:26:20", "2014-01-20 07:59:04", nospace
"2014-01-20 08:05:02", "2014-01-20 08:10:59", nospace
"2014-01-20 08:16:57", "2014-01-20 08:31:57", nospace
"2014-01-21 09:36:22", "2014-01-21 09:37:47", nospace
"2014-01-21 09:43:56", "2014-01-21 09:50:03", nospace
"2014-01-22 02:02:32", "2014-01-22 02:08:31", nospace
"2014-01-22 02:16:02", "2014-01-22 02:26:32", nospace
"2014-01-22 02:28:02", "2014-01-22 02:29:32", nospace
"2014-01-22 02:44:31", "2014-01-22 02:46:01", nospace
"2014-01-22 02:53:31", "2014-01-22 02:58:01", nospace
"2014-01-22 03:27:48", "2014-01-22 03:57:47", nospace
"2014-01-22 04:00:47", "2014-01-22 04:15:48", nospace
"2014-01-22 04:17:18", "2014-01-22 04:29:17", nospace
"2014-01-22 04:56:22", "2014-01-22 05:03:53", nospace
"2014-01-22 05:24:53", "2014-01-22 05:26:23", nospace
"2014-01-22 05:32:24", "2014-01-22 05:35:24", nospace
"2014-01-22 05:36:54", "2014-01-22 05:44:24", nospace
"2014-01-22 12:10:35", "2014-01-22 12:22:43", nospace
"2014-01-23 00:13:19", "2014-01-23 00:34:55", nospace
"2014-01-23 00:42:32", "2014-01-23 01:09:51", nospace
"2014-01-23 02:16:51", "2014-01-23 02:28:27", nospace
"2014-01-23 02:29:58", "2014-01-23 02:43:40", nospace
"2014-01-23 02:52:48", "2014-01-23 03:01:55", nospace
"2014-01-23 03:14:07", "2014-01-23 03:18:42", nospace
"2014-01-23 03:24:46", "2014-01-23 03:30:51", nospace
"2014-01-23 03:33:53", "2014-01-23 04:01:08", nospace
"2014-01-23 05:07:55", "2014-01-23 05:15:32", nospace
"2014-01-23 05:18:35", "2014-01-23 05:30:49", nospace
"2014-01-23 05:41:28", "2014-01-23 05:44:32", nospace
"2014-01-23 05:53:40", "2014-01-23 06:08:53", nospace
"2014-01-23 06:32:57", "2014-01-23 06:39:47", nospace
"2014-01-23 06:43:47", "2014-01-23 06:50:36", nospace
"2014-01-23 07:13:29", "2014-01-23 07:22:43", nospace
"2014-01-23 07:36:32", "2014-01-23 07:39:37", nospace
"2014-01-23 10:52:35", "2014-01-23 11:00:14", nospace
"2014-01-23 11:27:47", "2014-01-23 11:38:31", nospace
"2014-01-23 11:46:11", "2014-01-23 11:49:15", nospace
"2014-01-24 03:20:39", "2014-01-24 03:22:43", nospace
"2014-01-24 03:29:32", "2014-01-24 03:32:01", nospace
"2014-01-24 03:37:43", "2014-01-24 04:03:57", nospace
"2014-01-24 04:10:04", "2014-01-24 04:11:36", nospace
"2014-01-24 04:13:07", "2014-01-24 04:16:11", nospace
"2014-01-24 04:26:52", "2014-01-24 04:36:04", nospace
"2014-01-24 04:40:38", "2014-01-24 04:58:49", nospace
"2014-01-24 05:15:40", "2014-01-24 05:17:12", nospace
"2014-01-24 05:18:44", "2014-01-24 05:29:27", nospace
"2014-01-24 07:31:36", "2014-01-24 07:45:25", nospace
"2014-01-24 07:56:40", "2014-01-24 08:00:45", nospace
"2014-01-24 08:31:33", "2014-01-24 08:34:37", nospace
"2014-01-24 08:37:42", "2014-01-24 08:40:48", nospace
"2014-01-24 09:25:39", "2014-01-24 09:28:45", nospace
"2014-01-24 09:34:46", "2014-01-24 09:42:24", nospace
"2014-01-24 09:51:41", "2014-01-24 09:53:13", nospace
"2014-01-24 10:02:30", "2014-01-24 10:05:35", nospace
"2014-01-25 02:57:24", "2014-01-25 03:19:10", nospace
"2014-01-25 03:22:17", "2014-01-25 03:23:35", nospace
"2014-01-25 03:49:49", "2014-01-25 04:03:48", nospace
"2014-01-25 04:06:55", "2014-01-25 04:08:45", nospace
"2014-01-25 04:57:57", "2014-01-25 05:04:09", nospace
"2014-01-25 06:19:49", "2014-01-25 06:29:43", nospace
"2014-01-25 06:54:45", "2014-01-25 07:07:29", nospace
"2014-01-25 07:16:53", "2014-01-25 07:20:01", nospace
"2014-01-25 07:51:20", "2014-01-25 07:56:02", nospace
"2014-01-25 08:03:49", "2014-01-25 08:05:24", nospace
"2014-01-25 08:06:58", "2014-01-25 08:11:40", nospace
"2014-01-25 08:17:57", "2014-01-25 08:27:18", nospace
"2014-01-25 08:41:22", "2014-01-25 08:47:37", nospace
"2014-01-25 08:55:30", "2014-01-25 09:01:44", nospace
"2014-01-25 09:04:54", "2014-01-25 09:15:50", nospace
"2014-01-25 09:18:59", "2014-01-25 09:23:40", nospace
"2014-01-26 02:46:19", "2014-01-26 02:47:53", nospace
"2014-01-26 02:51:00", "2014-01-26 03:05:02", nospace
"2014-01-26 03:09:45", "2014-01-26 03:20:40", nospace
"2014-01-26 03:26:55", "2014-01-26 03:28:29", nospace
"2014-01-26 03:37:51", "2014-01-26 03:53:30", nospace
"2014-01-26 04:07:36", "2014-01-26 04:27:51", nospace
"2014-01-26 04:37:14", "2014-01-26 04:38:47", nospace
"2014-01-26 04:55:57", "2014-01-26 05:10:01", nospace
"2014-01-26 07:40:35", "2014-01-26 07:42:41", nospace
"2014-01-27 03:37:43", "2014-01-27 04:20:33", nospace
"2014-01-28 01:57:26", "2014-01-28 02:00:38", nospace
"2014-01-28 02:08:38", "2014-01-28 02:16:37", nospace
"2014-01-28 03:02:35", "2014-01-28 03:08:59", nospace
"2014-01-28 03:26:35", "2014-01-28 03:31:25", nospace
"2014-01-28 03:34:37", "2014-01-28 03:41:01", nospace
"2014-01-28 03:49:02", "2014-01-28 04:06:37", nospace
"2014-01-28 04:09:49", "2014-01-28 04:11:24", nospace
"2014-01-28 04:38:33", "2014-01-28 04:56:12", nospace
"2014-01-28 04:59:25", "2014-01-28 05:01:00", nospace
"2014-01-28 05:56:59", "2014-01-28 06:11:20", nospace
"2014-01-28 06:17:46", "2014-01-28 06:27:26", nospace
"2014-01-28 06:29:02", "2014-01-28 06:30:38", nospace
"2014-01-28 07:03:04", "2014-01-28 07:06:17", nospace
"2014-01-28 09:08:31", "2014-01-28 09:13:22", nospace
"2014-01-29 06:37:13", "2014-01-29 06:44:49", nospace
"2014-01-29 06:48:58", "2014-01-29 06:51:03", nospace
"2014-01-29 07:00:47", "2014-01-29 07:02:55", nospace
"2014-01-29 07:12:34", "2014-01-29 07:24:58", nospace
"2014-01-29 07:31:33", "2014-01-29 07:38:07", nospace
"2014-01-29 07:53:25", "2014-01-29 07:55:34", nospace
"2014-01-29 07:57:15", "2014-01-29 07:57:51", nospace
"2014-01-29 09:45:51", "2014-01-29 09:50:44", nospace
"2014-01-29 10:03:47", "2014-01-29 10:05:24", nospace
"2014-01-30 06:34:00", "2014-01-30 06:35:58", nospace
"2014-01-30 06:50:56", "2014-01-30 06:52:36", nospace
"2014-01-30 06:54:14", "2014-01-30 07:02:30", nospace
"2014-01-31 07:25:52", "2014-01-31 07:39:18", nospace
"2014-01-31 07:42:56", "2014-01-31 07:50:34", nospace
"2014-01-31 07:52:41", "2014-01-31 07:55:32", nospace
"2014-01-31 08:07:54", "2014-01-31 08:09:35", nospace
"2014-01-31 08:12:55", "2014-01-31 08:17:54", nospace
"2014-01-31 08:46:00", "2014-01-31 08:50:57", nospace
"2014-01-31 08:52:36", "2014-01-31 08:57:04", nospace
"2014-01-31 09:00:07", "2014-01-31 09:09:04", nospace
"2014-01-31 09:11:14", "2014-01-31 09:13:24", nospace
"2014-01-31 09:15:13", "2014-01-31 09:44:06", nospace
"2014-01-31 18:33:07", "2014-01-31 22:00:40", nospace
"2014-01-31 22:10:36", "2014-01-31 23:48:28", nospace
"2014-01-31 23:51:48", "2014-02-01 00:11:42", nospace
"2014-02-01 00:18:20", "2014-02-01 01:03:09", nospace
"2014-02-01 01:04:48", "2014-02-01 01:18:03", nospace
"2014-02-01 02:01:09", "2014-02-01 02:11:06", nospace
"2014-02-01 02:17:45", "2014-02-01 02:27:37", nospace
"2014-02-01 02:32:53", "2014-02-01 02:35:05", nospace
"2014-02-01 02:49:05", "2014-02-01 02:51:13", nospace
"2014-02-01 04:52:44", "2014-02-01 05:01:00", nospace
"2014-02-01 05:10:57", "2014-02-01 05:34:04", nospace
"2014-02-01 05:44:42", "2014-02-01 06:18:51", nospace
"2014-02-01 06:24:06", "2014-02-01 06:25:51", nospace
"2014-02-01 06:28:07", "2014-02-01 06:30:16", nospace
"2014-02-01 07:53:45", "2014-02-01 07:55:58", nospace
"2014-02-01 07:57:42", "2014-02-01 08:11:43", nospace
"2014-02-01 08:20:55", "2014-02-01 08:36:51", nospace
"2014-02-01 08:41:13", "2014-02-01 08:56:58", nospace
"2014-02-01 09:19:48", "2014-02-01 09:26:26", nospace
"2014-02-01 09:28:36", "2014-02-01 09:33:18", nospace
"2014-02-02 02:15:50", "2014-02-02 02:25:41", nospace
"2014-02-02 02:27:55", "2014-02-02 02:40:53", nospace
"2014-02-02 03:11:08", "2014-02-02 03:17:53", nospace
"2014-02-02 03:53:03", "2014-02-02 03:56:25", nospace
"2014-02-02 03:58:06", "2014-02-02 04:37:38", nospace
"2014-02-02 05:04:54", "2014-02-02 05:13:59", nospace
"2014-02-02 05:30:37", "2014-02-02 05:46:38", nospace
"2014-02-02 05:52:52", "2014-02-02 06:09:32", nospace
"2014-02-02 06:11:57", "2014-02-02 06:16:24", nospace
"2014-02-02 06:18:38", "2014-02-02 06:23:18", nospace
"2014-02-02 06:37:09", "2014-02-02 06:41:42", nospace
"2014-02-02 08:09:20", "2014-02-02 08:27:06", nospace
"2014-02-02 08:29:19", "2014-02-02 08:31:06", nospace
"2014-02-02 08:38:37", "2014-02-02 08:43:22", nospace
"2014-02-02 08:54:40", "2014-02-02 09:25:43", nospace
"2014-02-02 10:41:59", "2014-02-02 10:44:16", nospace
"2014-02-02 12:53:05", "2014-02-02 12:55:18", nospace
"2014-02-02 13:08:18", "2014-02-02 13:43:24", nospace
"2014-02-02 13:45:40", "2014-02-02 13:47:50", nospace
"2014-02-02 22:19:07", "2014-02-02 22:44:44", nospace
"2014-02-02 22:51:03", "2014-02-02 23:21:51", nospace
"2014-02-02 23:26:55", "2014-02-02 23:43:47", nospace
"2014-02-02 23:50:32", "2014-02-02 23:55:36", nospace
"2014-02-02 23:58:58", "2014-02-03 00:17:36", nospace
"2014-02-03 00:26:04", "2014-02-03 00:27:45", nospace
"2014-02-03 00:37:54", "2014-02-03 00:39:36", nospace
"2014-02-03 01:47:00", "2014-02-03 01:50:00", nospace
"2014-02-03 01:50:49", "2014-02-03 02:07:43", nospace
"2014-02-03 02:11:07", "2014-02-03 02:51:08", nospace
"2014-02-03 02:55:48", "2014-02-03 03:04:01", nospace
"2014-02-03 03:13:06", "2014-02-03 03:16:18", nospace
"2014-02-03 03:20:44", "2014-02-03 03:27:43", nospace
"2014-02-03 04:14:59", "2014-02-03 04:23:27", nospace
"2014-02-03 04:52:11", "2014-02-03 05:17:37", nospace
"2014-02-03 05:29:31", "2014-02-03 05:58:17", nospace
"2014-02-03 06:32:44", "2014-02-03 07:22:02", nospace
"2014-02-03 07:25:32", "2014-02-03 07:38:44", nospace
"2014-02-03 07:41:01", "2014-02-03 07:48:14", nospace
"2014-02-03 07:55:20", "2014-02-03 08:04:01", nospace
"2014-02-03 08:04:58", "2014-02-03 08:07:13", nospace
"2014-02-03 08:18:49", "2014-02-03 08:32:02", nospace
"2014-02-03 08:37:09", "2014-02-03 08:43:58", nospace
"2014-02-03 08:49:09", "2014-02-03 09:52:36", nospace
"2014-02-03 10:20:53", "2014-02-03 10:36:38", nospace
"2014-02-03 10:39:44", "2014-02-03 10:41:56", nospace
"2014-02-03 17:10:03", "2014-02-03 17:20:08", nospace
"2014-02-03 17:36:12", "2014-02-03 18:03:48", nospace
"2014-02-03 18:10:34", "2014-02-03 18:14:53", nospace
"2014-02-03 23:12:38", "2014-02-03 23:34:19", nospace
"2014-02-04 00:06:41", "2014-02-04 00:18:35", nospace
"2014-02-04 00:21:58", "2014-02-04 00:37:21", nospace
"2014-02-04 01:14:50", "2014-02-04 01:48:56", nospace
"2014-02-04 01:55:48", "2014-02-04 02:23:00", nospace
"2014-02-04 02:29:50", "2014-02-04 02:34:59", nospace
"2014-02-04 03:37:19", "2014-02-04 03:39:37", nospace
"2014-02-04 03:41:02", "2014-02-04 03:44:54", nospace
"2014-02-04 03:47:12", "2014-02-04 03:49:29", nospace
"2014-02-04 04:05:15", "2014-02-04 04:14:20", nospace
"2014-02-04 05:12:08", "2014-02-04 05:14:27", nospace
"2014-02-04 05:16:42", "2014-02-04 05:22:56", nospace
"2014-02-04 05:25:08", "2014-02-04 06:03:39", nospace
"2014-02-04 06:19:47", "2014-02-04 06:22:03", nospace
"2014-02-04 06:29:07", "2014-02-04 06:31:19", nospace
"2014-02-04 06:38:06", "2014-02-04 06:45:19", nospace
"2014-02-04 07:15:03", "2014-02-04 07:18:41", nospace
"2014-02-04 07:24:12", "2014-02-04 07:26:24", nospace
"2014-02-04 07:40:33", "2014-02-04 07:54:16", nospace
"2014-02-04 07:55:50", "2014-02-04 08:02:58", nospace
"2014-02-04 08:06:55", "2014-02-04 08:08:10", nospace
"2014-02-04 08:10:25", "2014-02-04 08:12:08", nospace
"2014-02-04 08:15:34", "2014-02-04 08:20:44", nospace
"2014-02-04 08:22:27", "2014-02-04 08:36:14", nospace
"2014-02-04 08:41:24", "2014-02-04 08:56:55", nospace
"2014-02-04 09:10:42", "2014-02-04 09:12:24", nospace
"2014-02-04 09:14:08", "2014-02-04 09:15:51", nospace
"2014-02-04 10:40:48", "2014-02-04 10:56:57", nospace
"2014-02-04 11:08:19", "2014-02-04 11:37:20", nospace
"2014-02-04 11:43:29", "2014-02-04 12:27:19", nospace
"2014-02-04 12:32:41", "2014-02-04 12:49:20", nospace
"2014-02-04 13:29:21", "2014-02-04 13:51:46", nospace
"2014-02-05 00:02:09", "2014-02-05 00:04:21", nospace
"2014-02-05 04:20:38", "2014-02-05 05:15:49", nospace
"2014-02-05 08:23:57", "2014-02-05 08:31:29", nospace
"2014-02-05 08:50:11", "2014-02-05 08:56:07", nospace
"2014-02-05 09:04:00", "2014-02-05 09:13:07", nospace
"2014-02-05 09:18:04", "2014-02-05 09:22:38", nospace
"2014-02-05 10:03:41", "2014-02-05 10:11:44", nospace
"2014-02-06 00:13:00", "2014-02-06 00:46:40", nospace
"2014-02-06 00:54:17", "2014-02-06 01:02:58", nospace
"2014-02-06 01:15:10", "2014-02-06 01:23:53", nospace
"2014-02-06 02:09:15", "2014-02-06 02:12:46", nospace
"2014-02-06 02:30:14", "2014-02-06 02:47:42", nospace
"2014-02-06 04:27:05", "2014-02-06 04:28:49", nospace
"2014-02-06 04:30:35", "2014-02-06 04:46:14", nospace
"2014-02-06 05:03:32", "2014-02-06 05:18:41", nospace
"2014-02-06 07:40:58", "2014-02-06 07:56:42", nospace
"2014-02-06 08:41:53", "2014-02-06 08:45:25", nospace
"2014-02-06 15:02:53", "2014-02-06 15:12:15", nobike
"2014-02-06 15:13:36", "2014-02-06 15:27:13", nobike
"2014-02-07 07:40:00", "2014-02-07 07:40:49", nospace
"2014-02-07 08:32:11", "2014-02-07 08:33:58", nospace
"2014-02-07 08:35:46", "2014-02-07 08:41:05", nospace
"2014-02-07 08:42:51", "2014-02-07 08:51:41", nospace
"2014-02-07 08:57:54", "2014-02-07 08:59:11", nospace
"2014-02-08 02:46:30", "2014-02-08 02:48:06", nospace
"2014-02-08 02:52:20", "2014-02-08 02:59:45", nospace
"2014-02-08 03:07:45", "2014-02-08 03:18:13", nospace
"2014-02-08 04:33:25", "2014-02-08 04:41:32", nospace
"2014-02-08 04:51:11", "2014-02-08 04:59:24", nospace
"2014-02-08 08:29:52", "2014-02-08 08:38:45", nospace
"2014-02-08 09:22:00", "2014-02-08 09:23:47", nospace
"2014-02-08 09:27:21", "2014-02-08 09:34:27", nospace
"2014-02-08 09:54:18", "2014-02-08 09:56:34", nospace
"2014-02-08 10:01:21", "2014-02-08 10:15:22", nospace
"2014-02-08 10:20:26", "2014-02-08 10:43:05", nospace
"2014-02-08 12:40:50", "2014-02-08 12:43:08", nospace
"2014-02-10 01:01:38", "2014-02-10 01:27:16", nospace
"2014-02-10 01:31:04", "2014-02-10 01:45:06", nospace
"2014-02-10 02:13:43", "2014-02-10 02:25:02", nospace
"2014-02-10 02:28:40", "2014-02-10 02:43:07", nospace
"2014-02-10 02:54:01", "2014-02-10 03:13:58", nospace
"2014-02-10 03:19:25", "2014-02-10 03:35:46", nospace
"2014-02-10 03:39:24", "2014-02-10 03:46:40", nospace
"2014-02-10 04:02:58", "2014-02-10 04:21:01", nospace
"2014-02-10 10:45:17", "2014-02-10 10:50:35", nospace
"2014-02-11 15:28:56", "2014-02-11 16:04:09", nospace
"2014-02-11 16:26:10", "2014-02-11 19:48:14", nospace
"2014-02-13 06:23:02", "2014-02-13 06:26:49", nospace
"2014-02-13 06:38:52", "2014-02-13 06:46:21", nospace
"2014-02-13 07:22:55", "2014-02-13 07:28:48", nospace
"2014-02-13 07:49:21", "2014-02-13 07:55:00", nospace
"2014-02-15 04:19:09", "2014-02-15 04:21:04", nospace
"2014-02-15 04:28:35", "2014-02-15 04:30:28", nospace
"2014-02-15 04:32:22", "2014-02-15 04:53:07", nospace
"2014-02-15 05:22:27", "2014-02-15 05:24:19", nospace
"2014-02-15 06:07:33", "2014-02-15 06:09:26", nospace
"2014-02-15 06:24:32", "2014-02-15 06:26:57", nospace
"2014-02-15 09:47:11", "2014-02-15 09:50:59", nospace
"2014-02-15 10:26:10", "2014-02-15 10:39:26", nospace
"2014-02-15 10:41:20", "2014-02-15 10:52:47", nospace
"2014-02-16 03:11:54", "2014-02-16 03:21:29", nospace
"2014-02-16 03:29:07", "2014-02-16 03:55:45", nospace
"2014-02-16 04:17:35", "2014-02-16 04:23:30", nospace
"2014-02-16 04:55:05", "2014-02-16 05:12:02", nospace
"2014-02-16 05:13:56", "2014-02-16 05:19:39", nospace
"2014-02-16 06:08:33", "2014-02-16 06:18:06", nospace
"2014-02-16 06:21:53", "2014-02-16 06:29:34", nospace
"2014-02-16 06:34:02", "2014-02-16 06:36:32", nospace
"2014-02-16 06:40:20", "2014-02-16 07:12:07", nospace
"2014-02-16 07:14:01", "2014-02-16 07:17:51", nospace
"2014-02-16 07:54:12", "2014-02-16 08:05:43", nospace
"2014-02-16 08:11:25", "2014-02-16 08:22:52", nospace
"2014-02-16 08:57:02", "2014-02-16 09:08:30", nospace
"2014-02-16 09:14:13", "2014-02-16 09:16:39", nospace
"2014-02-16 09:19:05", "2014-02-16 09:26:13", nospace
"2014-02-17 00:02:39", "2014-02-17 00:21:49", nospace
"2014-02-17 01:46:18", "2014-02-17 02:11:12", nospace
"2014-02-17 06:57:24", "2014-02-17 07:10:56", nospace
"2014-02-17 07:18:38", "2014-02-17 07:24:25", nospace
"2014-02-18 23:03:04", "2014-02-18 23:56:13", nospace
"2014-02-19 00:04:01", "2014-02-19 00:29:21", nospace
"2014-02-20 06:37:46", "2014-02-20 06:57:42", nospace
"2014-02-20 07:11:29", "2014-02-20 07:13:27", nospace
"2014-02-20 07:33:09", "2014-02-20 07:42:59", nospace
"2014-02-20 07:48:52", "2014-02-20 07:56:45", nospace
"2014-02-20 13:21:25", "2014-02-20 13:29:19", nospace
"2014-02-20 23:47:44", "2014-02-20 23:48:27", nospace
"2014-02-20 23:52:02", "2014-02-21 00:38:29", nospace
"2014-02-21 13:52:56", "2014-02-21 13:56:55", nobike
"2014-02-22 02:59:24", "2014-02-22 03:05:24", nospace
"2014-02-22 03:09:24", "2014-02-22 03:11:22", nospace
"2014-02-22 04:08:33", "2014-02-22 04:12:33", nospace
"2014-02-22 04:24:31", "2014-02-22 04:26:30", nospace
"2014-02-22 04:43:00", "2014-02-22 04:52:42", nospace
"2014-02-22 05:32:40", "2014-02-22 05:36:39", nospace
"2014-02-22 05:38:37", "2014-02-22 05:40:39", nospace
"2014-02-22 06:06:34", "2014-02-22 06:46:15", nospace
"2014-02-22 06:48:50", "2014-02-22 06:50:29", nospace
"2014-02-22 06:51:08", "2014-02-22 07:02:33", nospace
"2014-02-22 07:06:34", "2014-02-22 07:16:38", nospace
"2014-02-22 07:32:45", "2014-02-22 07:38:48", nospace
"2014-02-22 07:42:49", "2014-02-22 07:46:51", nospace
"2014-02-22 08:22:14", "2014-02-22 08:32:16", nospace
"2014-02-22 08:36:17", "2014-02-22 08:47:53", nospace
"2014-02-22 09:25:54", "2014-02-22 09:33:55", nospace
"2014-02-22 09:39:58", "2014-02-22 09:51:48", nospace
"2014-02-23 03:18:09", "2014-02-23 03:25:47", nospace
"2014-02-23 04:01:59", "2014-02-23 04:05:24", nospace
"2014-02-23 04:31:43", "2014-02-23 04:33:45", nospace
"2014-02-23 04:35:45", "2014-02-23 04:39:47", nospace
"2014-02-23 04:45:47", "2014-02-23 04:47:47", nospace
"2014-02-23 05:23:54", "2014-02-23 05:25:54", nospace
"2014-02-23 05:29:55", "2014-02-23 05:33:57", nospace
"2014-02-23 06:08:05", "2014-02-23 06:10:08", nospace
"2014-02-23 06:12:08", "2014-02-23 06:18:11", nospace
"2014-02-23 07:13:10", "2014-02-23 07:24:15", nospace
"2014-02-23 07:26:55", "2014-02-23 07:30:37", nospace
"2014-02-23 07:33:17", "2014-02-23 07:38:21", nospace
"2014-02-23 07:47:21", "2014-02-23 07:51:07", nospace
"2014-02-23 07:57:11", "2014-02-23 08:23:25", nospace
"2014-02-23 08:25:26", "2014-02-23 08:29:27", nospace
"2014-02-23 08:31:28", "2014-02-23 08:35:35", nospace
"2014-02-23 08:49:41", "2014-02-23 08:51:42", nospace
"2014-02-23 08:53:43", "2014-02-23 09:01:49", nospace
"2014-02-23 09:03:50", "2014-02-23 09:07:52", nospace
"2014-02-23 09:32:10", "2014-02-23 10:00:26", nospace
"2014-02-23 10:16:34", "2014-02-23 10:26:37", nospace
"2014-02-24 09:30:29", "2014-02-24 09:32:32", nospace
"2014-02-24 13:42:38", "2014-02-24 13:55:33", nobike
"2014-02-24 14:05:48", "2014-02-24 14:24:58", nobike
"2014-02-24 14:31:04", "2014-02-24 14:37:09", nobike
"2014-02-24 14:39:10", "2014-02-24 14:53:26", nobike
"2014-02-26 08:04:01", "2014-02-26 08:08:55", nospace
"2014-02-26 08:10:00", "2014-02-26 08:34:07", nospace
"2014-02-26 08:41:26", "2014-02-26 08:43:59", nospace
"2014-02-26 09:08:50", "2014-02-26 09:18:37", nospace
"2014-02-26 09:30:00", "2014-02-26 09:33:27", nospace
"2014-02-27 01:57:01", "2014-02-27 02:15:33", nospace
"2014-02-27 08:40:00", "2014-02-27 08:46:13", nospace
"2014-02-27 08:54:29", "2014-02-27 09:06:56", nospace
"2014-02-27 09:33:40", "2014-02-27 09:35:44", nospace
"2014-02-27 09:43:59", "2014-02-27 09:46:04", nospace
"2014-02-28 05:40:33", "2014-02-28 05:44:43", nospace
"2014-02-28 06:07:37", "2014-02-28 06:38:17", nospace
"2014-02-28 06:40:55", "2014-02-28 06:56:09", nospace
"2014-02-28 06:58:14", "2014-02-28 07:14:53", nospace
"2014-02-28 07:16:59", "2014-02-28 08:11:09", nospace
"2014-02-28 08:29:51", "2014-02-28 08:34:02", nospace
"2014-02-28 08:36:07", "2014-02-28 08:50:43", nospace
"2014-02-28 09:24:06", "2014-02-28 09:33:02", nospace
"2014-02-28 09:36:19", "2014-02-28 09:38:27", nospace
"2014-02-28 09:42:31", "2014-02-28 10:30:20", nospace
"2014-02-28 10:54:22", "2014-02-28 11:20:05", nospace
"2014-02-28 11:26:09", "2014-02-28 11:32:02", nospace
"2014-02-28 11:36:13", "2014-02-28 11:42:28", nospace
"2014-02-28 11:44:35", "2014-02-28 12:03:18", nospace
"2014-02-28 12:17:58", "2014-02-28 12:20:03", nospace
"2014-02-28 12:38:50", "2014-02-28 12:43:00", nospace
"2014-02-28 14:15:16", "2014-02-28 14:23:38", nospace
"2014-02-28 16:38:44", "2014-02-28 16:44:59", nospace
"2014-02-28 17:12:16", "2014-02-28 17:33:02", nospace
"2014-03-01 00:37:18", "2014-03-01 00:47:45", nospace
"2014-03-01 01:46:28", "2014-03-01 01:52:45", nospace
"2014-03-01 02:57:28", "2014-03-01 03:47:47", nospace
"2014-03-01 04:00:21", "2014-03-01 04:02:27", nospace
"2014-03-01 04:35:58", "2014-03-01 04:42:15", nospace
"2014-03-01 04:44:20", "2014-03-01 04:52:42", nospace
"2014-03-01 04:54:47", "2014-03-01 05:11:31", nospace
"2014-03-01 05:13:37", "2014-03-01 05:26:56", nospace
"2014-03-01 05:42:08", "2014-03-01 05:56:08", nospace
"2014-03-01 06:02:25", "2014-03-01 06:07:17", nospace
"2014-03-01 06:07:57", "2014-03-01 06:49:07", nospace
"2014-03-01 06:54:09", "2014-03-01 07:08:02", nospace
"2014-03-01 07:13:03", "2014-03-01 07:19:40", nospace
"2014-03-01 07:26:06", "2014-03-01 07:50:22", nospace
"2014-03-01 08:22:33", "2014-03-01 08:31:31", nospace
"2014-03-01 08:34:11", "2014-03-01 08:37:52", nospace
"2014-03-01 08:45:46", "2014-03-01 08:57:34", nospace
"2014-03-01 08:58:14", "2014-03-01 09:05:52", nospace
"2014-03-01 09:24:50", "2014-03-01 09:26:58", nospace
"2014-03-01 09:35:19", "2014-03-01 10:05:05", nospace
"2014-03-01 10:07:12", "2014-03-01 10:19:48", nospace
"2014-03-01 10:38:40", "2014-03-01 10:47:04", nospace
"2014-03-01 10:51:15", "2014-03-01 10:57:34", nospace
"2014-03-01 11:06:17", "2014-03-01 11:16:34", nospace
"2014-03-01 11:18:41", "2014-03-01 11:20:48", nospace
"2014-03-01 11:35:30", "2014-03-01 11:41:48", nospace
"2014-03-01 12:02:51", "2014-03-01 12:04:56", nospace
"2014-03-01 12:09:10", "2014-03-01 12:13:21", nospace
"2014-03-01 12:15:25", "2014-03-01 12:19:39", nospace
"2014-03-01 12:50:41", "2014-03-01 12:59:13", nospace
"2014-03-01 14:24:10", "2014-03-01 14:25:30", nospace
"2014-03-01 14:30:54", "2014-03-01 14:42:20", nospace
"2014-03-01 14:45:49", "2014-03-01 14:48:26", nospace
"2014-03-01 14:50:59", "2014-03-01 14:52:25", nospace
"2014-03-01 14:55:13", "2014-03-01 15:12:00", nospace
"2014-03-02 04:56:46", "2014-03-02 04:58:54", nospace
"2014-03-02 05:07:24", "2014-03-02 05:35:02", nospace
"2014-03-02 05:43:02", "2014-03-02 05:44:25", nospace
"2014-03-02 06:06:00", "2014-03-02 06:14:59", nospace
"2014-03-02 07:58:46", "2014-03-02 08:30:35", nospace
"2014-03-02 08:39:07", "2014-03-02 08:41:14", nospace
"2014-03-02 08:43:21", "2014-03-02 08:53:47", nospace
"2014-03-02 09:02:15", "2014-03-02 09:19:28", nospace
"2014-03-02 09:42:15", "2014-03-02 09:51:20", nospace
"2014-03-02 10:06:57", "2014-03-02 10:19:43", nospace
"2014-03-02 10:21:50", "2014-03-02 10:28:13", nospace
"2014-03-02 11:12:41", "2014-03-02 11:16:58", nospace
"2014-03-02 11:25:28", "2014-03-02 11:29:44", nospace
"2014-03-02 12:33:13", "2014-03-02 12:37:29", nospace
"2014-03-02 12:39:36", "2014-03-02 12:48:05", nospace
"2014-03-02 12:58:42", "2014-03-02 13:34:57", nospace
"2014-03-02 15:51:58", "2014-03-02 16:04:37", nospace
"2014-03-03 01:37:41", "2014-03-03 02:12:05", nospace
"2014-03-03 02:20:42", "2014-03-03 03:04:00", nospace
"2014-03-03 03:06:19", "2014-03-03 03:11:31", nospace
"2014-03-03 03:17:40", "2014-03-03 03:20:15", nospace
"2014-03-03 03:28:17", "2014-03-03 03:30:55", nospace
"2014-03-03 03:44:32", "2014-03-03 03:50:51", nospace
"2014-03-03 04:01:34", "2014-03-03 04:10:11", nospace
"2014-03-03 04:14:29", "2014-03-03 04:18:49", nospace
"2014-03-03 04:27:25", "2014-03-03 04:53:14", nospace
"2014-03-03 06:18:45", "2014-03-03 06:54:04", nospace
"2014-03-03 06:56:11", "2014-03-03 06:58:21", nospace
"2014-03-03 07:02:39", "2014-03-03 07:09:07", nospace
"2014-03-03 07:11:18", "2014-03-03 07:24:21", nospace
"2014-03-03 07:50:21", "2014-03-03 07:52:34", nospace
"2014-03-04 00:50:03", "2014-03-04 00:56:44", nospace
"2014-03-04 01:03:21", "2014-03-04 01:04:48", nospace
"2014-03-04 01:09:55", "2014-03-04 01:29:52", nospace
"2014-03-04 01:36:30", "2014-03-04 01:47:43", nospace
"2014-03-04 01:49:59", "2014-03-04 02:03:40", nospace
"2014-03-04 02:10:26", "2014-03-04 02:14:58", nospace
"2014-03-04 07:17:11", "2014-03-04 07:26:57", nospace
"2014-03-04 07:31:30", "2014-03-04 07:47:30", nospace
"2014-03-04 08:05:43", "2014-03-04 08:14:50", nospace
"2014-03-04 09:00:26", "2014-03-04 09:52:58", nospace
"2014-03-04 14:22:13", "2014-03-04 14:29:04", nospace
"2014-03-04 14:35:55", "2014-03-04 14:54:13", nospace
"2014-03-04 22:52:09", "2014-03-05 00:03:09", nospace
"2014-03-05 00:05:26", "2014-03-05 01:02:56", nospace
"2014-03-05 01:28:23", "2014-03-05 01:35:16", nospace
"2014-03-05 01:58:09", "2014-03-05 02:11:55", nospace
"2014-03-05 02:14:14", "2014-03-05 02:30:16", nospace
"2014-03-05 02:55:44", "2014-03-05 03:11:45", nospace
"2014-03-07 02:15:16", "2014-03-07 02:38:56", nospace
"2014-03-07 02:40:36", "2014-03-07 02:45:52", nospace
"2014-03-09 07:33:34", "2014-03-09 07:53:04", nospace
"2014-03-09 07:57:47", "2014-03-09 08:07:11", nospace
"2014-03-09 08:09:32", "2014-03-09 08:26:01", nospace
"2014-03-09 08:28:23", "2014-03-09 08:30:44", nospace
"2014-03-09 08:33:05", "2014-03-09 08:35:26", nospace
"2014-03-09 08:42:30", "2014-03-09 08:47:11", nospace
"2014-03-09 08:49:33", "2014-03-09 08:51:56", nospace
"2014-03-09 09:01:18", "2014-03-09 09:10:42", nospace
"2014-03-09 09:13:03", "2014-03-09 09:17:44", nospace
"2014-03-09 09:41:49", "2014-03-09 09:44:33", nospace
"2014-03-09 10:03:12", "2014-03-09 10:10:16", nospace
"2014-03-09 11:30:28", "2014-03-09 11:37:23", nospace
"2014-03-09 13:38:04", "2014-03-09 13:47:28", nospace
"2014-03-09 13:49:50", "2014-03-09 13:52:10", nospace
"2014-03-09 17:03:14", "2014-03-09 17:42:51", nospace
"2014-03-09 18:12:24", "2014-03-09 18:36:08", nospace
"2014-03-09 21:56:22", "2014-03-09 23:01:34", nospace
"2014-03-09 23:03:56", "2014-03-09 23:20:28", nospace
"2014-03-09 23:43:46", "2014-03-09 23:46:08", nospace
"2014-03-09 23:48:29", "2014-03-10 00:02:39", nospace
"2014-03-10 00:14:29", "2014-03-10 00:23:54", nospace
"2014-03-10 00:26:17", "2014-03-10 01:03:10", nospace
"2014-03-10 01:56:38", "2014-03-10 02:06:06", nospace
"2014-03-10 02:17:54", "2014-03-10 02:20:16", nospace
"2014-03-10 02:34:26", "2014-03-10 02:39:09", nospace
"2014-03-10 02:53:20", "2014-03-10 02:58:04", nospace
"2014-03-10 04:11:18", "2014-03-10 04:20:45", nospace
"2014-03-10 05:22:15", "2014-03-10 05:26:59", nospace
"2014-03-11 00:33:13", "2014-03-11 00:35:35", nospace
"2014-03-11 00:42:43", "2014-03-11 01:13:36", nospace
"2014-03-11 01:18:21", "2014-03-11 01:42:08", nospace
"2014-03-11 01:44:31", "2014-03-11 01:46:54", nospace
"2014-03-11 01:51:39", "2014-03-11 02:20:10", nospace
"2014-03-11 02:41:34", "2014-03-11 03:05:21", nospace
"2014-03-11 05:57:40", "2014-03-11 06:21:29", nospace
"2014-03-11 06:26:18", "2014-03-11 06:28:41", nospace
"2014-03-11 06:40:56", "2014-03-11 06:59:59", nospace
"2014-03-11 08:47:27", "2014-03-11 09:01:44", nospace
"2014-03-11 09:30:52", "2014-03-11 09:33:14", nospace
"2014-03-11 09:37:59", "2014-03-11 09:40:23", nospace
"2014-03-12 00:14:17", "2014-03-12 00:23:51", nospace
"2014-03-12 07:36:12", "2014-03-12 07:43:24", nospace
"2014-03-14 00:53:16", "2014-03-14 01:06:27", nospace
"2014-03-14 01:11:17", "2014-03-14 01:16:08", nospace
"2014-03-14 01:50:32", "2014-03-14 02:00:07", nospace
"2014-03-14 02:10:47", "2014-03-14 02:12:46", nospace
"2014-03-15 02:25:44", "2014-03-15 02:41:32", nospace
"2014-03-15 07:41:39", "2014-03-15 07:48:57", nospace
"2014-03-15 07:51:23", "2014-03-15 07:56:13", nospace
"2014-03-15 08:08:22", "2014-03-15 08:13:14", nospace
"2014-03-16 03:47:53", "2014-03-16 03:57:43", nospace
"2014-03-16 04:17:12", "2014-03-16 04:24:32", nospace
"2014-03-16 04:34:18", "2014-03-16 04:41:36", nospace
"2014-03-16 04:46:29", "2014-03-16 05:18:19", nospace
"2014-03-16 05:45:51", "2014-03-16 05:58:04", nospace
"2014-03-16 06:00:31", "2014-03-16 06:02:58", nospace
"2014-03-16 06:12:44", "2014-03-16 06:38:23", nospace
"2014-03-16 06:54:11", "2014-03-16 06:57:02", nospace
"2014-03-16 06:59:50", "2014-03-16 07:10:29", nospace
"2014-03-16 07:12:56", "2014-03-16 07:42:24", nospace
"2014-03-16 07:44:52", "2014-03-16 07:49:43", nospace
"2014-03-16 08:04:24", "2014-03-16 08:06:52", nospace
"2014-03-16 08:09:18", "2014-03-16 08:16:37", nospace
"2014-03-16 08:19:05", "2014-03-16 08:26:23", nospace
"2014-03-16 08:31:15", "2014-03-16 08:33:41", nospace
"2014-03-16 08:36:07", "2014-03-16 08:38:34", nospace
"2014-03-16 08:41:00", "2014-03-16 09:05:24", nospace
"2014-03-16 09:10:17", "2014-03-16 09:20:03", nospace
"2014-03-16 09:29:24", "2014-03-16 09:36:08", nospace
"2014-03-16 09:41:22", "2014-03-16 09:42:53", nospace
"2014-03-16 09:55:01", "2014-03-16 09:57:26", nospace
"2014-03-16 10:54:33", "2014-03-16 10:56:59", nospace
"2014-03-16 10:59:27", "2014-03-16 11:04:24", nospace
"2014-03-16 11:14:13", "2014-03-16 11:43:34", nospace
"2014-03-16 13:59:03", "2014-03-16 14:03:56", nospace
"2014-03-16 14:08:51", "2014-03-16 14:27:10", nospace
"2014-03-16 14:37:06", "2014-03-16 14:39:31", nospace
"2014-03-17 00:38:50", "2014-03-17 01:03:10", nospace
"2014-03-17 01:25:14", "2014-03-17 02:19:13", nospace
"2014-03-17 05:51:17", "2014-03-17 05:53:44", nospace
"2014-03-17 05:58:40", "2014-03-17 06:08:31", nospace
"2014-03-17 06:20:47", "2014-03-17 06:30:55", nospace
"2014-03-17 06:36:57", "2014-03-17 06:39:42", nospace
"2014-03-17 06:43:21", "2014-03-17 06:58:39", nospace
"2014-03-17 07:30:34", "2014-03-17 07:33:05", nospace
"2014-03-17 07:42:56", "2014-03-17 07:45:14", nospace
"2014-03-18 00:30:28", "2014-03-18 00:42:31", nospace
"2014-03-18 01:47:31", "2014-03-18 02:02:21", nospace
"2014-03-19 00:14:29", "2014-03-19 00:19:27", nospace
"2014-03-19 00:24:23", "2014-03-19 00:26:52", nospace
"2014-03-19 00:37:41", "2014-03-19 01:09:45", nospace
"2014-03-19 01:22:08", "2014-03-19 01:27:04", nospace
"2014-03-19 11:46:41", "2014-03-19 11:54:08", nobike
"2014-03-19 11:56:36", "2014-03-19 11:59:05", nobike
"2014-03-21 00:35:32", "2014-03-21 00:51:29", nospace
"2014-03-22 07:49:18", "2014-03-22 07:56:52", nospace
"2014-03-22 08:04:26", "2014-03-22 08:09:28", nospace
"2014-03-22 08:24:37", "2014-03-22 08:40:45", nospace
"2014-03-22 09:18:28", "2014-03-22 09:21:00", nospace
"2014-03-22 09:41:24", "2014-03-22 09:51:32", nospace
"2014-03-22 12:11:42", "2014-03-22 12:28:16", nospace
"2014-03-22 14:47:11", "2014-03-22 14:57:31", nospace
"2014-03-22 15:02:33", "2014-03-22 15:25:16", nospace
"2014-03-22 15:53:01", "2014-03-22 16:29:53", nospace
"2014-03-22 23:29:13", "2014-03-22 23:39:23", nospace
"2014-03-23 01:16:19", "2014-03-23 01:30:22", nospace
"2014-03-23 01:32:53", "2014-03-23 01:45:30", nospace
"2014-03-23 02:13:16", "2014-03-23 02:15:47", nospace
"2014-03-23 02:25:56", "2014-03-23 02:31:52", nospace
"2014-03-23 03:14:45", "2014-03-23 03:27:22", nospace
"2014-03-23 03:34:56", "2014-03-23 03:57:40", nospace
"2014-03-23 04:02:45", "2014-03-23 04:25:18", nospace
"2014-03-23 04:26:21", "2014-03-23 04:35:23", nospace
"2014-03-23 04:56:10", "2014-03-23 05:01:14", nospace
"2014-03-23 05:03:47", "2014-03-23 05:18:57", nospace
"2014-03-23 05:50:23", "2014-03-23 05:55:25", nospace
"2014-03-23 06:08:04", "2014-03-23 06:15:41", nospace
"2014-03-23 06:18:14", "2014-03-23 06:23:16", nospace
"2014-03-23 06:43:35", "2014-03-23 06:48:55", nospace
"2014-03-23 07:06:36", "2014-03-23 07:11:40", nospace
"2014-03-23 07:14:13", "2014-03-23 07:26:49", nospace
"2014-03-23 07:29:22", "2014-03-23 07:31:53", nospace
"2014-03-23 08:04:51", "2014-03-23 08:07:23", nospace
"2014-03-23 08:09:54", "2014-03-23 08:14:59", nospace
"2014-03-23 08:25:06", "2014-03-23 08:32:42", nospace
"2014-03-23 08:35:13", "2014-03-23 08:40:18", nospace
"2014-03-23 09:10:40", "2014-03-23 09:25:57", nospace
"2014-03-23 09:31:00", "2014-03-23 09:33:31", nospace
"2014-03-23 09:43:38", "2014-03-23 09:54:42", nospace
"2014-03-23 09:57:14", "2014-03-23 10:02:21", nospace
"2014-03-23 10:09:55", "2014-03-23 10:14:59", nospace
"2014-03-23 10:32:39", "2014-03-23 10:35:13", nospace
"2014-03-23 12:13:59", "2014-03-23 12:16:30", nospace
"2014-03-24 00:38:19", "2014-03-24 00:51:01", nospace
"2014-03-24 03:04:07", "2014-03-24 03:24:28", nospace
"2014-03-24 05:14:35", "2014-03-24 05:24:46", nospace
"2014-03-24 05:45:07", "2014-03-24 05:47:40", nospace
"2014-03-24 06:29:11", "2014-03-24 06:31:59", nospace
"2014-03-24 06:34:01", "2014-03-24 06:34:49", nospace
"2014-03-24 06:38:48", "2014-03-24 07:00:37", nospace
"2014-03-24 07:39:39", "2014-03-24 07:47:17", nospace
"2014-03-24 07:49:52", "2014-03-24 07:57:29", nospace
"2014-03-24 08:02:34", "2014-03-24 08:20:23", nospace
"2014-03-24 08:56:02", "2014-03-24 08:58:34", nospace
"2014-03-24 09:55:29", "2014-03-24 10:05:41", nospace
"2014-03-25 01:17:17", "2014-03-25 01:29:59", nospace
"2014-03-25 02:00:41", "2014-03-25 02:16:01", nospace
"2014-03-25 02:23:41", "2014-03-25 02:36:26", nospace
"2014-03-25 02:58:21", "2014-03-25 03:18:18", nospace
"2014-03-25 03:23:24", "2014-03-25 03:52:27", nospace
"2014-03-25 03:56:56", "2014-03-25 04:08:47", nospace
"2014-03-25 04:23:12", "2014-03-25 04:30:51", nospace
"2014-03-25 05:29:52", "2014-03-25 05:34:58", nospace
"2014-03-25 05:52:48", "2014-03-25 05:55:21", nospace
"2014-03-25 06:00:27", "2014-03-25 06:10:39", nospace
"2014-03-25 06:13:13", "2014-03-25 06:20:53", nospace
"2014-03-25 06:28:36", "2014-03-25 06:32:21", nospace
"2014-03-25 07:12:31", "2014-03-25 07:27:49", nospace
"2014-03-25 07:30:23", "2014-03-25 07:38:01", nospace
"2014-03-25 08:11:14", "2014-03-25 08:13:49", nospace
"2014-03-25 08:31:43", "2014-03-25 08:41:57", nospace
"2014-03-25 08:52:14", "2014-03-25 08:54:47", nospace
"2014-03-26 06:15:09", "2014-03-26 06:29:41", nospace
"2014-03-26 08:22:12", "2014-03-26 08:24:46", nospace
"2014-03-26 08:29:54", "2014-03-26 08:47:52", nospace
"2014-03-26 09:16:04", "2014-03-26 09:32:59", nospace
"2014-03-26 09:45:25", "2014-03-26 09:55:39", nospace
"2014-03-27 00:49:24", "2014-03-27 00:51:58", nospace
"2014-03-27 00:59:47", "2014-03-27 01:07:29", nospace
"2014-03-27 02:01:32", "2014-03-27 02:06:42", nospace
"2014-03-27 02:11:52", "2014-03-27 02:14:27", nospace
"2014-03-27 08:02:09", "2014-03-27 08:07:19", nospace
"2014-03-27 08:22:45", "2014-03-27 08:27:54", nospace
"2014-03-27 08:38:09", "2014-03-27 08:56:12", nospace
"2014-03-27 09:19:22", "2014-03-27 09:45:05", nospace
"2014-03-28 00:44:45", "2014-03-28 01:02:50", nospace
"2014-03-28 01:08:00", "2014-03-28 01:15:44", nospace
"2014-03-28 01:18:20", "2014-03-28 01:29:31", nospace
"2014-03-29 06:20:19", "2014-03-29 06:28:10", nospace
"2014-03-29 06:41:08", "2014-03-29 06:57:00", nospace
"2014-03-29 08:00:31", "2014-03-29 08:05:42", nospace
"2014-03-29 08:08:19", "2014-03-29 08:10:55", nospace
"2014-03-29 08:13:31", "2014-03-29 08:23:57", nospace
"2014-03-29 08:26:33", "2014-03-29 08:29:09", nospace
"2014-03-29 08:31:46", "2014-03-29 08:43:17", nospace
"2014-03-29 09:35:23", "2014-03-29 09:40:35", nospace
"2014-03-29 09:48:24", "2014-03-29 09:56:13", nospace
"2014-03-29 09:58:49", "2014-03-29 10:07:22", nospace
"2014-03-30 03:30:55", "2014-03-30 03:36:09", nospace
"2014-03-30 04:07:25", "2014-03-30 04:19:33", nospace
"2014-03-30 05:15:12", "2014-03-30 05:17:49", nospace
"2014-03-30 05:23:02", "2014-03-30 05:25:38", nospace
"2014-03-30 05:28:13", "2014-03-30 05:41:18", nospace
"2014-03-30 05:49:08", "2014-03-30 05:54:21", nospace
"2014-03-30 05:59:35", "2014-03-30 06:17:53", nospace
"2014-03-30 06:20:28", "2014-03-30 06:23:04", nospace
"2014-03-30 06:26:57", "2014-03-30 06:36:12", nospace
"2014-03-30 06:50:46", "2014-03-30 06:53:30", nospace
"2014-03-30 06:58:43", "2014-03-30 07:03:55", nospace
"2014-03-30 07:22:15", "2014-03-30 07:27:29", nospace
"2014-03-30 07:32:41", "2014-03-30 07:57:56", nospace
"2014-03-30 08:23:33", "2014-03-30 08:26:10", nospace
"2014-03-30 08:36:41", "2014-03-30 08:49:47", nospace
"2014-03-30 13:16:27", "2014-03-30 13:21:41", nospace
"2014-03-30 13:26:55", "2014-03-30 13:29:32", nospace
"2014-03-30 13:55:45", "2014-03-30 14:00:59", nospace
"2014-03-31 00:13:45", "2014-03-31 00:16:42", nospace
"2014-03-31 02:06:36", "2014-03-31 02:19:42", nospace
"2014-03-31 02:23:54", "2014-03-31 02:39:58", nospace
"2014-03-31 02:42:03", "2014-03-31 03:13:23", nospace
"2014-03-31 03:21:15", "2014-03-31 03:57:56", nospace
"2014-03-31 04:08:26", "2014-03-31 04:24:12", nospace
"2014-03-31 04:26:49", "2014-03-31 04:29:26", nospace
"2014-03-31 04:34:42", "2014-03-31 04:36:12", nospace
"2014-03-31 10:06:41", "2014-03-31 10:14:35", nospace
"2014-04-01 01:41:52", "2014-04-01 01:44:33", nospace
"2014-04-01 01:52:45", "2014-04-01 02:01:47", nospace
"2014-04-01 02:14:50", "2014-04-01 02:25:22", nospace
"2014-04-02 00:32:09", "2014-04-02 00:37:25", nospace
"2014-04-04 05:57:01", "2014-04-04 05:59:42", nospace
"2014-04-04 06:07:42", "2014-04-04 06:26:29", nospace
"2014-04-04 06:35:04", "2014-04-04 07:08:13", nospace
"2014-04-04 07:26:55", "2014-04-04 07:34:56", nospace
"2014-04-04 07:43:00", "2014-04-04 07:45:40", nospace
"2014-04-04 08:04:21", "2014-04-04 08:07:00", nospace
"2014-04-04 08:17:43", "2014-04-04 08:23:06", nospace
"2014-04-04 08:28:27", "2014-04-04 08:47:11", nospace
"2014-04-04 09:32:34", "2014-04-04 09:51:16", nospace
"2014-04-04 09:53:56", "2014-04-04 10:04:38", nospace
"2014-04-04 10:07:19", "2014-04-04 10:12:40", nospace
"2014-04-04 10:39:26", "2014-04-04 10:54:07", nospace
"2014-04-04 10:57:04", "2014-04-04 11:08:51", nospace
"2014-04-05 05:13:59", "2014-04-05 05:16:39", nospace
"2014-04-05 05:40:50", "2014-04-05 05:48:53", nospace
"2014-04-05 05:51:38", "2014-04-05 05:56:55", nospace
"2014-04-05 06:06:30", "2014-04-05 06:26:48", nospace
"2014-04-05 06:48:30", "2014-04-05 06:51:31", nospace
"2014-04-05 06:54:31", "2014-04-05 07:17:13", nospace
"2014-04-05 07:30:42", "2014-04-05 07:46:47", nospace
"2014-04-05 07:49:26", "2014-04-05 08:05:32", nospace
"2014-04-05 08:10:53", "2014-04-05 08:21:39", nospace
"2014-04-05 08:35:04", "2014-04-05 08:59:14", nospace
"2014-04-05 09:07:15", "2014-04-05 09:28:44", nospace
"2014-04-05 09:31:26", "2014-04-05 09:47:32", nospace
"2014-04-05 10:03:40", "2014-04-05 10:09:01", nospace
"2014-04-05 10:11:42", "2014-04-05 10:27:49", nospace
"2014-04-05 11:18:54", "2014-04-05 11:24:16", nospace
"2014-04-06 05:23:16", "2014-04-06 05:25:57", nospace
"2014-04-06 05:42:07", "2014-04-06 06:17:15", nospace
"2014-04-06 06:32:04", "2014-04-06 06:44:36", nospace
"2014-04-06 06:52:43", "2014-04-06 07:03:31", nospace
"2014-04-06 07:06:13", "2014-04-06 07:08:54", nospace
"2014-04-06 07:14:51", "2014-04-06 07:20:12", nospace
"2014-04-06 07:20:58", "2014-04-06 07:34:30", nospace
"2014-04-06 07:45:16", "2014-04-06 07:54:25", nospace
"2014-04-06 12:07:13", "2014-04-06 12:11:51", nospace
"2014-04-06 12:13:49", "2014-04-06 12:30:02", nospace
"2014-04-07 17:02:17", "2014-04-07 21:55:52", nospace
"2014-04-08 00:07:34", "2014-04-08 00:15:44", nospace
"2014-04-08 00:23:53", "2014-04-08 00:29:18", nospace
"2014-04-08 00:32:00", "2014-04-08 00:56:27", nospace
"2014-04-08 05:17:27", "2014-04-08 05:22:52", nospace
"2014-04-08 07:18:36", "2014-04-08 07:32:46", nospace
"2014-04-08 08:16:14", "2014-04-08 08:27:01", nospace
"2014-04-08 08:27:47", "2014-04-08 08:32:45", nospace
"2014-04-08 08:35:44", "2014-04-08 08:50:35", nospace
"2014-04-09 01:48:15", "2014-04-09 01:50:57", nospace
"2014-04-09 09:45:50", "2014-04-09 09:59:27", nobike
"2014-04-09 10:29:25", "2014-04-09 10:32:07", nobike
"2014-04-09 10:42:59", "2014-04-09 10:59:22", nobike
"2014-04-10 04:42:40", "2014-04-10 04:48:07", nospace
"2014-04-10 05:50:59", "2014-04-10 06:04:37", nospace
"2014-04-10 06:27:29", "2014-04-10 06:33:03", nospace
"2014-04-10 06:34:50", "2014-04-10 06:55:50", nospace
"2014-04-10 06:58:35", "2014-04-10 07:15:00", nospace
"2014-04-11 10:36:41", "2014-04-11 10:47:40", nospace
"2014-04-12 02:45:13", "2014-04-12 02:47:59", nospace
"2014-04-12 04:50:41", "2014-04-12 04:53:27", nospace
"2014-04-12 04:56:12", "2014-04-12 04:58:57", nospace
"2014-04-12 05:01:40", "2014-04-12 05:04:26", nospace
"2014-04-12 07:29:42", "2014-04-12 07:37:57", nospace
"2014-04-12 07:46:11", "2014-04-12 07:48:57", nospace
"2014-04-12 08:05:28", "2014-04-12 08:08:12", nospace
"2014-04-12 10:05:46", "2014-04-12 10:11:16", nospace
"2014-04-12 10:14:22", "2014-04-12 10:17:29", nospace
"2014-04-12 10:35:12", "2014-04-12 10:45:44", nospace
"2014-04-12 10:51:16", "2014-04-12 10:59:31", nospace
"2014-04-12 11:10:32", "2014-04-12 11:32:34", nospace
"2014-04-13 09:35:14", "2014-04-13 09:36:05", nospace
"2014-04-14 04:10:09", "2014-04-14 04:12:55", nospace
"2014-04-14 04:45:54", "2014-04-14 04:47:51", nospace
"2014-04-15 00:52:55", "2014-04-15 00:55:42", nospace
"2014-04-15 06:16:05", "2014-04-15 06:20:57", nospace
"2014-04-15 06:43:42", "2014-04-15 06:57:39", nospace
"2014-04-16 09:06:02", "2014-04-16 09:08:49", nospace
"2014-04-16 09:11:36", "2014-04-16 09:36:40", nospace
"2014-04-16 09:38:31", "2014-04-16 09:41:18", nospace
"2014-04-17 04:48:49", "2014-04-17 05:08:27", nospace
"2014-04-17 05:25:19", "2014-04-17 05:33:43", nospace
"2014-04-17 05:57:58", "2014-04-17 06:23:12", nospace
"2014-04-17 06:24:44", "2014-04-17 06:30:59", nospace
"2014-04-17 06:32:46", "2014-04-17 06:37:48", nospace
"2014-04-17 06:56:40", "2014-04-17 07:33:08", nospace
"2014-04-17 15:17:15", "2014-04-17 15:34:07", nobike
"2014-04-18 09:44:48", "2014-04-18 10:01:44", nospace
"2014-04-18 11:37:33", "2014-04-18 11:48:52", nospace
"2014-04-18 11:51:41", "2014-04-18 12:02:58", nospace
"2014-04-18 12:08:38", "2014-04-18 12:09:50", nospace
"2014-04-18 12:12:23", "2014-04-18 12:22:48", nospace
"2014-04-19 04:41:23", "2014-04-19 04:46:39", nospace
"2014-04-19 04:51:04", "2014-04-19 04:53:54", nospace
"2014-04-19 04:56:45", "2014-04-19 05:13:43", nospace
"2014-04-19 05:48:12", "2014-04-19 05:51:22", nospace
"2014-04-19 05:58:12", "2014-04-19 06:01:02", nospace
"2014-04-19 06:48:41", "2014-04-19 07:02:48", nospace
"2014-04-19 07:16:58", "2014-04-19 07:22:38", nospace
"2014-04-19 07:31:07", "2014-04-19 07:39:37", nospace
"2014-04-19 08:13:20", "2014-04-19 08:26:55", nospace
"2014-04-19 08:35:26", "2014-04-19 08:55:14", nospace
"2014-04-19 09:03:45", "2014-04-19 09:06:34", nospace
"2014-04-19 09:48:21", "2014-04-19 09:54:02", nospace
"2014-04-19 09:59:41", "2014-04-19 10:10:59", nospace
"2014-04-19 10:19:31", "2014-04-19 10:36:28", nospace
"2014-04-19 10:42:08", "2014-04-19 10:47:48", nospace
"2014-04-19 13:19:44", "2014-04-19 13:25:24", nospace
"2014-04-19 22:26:58", "2014-04-19 23:34:07", nospace
"2014-04-19 23:36:58", "2014-04-19 23:54:00", nospace
"2014-04-20 00:28:02", "2014-04-20 00:30:52", nospace
"2014-04-20 02:07:22", "2014-04-20 02:30:06", nospace
"2014-04-20 06:09:25", "2014-04-20 06:12:16", nospace
"2014-04-20 08:02:32", "2014-04-20 08:11:03", nospace
"2014-04-20 09:04:00", "2014-04-20 09:06:51", nospace
"2014-04-20 09:12:43", "2014-04-20 09:19:03", nospace
"2014-04-20 09:20:48", "2014-04-20 09:21:40", nospace
"2014-04-20 09:37:07", "2014-04-20 09:51:19", nospace
"2014-04-20 09:54:10", "2014-04-20 09:57:01", nospace
"2014-04-20 13:40:33", "2014-04-20 13:54:45", nospace
"2014-04-20 23:52:05", "2014-04-20 23:57:46", nospace
"2014-04-21 00:00:36", "2014-04-21 00:20:31", nospace
"2014-04-21 00:23:23", "2014-04-21 00:29:05", nospace
"2014-04-21 00:31:55", "2014-04-21 00:34:46", nospace
"2014-04-21 00:37:35", "2014-04-21 00:48:58", nospace
"2014-04-21 00:57:31", "2014-04-21 01:08:52", nospace
"2014-04-21 02:08:38", "2014-04-21 02:17:11", nospace
"2014-04-21 02:20:02", "2014-04-21 02:22:53", nospace
"2014-04-21 02:44:53", "2014-04-21 02:48:04", nospace
"2014-04-21 02:53:11", "2014-04-21 02:55:59", nospace
"2014-04-21 03:15:54", "2014-04-21 03:46:12", nospace
"2014-04-21 04:03:20", "2014-04-21 04:06:10", nospace
"2014-04-21 04:09:03", "2014-04-21 04:11:53", nospace
"2014-04-21 07:30:48", "2014-04-21 07:33:38", nospace
"2014-04-21 07:50:45", "2014-04-21 07:59:16", nospace
"2014-04-21 08:13:31", "2014-04-21 08:29:40", nospace
"2014-04-23 06:52:39", "2014-04-23 07:01:22", nospace
"2014-04-23 07:12:51", "2014-04-23 07:21:27", nospace
"2014-04-23 07:30:06", "2014-04-23 07:35:49", nospace
"2014-04-23 07:52:07", "2014-04-23 08:00:44", nospace
"2014-04-23 08:12:13", "2014-04-23 08:15:05", nospace
"2014-04-23 08:23:46", "2014-04-23 08:29:30", nospace
"2014-04-26 03:37:25", "2014-04-26 03:56:10", nospace
"2014-04-26 04:20:04", "2014-04-26 04:25:53", nospace
"2014-04-26 04:31:39", "2014-04-26 04:37:27", nospace
"2014-04-26 05:28:48", "2014-04-26 05:31:43", nospace
"2014-04-26 05:34:38", "2014-04-26 05:37:32", nospace
"2014-04-26 05:40:27", "2014-04-26 05:43:21", nospace
"2014-04-26 05:46:16", "2014-04-26 05:52:02", nospace
"2014-04-26 05:57:50", "2014-04-26 06:00:44", nospace
"2014-04-26 06:09:25", "2014-04-26 06:18:07", nospace
"2014-04-26 07:50:37", "2014-04-26 07:56:26", nospace
"2014-04-26 08:08:03", "2014-04-26 08:19:38", nospace
"2014-04-26 11:06:14", "2014-04-26 11:20:57", nospace
"2014-04-26 13:54:50", "2014-04-26 14:01:15", nospace
"2014-04-26 14:19:22", "2014-04-26 14:36:49", nospace
"2014-04-26 14:45:31", "2014-04-26 14:48:25", nospace
"2014-04-27 02:01:07", "2014-04-27 02:22:05", nospace
"2014-04-27 02:25:20", "2014-04-27 02:35:37", nospace
"2014-04-27 02:37:44", "2014-04-27 02:49:41", nospace
"2014-04-27 03:24:34", "2014-04-27 03:47:50", nospace
"2014-04-27 03:53:39", "2014-04-27 04:11:05", nospace
"2014-04-27 04:39:18", "2014-04-27 04:50:54", nospace
"2014-04-27 04:53:49", "2014-04-27 05:08:21", nospace
"2014-04-27 06:20:19", "2014-04-27 06:32:25", nospace
"2014-04-27 06:38:14", "2014-04-27 07:34:57", nospace
"2014-04-27 07:39:07", "2014-04-27 08:13:35", nospace
"2014-04-27 08:25:15", "2014-04-27 08:28:10", nospace
"2014-04-27 08:31:04", "2014-04-27 08:39:49", nospace
"2014-04-27 09:00:15", "2014-04-27 09:09:00", nospace
"2014-04-27 09:49:49", "2014-04-27 09:58:34", nospace
"2014-04-27 13:03:37", "2014-04-27 13:06:32", nospace
"2014-04-27 13:09:27", "2014-04-27 13:15:16", nospace
"2014-04-27 15:05:05", "2014-04-27 15:18:53", nospace
"2014-04-27 16:31:54", "2014-04-27 16:37:43", nospace
"2014-04-27 23:47:07", "2014-04-27 23:57:14", nospace
"2014-04-28 00:05:02", "2014-04-28 00:42:58", nospace
"2014-04-28 00:45:53", "2014-04-28 01:06:19", nospace
"2014-04-28 11:15:00", "2014-04-28 11:23:47", nospace
"2014-05-02 04:31:28", "2014-05-02 04:34:26", nospace
"2014-05-02 04:40:20", "2014-05-02 04:52:10", nospace
"2014-05-02 06:23:13", "2014-05-02 06:29:16", nospace
"2014-05-02 06:32:12", "2014-05-02 06:35:22", nospace
"2014-05-02 06:38:29", "2014-05-02 06:41:28", nospace
"2014-05-02 06:47:22", "2014-05-02 06:53:19", nospace
"2014-05-02 06:56:17", "2014-05-02 07:05:09", nospace
"2014-05-02 08:16:16", "2014-05-02 08:28:11", nospace
"2014-05-02 08:34:06", "2014-05-02 08:37:04", nospace
"2014-05-02 11:34:30", "2014-05-02 11:37:30", nospace
"2014-05-03 03:35:26", "2014-05-03 03:44:20", nospace
"2014-05-03 03:53:15", "2014-05-03 03:59:11", nospace
"2014-05-03 05:45:32", "2014-05-03 05:48:29", nospace
"2014-05-03 06:03:21", "2014-05-03 06:09:19", nospace
"2014-05-03 06:21:14", "2014-05-03 06:27:15", nospace
"2014-05-03 06:42:26", "2014-05-03 07:00:16", nospace
"2014-05-03 07:03:14", "2014-05-03 07:41:47", nospace
"2014-05-03 08:07:12", "2014-05-03 08:12:51", nospace
"2014-05-03 08:22:14", "2014-05-03 08:43:05", nospace
"2014-05-03 09:12:51", "2014-05-03 09:18:50", nospace
"2014-05-03 10:12:21", "2014-05-03 10:15:17", nospace
"2014-05-03 11:59:18", "2014-05-03 12:05:17", nospace
"2014-05-03 12:31:58", "2014-05-03 12:40:53", nospace
"2014-05-03 14:18:23", "2014-05-03 14:54:06", nospace
"2014-05-03 15:06:02", "2014-05-03 15:12:00", nospace
"2014-05-03 15:14:59", "2014-05-03 15:44:43", nospace
"2014-05-04 06:14:05", "2014-05-04 06:19:16", nospace
"2014-05-04 06:26:01", "2014-05-04 06:33:57", nospace
"2014-05-04 06:36:56", "2014-05-04 06:42:55", nospace
"2014-05-04 06:46:21", "2014-05-04 06:55:23", nospace
"2014-05-04 07:07:16", "2014-05-04 07:19:09", nospace
"2014-05-04 08:54:32", "2014-05-04 08:57:29", nospace
"2014-05-04 09:00:28", "2014-05-04 09:03:27", nospace
"2014-05-04 09:06:27", "2014-05-04 09:12:26", nospace
"2014-05-04 09:27:22", "2014-05-04 09:30:20", nospace
"2014-05-04 09:40:28", "2014-05-04 09:42:26", nospace
"2014-05-04 09:57:51", "2014-05-04 10:17:20", nospace
"2014-05-08 03:59:45", "2014-05-08 04:14:50", nospace
"2014-05-08 04:32:11", "2014-05-08 04:33:06", nospace
"2014-05-08 04:53:25", "2014-05-08 05:17:37", nospace
"2014-05-08 05:23:39", "2014-05-08 05:53:52", nospace
