"2013-11-28 00:10:48", "2013-11-28 00:16:40", nospace
"2013-11-28 10:25:57", "2013-11-28 10:46:40", nobike
"2013-11-28 14:10:55", "2013-11-28 14:34:40", nobike
"2013-11-28 23:16:44", "2013-11-28 23:19:43", nospace
"2013-11-28 23:31:39", "2013-11-28 23:40:58", nospace
"2013-11-28 23:46:55", "2013-11-28 23:49:54", nospace
"2013-11-29 00:04:51", "2013-11-29 00:37:56", nospace
"2013-11-29 23:50:02", "2013-11-29 23:53:02", nospace
"2013-11-30 00:25:45", "2013-11-30 00:34:48", nospace
"2013-11-30 00:37:49", "2013-11-30 00:43:49", nospace
"2013-11-30 01:35:01", "2013-11-30 01:38:02", nospace
"2013-11-30 01:41:02", "2013-11-30 01:44:04", nospace
"2013-11-30 01:46:42", "2013-11-30 01:49:43", nospace
"2013-11-30 04:13:54", "2013-11-30 04:38:04", nospace
"2013-11-30 05:52:47", "2013-11-30 06:10:55", nospace
"2013-11-30 06:13:56", "2013-11-30 06:29:00", nospace
"2013-11-30 06:47:04", "2013-11-30 06:58:46", nospace
"2013-11-30 07:04:51", "2013-11-30 08:28:52", nospace
"2013-11-30 08:50:02", "2013-11-30 08:53:03", nospace
"2013-11-30 09:01:47", "2013-11-30 09:04:49", nospace
"2013-11-30 09:19:55", "2013-11-30 09:25:58", nospace
"2013-11-30 10:37:44", "2013-11-30 10:43:47", nospace
"2013-11-30 13:53:05", "2013-11-30 13:56:06", nobike
"2013-11-30 14:01:48", "2013-11-30 14:31:45", nobike
"2013-12-01 06:32:08", "2013-12-01 06:34:49", nospace
"2013-12-01 06:38:03", "2013-12-01 06:41:07", nospace
"2013-12-01 06:49:57", "2013-12-01 06:53:00", nospace
"2013-12-01 07:04:53", "2013-12-01 07:22:54", nospace
"2013-12-01 07:37:48", "2013-12-01 08:46:48", nospace
"2013-12-01 08:49:50", "2013-12-01 09:02:05", nospace
"2013-12-01 11:04:53", "2013-12-01 11:17:08", nobike
"2013-12-01 11:56:08", "2013-12-01 12:01:57", nospace
"2013-12-01 12:05:01", "2013-12-01 12:40:56", nospace
"2013-12-01 15:40:59", "2013-12-01 15:47:08", nobike
"2013-12-01 23:34:52", "2013-12-01 23:44:03", nospace
"2013-12-02 05:19:53", "2013-12-02 05:22:59", nospace
"2013-12-02 05:29:09", "2013-12-02 05:58:54", nospace
"2013-12-02 10:35:04", "2013-12-02 10:38:10", nobike
"2013-12-02 10:56:01", "2013-12-02 11:02:11", nobike
"2013-12-02 14:29:09", "2013-12-02 14:44:14", nobike
"2013-12-02 23:20:07", "2013-12-02 23:59:01", nospace
"2013-12-03 01:59:02", "2013-12-03 02:05:14", nospace
"2013-12-03 02:32:08", "2013-12-03 02:35:15", nospace
"2013-12-03 08:35:08", "2013-12-03 08:40:58", nospace
"2013-12-03 08:47:11", "2013-12-03 08:53:04", nospace
"2013-12-03 08:56:11", "2013-12-03 09:11:05", nospace
"2013-12-03 09:16:57", "2013-12-03 09:20:05", nospace
"2013-12-03 13:25:57", "2013-12-03 14:26:05", nobike
"2013-12-03 23:20:15", "2013-12-03 23:26:08", nospace
"2013-12-03 23:29:16", "2013-12-03 23:32:00", nospace
"2013-12-04 01:14:18", "2013-12-04 01:20:10", nospace
"2013-12-04 01:23:18", "2013-12-04 01:29:11", nospace
"2013-12-04 07:41:06", "2013-12-04 07:50:07", nospace
"2013-12-04 08:38:09", "2013-12-04 08:41:18", nospace
"2013-12-04 08:47:13", "2013-12-04 08:53:07", nospace
"2013-12-04 08:59:04", "2013-12-04 09:02:14", nospace
"2013-12-04 09:17:16", "2013-12-04 09:20:04", nospace
"2013-12-04 11:20:09", "2013-12-04 11:47:00", nobike
"2013-12-04 23:11:19", "2013-12-04 23:53:13", nospace
"2013-12-05 00:59:11", "2013-12-05 01:38:22", nospace
"2013-12-05 07:50:01", "2013-12-05 07:53:11", nospace
"2013-12-05 14:29:09", "2013-12-05 15:35:12", nobike
"2013-12-05 23:11:09", "2013-12-05 23:23:15", nospace
"2013-12-05 23:26:04", "2013-12-05 23:44:15", nospace
"2013-12-06 01:14:06", "2013-12-06 01:29:12", nospace
"2013-12-06 05:26:09", "2013-12-06 05:29:27", nospace
"2013-12-06 05:32:21", "2013-12-06 06:02:21", nospace
"2013-12-06 06:29:24", "2013-12-06 06:38:22", nospace
"2013-12-06 06:56:03", "2013-12-06 07:08:16", nospace
"2013-12-06 07:20:19", "2013-12-06 07:53:04", nospace
"2013-12-06 07:56:20", "2013-12-06 07:59:12", nospace
"2013-12-06 08:14:16", "2013-12-06 08:26:07", nospace
"2013-12-06 08:29:22", "2013-12-06 08:44:08", nospace
"2013-12-06 08:47:26", "2013-12-06 08:53:12", nospace
"2013-12-06 09:02:18", "2013-12-06 09:05:12", nospace
"2013-12-06 09:50:11", "2013-12-06 09:53:24", nospace
"2013-12-06 11:32:12", "2013-12-06 11:35:28", nobike
"2013-12-06 13:05:21", "2013-12-06 13:08:15", nospace
"2013-12-07 01:29:29", "2013-12-07 01:53:12", nospace
"2013-12-07 04:41:19", "2013-12-07 05:05:30", nospace
"2013-12-07 05:20:30", "2013-12-07 05:26:20", nospace
"2013-12-07 05:29:17", "2013-12-07 05:32:11", nospace
"2013-12-07 05:53:28", "2013-12-07 05:56:23", nospace
"2013-12-07 06:14:22", "2013-12-07 06:17:17", nospace
"2013-12-07 06:26:08", "2013-12-07 06:29:26", nospace
"2013-12-07 06:56:31", "2013-12-07 07:05:35", nospace
"2013-12-07 07:11:27", "2013-12-07 07:17:19", nospace
"2013-12-07 07:23:10", "2013-12-07 07:35:15", nospace
"2013-12-07 07:38:11", "2013-12-07 07:50:19", nospace
"2013-12-07 07:53:15", "2013-12-07 08:17:26", nospace
"2013-12-07 08:26:08", "2013-12-07 08:44:09", nospace
"2013-12-07 08:50:23", "2013-12-07 08:53:16", nospace
"2013-12-07 08:56:11", "2013-12-07 08:59:31", nospace
"2013-12-07 09:02:24", "2013-12-07 09:14:26", nospace
"2013-12-07 10:44:12", "2013-12-07 10:53:23", nobike
"2013-12-07 10:56:17", "2013-12-07 10:59:12", nobike
"2013-12-07 11:23:23", "2013-12-07 11:26:19", nobike
"2013-12-07 15:26:32", "2013-12-07 15:56:18", nobike
"2013-12-08 00:41:17", "2013-12-08 00:44:19", nospace
"2013-12-08 00:47:24", "2013-12-08 01:02:10", nospace
"2013-12-08 02:41:28", "2013-12-08 02:44:34", nospace
"2013-12-08 02:47:13", "2013-12-08 02:50:26", nospace
"2013-12-08 03:08:32", "2013-12-08 03:20:31", nospace
"2013-12-08 03:23:11", "2013-12-08 03:47:28", nospace
"2013-12-08 03:59:19", "2013-12-08 04:08:33", nospace
"2013-12-08 04:20:13", "2013-12-08 04:29:29", nospace
"2013-12-08 04:53:15", "2013-12-08 05:08:12", nospace
"2013-12-08 05:14:30", "2013-12-08 05:17:31", nospace
"2013-12-08 06:02:24", "2013-12-08 06:05:30", nospace
"2013-12-08 06:11:19", "2013-12-08 06:17:28", nospace
"2013-12-08 07:11:17", "2013-12-08 07:23:22", nospace
"2013-12-08 07:26:26", "2013-12-08 07:47:36", nospace
"2013-12-08 07:50:17", "2013-12-08 07:53:28", nospace
"2013-12-08 08:11:30", "2013-12-08 08:17:31", nospace
"2013-12-08 08:20:19", "2013-12-08 08:47:16", nospace
"2013-12-08 08:50:29", "2013-12-08 09:32:21", nospace
"2013-12-08 09:38:20", "2013-12-08 09:41:34", nospace
"2013-12-08 11:47:17", "2013-12-08 11:50:27", nobike
"2013-12-08 12:11:35", "2013-12-08 12:29:33", nobike
"2013-12-08 13:23:29", "2013-12-08 13:59:24", nobike
"2013-12-08 14:02:34", "2013-12-08 14:05:15", nobike
"2013-12-09 10:20:15", "2013-12-09 10:29:30", nobike
"2013-12-09 10:41:21", "2013-12-09 10:47:35", nobike
"2013-12-09 13:53:44", "2013-12-09 14:29:36", nobike
"2013-12-09 23:47:46", "2013-12-09 23:50:38", nospace
"2013-12-09 23:53:17", "2013-12-09 23:56:28", nospace
"2013-12-09 23:59:37", "2013-12-10 00:05:27", nospace
"2013-12-10 01:32:38", "2013-12-10 01:44:45", nospace
"2013-12-10 01:47:24", "2013-12-10 01:50:34", nospace
"2013-12-10 01:59:36", "2013-12-10 02:08:37", nospace
"2013-12-10 09:05:21", "2013-12-10 09:17:45", nobike
"2013-12-10 09:20:35", "2013-12-10 09:23:23", nobike
"2013-12-10 09:32:48", "2013-12-10 09:41:47", nobike
"2013-12-10 09:53:37", "2013-12-10 10:02:39", nobike
"2013-12-10 10:05:27", "2013-12-10 10:41:29", nobike
"2013-12-10 10:44:50", "2013-12-10 10:47:40", nobike
"2013-12-10 13:50:19", "2013-12-10 14:02:44", nobike
"2013-12-10 14:14:20", "2013-12-10 14:26:24", nobike
"2013-12-10 15:47:38", "2013-12-10 15:53:50", nobike
"2013-12-10 15:56:40", "2013-12-10 16:23:51", nobike
"2013-12-10 23:23:40", "2013-12-10 23:26:33", nospace
"2013-12-11 01:35:49", "2013-12-11 01:38:42", nospace
"2013-12-11 10:26:38", "2013-12-11 10:38:23", nobike
"2013-12-11 10:41:30", "2013-12-11 11:05:44", nobike
"2013-12-11 11:27:10", "2013-12-11 11:29:57", nospace
"2013-12-11 11:35:31", "2013-12-11 11:44:52", nospace
"2013-12-11 13:23:43", "2013-12-11 13:35:32", nobike
"2013-12-11 13:44:49", "2013-12-11 13:50:24", nobike
"2013-12-12 11:08:26", "2013-12-12 11:20:47", nobike
"2013-12-12 14:35:49", "2013-12-12 14:56:50", nobike
"2013-12-12 15:15:01", "2013-12-12 15:23:33", nobike
"2013-12-12 23:50:32", "2013-12-12 23:56:31", nospace
"2013-12-12 23:59:47", "2013-12-13 00:03:05", nospace
"2013-12-13 00:59:45", "2013-12-13 01:03:03", nospace
"2013-12-13 01:09:02", "2013-12-13 01:23:37", nospace
"2013-12-13 10:23:42", "2013-12-13 10:32:36", nospace
"2013-12-13 11:14:37", "2013-12-13 11:18:02", nospace
"2013-12-13 11:35:47", "2013-12-13 11:41:56", nospace
"2013-12-13 11:50:49", "2013-12-13 11:53:34", nospace
"2013-12-13 15:08:46", "2013-12-13 15:11:30", nobike
"2013-12-14 04:21:06", "2013-12-14 04:26:41", nospace
"2013-12-14 04:38:31", "2013-12-14 04:41:56", nospace
"2013-12-14 07:41:58", "2013-12-14 07:45:32", nospace
"2013-12-15 23:08:56", "2013-12-15 23:23:50", nospace
"2013-12-16 01:39:16", "2013-12-16 01:45:15", nospace
"2013-12-16 01:48:14", "2013-12-16 02:18:07", nospace
"2013-12-16 02:39:01", "2013-12-16 02:53:42", nospace
"2013-12-16 02:56:42", "2013-12-16 03:39:02", nospace
"2013-12-16 03:48:00", "2013-12-16 04:05:57", nospace
"2013-12-16 04:11:56", "2013-12-16 04:14:56", nospace
"2013-12-16 04:29:52", "2013-12-16 04:32:51", nospace
"2013-12-16 04:47:44", "2013-12-16 04:59:58", nospace
"2013-12-16 05:17:57", "2013-12-16 05:23:57", nospace
"2013-12-16 05:35:48", "2013-12-16 05:53:48", nospace
"2013-12-16 05:59:45", "2013-12-16 06:33:10", nospace
"2013-12-16 06:35:46", "2013-12-16 06:45:08", nospace
"2013-12-16 07:09:08", "2013-12-16 07:32:54", nospace
"2013-12-16 08:47:46", "2013-12-16 09:05:59", nospace
"2013-12-17 23:26:51", "2013-12-17 23:33:14", nospace
"2013-12-17 23:45:08", "2013-12-17 23:57:03", nospace
"2013-12-18 00:47:58", "2013-12-18 00:51:10", nospace
"2013-12-18 00:59:58", "2013-12-18 01:02:48", nospace
"2013-12-18 01:08:50", "2013-12-18 01:29:52", nospace
"2013-12-18 03:39:23", "2013-12-18 03:45:02", nospace
"2013-12-18 04:27:06", "2013-12-18 04:33:32", nospace
"2013-12-18 04:35:57", "2013-12-18 04:39:12", nospace
"2013-12-18 04:44:50", "2013-12-18 04:51:17", nospace
"2013-12-18 04:54:29", "2013-12-18 05:03:23", nospace
"2013-12-19 14:00:20", "2013-12-19 14:36:03", nobike
"2013-12-19 23:18:33", "2013-12-19 23:27:10", nospace
"2013-12-19 23:30:37", "2013-12-19 23:36:38", nospace
"2013-12-19 23:39:14", "2013-12-19 23:48:39", nospace
"2013-12-19 23:51:12", "2013-12-19 23:57:13", nospace
"2013-12-20 00:09:15", "2013-12-20 00:12:40", nospace
"2013-12-22 07:24:38", "2013-12-22 07:27:26", nospace
"2013-12-22 08:36:17", "2013-12-22 08:39:05", nospace
"2013-12-22 09:06:06", "2013-12-22 09:12:37", nospace
"2013-12-22 11:39:29", "2013-12-22 11:42:07", nobike
"2013-12-22 16:00:00", "2013-12-22 16:15:43", nobike
"2013-12-23 09:33:50", "2013-12-23 09:45:12", nobike
"2013-12-23 09:48:03", "2013-12-23 09:51:51", nobike
"2013-12-23 10:18:23", "2013-12-23 10:42:19", nobike
"2013-12-23 10:51:37", "2013-12-23 11:00:08", nobike
"2013-12-23 11:03:56", "2013-12-23 11:30:31", nobike
"2013-12-23 11:33:22", "2013-12-23 11:45:43", nobike
"2013-12-23 11:48:33", "2013-12-23 12:00:54", nobike
"2013-12-24 09:27:55", "2013-12-24 10:00:36", nobike
"2013-12-24 10:03:28", "2013-12-24 10:15:58", nobike
"2013-12-24 11:00:11", "2013-12-24 11:06:56", nobike
"2013-12-24 11:12:44", "2013-12-24 11:18:31", nobike
"2013-12-25 09:51:29", "2013-12-25 09:57:23", nobike
"2013-12-25 10:06:13", "2013-12-25 10:12:09", nobike
"2013-12-25 10:27:50", "2013-12-25 10:48:39", nobike
"2013-12-25 13:39:47", "2013-12-25 14:00:36", nobike
"2013-12-26 11:24:50", "2013-12-26 12:03:21", nobike
"2013-12-26 12:06:27", "2013-12-26 12:13:12", nobike
"2013-12-26 13:48:48", "2013-12-26 13:55:02", nobike
"2013-12-26 23:22:00", "2013-12-26 23:39:39", nospace
"2013-12-27 04:36:50", "2013-12-27 04:42:32", nospace
"2013-12-27 04:45:35", "2013-12-27 04:48:18", nospace
"2013-12-27 06:16:08", "2013-12-27 06:33:48", nospace
"2013-12-27 06:37:14", "2013-12-27 07:12:39", nospace
"2013-12-27 08:33:56", "2013-12-27 08:37:04", nospace
"2013-12-27 10:48:38", "2013-12-27 10:51:46", nobike
"2013-12-27 11:06:19", "2013-12-27 11:25:07", nobike
"2013-12-28 07:15:32", "2013-12-28 07:18:46", nospace
"2013-12-28 07:21:58", "2013-12-28 07:30:33", nospace
"2013-12-28 07:33:45", "2013-12-28 07:42:21", nospace
"2013-12-28 09:18:59", "2013-12-28 09:30:45", nospace
"2013-12-28 14:33:57", "2013-12-28 14:49:00", nobike
"2013-12-29 14:00:39", "2013-12-29 14:06:58", nobike
"2013-12-29 14:15:37", "2013-12-29 15:01:12", nobike
"2013-12-29 15:04:25", "2013-12-29 15:09:50", nobike
"2013-12-29 15:18:49", "2013-12-29 16:00:36", nobike
"2013-12-29 23:13:17", "2013-12-29 23:15:28", nospace
"2013-12-29 23:18:45", "2013-12-29 23:34:02", nospace
"2013-12-30 03:42:46", "2013-12-30 04:01:15", nospace
"2013-12-30 04:18:43", "2013-12-30 04:30:45", nospace
"2013-12-30 04:46:03", "2013-12-30 05:13:13", nospace
"2013-12-30 05:51:45", "2013-12-30 06:10:21", nospace
"2013-12-30 10:09:48", "2013-12-30 10:49:21", nobike
"2013-12-30 10:54:53", "2013-12-30 11:03:30", nobike
"2013-12-30 12:31:19", "2013-12-30 12:33:31", nobike
"2013-12-30 14:46:13", "2013-12-30 15:07:29", nobike
"2013-12-31 00:10:07", "2013-12-31 00:13:25", nobike
"2013-12-31 07:27:30", "2013-12-31 07:30:52", nospace
"2013-12-31 08:30:46", "2013-12-31 08:39:45", nospace
"2013-12-31 08:46:29", "2013-12-31 08:49:04", nospace
"2013-12-31 08:52:06", "2013-12-31 08:55:27", nospace
"2013-12-31 13:33:41", "2013-12-31 14:52:24", nospace
"2013-12-31 15:03:38", "2013-12-31 15:10:21", nospace
"2013-12-31 15:15:57", "2013-12-31 15:43:04", nospace
"2013-12-31 15:57:39", "2013-12-31 16:01:01", nospace
"2014-01-01 01:51:59", "2014-01-01 02:04:27", nospace
"2014-01-01 02:31:33", "2014-01-01 02:40:32", nospace
"2014-01-01 02:55:13", "2014-01-01 03:09:52", nospace
"2014-01-01 03:25:04", "2014-01-01 03:37:09", nospace
"2014-01-01 05:58:10", "2014-01-01 06:01:35", nospace
"2014-01-01 06:04:00", "2014-01-01 07:19:10", nospace
"2014-01-01 07:22:39", "2014-01-01 07:36:37", nospace
"2014-01-01 08:01:00", "2014-01-01 08:04:29", nospace
"2014-01-01 08:06:48", "2014-01-01 08:10:17", nospace
"2014-01-01 08:12:38", "2014-01-01 08:42:47", nospace
"2014-01-01 08:46:15", "2014-01-01 08:55:27", nospace
"2014-01-01 08:57:44", "2014-01-01 09:04:40", nospace
"2014-01-01 09:10:27", "2014-01-01 09:12:45", nospace
"2014-01-01 09:27:47", "2014-01-01 09:31:15", nospace
"2014-01-01 13:55:06", "2014-01-01 14:28:35", nobike
"2014-01-01 23:12:58", "2014-01-01 23:16:25", nospace
"2014-01-01 23:22:13", "2014-01-01 23:25:42", nospace
"2014-01-01 23:31:29", "2014-01-01 23:33:47", nospace
"2014-01-01 23:48:50", "2014-01-02 00:03:49", nospace
"2014-01-02 09:40:30", "2014-01-02 10:01:15", nobike
"2014-01-02 10:04:44", "2014-01-02 10:07:03", nobike
"2014-01-02 10:10:28", "2014-01-02 10:46:16", nobike
"2014-01-02 11:01:20", "2014-01-02 11:03:40", nospace
"2014-01-02 14:33:38", "2014-01-02 14:40:39", nobike
"2014-01-02 23:25:34", "2014-01-02 23:31:25", nospace
"2014-01-02 23:43:08", "2014-01-02 23:58:22", nospace
"2014-01-03 00:07:45", "2014-01-03 00:10:06", nospace
"2014-01-03 00:15:58", "2014-01-03 00:19:30", nospace
"2014-01-03 10:13:00", "2014-01-03 10:16:33", nobike
"2014-01-03 10:24:50", "2014-01-03 10:30:47", nobike
"2014-01-03 14:27:53", "2014-01-03 14:33:50", nobike
"2014-01-04 15:07:13", "2014-01-04 15:13:18", nobike
"2014-01-04 15:16:55", "2014-01-04 15:19:22", nobike
"2014-01-05 03:28:09", "2014-01-05 03:37:55", nospace
"2014-01-05 06:04:51", "2014-01-05 06:16:29", nospace
"2014-01-05 06:25:02", "2014-01-05 06:28:43", nospace
"2014-01-05 06:32:12", "2014-01-05 07:07:33", nospace
"2014-01-05 07:16:11", "2014-01-05 07:28:34", nospace
"2014-01-05 07:32:06", "2014-01-05 07:34:45", nospace
"2014-01-05 07:49:32", "2014-01-05 08:19:03", nospace
"2014-01-05 08:33:49", "2014-01-05 08:40:29", nospace
"2014-01-05 08:46:33", "2014-01-05 08:52:43", nospace
"2014-01-05 09:13:14", "2014-01-05 09:16:53", nospace
"2014-01-05 10:19:39", "2014-01-05 10:25:47", nobike
"2014-01-05 10:34:20", "2014-01-05 10:52:47", nobike
"2014-01-05 11:24:49", "2014-01-05 11:30:59", nobike
"2014-01-05 14:34:26", "2014-01-05 14:52:55", nobike
"2014-01-05 23:22:02", "2014-01-05 23:31:55", nospace
"2014-01-05 23:34:25", "2014-01-05 23:49:03", nospace
"2014-01-06 02:52:08", "2014-01-06 03:01:28", nospace
"2014-01-06 03:03:57", "2014-01-06 03:31:00", nospace
"2014-01-06 03:37:13", "2014-01-06 03:45:53", nospace
"2014-01-06 04:28:00", "2014-01-06 04:58:53", nospace
"2014-01-06 05:07:34", "2014-01-06 05:10:02", nospace
"2014-01-06 11:07:50", "2014-01-06 11:16:37", nobike
"2014-01-06 11:22:06", "2014-01-06 11:25:25", nobike
"2014-01-06 11:28:43", "2014-01-06 11:34:58", nobike
"2014-01-06 11:37:27", "2014-01-06 11:49:59", nobike
"2014-01-06 14:19:08", "2014-01-06 14:22:55", nobike
"2014-01-06 23:03:59", "2014-01-06 23:16:01", nospace
"2014-01-06 23:19:47", "2014-01-06 23:31:08", nospace
"2014-01-06 23:49:15", "2014-01-06 23:53:01", nospace
"2014-01-06 23:55:29", "2014-01-07 00:07:18", nospace
"2014-01-07 09:59:00", "2014-01-07 10:01:31", nobike
"2014-01-07 10:07:50", "2014-01-07 10:13:13", nobike
"2014-01-07 13:10:28", "2014-01-07 13:19:16", nospace
"2014-01-08 03:01:18", "2014-01-08 03:05:06", nospace
"2014-01-08 03:10:11", "2014-01-08 03:27:59", nospace
"2014-01-08 03:47:01", "2014-01-08 03:55:54", nospace
"2014-01-08 03:58:26", "2014-01-08 04:04:45", nospace
"2014-01-08 04:11:06", "2014-01-08 04:13:38", nospace
"2014-01-08 04:25:04", "2014-01-08 04:43:56", nospace
"2014-01-08 23:53:00", "2014-01-08 23:55:34", nospace
"2014-01-09 04:11:04", "2014-01-09 05:01:19", nospace
"2014-01-09 23:07:26", "2014-01-09 23:40:54", nospace
"2014-01-09 23:49:59", "2014-01-09 23:52:35", nobike
"2014-01-09 23:55:10", "2014-01-09 23:59:07", nobike
"2014-01-10 03:50:13", "2014-01-10 03:52:49", nospace
"2014-01-10 03:59:18", "2014-01-10 04:04:29", nospace
"2014-01-10 04:25:18", "2014-01-10 04:50:00", nospace
"2014-01-10 04:52:36", "2014-01-10 05:04:18", nospace
"2014-01-10 05:08:11", "2014-01-10 05:17:08", nospace
"2014-01-10 06:58:13", "2014-01-10 07:40:38", nospace
"2014-01-10 09:10:32", "2014-01-10 09:16:38", nospace
"2014-01-10 09:22:31", "2014-01-10 09:31:44", nospace
"2014-01-10 11:40:56", "2014-01-10 12:28:21", nobike
"2014-01-10 14:58:43", "2014-01-10 15:01:22", nobike
"2014-01-11 06:25:46", "2014-01-11 06:32:22", nospace
"2014-01-11 06:44:17", "2014-01-11 07:34:20", nospace
"2014-01-11 07:53:06", "2014-01-11 08:07:55", nospace
"2014-01-11 08:13:19", "2014-01-11 08:46:54", nospace
"2014-01-11 09:01:43", "2014-01-11 09:31:23", nospace
"2014-01-11 09:38:04", "2014-01-11 09:40:47", nospace
"2014-01-11 09:43:28", "2014-01-11 09:46:11", nospace
"2014-01-11 10:14:27", "2014-01-11 10:22:31", nospace
"2014-01-11 10:41:20", "2014-01-11 10:43:28", nospace
"2014-01-11 10:46:10", "2014-01-11 10:50:13", nospace
"2014-01-11 10:55:37", "2014-01-11 11:10:23", nospace
"2014-01-12 06:37:41", "2014-01-12 06:47:11", nospace
"2014-01-12 06:49:57", "2014-01-12 06:52:39", nospace
"2014-01-12 09:16:44", "2014-01-12 09:19:27", nobike
"2014-01-12 09:23:31", "2014-01-12 09:55:54", nobike
"2014-01-12 10:26:11", "2014-01-12 10:43:49", nobike
"2014-01-12 10:46:33", "2014-01-12 10:56:03", nobike
"2014-01-12 10:58:45", "2014-01-12 11:01:29", nobike
"2014-01-14 09:56:27", "2014-01-14 09:59:14", nobike
"2014-01-14 10:01:58", "2014-01-14 10:07:31", nobike
"2014-01-14 10:53:18", "2014-01-14 11:08:33", nospace
"2014-01-14 23:04:50", "2014-01-14 23:26:22", nospace
"2014-01-14 23:31:56", "2014-01-14 23:34:41", nospace
"2014-01-15 04:55:30", "2014-01-15 05:23:18", nospace
"2014-01-15 10:20:22", "2014-01-15 10:23:12", nobike
"2014-01-15 10:28:51", "2014-01-15 10:31:40", nobike
"2014-01-15 10:38:45", "2014-01-15 10:41:34", nobike
"2014-01-15 14:07:32", "2014-01-15 14:35:10", nobike
"2014-01-16 22:58:56", "2014-01-16 23:23:07", nospace
"2014-01-16 23:34:48", "2014-01-16 23:47:13", nospace
"2014-01-17 01:52:50", "2014-01-17 02:02:46", nospace
"2014-01-17 02:11:21", "2014-01-17 02:17:02", nospace
"2014-01-17 03:53:30", "2014-01-17 03:59:11", nospace
"2014-01-17 04:02:02", "2014-01-17 04:04:54", nospace
"2014-01-17 04:14:50", "2014-01-17 04:17:41", nospace
"2014-01-17 04:29:03", "2014-01-17 05:04:47", nospace
"2014-01-17 05:19:29", "2014-01-17 05:35:11", nospace
"2014-01-17 05:46:32", "2014-01-17 06:23:00", nospace
"2014-01-17 06:26:18", "2014-01-17 06:28:45", nospace
"2014-01-17 10:52:41", "2014-01-17 10:59:50", nobike
"2014-01-17 11:08:27", "2014-01-17 11:11:20", nospace
"2014-01-17 14:23:16", "2014-01-17 14:34:44", nobike
"2014-01-17 14:40:28", "2014-01-17 14:47:38", nobike
"2014-01-18 00:29:23", "2014-01-18 00:32:15", nospace
"2014-01-18 00:35:09", "2014-01-18 00:38:00", nospace
"2014-01-18 04:25:39", "2014-01-18 04:34:45", nospace
"2014-01-18 07:05:14", "2014-01-18 07:10:36", nospace
"2014-01-18 08:02:40", "2014-01-18 08:14:15", nospace
"2014-01-18 08:17:09", "2014-01-18 08:41:48", nospace
"2014-01-18 11:44:47", "2014-01-18 11:53:26", nobike
"2014-01-18 12:44:12", "2014-01-18 12:52:53", nospace
"2014-01-19 01:19:43", "2014-01-19 01:29:56", nospace
"2014-01-19 04:04:44", "2014-01-19 04:20:44", nospace
"2014-01-19 04:29:30", "2014-01-19 04:38:14", nospace
"2014-01-19 07:32:55", "2014-01-19 08:08:13", nospace
"2014-01-19 08:11:09", "2014-01-19 08:17:04", nospace
"2014-01-19 08:28:52", "2014-01-19 08:31:49", nospace
"2014-01-19 08:46:43", "2014-01-19 08:56:35", nospace
"2014-01-19 09:02:28", "2014-01-19 09:23:07", nospace
"2014-01-19 12:40:37", "2014-01-19 12:45:01", nobike
"2014-01-19 14:35:23", "2014-01-19 14:38:20", nobike
"2014-01-20 03:06:00", "2014-01-20 03:13:42", nospace
"2014-01-20 03:18:29", "2014-01-20 03:23:16", nospace
"2014-01-20 03:31:56", "2014-01-20 03:34:53", nospace
"2014-01-20 03:40:47", "2014-01-20 04:00:00", nospace
"2014-01-20 04:26:35", "2014-01-20 04:29:31", nospace
"2014-01-20 04:32:27", "2014-01-20 04:44:57", nospace
"2014-01-20 05:10:55", "2014-01-20 05:16:48", nospace
"2014-01-20 05:19:45", "2014-01-20 05:30:05", nospace
"2014-01-20 05:47:46", "2014-01-20 05:59:35", nospace
"2014-01-20 06:59:31", "2014-01-20 07:02:29", nospace
"2014-01-20 07:08:26", "2014-01-20 07:29:18", nospace
"2014-01-20 07:56:11", "2014-01-20 07:59:04", nospace
"2014-01-20 09:20:30", "2014-01-20 09:29:28", nospace
"2014-01-20 10:49:59", "2014-01-20 10:52:57", nobike
"2014-01-20 23:48:05", "2014-01-20 23:50:50", nospace
"2014-01-20 23:54:28", "2014-01-21 00:14:19", nospace
"2014-01-21 02:02:00", "2014-01-21 02:05:57", nospace
"2014-01-22 00:00:29", "2014-01-22 00:01:58", nospace
"2014-01-22 00:03:28", "2014-01-22 00:12:28", nospace
"2014-01-22 00:16:51", "2014-01-22 00:24:21", nospace
"2014-01-22 00:25:50", "2014-01-22 00:27:20", nospace
"2014-01-22 00:28:50", "2014-01-22 00:30:20", nospace
"2014-01-22 05:02:23", "2014-01-22 05:03:53", nospace
"2014-01-22 05:12:52", "2014-01-22 05:24:53", nospace
"2014-01-22 14:12:54", "2014-01-22 14:29:38", nobike
"2014-01-22 14:38:46", "2014-01-22 14:41:48", nobike
"2014-01-23 01:29:41", "2014-01-23 01:38:48", nospace
"2014-01-23 03:01:55", "2014-01-23 03:03:26", nospace
"2014-01-23 03:27:47", "2014-01-23 03:32:21", nospace
"2014-01-23 03:38:28", "2014-01-23 04:11:48", nospace
"2014-01-23 04:14:51", "2014-01-23 04:34:24", nospace
"2014-01-23 04:45:03", "2014-01-23 04:46:34", nospace
"2014-01-23 04:58:45", "2014-01-23 05:04:51", nospace
"2014-01-23 05:53:40", "2014-01-23 06:28:41", nospace
"2014-01-23 06:48:34", "2014-01-23 06:55:51", nospace
"2014-01-23 06:58:39", "2014-01-23 07:00:41", nospace
"2014-01-23 07:11:57", "2014-01-23 07:22:43", nospace
"2014-01-23 07:24:15", "2014-01-23 07:33:29", nospace
"2014-01-23 07:45:45", "2014-01-23 07:50:20", nospace
"2014-01-23 08:30:07", "2014-01-23 08:31:40", nospace
"2014-01-23 08:33:13", "2014-01-23 08:34:46", nospace
"2014-01-23 08:47:02", "2014-01-23 08:48:35", nospace
"2014-01-23 09:02:26", "2014-01-23 09:03:58", nospace
"2014-01-23 14:11:04", "2014-01-23 14:24:52", nobike
"2014-01-23 23:26:54", "2014-01-23 23:44:42", nospace
"2014-01-23 23:46:29", "2014-01-23 23:49:24", nospace
"2014-01-23 23:50:56", "2014-01-24 00:07:46", nospace
"2014-01-24 01:29:13", "2014-01-24 01:33:17", nospace
"2014-01-24 01:37:29", "2014-01-24 01:39:36", nospace
"2014-01-24 01:50:19", "2014-01-24 01:58:45", nospace
"2014-01-24 02:06:26", "2014-01-24 02:09:29", nospace
"2014-01-24 02:17:09", "2014-01-24 02:33:57", nospace
"2014-01-24 03:12:09", "2014-01-24 03:18:07", nospace
"2014-01-24 03:20:00", "2014-01-24 03:22:43", nospace
"2014-01-24 04:17:42", "2014-01-24 04:29:56", nospace
"2014-01-24 04:32:59", "2014-01-24 04:36:04", nospace
"2014-01-24 08:40:48", "2014-01-24 08:50:07", nospace
"2014-01-24 14:35:42", "2014-01-24 14:38:48", nobike
"2014-01-24 14:40:20", "2014-01-24 14:41:54", nobike
"2014-01-25 04:29:38", "2014-01-25 04:32:59", nospace
"2014-01-25 04:39:14", "2014-01-25 04:51:43", nospace
"2014-01-25 04:54:50", "2014-01-25 05:16:36", nospace
"2014-01-25 07:02:46", "2014-01-25 07:32:32", nospace
"2014-01-25 07:41:56", "2014-01-25 07:51:20", nospace
"2014-01-25 08:05:24", "2014-01-25 08:36:43", nospace
"2014-01-25 08:38:15", "2014-01-25 09:06:28", nospace
"2014-01-25 09:15:50", "2014-01-25 09:18:59", nospace
"2014-01-25 09:23:40", "2014-01-25 09:29:56", nospace
"2014-01-25 09:33:02", "2014-01-25 09:37:44", nospace
"2014-01-25 09:48:43", "2014-01-25 09:50:17", nospace
"2014-01-25 09:51:51", "2014-01-25 09:54:01", nospace
"2014-01-26 03:11:18", "2014-01-26 03:20:40", nospace
"2014-01-26 03:23:48", "2014-01-26 03:26:55", nospace
"2014-01-26 03:37:51", "2014-01-26 03:59:46", nospace
"2014-01-26 07:54:32", "2014-01-26 08:00:13", nospace
"2014-01-26 08:02:22", "2014-01-26 08:06:33", nospace
"2014-01-26 08:07:56", "2014-01-26 08:13:29", nospace
"2014-01-26 08:54:30", "2014-01-26 08:56:04", nospace
"2014-01-26 09:05:31", "2014-01-26 09:10:14", nospace
"2014-01-28 02:27:49", "2014-01-28 02:31:00", nospace
"2014-01-28 02:35:47", "2014-01-28 02:37:24", nospace
"2014-01-28 03:52:13", "2014-01-28 03:53:49", nospace
"2014-01-28 04:14:37", "2014-01-28 04:16:12", nospace
"2014-01-28 04:17:48", "2014-01-28 04:22:36", nospace
"2014-01-28 05:02:36", "2014-01-28 05:04:13", nospace
"2014-01-28 05:09:00", "2014-01-28 05:10:36", nospace
"2014-01-28 05:13:47", "2014-01-28 05:21:49", nospace
"2014-01-28 05:31:25", "2014-01-28 05:45:48", nospace
"2014-01-28 05:58:35", "2014-01-28 06:33:49", nospace
"2014-01-28 08:00:52", "2014-01-28 08:04:05", nospace
"2014-01-28 08:05:43", "2014-01-28 08:17:01", nospace
"2014-01-28 08:25:04", "2014-01-28 08:35:57", nospace
"2014-01-28 08:38:02", "2014-01-28 08:41:55", nospace
"2014-01-28 08:54:11", "2014-01-28 09:11:45", nospace
"2014-01-28 09:13:22", "2014-01-28 09:19:49", nospace
"2014-01-28 09:23:01", "2014-01-28 09:29:29", nospace
"2014-01-28 10:14:43", "2014-01-28 10:16:20", nospace
"2014-01-28 12:38:01", "2014-01-28 12:42:52", nospace
"2014-01-28 14:46:41", "2014-01-28 14:57:22", nobike
"2014-01-29 13:36:53", "2014-01-29 13:42:53", nobike
"2014-01-30 00:12:56", "2014-01-30 00:38:58", nospace
"2014-01-30 00:50:25", "2014-01-30 01:01:42", nospace
"2014-01-30 01:13:09", "2014-01-30 01:29:34", nospace
"2014-01-30 01:31:13", "2014-01-30 01:32:51", nospace
"2014-01-30 01:36:06", "2014-01-30 01:37:44", nospace
"2014-01-30 01:45:55", "2014-01-30 01:49:13", nospace
"2014-01-30 01:54:07", "2014-01-30 01:57:24", nospace
"2014-01-30 02:10:29", "2014-01-30 02:17:00", nospace
"2014-01-30 08:39:09", "2014-01-30 08:44:59", nobike
"2014-01-30 08:59:20", "2014-01-30 09:13:56", nobike
"2014-01-30 09:23:48", "2014-01-30 09:28:45", nobike
"2014-01-30 09:30:23", "2014-01-30 09:33:41", nobike
"2014-01-30 09:51:41", "2014-01-30 09:56:38", nobike
"2014-01-30 10:04:50", "2014-01-30 10:09:45", nobike
"2014-01-30 10:22:57", "2014-01-30 10:57:33", nobike
"2014-01-31 02:44:29", "2014-01-31 02:50:34", nospace
"2014-01-31 04:39:31", "2014-01-31 04:41:11", nospace
"2014-01-31 04:44:29", "2014-01-31 04:49:25", nospace
"2014-01-31 04:57:38", "2014-01-31 05:14:11", nospace
"2014-01-31 05:47:14", "2014-01-31 05:50:31", nospace
"2014-01-31 05:53:51", "2014-01-31 06:00:28", nospace
"2014-01-31 06:07:03", "2014-01-31 06:18:28", nospace
"2014-01-31 06:20:08", "2014-01-31 06:31:42", nospace
"2014-01-31 06:46:31", "2014-01-31 06:48:44", nospace
"2014-01-31 06:57:54", "2014-01-31 07:00:04", nospace
"2014-01-31 07:28:03", "2014-01-31 07:31:59", nospace
"2014-01-31 08:57:56", "2014-01-31 09:00:07", nospace
"2014-01-31 09:06:10", "2014-01-31 09:13:24", nospace
"2014-01-31 09:17:03", "2014-01-31 09:26:06", nospace
"2014-01-31 09:44:06", "2014-01-31 09:50:45", nospace
"2014-01-31 12:58:04", "2014-01-31 12:59:42", nospace
"2014-02-01 05:14:16", "2014-02-01 05:22:55", nospace
"2014-02-01 05:27:33", "2014-02-01 05:40:46", nospace
"2014-02-01 06:28:07", "2014-02-01 06:34:53", nospace
"2014-02-01 07:42:34", "2014-02-01 07:44:46", nospace
"2014-02-01 08:36:51", "2014-02-01 08:41:13", nospace
"2014-02-01 08:43:27", "2014-02-01 08:56:58", nospace
"2014-02-01 09:06:07", "2014-02-01 09:10:39", nospace
"2014-02-01 09:15:26", "2014-02-01 09:24:16", nospace
"2014-02-01 09:35:31", "2014-02-01 10:06:01", nospace
"2014-02-01 12:20:40", "2014-02-01 12:25:07", nobike
"2014-02-01 14:56:35", "2014-02-01 15:03:47", nobike
"2014-02-02 01:38:49", "2014-02-02 01:59:17", nospace
"2014-02-02 05:04:54", "2014-02-02 05:15:53", nospace
"2014-02-02 05:32:48", "2014-02-02 05:46:38", nospace
"2014-02-02 05:51:03", "2014-02-02 06:30:28", nospace
"2014-02-02 07:09:39", "2014-02-02 07:41:51", nospace
"2014-02-02 07:48:50", "2014-02-02 08:00:14", nospace
"2014-02-02 08:02:26", "2014-02-02 08:09:20", nospace
"2014-02-02 08:36:20", "2014-02-02 08:38:37", nospace
"2014-02-02 08:45:35", "2014-02-02 08:52:28", nospace
"2014-02-02 09:22:06", "2014-02-02 09:24:18", nospace
"2014-02-02 09:25:43", "2014-02-02 09:26:37", nospace
"2014-02-02 10:55:35", "2014-02-02 10:59:56", nobike
"2014-02-02 11:17:57", "2014-02-02 11:19:38", nobike
"2014-02-02 11:23:01", "2014-02-02 11:31:28", nobike
"2014-02-02 11:33:11", "2014-02-02 11:36:35", nobike
"2014-02-02 12:59:11", "2014-02-02 12:59:51", nospace
"2014-02-02 13:06:30", "2014-02-02 13:20:12", nospace
"2014-02-02 15:33:01", "2014-02-02 15:37:47", nobike
"2014-02-02 15:42:09", "2014-02-02 16:02:45", nobike
"2014-02-03 00:36:13", "2014-02-03 00:39:36", nospace
"2014-02-03 00:49:43", "2014-02-03 00:58:11", nospace
"2014-02-03 02:41:34", "2014-02-03 02:43:14", nobike
"2014-02-03 06:21:06", "2014-02-03 06:44:09", nospace
"2014-02-03 06:47:45", "2014-02-03 06:54:01", nospace
"2014-02-03 06:56:21", "2014-02-03 07:03:04", nospace
"2014-02-03 07:08:04", "2014-02-03 07:45:55", nospace
"2014-02-03 07:54:15", "2014-02-03 08:03:24", nospace
"2014-02-03 08:04:01", "2014-02-03 09:14:53", nospace
"2014-02-03 09:18:18", "2014-02-03 09:21:33", nospace
"2014-02-03 11:03:55", "2014-02-03 11:07:08", nobike
"2014-02-03 11:09:21", "2014-02-03 11:13:02", nobike
"2014-02-03 11:16:50", "2014-02-03 11:26:07", nobike
"2014-02-03 11:28:18", "2014-02-03 11:39:31", nobike
"2014-02-03 11:41:01", "2014-02-03 11:41:48", nobike
"2014-02-03 12:43:34", "2014-02-03 12:45:17", nobike
"2014-02-03 14:52:16", "2014-02-03 14:53:58", nobike
"2014-02-04 03:16:27", "2014-02-04 03:22:40", nospace
"2014-02-04 04:25:43", "2014-02-04 04:32:35", nospace
"2014-02-04 06:35:54", "2014-02-04 06:49:47", nospace
"2014-02-04 07:15:03", "2014-02-04 07:21:57", nospace
"2014-02-04 08:05:09", "2014-02-04 08:06:55", nospace
"2014-02-04 08:10:25", "2014-02-04 08:19:01", nospace
"2014-02-04 08:20:44", "2014-02-04 08:24:10", nospace
"2014-02-04 08:27:36", "2014-02-04 08:36:14", nospace
"2014-02-04 09:50:17", "2014-02-04 09:53:44", nospace
"2014-02-04 09:58:53", "2014-02-04 10:00:37", nospace
"2014-02-04 12:32:41", "2014-02-04 13:00:39", nobike
"2014-02-05 12:39:12", "2014-02-05 12:41:26", nospace
"2014-02-06 01:15:10", "2014-02-06 01:41:19", nospace
"2014-02-06 02:04:00", "2014-02-06 03:24:24", nospace
"2014-02-06 03:29:39", "2014-02-06 03:36:38", nospace
"2014-02-06 03:43:37", "2014-02-06 04:00:54", nospace
"2014-02-06 04:07:53", "2014-02-06 04:20:06", nospace
"2014-02-06 04:25:20", "2014-02-06 04:28:49", nospace
"2014-02-06 04:39:09", "2014-02-06 04:41:24", nospace
"2014-02-06 04:52:59", "2014-02-06 04:57:43", nospace
"2014-02-06 07:51:31", "2014-02-06 08:01:49", nospace
"2014-02-06 08:34:50", "2014-02-06 08:43:39", nospace
"2014-02-06 08:48:56", "2014-02-06 08:55:59", nospace
"2014-02-06 09:19:18", "2014-02-06 09:23:51", nospace
"2014-02-06 09:50:40", "2014-02-06 09:54:23", nospace
"2014-02-06 09:57:39", "2014-02-06 09:59:57", nospace
"2014-02-06 14:19:44", "2014-02-06 14:25:54", nobike
"2014-02-06 14:28:09", "2014-02-06 14:33:00", nobike
"2014-02-06 14:35:13", "2014-02-06 14:37:27", nobike
"2014-02-07 06:40:49", "2014-02-07 06:46:45", nospace
"2014-02-07 07:10:56", "2014-02-07 07:40:00", nospace
"2014-02-08 04:35:39", "2014-02-08 04:37:55", nospace
"2014-02-08 04:48:50", "2014-02-08 04:51:51", nospace
"2014-02-08 08:07:48", "2014-02-08 08:13:49", nospace
"2014-02-08 11:46:39", "2014-02-08 11:48:26", nobike
"2014-02-08 14:03:10", "2014-02-08 14:19:27", nobike
"2014-02-08 14:36:49", "2014-02-08 14:41:19", nobike
"2014-02-10 02:26:50", "2014-02-10 02:28:40", nospace
"2014-02-10 02:41:18", "2014-02-10 02:43:07", nospace
"2014-02-10 04:55:31", "2014-02-10 04:57:20", nospace
"2014-02-10 06:09:01", "2014-02-10 06:12:40", nospace
"2014-02-10 06:23:34", "2014-02-10 06:43:37", nospace
"2014-02-10 07:09:29", "2014-02-10 07:11:45", nospace
"2014-02-10 07:13:23", "2014-02-10 07:19:11", nospace
"2014-02-10 07:42:11", "2014-02-10 07:42:49", nospace
"2014-02-10 07:48:00", "2014-02-10 07:49:49", nospace
"2014-02-10 07:53:27", "2014-02-10 07:55:17", nospace
"2014-02-10 07:57:05", "2014-02-10 07:58:55", nospace
"2014-02-10 08:26:46", "2014-02-10 08:29:04", nospace
"2014-02-10 08:30:21", "2014-02-10 08:31:52", nospace
"2014-02-10 09:16:28", "2014-02-10 09:20:07", nospace
"2014-02-10 12:43:21", "2014-02-10 12:45:10", nospace
"2014-02-10 23:03:25", "2014-02-10 23:07:03", nospace
"2014-02-10 23:19:48", "2014-02-10 23:36:10", nospace
"2014-02-10 23:37:59", "2014-02-10 23:43:27", nospace
"2014-02-13 01:32:33", "2014-02-13 01:58:39", nospace
"2014-02-13 02:07:57", "2014-02-13 02:45:12", nospace
"2014-02-13 06:00:42", "2014-02-13 06:06:17", nospace
"2014-02-13 06:40:45", "2014-02-13 06:46:21", nospace
"2014-02-13 06:48:14", "2014-02-13 06:56:10", nospace
"2014-02-13 10:18:03", "2014-02-13 10:32:53", nospace
"2014-02-14 01:35:05", "2014-02-14 01:37:27", nospace
"2014-02-14 01:56:12", "2014-02-14 02:40:34", nospace
"2014-02-14 02:42:26", "2014-02-14 02:44:18", nospace
"2014-02-14 12:39:14", "2014-02-14 12:43:55", nobike
"2014-02-15 05:44:51", "2014-02-15 05:46:45", nospace
"2014-02-15 05:48:38", "2014-02-15 05:52:24", nospace
"2014-02-15 05:54:17", "2014-02-15 05:56:12", nospace
"2014-02-15 06:01:52", "2014-02-15 06:05:38", nospace
"2014-02-15 06:13:13", "2014-02-15 06:15:05", nospace
"2014-02-15 09:45:18", "2014-02-15 09:47:11", nobike
"2014-02-15 09:50:59", "2014-02-15 10:02:50", nobike
"2014-02-16 02:04:30", "2014-02-16 02:12:05", nospace
"2014-02-16 02:13:59", "2014-02-16 02:23:30", nospace
"2014-02-16 02:27:19", "2014-02-16 02:33:00", nospace
"2014-02-16 02:56:43", "2014-02-16 03:00:31", nospace
"2014-02-16 03:25:17", "2014-02-16 03:32:56", nospace
"2014-02-16 03:34:50", "2014-02-16 03:53:50", nospace
"2014-02-16 04:09:05", "2014-02-16 04:15:10", nospace
"2014-02-16 04:47:30", "2014-02-16 04:53:11", nospace
"2014-02-16 07:08:18", "2014-02-16 07:10:13", nospace
"2014-02-16 07:15:55", "2014-02-16 07:31:17", nospace
"2014-02-16 07:35:07", "2014-02-16 07:50:22", nospace
"2014-02-16 08:01:53", "2014-02-16 08:03:47", nospace
"2014-02-16 08:05:43", "2014-02-16 08:17:08", nospace
"2014-02-16 08:55:08", "2014-02-16 09:06:35", nospace
"2014-02-16 09:10:25", "2014-02-16 09:12:19", nospace
"2014-02-16 14:25:43", "2014-02-16 14:27:39", nobike
"2014-02-17 00:48:43", "2014-02-17 00:50:38", nospace
"2014-02-17 00:56:24", "2014-02-17 00:58:19", nospace
"2014-02-17 01:02:09", "2014-02-17 01:04:04", nospace
"2014-02-17 01:40:33", "2014-02-17 01:42:28", nospace
"2014-02-17 23:09:04", "2014-02-17 23:19:54", nospace
"2014-02-17 23:22:23", "2014-02-17 23:30:29", nospace
"2014-02-17 23:32:52", "2014-02-17 23:50:15", nospace
"2014-02-18 00:08:37", "2014-02-18 00:26:05", nospace
"2014-02-18 01:26:00", "2014-02-18 01:33:25", nospace
"2014-02-18 01:34:50", "2014-02-18 01:50:24", nospace
"2014-02-19 00:11:49", "2014-02-19 00:40:59", nospace
"2014-02-19 00:46:49", "2014-02-19 01:17:52", nospace
"2014-02-19 01:45:04", "2014-02-19 02:14:19", nospace
"2014-02-20 00:16:14", "2014-02-20 00:26:06", nospace
"2014-02-20 00:33:59", "2014-02-20 00:53:41", nospace
"2014-02-20 00:55:39", "2014-02-20 01:01:34", nospace
"2014-02-20 01:05:31", "2014-02-20 01:41:28", nospace
"2014-02-20 01:48:48", "2014-02-20 02:16:20", nospace
"2014-02-20 02:18:18", "2014-02-20 02:22:16", nospace
"2014-02-20 02:49:45", "2014-02-20 03:03:32", nospace
"2014-02-20 03:05:29", "2014-02-20 03:15:20", nospace
"2014-02-20 03:19:18", "2014-02-20 04:01:55", nospace
"2014-02-20 04:03:53", "2014-02-20 04:32:42", nospace
"2014-02-20 04:36:38", "2014-02-20 04:42:35", nospace
"2014-02-20 04:46:31", "2014-02-20 04:56:20", nospace
"2014-02-20 05:27:55", "2014-02-20 05:33:48", nospace
"2014-02-20 05:46:54", "2014-02-20 06:25:35", nospace
"2014-02-20 06:55:44", "2014-02-20 06:57:42", nospace
"2014-02-20 09:19:13", "2014-02-20 09:23:09", nospace
"2014-02-20 14:06:46", "2014-02-20 14:34:25", nobike
"2014-02-20 23:06:39", "2014-02-20 23:30:22", nospace
"2014-02-20 23:34:20", "2014-02-20 23:40:17", nospace
"2014-02-20 23:42:15", "2014-02-20 23:49:37", nospace
"2014-02-20 23:58:26", "2014-02-21 00:11:11", nobike
"2014-02-21 00:50:22", "2014-02-21 01:04:11", nospace
"2014-02-21 01:06:10", "2014-02-21 01:23:56", nospace
"2014-02-21 01:25:55", "2014-02-21 01:39:47", nospace
"2014-02-21 04:20:53", "2014-02-21 04:26:50", nospace
"2014-02-21 04:28:50", "2014-02-21 04:34:45", nospace
"2014-02-21 04:58:30", "2014-02-21 05:02:32", nospace
"2014-02-21 05:24:22", "2014-02-21 05:32:17", nospace
"2014-02-21 05:44:14", "2014-02-21 05:48:11", nospace
"2014-02-21 06:35:31", "2014-02-21 06:49:36", nospace
"2014-02-21 08:01:06", "2014-02-21 08:07:05", nospace
"2014-02-21 08:17:01", "2014-02-21 08:30:57", nospace
"2014-02-21 09:04:43", "2014-02-21 09:07:12", nospace
"2014-02-21 09:26:00", "2014-02-21 09:27:57", nospace
"2014-02-21 09:31:57", "2014-02-21 09:35:55", nospace
"2014-02-21 09:37:56", "2014-02-21 09:39:55", nospace
"2014-02-21 09:41:54", "2014-02-21 09:43:54", nospace
"2014-02-21 09:45:53", "2014-02-21 09:47:52", nospace
"2014-02-21 10:07:40", "2014-02-21 10:09:39", nospace
"2014-02-21 13:52:56", "2014-02-21 13:56:55", nobike
"2014-02-21 14:02:52", "2014-02-21 14:17:10", nobike
"2014-02-22 03:48:23", "2014-02-22 04:02:33", nospace
"2014-02-22 04:16:32", "2014-02-22 04:45:32", nospace
"2014-02-22 06:34:39", "2014-02-22 06:43:42", nospace
"2014-02-22 07:20:36", "2014-02-22 07:40:48", nospace
"2014-02-22 07:52:53", "2014-02-22 07:54:55", nospace
"2014-02-22 08:11:58", "2014-02-22 08:13:22", nospace
"2014-02-22 08:26:14", "2014-02-22 08:30:16", nospace
"2014-02-22 08:32:16", "2014-02-22 08:38:18", nospace
"2014-02-22 08:45:57", "2014-02-22 09:09:56", nospace
"2014-02-22 11:59:24", "2014-02-22 12:05:23", nospace
"2014-02-22 13:57:22", "2014-02-22 14:05:23", nobike
"2014-02-22 15:42:31", "2014-02-22 15:45:00", nobike
"2014-02-22 15:54:32", "2014-02-22 16:35:04", nobike
"2014-02-22 16:37:05", "2014-02-22 16:47:04", nobike
"2014-02-23 02:54:12", "2014-02-23 03:01:29", nospace
"2014-02-23 03:04:02", "2014-02-23 03:11:06", nospace
"2014-02-23 03:13:33", "2014-02-23 03:18:09", nospace
"2014-02-23 03:25:47", "2014-02-23 03:31:49", nospace
"2014-02-23 03:35:49", "2014-02-23 03:51:48", nospace
"2014-02-23 04:05:24", "2014-02-23 04:07:58", nospace
"2014-02-23 04:13:36", "2014-02-23 04:15:36", nospace
"2014-02-23 04:17:37", "2014-02-23 04:29:43", nospace
"2014-02-23 04:31:43", "2014-02-23 04:49:48", nospace
"2014-02-23 04:51:48", "2014-02-23 04:55:49", nospace
"2014-02-23 05:03:50", "2014-02-23 05:05:50", nospace
"2014-02-23 06:34:39", "2014-02-23 06:36:52", nospace
"2014-02-23 06:40:51", "2014-02-23 06:59:03", nospace
"2014-02-23 07:17:09", "2014-02-23 07:19:10", nospace
"2014-02-23 07:42:05", "2014-02-23 07:47:21", nospace
"2014-02-23 07:48:01", "2014-02-23 08:05:14", nospace
"2014-02-23 08:09:17", "2014-02-23 08:19:22", nospace
"2014-02-23 08:21:23", "2014-02-23 08:25:26", nospace
"2014-02-23 08:27:26", "2014-02-23 08:43:38", nospace
"2014-02-23 08:45:39", "2014-02-23 08:55:43", nospace
"2014-02-23 08:57:45", "2014-02-23 09:26:06", nospace
"2014-02-23 09:32:10", "2014-02-23 09:34:11", nospace
"2014-02-23 09:40:15", "2014-02-23 09:56:27", nospace
"2014-02-23 10:00:26", "2014-02-23 10:08:29", nospace
"2014-02-23 13:33:55", "2014-02-23 14:02:11", nobike
"2014-02-23 14:04:12", "2014-02-23 14:06:14", nobike
"2014-02-23 14:10:15", "2014-02-23 14:18:19", nobike
"2014-02-23 15:28:26", "2014-02-23 15:56:40", nobike
"2014-02-23 23:01:56", "2014-02-23 23:09:21", nospace
"2014-02-23 23:15:04", "2014-02-23 23:33:21", nospace
"2014-02-23 23:35:22", "2014-02-23 23:39:25", nospace
"2014-02-23 23:41:26", "2014-02-23 23:51:36", nospace
"2014-02-24 01:03:57", "2014-02-24 01:22:12", nospace
"2014-02-24 12:21:56", "2014-02-24 12:25:57", nobike
"2014-02-24 12:28:00", "2014-02-24 12:30:02", nobike
"2014-02-24 22:53:43", "2014-02-24 23:01:57", nospace
"2014-02-24 23:03:55", "2014-02-24 23:30:30", nospace
"2014-02-24 23:32:33", "2014-02-24 23:36:38", nospace
"2014-02-24 23:40:45", "2014-02-24 23:50:57", nospace
"2014-02-25 00:01:08", "2014-02-25 00:03:11", nospace
"2014-02-25 00:09:19", "2014-02-25 00:25:39", nospace
"2014-02-25 01:30:27", "2014-02-25 02:15:20", nospace
"2014-02-25 04:46:54", "2014-02-25 04:48:57", nospace
"2014-02-25 05:07:22", "2014-02-25 05:13:15", nospace
"2014-02-25 05:17:21", "2014-02-25 05:23:32", nospace
"2014-02-25 09:26:34", "2014-02-25 09:34:45", nobike
"2014-02-25 10:09:37", "2014-02-25 10:11:41", nospace
"2014-02-25 10:13:44", "2014-02-25 10:17:50", nospace
"2014-02-25 11:58:18", "2014-02-25 12:00:21", nobike
"2014-02-25 14:07:17", "2014-02-25 14:29:41", nobike
"2014-02-25 23:11:59", "2014-02-25 23:34:38", nospace
"2014-02-25 23:38:46", "2014-02-25 23:40:50", nospace
"2014-02-25 23:42:54", "2014-02-25 23:53:12", nospace
"2014-02-25 23:55:16", "2014-02-26 00:03:29", nospace
"2014-02-26 00:13:47", "2014-02-26 00:21:56", nospace
"2014-02-26 00:23:59", "2014-02-26 00:26:03", nospace
"2014-02-26 09:35:59", "2014-02-26 09:40:25", nobike
"2014-02-26 09:54:31", "2014-02-26 10:05:22", nobike
"2014-02-26 10:28:08", "2014-02-26 10:30:12", nobike
"2014-02-26 10:32:16", "2014-02-26 10:34:20", nobike
"2014-02-26 10:39:58", "2014-02-26 11:09:01", nobike
"2014-02-26 14:40:31", "2014-02-26 14:48:49", nobike
"2014-02-26 22:43:14", "2014-02-26 22:52:44", nospace
"2014-02-26 22:55:14", "2014-02-26 23:12:19", nospace
"2014-02-26 23:18:33", "2014-02-26 23:22:42", nospace
"2014-02-26 23:24:47", "2014-02-26 23:26:51", nospace
"2014-02-26 23:34:32", "2014-02-26 23:50:33", nospace
"2014-02-26 23:53:06", "2014-02-26 23:56:34", nospace
"2014-02-27 00:01:38", "2014-02-27 00:03:18", nospace
"2014-02-27 00:04:29", "2014-02-27 00:19:33", nospace
"2014-02-27 00:23:17", "2014-02-27 00:50:06", nospace
"2014-02-27 03:42:43", "2014-02-27 03:44:49", nospace
"2014-02-27 05:18:08", "2014-02-27 05:28:34", nospace
"2014-02-27 09:35:44", "2014-02-27 09:37:48", nospace
"2014-02-27 09:57:39", "2014-02-27 10:02:59", nospace
"2014-02-27 11:37:51", "2014-02-27 11:39:55", nospace
"2014-02-27 11:58:14", "2014-02-27 12:06:23", nospace
"2014-02-27 14:45:52", "2014-02-27 14:47:58", nobike
"2014-02-28 00:10:55", "2014-02-28 00:25:26", nospace
"2014-02-28 02:03:39", "2014-02-28 02:45:08", nospace
"2014-02-28 02:47:12", "2014-02-28 02:51:23", nospace
"2014-02-28 02:55:32", "2014-02-28 02:57:36", nospace
"2014-02-28 03:12:07", "2014-02-28 03:22:35", nospace
"2014-02-28 03:34:39", "2014-02-28 03:36:43", nospace
"2014-02-28 03:38:49", "2014-02-28 03:49:15", nospace
"2014-02-28 03:59:41", "2014-02-28 04:13:35", nospace
"2014-02-28 04:17:18", "2014-02-28 04:24:33", nospace
"2014-02-28 04:44:38", "2014-02-28 04:52:10", nospace
"2014-02-28 04:55:54", "2014-02-28 04:58:29", nospace
"2014-02-28 05:01:03", "2014-02-28 05:09:58", nospace
"2014-02-28 05:13:30", "2014-02-28 05:25:57", nospace
"2014-02-28 05:30:08", "2014-02-28 05:53:02", nospace
"2014-02-28 06:15:54", "2014-02-28 06:20:05", nospace
"2014-02-28 06:22:10", "2014-02-28 06:32:39", nospace
"2014-02-28 06:38:17", "2014-02-28 06:40:55", nospace
"2014-02-28 06:54:04", "2014-02-28 07:08:37", nospace
"2014-02-28 07:19:04", "2014-02-28 07:21:10", nospace
"2014-02-28 07:23:15", "2014-02-28 07:41:56", nospace
"2014-02-28 07:44:01", "2014-02-28 08:17:24", nospace
"2014-02-28 08:27:48", "2014-02-28 09:18:48", nospace
"2014-02-28 09:21:28", "2014-02-28 09:33:02", nospace
"2014-02-28 09:35:39", "2014-02-28 09:42:31", nospace
"2014-02-28 09:51:21", "2014-02-28 09:54:01", nospace
"2014-02-28 10:00:04", "2014-02-28 10:02:42", nospace
"2014-03-01 00:56:09", "2014-03-01 01:02:25", nospace
"2014-03-01 03:51:58", "2014-03-01 04:10:51", nospace
"2014-03-01 04:17:08", "2014-03-01 04:19:14", nospace
"2014-03-01 04:40:09", "2014-03-01 04:42:15", nospace
"2014-03-01 04:48:31", "2014-03-01 05:05:14", nospace
"2014-03-01 06:24:20", "2014-03-01 06:33:38", nospace
"2014-03-01 06:37:13", "2014-03-01 06:42:33", nospace
"2014-03-01 06:58:59", "2014-03-01 07:19:40", nospace
"2014-03-01 07:22:08", "2014-03-01 08:52:11", nospace
"2014-03-01 09:16:23", "2014-03-01 09:43:36", nospace
"2014-03-01 09:55:55", "2014-03-01 09:58:34", nospace
"2014-03-01 10:07:12", "2014-03-01 10:11:25", nospace
"2014-03-01 10:19:48", "2014-03-01 10:28:10", nospace
"2014-03-01 10:44:58", "2014-03-01 10:49:09", nospace
"2014-03-01 10:51:15", "2014-03-01 10:55:28", nospace
"2014-03-01 13:30:50", "2014-03-01 13:56:07", nobike
"2014-03-02 06:44:30", "2014-03-02 06:46:48", nospace
"2014-03-02 07:52:25", "2014-03-02 07:54:32", nospace
"2014-03-02 08:28:28", "2014-03-02 08:32:43", nospace
"2014-03-03 01:37:41", "2014-03-03 01:41:59", nospace
"2014-03-03 07:00:30", "2014-03-03 07:06:58", nospace
"2014-03-03 07:50:21", "2014-03-03 07:59:00", nospace
"2014-03-03 11:04:40", "2014-03-03 11:17:35", nobike
"2014-03-03 23:08:36", "2014-03-03 23:23:56", nospace
"2014-03-04 01:18:50", "2014-03-04 01:34:18", nospace
"2014-03-04 01:40:55", "2014-03-04 01:43:13", nospace
"2014-03-04 01:45:27", "2014-03-04 02:14:58", nospace
"2014-03-04 10:02:22", "2014-03-04 10:08:24", nobike
"2014-03-04 23:21:55", "2014-03-04 23:33:21", nospace
"2014-03-04 23:35:38", "2014-03-04 23:42:32", nospace
"2014-03-04 23:58:33", "2014-03-05 00:00:51", nobike
"2014-03-05 01:23:47", "2014-03-05 01:26:05", nospace
"2014-03-05 01:35:16", "2014-03-05 02:00:26", nospace
"2014-03-05 02:41:45", "2014-03-05 02:44:02", nospace
"2014-03-05 02:49:19", "2014-03-05 02:53:27", nospace
"2014-03-05 03:14:03", "2014-03-05 03:16:21", nospace
"2014-03-05 03:23:15", "2014-03-05 03:55:22", nospace
"2014-03-05 04:04:34", "2014-03-05 04:09:09", nospace
"2014-03-05 04:16:02", "2014-03-05 04:25:10", nospace
"2014-03-05 04:43:32", "2014-03-05 04:45:48", nospace
"2014-03-05 05:45:39", "2014-03-05 06:10:55", nospace
"2014-03-05 06:22:24", "2014-03-05 06:29:27", nospace
"2014-03-05 06:31:41", "2014-03-05 06:47:41", nospace
"2014-03-05 07:06:23", "2014-03-05 07:17:47", nospace
"2014-03-05 07:20:04", "2014-03-05 07:33:50", nospace
"2014-03-05 07:40:43", "2014-03-05 08:01:24", nospace
"2014-03-05 08:17:29", "2014-03-05 08:19:47", nospace
"2014-03-05 14:44:34", "2014-03-05 14:56:07", nobike
"2014-03-05 23:06:09", "2014-03-05 23:31:28", nospace
"2014-03-06 01:59:31", "2014-03-06 02:11:04", nospace
"2014-03-06 02:13:21", "2014-03-06 02:57:08", nospace
"2014-03-06 23:38:16", "2014-03-06 23:42:53", nospace
"2014-03-07 01:17:55", "2014-03-07 01:34:12", nospace
"2014-03-07 02:38:56", "2014-03-07 02:57:07", nospace
"2014-03-07 02:58:16", "2014-03-07 03:26:23", nospace
"2014-03-07 03:33:39", "2014-03-07 03:40:26", nospace
"2014-03-07 03:48:12", "2014-03-07 04:07:47", nospace
"2014-03-07 04:13:05", "2014-03-07 04:22:05", nospace
"2014-03-07 04:24:35", "2014-03-07 04:30:24", nospace
"2014-03-07 04:39:18", "2014-03-07 04:48:34", nospace
"2014-03-07 04:50:52", "2014-03-07 04:57:49", nospace
"2014-03-07 07:06:04", "2014-03-07 07:40:57", nospace
"2014-03-08 08:18:48", "2014-03-08 09:03:19", nospace
"2014-03-09 00:25:19", "2014-03-09 00:30:01", nospace
"2014-03-09 00:46:27", "2014-03-09 00:53:31", nospace
"2014-03-09 01:02:54", "2014-03-09 01:24:02", nospace
"2014-03-09 01:49:53", "2014-03-09 01:54:34", nospace
"2014-03-09 01:56:55", "2014-03-09 02:06:17", nospace
"2014-03-09 02:32:06", "2014-03-09 02:43:52", nospace
"2014-03-09 03:21:28", "2014-03-09 03:23:50", nospace
"2014-03-09 03:33:17", "2014-03-09 03:54:27", nospace
"2014-03-09 04:41:26", "2014-03-09 04:46:08", nospace
"2014-03-09 05:01:59", "2014-03-09 05:06:05", nospace
"2014-03-09 05:17:50", "2014-03-09 05:38:25", nospace
"2014-03-09 05:51:45", "2014-03-09 05:54:24", nospace
"2014-03-09 06:21:51", "2014-03-09 06:28:13", nospace
"2014-03-09 06:38:07", "2014-03-09 07:00:45", nospace
"2014-03-09 07:26:37", "2014-03-09 07:33:34", nospace
"2014-03-09 07:48:21", "2014-03-09 07:53:04", nospace
"2014-03-09 08:00:08", "2014-03-09 08:04:51", nospace
"2014-03-09 08:11:53", "2014-03-09 08:18:56", nospace
"2014-03-09 08:28:23", "2014-03-09 08:40:08", nospace
"2014-03-09 08:42:30", "2014-03-09 08:49:33", nospace
"2014-03-09 08:51:56", "2014-03-09 09:06:01", nospace
"2014-03-09 09:20:39", "2014-03-09 09:23:24", nospace
"2014-03-09 22:49:44", "2014-03-09 22:59:12", nospace
"2014-03-09 23:03:56", "2014-03-09 23:18:06", nospace
"2014-03-09 23:20:28", "2014-03-09 23:27:34", nospace
"2014-03-09 23:34:40", "2014-03-09 23:37:02", nospace
"2014-03-10 00:46:16", "2014-03-10 01:03:10", nospace
"2014-03-10 01:07:01", "2014-03-10 01:23:33", nospace
"2014-03-10 01:28:18", "2014-03-10 01:35:21", nospace
"2014-03-10 01:42:27", "2014-03-10 01:47:10", nospace
"2014-03-10 01:49:32", "2014-03-10 02:39:09", nospace
"2014-03-10 02:43:53", "2014-03-10 02:46:15", nospace
"2014-03-10 02:48:37", "2014-03-10 03:05:09", nospace
"2014-03-10 03:16:57", "2014-03-10 03:52:23", nospace
"2014-03-10 04:32:35", "2014-03-10 04:46:47", nospace
"2014-03-10 05:12:47", "2014-03-10 05:15:09", nospace
"2014-03-10 09:32:20", "2014-03-10 09:41:28", nobike
"2014-03-10 13:39:49", "2014-03-10 14:11:25", nobike
"2014-03-10 23:02:19", "2014-03-10 23:07:05", nospace
"2014-03-10 23:11:50", "2014-03-10 23:14:12", nospace
"2014-03-11 01:08:51", "2014-03-11 01:11:14", nospace
"2014-03-11 02:08:16", "2014-03-11 02:10:38", nospace
"2014-03-11 09:57:01", "2014-03-11 10:01:47", nospace
"2014-03-11 10:13:42", "2014-03-11 10:16:04", nospace
"2014-03-11 10:20:50", "2014-03-11 10:23:14", nospace
"2014-03-11 22:55:16", "2014-03-11 23:09:36", nospace
"2014-03-11 23:19:11", "2014-03-11 23:23:57", nospace
"2014-03-11 23:28:43", "2014-03-11 23:31:06", nospace
"2014-03-11 23:33:29", "2014-03-11 23:45:44", nospace
"2014-03-12 01:35:36", "2014-03-12 01:37:59", nospace
"2014-03-12 02:23:23", "2014-03-12 02:37:44", nospace
"2014-03-12 02:40:08", "2014-03-12 02:52:08", nospace
"2014-03-12 02:59:17", "2014-03-12 03:16:35", nospace
"2014-03-12 03:21:23", "2014-03-12 04:30:45", nospace
"2014-03-12 04:33:09", "2014-03-12 04:40:21", nospace
"2014-03-12 04:45:03", "2014-03-12 04:49:50", nospace
"2014-03-12 04:59:24", "2014-03-12 05:11:22", nospace
"2014-03-12 05:54:58", "2014-03-12 06:04:32", nospace
"2014-03-12 07:14:40", "2014-03-12 07:26:38", nospace
"2014-03-12 07:29:01", "2014-03-12 07:43:24", nospace
"2014-03-12 08:00:01", "2014-03-12 08:02:26", nospace
"2014-03-12 08:21:32", "2014-03-12 08:47:53", nospace
"2014-03-12 23:24:16", "2014-03-12 23:26:42", nospace
"2014-03-12 23:36:18", "2014-03-12 23:53:06", nospace
"2014-03-13 03:14:59", "2014-03-13 03:32:31", nospace
"2014-03-13 04:01:07", "2014-03-13 04:45:03", nospace
"2014-03-13 04:47:28", "2014-03-13 04:57:04", nospace
"2014-03-13 05:18:39", "2014-03-13 05:21:04", nospace
"2014-03-13 05:28:18", "2014-03-13 05:34:10", nospace
"2014-03-13 05:36:49", "2014-03-13 05:42:08", nospace
"2014-03-13 05:48:42", "2014-03-13 05:51:14", nospace
"2014-03-13 09:11:52", "2014-03-13 09:14:15", nobike
"2014-03-13 09:19:04", "2014-03-13 09:31:08", nobike
"2014-03-13 09:40:44", "2014-03-13 09:43:08", nobike
"2014-03-13 09:45:33", "2014-03-13 09:47:57", nobike
"2014-03-13 14:53:01", "2014-03-13 15:02:40", nobike
"2014-03-13 22:59:49", "2014-03-13 23:11:55", nospace
"2014-03-13 23:18:21", "2014-03-13 23:24:33", nospace
"2014-03-13 23:39:03", "2014-03-13 23:41:28", nospace
"2014-03-13 23:48:40", "2014-03-13 23:53:29", nospace
"2014-03-14 01:50:32", "2014-03-14 01:55:52", nospace
"2014-03-14 02:08:02", "2014-03-14 02:15:11", nospace
"2014-03-14 06:34:49", "2014-03-14 06:42:24", nospace
"2014-03-14 06:47:15", "2014-03-14 06:52:05", nospace
"2014-03-14 07:01:44", "2014-03-14 07:06:38", nospace
"2014-03-14 07:09:02", "2014-03-14 07:16:16", nospace
"2014-03-14 07:18:42", "2014-03-14 07:33:11", nospace
"2014-03-14 07:35:36", "2014-03-14 07:42:52", nospace
"2014-03-14 08:13:22", "2014-03-14 08:29:22", nospace
"2014-03-14 14:28:33", "2014-03-14 14:33:24", nobike
"2014-03-15 04:00:57", "2014-03-15 04:02:18", nospace
"2014-03-15 04:38:24", "2014-03-15 04:54:35", nospace
"2014-03-15 04:56:41", "2014-03-15 05:07:34", nospace
"2014-03-15 05:31:45", "2014-03-15 05:38:18", nospace
"2014-03-15 05:43:13", "2014-03-15 05:47:29", nospace
"2014-03-15 06:43:07", "2014-03-15 06:52:55", nospace
"2014-03-15 07:14:52", "2014-03-15 07:17:19", nospace
"2014-03-15 07:19:46", "2014-03-15 07:24:39", nospace
"2014-03-15 07:48:57", "2014-03-15 07:56:13", nospace
"2014-03-15 08:03:30", "2014-03-15 08:40:07", nospace
"2014-03-15 08:42:33", "2014-03-15 08:44:58", nospace
"2014-03-15 08:49:51", "2014-03-15 08:54:41", nospace
"2014-03-15 13:44:35", "2014-03-15 13:54:25", nobike
"2014-03-16 00:41:27", "2014-03-16 00:48:47", nospace
"2014-03-16 00:51:14", "2014-03-16 00:53:41", nospace
"2014-03-16 00:58:34", "2014-03-16 01:08:22", nospace
"2014-03-16 01:13:14", "2014-03-16 01:20:34", nospace
"2014-03-16 01:42:33", "2014-03-16 01:57:11", nospace
"2014-03-16 02:04:32", "2014-03-16 02:06:58", nospace
"2014-03-16 02:28:57", "2014-03-16 02:36:18", nospace
"2014-03-16 02:46:08", "2014-03-16 02:48:36", nospace
"2014-03-16 02:51:03", "2014-03-16 02:55:56", nospace
"2014-03-16 03:16:02", "2014-03-16 03:20:18", nospace
"2014-03-16 05:13:23", "2014-03-16 05:15:51", nospace
"2014-03-16 05:39:24", "2014-03-16 05:41:33", nospace
"2014-03-16 06:51:37", "2014-03-16 07:02:16", nospace
"2014-03-16 07:39:59", "2014-03-16 07:57:02", nospace
"2014-03-16 08:14:11", "2014-03-16 08:16:37", nospace
"2014-03-16 08:21:30", "2014-03-16 08:41:00", nospace
"2014-03-16 08:55:38", "2014-03-16 08:58:04", nospace
"2014-03-16 09:05:24", "2014-03-16 09:07:50", nospace
"2014-03-16 09:10:17", "2014-03-16 09:15:09", nospace
"2014-03-16 09:21:25", "2014-03-16 09:32:07", nospace
"2014-03-16 09:50:31", "2014-03-16 09:57:26", nospace
"2014-03-16 09:59:54", "2014-03-16 10:02:20", nospace
"2014-03-16 12:54:40", "2014-03-16 12:59:34", nobike
"2014-03-16 13:19:32", "2014-03-16 13:54:08", nobike
"2014-03-16 22:53:44", "2014-03-16 23:13:24", nospace
"2014-03-16 23:15:52", "2014-03-16 23:25:41", nospace
"2014-03-16 23:45:20", "2014-03-16 23:47:48", nospace
"2014-03-17 00:21:28", "2014-03-17 00:25:43", nospace
"2014-03-17 02:21:40", "2014-03-17 02:24:07", nospace
"2014-03-17 09:46:28", "2014-03-17 09:53:51", nobike
"2014-03-17 10:20:54", "2014-03-17 10:23:23", nospace
"2014-03-17 22:48:43", "2014-03-17 22:51:10", nospace
"2014-03-17 22:53:39", "2014-03-17 23:05:57", nospace
"2014-03-17 23:08:04", "2014-03-17 23:24:00", nospace
"2014-03-17 23:38:45", "2014-03-17 23:51:05", nospace
"2014-03-18 01:08:15", "2014-03-18 01:10:44", nospace
"2014-03-18 01:18:09", "2014-03-18 01:25:19", nospace
"2014-03-18 01:35:11", "2014-03-18 01:52:29", nospace
"2014-03-18 02:02:21", "2014-03-18 02:04:49", nospace
"2014-03-18 04:19:04", "2014-03-18 04:35:42", nospace
"2014-03-18 14:24:55", "2014-03-18 14:27:24", nobike
"2014-03-18 22:44:25", "2014-03-18 23:01:46", nospace
"2014-03-18 23:04:16", "2014-03-18 23:21:50", nospace
"2014-03-18 23:24:37", "2014-03-18 23:26:54", nospace
"2014-03-18 23:28:22", "2014-03-18 23:31:10", nospace
"2014-03-18 23:37:18", "2014-03-18 23:42:15", nospace
"2014-03-19 01:34:29", "2014-03-19 01:39:26", nospace
"2014-03-19 01:41:56", "2014-03-19 01:49:20", nospace
"2014-03-19 02:09:54", "2014-03-19 02:15:11", nospace
"2014-03-19 02:24:25", "2014-03-19 02:32:19", nospace
"2014-03-19 06:42:01", "2014-03-19 06:59:40", nospace
"2014-03-19 07:23:34", "2014-03-19 07:47:32", nospace
"2014-03-19 08:04:26", "2014-03-19 08:07:13", nospace
"2014-03-19 08:09:11", "2014-03-19 08:18:23", nospace
"2014-03-19 08:46:50", "2014-03-19 08:59:48", nospace
"2014-03-19 09:14:02", "2014-03-19 09:19:00", nospace
"2014-03-19 09:58:44", "2014-03-19 10:16:10", nospace
"2014-03-19 13:58:12", "2014-03-19 14:18:06", nobike
"2014-03-19 23:08:52", "2014-03-19 23:26:16", nospace
"2014-03-19 23:28:45", "2014-03-19 23:51:11", nospace
"2014-03-19 23:53:38", "2014-03-19 23:56:07", nospace
"2014-03-20 00:03:36", "2014-03-20 00:16:03", nospace
"2014-03-20 00:26:03", "2014-03-20 00:35:15", nospace
"2014-03-20 07:35:14", "2014-03-20 07:40:12", nobike
"2014-03-20 09:53:18", "2014-03-20 09:58:15", nobike
"2014-03-20 10:03:15", "2014-03-20 10:10:43", nobike
"2014-03-20 10:13:13", "2014-03-20 10:18:12", nobike
"2014-03-20 10:20:41", "2014-03-20 10:23:11", nobike
"2014-03-20 22:54:39", "2014-03-20 23:17:10", nospace
"2014-03-20 23:22:11", "2014-03-20 23:39:40", nospace
"2014-03-20 23:42:11", "2014-03-20 23:53:55", nospace
"2014-03-21 00:51:29", "2014-03-21 01:04:01", nospace
"2014-03-21 01:06:31", "2014-03-21 01:41:33", nospace
"2014-03-21 06:18:35", "2014-03-21 06:28:39", nospace
"2014-03-21 06:33:39", "2014-03-21 06:47:25", nospace
"2014-03-21 06:54:41", "2014-03-21 06:56:42", nospace
"2014-03-21 07:06:30", "2014-03-21 07:14:00", nospace
"2014-03-21 09:44:29", "2014-03-21 09:47:01", nospace
"2014-03-21 09:57:02", "2014-03-21 09:59:32", nospace
"2014-03-21 13:11:09", "2014-03-21 13:23:42", nospace
"2014-03-21 23:53:00", "2014-03-22 00:00:31", nospace
"2014-03-22 00:24:42", "2014-03-22 00:39:36", nospace
"2014-03-22 00:44:34", "2014-03-22 00:47:24", nospace
"2014-03-22 00:58:49", "2014-03-22 00:59:35", nospace
"2014-03-22 01:59:33", "2014-03-22 02:09:36", nobike
"2014-03-22 04:01:08", "2014-03-22 04:06:10", nospace
"2014-03-22 04:11:11", "2014-03-22 04:16:14", nospace
"2014-03-22 04:18:45", "2014-03-22 04:21:15", nospace
"2014-03-22 04:26:18", "2014-03-22 04:36:25", nospace
"2014-03-22 04:46:26", "2014-03-22 04:51:28", nospace
"2014-03-22 05:34:14", "2014-03-22 05:44:23", nospace
"2014-03-22 05:49:29", "2014-03-22 06:20:58", nospace
"2014-03-22 06:23:29", "2014-03-22 06:36:24", nospace
"2014-03-22 06:43:56", "2014-03-22 06:46:27", nospace
"2014-03-22 07:39:15", "2014-03-22 07:46:47", nospace
"2014-03-22 07:49:18", "2014-03-22 07:51:49", nospace
"2014-03-22 07:59:23", "2014-03-22 08:01:55", nospace
"2014-03-22 13:28:13", "2014-03-22 13:38:18", nospace
"2014-03-23 00:56:58", "2014-03-23 01:04:44", nospace
"2014-03-23 01:07:00", "2014-03-23 01:23:26", nospace
"2014-03-23 04:05:17", "2014-03-23 04:15:23", nospace
"2014-03-23 04:20:27", "2014-03-23 04:22:59", nospace
"2014-03-23 04:25:18", "2014-03-23 04:29:16", nospace
"2014-03-23 04:32:07", "2014-03-23 04:39:48", nospace
"2014-03-23 04:45:19", "2014-03-23 04:52:22", nospace
"2014-03-23 04:58:42", "2014-03-23 05:06:20", nospace
"2014-03-23 05:08:51", "2014-03-23 05:48:24", nospace
"2014-03-23 06:23:16", "2014-03-23 06:25:52", nospace
"2014-03-23 06:28:23", "2014-03-23 06:35:59", nospace
"2014-03-23 06:38:31", "2014-03-23 06:41:03", nospace
"2014-03-23 06:54:00", "2014-03-23 07:36:57", nospace
"2014-03-23 07:42:01", "2014-03-23 07:54:44", nospace
"2014-03-23 07:57:15", "2014-03-23 08:20:02", nospace
"2014-03-23 08:22:34", "2014-03-23 08:25:06", nospace
"2014-03-23 08:30:11", "2014-03-23 08:35:13", nospace
"2014-03-23 08:37:46", "2014-03-23 08:47:54", nospace
"2014-03-23 08:50:26", "2014-03-23 09:18:19", nospace
"2014-03-23 09:20:52", "2014-03-23 09:23:25", nospace
"2014-03-23 09:33:31", "2014-03-23 09:36:04", nospace
"2014-03-23 09:41:06", "2014-03-23 09:43:38", nospace
"2014-03-23 09:49:39", "2014-03-23 09:52:11", nospace
"2014-03-23 22:49:09", "2014-03-23 22:56:47", nospace
"2014-03-23 22:59:19", "2014-03-23 23:17:04", nospace
"2014-03-24 01:21:28", "2014-03-24 01:24:02", nospace
"2014-03-24 01:39:17", "2014-03-24 02:15:50", nospace
"2014-03-24 23:09:44", "2014-03-24 23:17:24", nospace
"2014-03-24 23:45:27", "2014-03-25 00:00:45", nospace
"2014-03-25 00:05:52", "2014-03-25 00:13:32", nospace
"2014-03-25 01:22:24", "2014-03-25 01:35:07", nospace
"2014-03-25 05:01:47", "2014-03-25 05:19:39", nospace
"2014-03-25 05:27:20", "2014-03-25 05:32:26", nospace
"2014-03-25 05:37:30", "2014-03-25 05:42:35", nospace
"2014-03-25 23:20:01", "2014-03-25 23:27:43", nospace
"2014-03-25 23:30:16", "2014-03-25 23:37:57", nospace
"2014-03-25 23:40:31", "2014-03-25 23:50:45", nospace
"2014-03-25 23:55:53", "2014-03-26 00:01:02", nospace
"2014-03-26 00:08:41", "2014-03-26 00:16:23", nospace
"2014-03-26 01:44:36", "2014-03-26 01:52:18", nospace
"2014-03-26 08:55:34", "2014-03-26 08:58:09", nospace
"2014-03-26 09:00:42", "2014-03-26 09:03:17", nospace
"2014-03-26 09:10:56", "2014-03-26 09:18:38", nospace
"2014-03-26 09:24:28", "2014-03-26 09:27:18", nospace
"2014-03-26 09:30:12", "2014-03-26 09:37:40", nospace
"2014-03-26 09:42:49", "2014-03-26 09:45:25", nospace
"2014-03-26 10:26:33", "2014-03-26 10:34:14", nospace
"2014-03-26 10:44:29", "2014-03-26 10:49:48", nospace
"2014-03-26 11:05:40", "2014-03-26 11:11:26", nospace
"2014-03-26 22:57:41", "2014-03-26 23:13:07", nospace
"2014-03-26 23:18:17", "2014-03-26 23:20:51", nospace
"2014-03-26 23:26:00", "2014-03-26 23:33:43", nospace
"2014-03-26 23:36:17", "2014-03-26 23:51:45", nospace
"2014-03-26 23:54:19", "2014-03-26 23:59:29", nospace
"2014-03-27 00:12:20", "2014-03-27 00:14:55", nospace
"2014-03-27 00:17:29", "2014-03-27 00:27:46", nospace
"2014-03-27 00:54:33", "2014-03-27 01:02:22", nospace
"2014-03-27 02:17:01", "2014-03-27 02:42:46", nospace
"2014-03-27 09:50:13", "2014-03-27 09:52:48", nospace
"2014-03-27 22:42:09", "2014-03-27 22:49:53", nospace
"2014-03-27 23:05:24", "2014-03-27 23:09:12", nospace
"2014-03-27 23:12:03", "2014-03-27 23:14:56", nospace
"2014-03-27 23:21:51", "2014-03-27 23:27:32", nospace
"2014-03-27 23:28:46", "2014-03-27 23:45:15", nospace
"2014-03-28 00:03:20", "2014-03-28 00:05:54", nobike
"2014-03-28 01:02:50", "2014-03-28 01:05:26", nospace
"2014-03-28 01:08:00", "2014-03-28 01:18:20", nospace
"2014-03-28 06:12:08", "2014-03-28 06:17:19", nospace
"2014-03-28 06:53:55", "2014-03-28 06:56:30", nospace
"2014-03-28 07:04:15", "2014-03-28 07:14:35", nospace
"2014-03-28 07:40:26", "2014-03-28 07:57:33", nospace
"2014-03-28 08:00:28", "2014-03-28 08:12:36", nospace
"2014-03-28 08:17:47", "2014-03-28 08:20:22", nospace
"2014-03-28 08:43:48", "2014-03-28 08:46:22", nospace
"2014-03-28 08:56:42", "2014-03-28 08:59:18", nospace
"2014-03-28 09:07:03", "2014-03-28 09:09:38", nospace
"2014-03-28 09:14:49", "2014-03-28 09:22:35", nospace
"2014-03-28 09:58:47", "2014-03-28 10:01:23", nospace
"2014-03-28 10:03:57", "2014-03-28 10:06:33", nospace
"2014-03-28 10:09:08", "2014-03-28 10:11:44", nospace
"2014-03-28 10:19:32", "2014-03-28 10:22:08", nospace
"2014-03-28 13:35:05", "2014-03-28 13:37:40", nospace
"2014-03-29 04:49:19", "2014-03-29 05:33:27", nospace
"2014-03-29 05:43:53", "2014-03-29 05:51:42", nospace
"2014-03-29 06:04:43", "2014-03-29 06:15:08", nospace
"2014-03-29 06:17:44", "2014-03-29 06:43:45", nospace
"2014-03-29 06:59:36", "2014-03-29 07:07:23", nospace
"2014-03-29 07:25:36", "2014-03-29 07:30:48", nospace
"2014-03-29 07:38:36", "2014-03-29 07:53:51", nospace
"2014-03-29 07:57:54", "2014-03-29 08:03:07", nospace
"2014-03-29 08:16:07", "2014-03-29 08:18:44", nospace
"2014-03-29 08:23:57", "2014-03-29 08:36:58", nospace
"2014-03-29 08:40:54", "2014-03-29 08:43:17", nospace
"2014-03-29 08:45:55", "2014-03-29 08:51:08", nospace
"2014-03-29 08:53:43", "2014-03-29 09:09:21", nospace
"2014-03-29 09:11:58", "2014-03-29 09:19:45", nospace
"2014-03-29 09:22:22", "2014-03-29 09:27:35", nospace
"2014-03-29 09:32:48", "2014-03-29 09:40:35", nospace
"2014-03-29 09:43:11", "2014-03-29 09:45:48", nospace
"2014-03-29 10:01:25", "2014-03-29 10:04:25", nospace
"2014-03-29 10:41:33", "2014-03-29 10:44:09", nospace
"2014-03-29 10:46:45", "2014-03-29 11:17:55", nospace
"2014-03-29 11:25:44", "2014-03-29 11:37:17", nospace
"2014-03-29 23:58:12", "2014-03-30 00:08:40", nospace
"2014-03-30 03:04:46", "2014-03-30 03:10:00", nospace
"2014-03-30 03:15:14", "2014-03-30 03:17:51", nospace
"2014-03-30 04:04:48", "2014-03-30 04:07:25", nospace
"2014-03-30 04:26:26", "2014-03-30 04:31:56", nospace
"2014-03-30 04:37:28", "2014-03-30 04:45:19", nospace
"2014-03-30 04:47:54", "2014-03-30 04:56:47", nospace
"2014-03-30 05:01:54", "2014-03-30 05:09:59", nospace
"2014-03-30 05:15:12", "2014-03-30 05:17:49", nospace
"2014-03-30 05:28:13", "2014-03-30 05:38:40", nospace
"2014-03-30 05:41:18", "2014-03-30 05:46:31", nospace
"2014-03-30 05:49:08", "2014-03-30 05:54:21", nospace
"2014-03-30 06:02:12", "2014-03-30 06:20:28", nospace
"2014-03-30 06:25:45", "2014-03-30 06:47:55", nospace
"2014-03-30 07:01:19", "2014-03-30 07:17:00", nospace
"2014-03-30 07:24:52", "2014-03-30 07:32:41", nospace
"2014-03-30 07:35:18", "2014-03-30 07:57:56", nospace
"2014-03-30 08:03:55", "2014-03-30 08:23:33", nospace
"2014-03-30 08:34:04", "2014-03-30 08:36:41", nospace
"2014-03-30 08:49:47", "2014-03-30 08:52:24", nospace
"2014-03-30 08:57:37", "2014-03-30 09:00:15", nospace
"2014-03-30 09:35:28", "2014-03-30 09:40:41", nospace
"2014-03-30 09:45:55", "2014-03-30 09:48:32", nospace
"2014-03-30 23:08:29", "2014-03-30 23:16:19", nospace
"2014-03-30 23:18:57", "2014-03-30 23:31:37", nospace
"2014-03-30 23:34:37", "2014-03-30 23:57:00", nospace
"2014-03-31 00:07:29", "2014-03-31 00:42:42", nospace
"2014-03-31 01:58:46", "2014-03-31 02:09:14", nospace
"2014-03-31 09:48:24", "2014-03-31 09:53:38", nobike
"2014-03-31 23:15:36", "2014-03-31 23:18:17", nospace
"2014-03-31 23:39:19", "2014-03-31 23:49:51", nospace
"2014-03-31 23:52:30", "2014-03-31 23:55:08", nospace
"2014-03-31 23:57:45", "2014-04-01 00:00:24", nospace
"2014-04-01 00:05:39", "2014-04-01 00:08:17", nospace
"2014-04-01 00:10:55", "2014-04-01 00:13:34", nospace
"2014-04-01 00:18:50", "2014-04-01 00:24:07", nospace
"2014-04-01 00:26:21", "2014-04-01 00:37:17", nospace
"2014-04-01 11:10:29", "2014-04-01 11:39:29", nobike
"2014-04-01 11:42:07", "2014-04-01 11:57:14", nobike
"2014-04-01 23:12:53", "2014-04-01 23:20:47", nospace
"2014-04-01 23:39:20", "2014-04-01 23:55:09", nospace
"2014-04-01 23:57:47", "2014-04-02 00:11:01", nospace
"2014-04-02 01:30:15", "2014-04-02 01:38:12", nospace
"2014-04-02 01:46:08", "2014-04-02 01:51:24", nospace
"2014-04-02 05:49:44", "2014-04-02 05:52:24", nospace
"2014-04-02 05:55:03", "2014-04-02 06:02:59", nospace
"2014-04-02 06:50:24", "2014-04-02 07:02:08", nospace
"2014-04-02 07:29:37", "2014-04-02 07:32:17", nospace
"2014-04-02 07:48:10", "2014-04-02 07:50:49", nospace
"2014-04-02 07:53:28", "2014-04-02 07:56:08", nospace
"2014-04-02 07:58:46", "2014-04-02 08:09:23", nospace
"2014-04-02 08:12:03", "2014-04-02 08:25:17", nospace
"2014-04-02 09:15:37", "2014-04-02 09:36:49", nospace
"2014-04-02 09:44:45", "2014-04-02 09:50:05", nospace
"2014-04-02 10:21:51", "2014-04-02 10:24:30", nospace
"2014-04-02 22:56:20", "2014-04-02 23:14:57", nospace
"2014-04-02 23:17:37", "2014-04-02 23:22:58", nospace
"2014-04-02 23:25:38", "2014-04-03 00:00:07", nospace
"2014-04-03 00:58:30", "2014-04-03 01:06:28", nospace
"2014-04-03 01:09:07", "2014-04-03 01:18:21", nospace
"2014-04-03 01:21:00", "2014-04-03 02:00:53", nospace
"2014-04-03 02:03:31", "2014-04-03 02:16:45", nospace
"2014-04-03 02:19:25", "2014-04-03 02:24:46", nospace
"2014-04-03 04:01:44", "2014-04-03 04:17:42", nospace
"2014-04-03 04:28:24", "2014-04-03 04:31:02", nospace
"2014-04-03 04:33:41", "2014-04-03 04:46:56", nospace
"2014-04-03 05:05:34", "2014-04-03 05:48:15", nospace
"2014-04-03 05:54:42", "2014-04-03 05:57:23", nospace
"2014-04-03 06:00:02", "2014-04-03 06:02:42", nospace
"2014-04-03 06:18:39", "2014-04-03 06:23:58", nospace
"2014-04-03 06:45:38", "2014-04-03 06:53:37", nospace
"2014-04-03 06:56:15", "2014-04-03 07:01:32", nospace
"2014-04-03 10:50:27", "2014-04-03 10:55:46", nospace
"2014-04-03 10:58:26", "2014-04-03 11:06:26", nospace
"2014-04-03 13:42:12", "2014-04-03 13:44:53", nospace
"2014-04-03 13:55:32", "2014-04-03 14:00:51", nospace
"2014-04-03 14:48:47", "2014-04-03 14:54:07", nospace
"2014-04-03 23:41:05", "2014-04-03 23:43:44", nospace
"2014-04-04 02:43:58", "2014-04-04 02:52:00", nospace
"2014-04-04 03:00:02", "2014-04-04 03:02:41", nospace
"2014-04-04 03:08:01", "2014-04-04 03:26:43", nospace
"2014-04-04 03:27:34", "2014-04-04 03:42:09", nospace
"2014-04-04 03:45:05", "2014-04-04 03:47:05", nospace
"2014-04-04 03:52:26", "2014-04-04 04:03:07", nospace
"2014-04-04 04:31:12", "2014-04-04 04:50:12", nospace
"2014-04-04 04:55:31", "2014-04-04 05:00:52", nospace
"2014-04-04 05:08:55", "2014-04-04 05:35:38", nospace
"2014-04-04 05:38:19", "2014-04-04 05:49:00", nospace
"2014-04-04 05:51:40", "2014-04-04 05:57:01", nospace
"2014-04-04 05:59:42", "2014-04-04 06:15:42", nospace
"2014-04-04 06:29:05", "2014-04-04 06:36:38", nospace
"2014-04-04 06:38:59", "2014-04-04 06:46:40", nospace
"2014-04-04 06:47:24", "2014-04-04 06:52:13", nospace
"2014-04-04 06:54:54", "2014-04-04 07:13:34", nospace
"2014-04-04 07:21:35", "2014-04-04 07:26:55", nospace
"2014-04-04 07:29:36", "2014-04-04 08:09:40", nospace
"2014-04-04 08:12:21", "2014-04-04 08:15:02", nospace
"2014-04-04 08:17:43", "2014-04-04 08:49:52", nospace
"2014-04-04 08:52:30", "2014-04-04 09:00:30", nospace
"2014-04-04 09:08:28", "2014-04-04 09:11:09", nospace
"2014-04-04 10:20:42", "2014-04-04 10:23:21", nospace
"2014-04-04 10:26:02", "2014-04-04 10:34:03", nospace
"2014-04-05 02:16:34", "2014-04-05 02:21:56", nospace
"2014-04-05 06:09:29", "2014-04-05 06:33:56", nospace
"2014-04-05 06:51:31", "2014-04-05 07:13:14", nospace
"2014-04-05 07:38:45", "2014-04-05 07:46:47", nospace
"2014-04-05 07:49:26", "2014-04-05 07:54:47", nospace
"2014-04-05 08:02:51", "2014-04-05 09:36:48", nospace
"2014-04-05 09:47:32", "2014-04-05 10:03:40", nospace
"2014-04-05 10:06:21", "2014-04-05 10:09:01", nospace
"2014-04-05 10:46:38", "2014-04-05 11:02:43", nospace
"2014-04-05 11:10:48", "2014-04-05 11:24:16", nospace
"2014-04-05 13:05:14", "2014-04-05 13:07:55", nospace
"2014-04-05 13:34:47", "2014-04-05 13:37:29", nospace
"2014-04-05 13:45:32", "2014-04-05 13:48:14", nospace
"2014-04-05 15:35:34", "2014-04-05 15:38:16", nospace
"2014-04-05 15:55:01", "2014-04-05 16:02:32", nospace
"2014-04-05 16:06:33", "2014-04-05 16:09:15", nospace
"2014-04-05 23:18:43", "2014-04-05 23:32:10", nospace
"2014-04-06 03:50:21", "2014-04-06 04:03:49", nospace
"2014-04-06 04:06:31", "2014-04-06 04:09:13", nospace
"2014-04-06 04:11:57", "2014-04-06 04:14:38", nospace
"2014-04-06 04:33:28", "2014-04-06 04:52:15", nospace
"2014-04-06 04:57:39", "2014-04-06 04:59:33", nospace
"2014-04-06 05:04:06", "2014-04-06 05:17:22", nospace
"2014-04-06 05:18:49", "2014-04-06 05:25:57", nospace
"2014-04-06 05:31:19", "2014-04-06 05:39:25", nospace
"2014-04-06 06:00:58", "2014-04-06 06:14:13", nospace
"2014-04-06 06:22:43", "2014-04-06 06:32:04", nospace
"2014-04-06 06:36:30", "2014-04-06 06:52:43", nospace
"2014-04-06 07:00:49", "2014-04-06 07:14:51", nospace
"2014-04-06 08:24:22", "2014-04-06 08:27:03", nospace
"2014-04-06 08:29:44", "2014-04-06 08:32:27", nospace
"2014-04-06 08:45:55", "2014-04-06 08:48:36", nospace
"2014-04-06 08:56:42", "2014-04-06 08:59:23", nospace
"2014-04-06 09:04:48", "2014-04-06 09:10:11", nospace
"2014-04-06 12:11:51", "2014-04-06 12:13:49", nospace
"2014-04-06 12:19:15", "2014-04-06 12:24:38", nospace
"2014-04-07 11:47:34", "2014-04-07 11:58:19", nobike
"2014-04-07 17:07:44", "2014-04-07 21:38:43", nospace
"2014-04-07 22:52:53", "2014-04-07 22:55:36", nospace
"2014-04-07 23:01:00", "2014-04-07 23:28:10", nospace
"2014-04-07 23:36:17", "2014-04-07 23:47:23", nospace
"2014-04-07 23:50:22", "2014-04-07 23:57:44", nospace
"2014-04-08 00:00:45", "2014-04-08 00:02:07", nospace
"2014-04-08 00:02:55", "2014-04-08 00:07:34", nospace
"2014-04-08 01:12:44", "2014-04-08 01:15:27", nospace
"2014-04-08 01:23:37", "2014-04-08 01:29:01", nospace
"2014-04-08 01:34:28", "2014-04-08 02:03:55", nospace
"2014-04-08 02:28:18", "2014-04-08 02:35:57", nospace
"2014-04-08 02:41:21", "2014-04-08 03:00:18", nospace
"2014-04-08 04:44:52", "2014-04-08 04:50:19", nospace
"2014-04-08 05:03:53", "2014-04-08 05:51:32", nospace
"2014-04-08 06:21:24", "2014-04-08 06:24:06", nospace
"2014-04-08 06:29:35", "2014-04-08 06:37:12", nospace
"2014-04-08 06:41:20", "2014-04-08 06:52:39", nospace
"2014-04-08 06:58:41", "2014-04-08 07:03:06", nospace
"2014-04-08 07:08:36", "2014-04-08 07:10:25", nospace
"2014-04-08 07:16:22", "2014-04-08 07:17:50", nospace
"2014-04-08 08:13:30", "2014-04-08 08:42:25", nospace
"2014-04-08 11:27:04", "2014-04-08 11:29:46", nobike
"2014-04-08 14:45:27", "2014-04-08 14:50:53", nospace
"2014-04-08 22:59:20", "2014-04-08 23:04:45", nospace
"2014-04-08 23:07:29", "2014-04-08 23:23:52", nospace
"2014-04-08 23:29:19", "2014-04-08 23:32:02", nospace
"2014-04-08 23:34:45", "2014-04-08 23:53:47", nospace
"2014-04-08 23:59:13", "2014-04-09 00:01:56", nospace
"2014-04-09 00:55:09", "2014-04-09 01:27:43", nospace
"2014-04-09 01:30:48", "2014-04-09 01:35:35", nospace
"2014-04-09 01:38:40", "2014-04-09 01:57:31", nospace
"2014-04-09 02:00:39", "2014-04-09 02:06:05", nospace
"2014-04-09 02:25:09", "2014-04-09 02:38:44", nospace
"2014-04-09 02:49:36", "2014-04-09 02:52:19", nospace
"2014-04-09 02:55:03", "2014-04-09 03:03:13", nospace
"2014-04-09 03:05:57", "2014-04-09 03:22:18", nospace
"2014-04-09 04:54:51", "2014-04-09 05:43:05", nospace
"2014-04-09 11:15:43", "2014-04-09 11:31:33", nobike
"2014-04-09 14:43:55", "2014-04-09 14:49:23", nobike
"2014-04-09 23:34:36", "2014-04-09 23:37:21", nospace
"2014-04-10 00:36:34", "2014-04-10 01:06:35", nospace
"2014-04-10 01:14:48", "2014-04-10 01:17:33", nospace
"2014-04-10 01:23:01", "2014-04-10 01:39:23", nospace
"2014-04-10 01:50:19", "2014-04-10 01:55:48", nospace
"2014-04-10 02:09:25", "2014-04-10 02:14:51", nospace
"2014-04-10 02:44:32", "2014-04-10 03:13:41", nospace
"2014-04-10 07:20:28", "2014-04-10 07:50:30", nospace
"2014-04-10 07:53:13", "2014-04-10 07:55:57", nospace
"2014-04-10 09:18:49", "2014-04-10 09:19:40", nospace
"2014-04-10 09:24:42", "2014-04-10 09:40:39", nospace
"2014-04-10 09:43:23", "2014-04-10 09:46:07", nospace
"2014-04-10 10:02:31", "2014-04-10 10:07:58", nospace
"2014-04-10 10:10:42", "2014-04-10 10:24:22", nospace
"2014-04-10 22:46:31", "2014-04-10 23:16:41", nospace
"2014-04-10 23:19:27", "2014-04-10 23:33:08", nospace
"2014-04-11 00:41:36", "2014-04-11 00:49:45", nospace
"2014-04-11 03:27:29", "2014-04-11 03:40:30", nospace
"2014-04-11 04:32:06", "2014-04-11 04:45:47", nospace
"2014-04-11 06:45:48", "2014-04-11 06:56:46", nospace
"2014-04-11 08:18:58", "2014-04-11 08:21:44", nospace
"2014-04-11 08:29:59", "2014-04-11 09:30:41", nospace
"2014-04-11 09:33:46", "2014-04-11 09:36:01", nospace
"2014-04-11 09:53:53", "2014-04-11 09:56:39", nospace
"2014-04-11 12:44:53", "2014-04-11 12:47:38", nospace
"2014-04-11 12:50:24", "2014-04-11 12:55:54", nospace
"2014-04-11 13:07:22", "2014-04-11 13:10:27", nospace
"2014-04-11 13:14:53", "2014-04-11 13:18:01", nospace
"2014-04-11 13:29:22", "2014-04-11 13:31:19", nospace
"2014-04-11 13:33:06", "2014-04-11 13:44:07", nospace
"2014-04-12 02:03:44", "2014-04-12 02:04:34", nospace
"2014-04-12 02:14:58", "2014-04-12 02:25:59", nospace
"2014-04-12 02:45:13", "2014-04-12 02:47:59", nospace
"2014-04-12 03:07:13", "2014-04-12 03:18:13", nospace
"2014-04-12 03:34:45", "2014-04-12 03:37:30", nospace
"2014-04-12 03:43:00", "2014-04-12 03:45:46", nospace
"2014-04-12 03:48:32", "2014-04-12 03:56:46", nospace
"2014-04-12 06:37:19", "2014-04-12 06:40:21", nospace
"2014-04-12 06:44:52", "2014-04-12 06:49:14", nospace
"2014-04-12 07:07:37", "2014-04-12 07:29:42", nospace
"2014-04-12 07:48:57", "2014-04-12 07:59:57", nospace
"2014-04-12 08:13:42", "2014-04-12 09:17:19", nospace
"2014-04-12 09:18:13", "2014-04-12 09:37:59", nospace
"2014-04-12 09:40:45", "2014-04-12 09:46:16", nospace
"2014-04-12 09:57:18", "2014-04-12 10:02:36", nospace
"2014-04-12 10:05:46", "2014-04-12 10:20:40", nospace
"2014-04-12 10:25:18", "2014-04-12 10:35:12", nospace
"2014-04-12 10:40:11", "2014-04-12 10:42:57", nospace
"2014-04-12 10:48:30", "2014-04-12 10:54:00", nospace
"2014-04-12 13:55:11", "2014-04-12 13:57:56", nospace
"2014-04-13 00:54:54", "2014-04-13 00:57:38", nospace
"2014-04-13 07:34:13", "2014-04-13 08:01:48", nospace
"2014-04-13 08:10:08", "2014-04-13 08:12:55", nospace
"2014-04-13 08:23:58", "2014-04-13 08:26:45", nospace
"2014-04-13 08:46:05", "2014-04-13 08:59:56", nospace
"2014-04-13 09:02:42", "2014-04-13 09:08:16", nospace
"2014-04-13 09:11:01", "2014-04-13 09:19:19", nospace
"2014-04-13 09:48:39", "2014-04-13 09:54:12", nospace
"2014-04-13 09:56:58", "2014-04-13 09:59:44", nospace
"2014-04-13 10:05:15", "2014-04-13 10:13:34", nospace
"2014-04-13 10:16:18", "2014-04-13 10:19:05", nospace
"2014-04-13 13:32:34", "2014-04-13 13:46:24", nobike
"2014-04-13 23:02:40", "2014-04-13 23:11:01", nospace
"2014-04-13 23:16:33", "2014-04-13 23:19:19", nospace
"2014-04-13 23:22:06", "2014-04-13 23:29:42", nospace
"2014-04-14 00:38:39", "2014-04-14 00:41:24", nospace
"2014-04-14 00:44:10", "2014-04-14 00:46:56", nospace
"2014-04-14 00:49:42", "2014-04-14 01:11:23", nospace
"2014-04-14 01:16:31", "2014-04-14 01:51:28", nospace
"2014-04-14 03:39:37", "2014-04-14 03:45:10", nospace
"2014-04-14 03:47:57", "2014-04-14 03:50:42", nospace
"2014-04-14 04:04:36", "2014-04-14 04:15:41", nospace
"2014-04-14 04:29:16", "2014-04-14 04:35:25", nospace
"2014-04-14 04:37:22", "2014-04-14 04:45:54", nospace
"2014-04-14 04:53:26", "2014-04-14 04:58:58", nospace
"2014-04-14 05:15:38", "2014-04-14 05:18:24", nospace
"2014-04-14 07:15:59", "2014-04-14 07:24:17", nospace
"2014-04-14 07:27:03", "2014-04-14 07:29:59", nospace
"2014-04-14 07:33:02", "2014-04-14 07:43:43", nospace
"2014-04-14 08:42:53", "2014-04-14 08:48:25", nospace
"2014-04-14 09:21:45", "2014-04-14 09:32:52", nospace
"2014-04-14 09:35:38", "2014-04-14 09:38:24", nospace
"2014-04-14 09:46:44", "2014-04-14 09:55:04", nospace
"2014-04-14 10:08:57", "2014-04-14 10:17:16", nospace
"2014-04-14 22:40:18", "2014-04-14 22:45:52", nospace
"2014-04-14 22:48:39", "2014-04-14 23:10:56", nospace
"2014-04-14 23:16:30", "2014-04-14 23:27:37", nospace
"2014-04-14 23:30:25", "2014-04-14 23:44:23", nospace
"2014-04-14 23:47:10", "2014-04-14 23:52:43", nospace
"2014-04-14 23:55:30", "2014-04-14 23:58:18", nospace
"2014-04-15 00:44:34", "2014-04-15 00:52:55", nospace
"2014-04-15 08:26:46", "2014-04-15 08:29:33", nospace
"2014-04-15 08:40:43", "2014-04-15 08:46:18", nospace
"2014-04-15 08:49:05", "2014-04-15 08:57:29", nospace
"2014-04-15 09:00:16", "2014-04-15 09:03:03", nospace
"2014-04-15 09:55:59", "2014-04-15 10:01:34", nospace
"2014-04-15 14:25:04", "2014-04-15 14:39:07", nobike
"2014-04-15 15:19:49", "2014-04-15 15:25:24", nospace
"2014-04-15 23:07:08", "2014-04-15 23:21:05", nospace
"2014-04-15 23:26:40", "2014-04-15 23:37:51", nospace
"2014-04-15 23:40:36", "2014-04-15 23:43:24", nospace
"2014-04-16 01:03:21", "2014-04-16 01:08:57", nospace
"2014-04-16 01:17:20", "2014-04-16 01:22:56", nospace
"2014-04-16 01:28:30", "2014-04-16 01:36:52", nospace
"2014-04-16 01:42:26", "2014-04-16 01:48:04", nospace
"2014-04-16 09:49:42", "2014-04-16 09:55:20", nospace
"2014-04-16 10:14:53", "2014-04-16 10:20:32", nospace
"2014-04-16 10:28:56", "2014-04-16 10:31:43", nospace
"2014-04-16 10:34:31", "2014-04-16 10:45:45", nospace
"2014-04-16 10:48:32", "2014-04-16 10:51:21", nospace
"2014-04-16 13:14:07", "2014-04-16 13:16:54", nospace
"2014-04-16 13:28:06", "2014-04-16 13:30:54", nospace
"2014-04-16 13:33:42", "2014-04-16 13:39:17", nospace
"2014-04-16 23:36:35", "2014-04-16 23:56:11", nospace
"2014-04-17 00:42:51", "2014-04-17 01:05:18", nospace
"2014-04-17 01:10:54", "2014-04-17 01:27:45", nospace
"2014-04-17 05:11:16", "2014-04-17 05:16:53", nospace
"2014-04-17 07:30:19", "2014-04-17 07:41:35", nospace
"2014-04-17 08:35:12", "2014-04-17 08:40:49", nospace
"2014-04-17 09:06:07", "2014-04-17 09:11:44", nospace
"2014-04-17 09:25:46", "2014-04-17 09:28:36", nospace
"2014-04-17 10:52:11", "2014-04-17 10:55:00", nospace
"2014-04-17 10:57:48", "2014-04-17 11:03:24", nospace
"2014-04-18 00:49:45", "2014-04-18 00:52:52", nospace
"2014-04-18 01:16:52", "2014-04-18 01:47:55", nospace
"2014-04-18 02:23:35", "2014-04-18 02:43:17", nospace
"2014-04-18 03:30:25", "2014-04-18 03:33:14", nospace
"2014-04-18 03:41:40", "2014-04-18 03:50:06", nospace
"2014-04-18 04:29:33", "2014-04-18 04:35:10", nospace
"2014-04-18 06:24:10", "2014-04-18 06:33:04", nospace
"2014-04-18 06:35:53", "2014-04-18 07:26:35", nospace
"2014-04-18 07:40:38", "2014-04-18 07:56:44", nospace
"2014-04-18 08:21:11", "2014-04-18 08:26:51", nospace
"2014-04-18 08:32:28", "2014-04-18 08:35:18", nospace
"2014-04-18 09:33:31", "2014-04-18 09:41:57", nospace
"2014-04-18 09:47:36", "2014-04-18 09:50:26", nospace
"2014-04-18 09:53:15", "2014-04-18 09:56:04", nospace
"2014-04-18 10:24:14", "2014-04-18 10:27:03", nospace
"2014-04-18 10:49:35", "2014-04-18 10:52:24", nospace
"2014-04-18 11:12:10", "2014-04-18 11:14:58", nospace
"2014-04-18 11:17:49", "2014-04-18 11:20:37", nospace
"2014-04-18 13:04:59", "2014-04-18 13:16:15", nospace
"2014-04-18 13:19:04", "2014-04-18 13:33:08", nospace
"2014-04-18 13:52:55", "2014-04-18 13:55:44", nospace
"2014-04-18 13:58:33", "2014-04-18 14:01:23", nospace
"2014-04-18 14:46:37", "2014-04-18 14:52:16", nospace
"2014-04-19 02:42:59", "2014-04-19 02:45:47", nospace
"2014-04-19 02:48:41", "2014-04-19 02:57:06", nospace
"2014-04-19 02:59:55", "2014-04-19 03:08:25", nospace
"2014-04-19 03:33:28", "2014-04-19 03:49:49", nospace
"2014-04-19 04:01:10", "2014-04-19 04:06:49", nospace
"2014-04-19 06:14:19", "2014-04-19 06:17:09", nospace
"2014-04-19 06:40:13", "2014-04-19 06:45:52", nospace
"2014-04-19 06:57:09", "2014-04-19 07:05:38", nospace
"2014-04-19 07:14:09", "2014-04-19 07:28:17", nospace
"2014-04-19 07:31:07", "2014-04-19 08:18:39", nospace
"2014-04-19 08:21:14", "2014-04-19 08:46:47", nospace
"2014-04-19 08:49:36", "2014-04-19 08:55:14", nospace
"2014-04-19 09:48:21", "2014-04-19 09:56:52", nospace
"2014-04-19 10:08:11", "2014-04-19 10:10:59", nospace
"2014-04-19 10:16:40", "2014-04-19 10:22:20", nospace
"2014-04-19 10:27:59", "2014-04-19 10:36:28", nospace
"2014-04-19 12:22:56", "2014-04-19 12:37:07", nospace
"2014-04-19 12:39:56", "2014-04-19 12:45:36", nospace
"2014-04-19 12:51:16", "2014-04-19 12:54:08", nospace
"2014-04-19 14:41:51", "2014-04-19 14:44:41", nospace
"2014-04-19 23:19:56", "2014-04-19 23:34:07", nospace
"2014-04-20 02:15:54", "2014-04-20 02:41:25", nospace
"2014-04-20 04:35:46", "2014-04-20 04:44:17", nospace
"2014-04-20 04:47:07", "2014-04-20 05:01:16", nospace
"2014-04-20 05:12:39", "2014-04-20 05:18:20", nospace
"2014-04-20 05:41:06", "2014-04-20 05:58:06", nospace
"2014-04-20 06:00:56", "2014-04-20 06:03:45", nospace
"2014-04-20 06:26:58", "2014-04-20 06:37:54", nospace
"2014-04-20 07:01:00", "2014-04-20 07:23:45", nospace
"2014-04-20 07:29:25", "2014-04-20 07:43:38", nospace
"2014-04-20 07:50:48", "2014-04-20 08:38:28", nospace
"2014-04-20 08:41:17", "2014-04-20 08:46:58", nospace
"2014-04-20 08:49:50", "2014-04-20 08:52:39", nospace
"2014-04-20 08:55:30", "2014-04-20 09:04:00", nospace
"2014-04-20 09:20:48", "2014-04-20 09:21:40", nospace
"2014-04-20 09:39:57", "2014-04-20 09:45:37", nospace
"2014-04-20 09:57:01", "2014-04-20 10:05:32", nospace
"2014-04-20 10:56:41", "2014-04-20 11:02:22", nobike
"2014-04-20 11:10:53", "2014-04-20 11:13:44", nobike
"2014-04-20 14:40:11", "2014-04-20 14:45:53", nobike
"2014-04-20 22:58:03", "2014-04-20 23:20:47", nospace
"2014-04-21 01:08:52", "2014-04-21 01:11:43", nospace
"2014-04-21 09:18:05", "2014-04-21 09:20:56", nospace
"2014-04-21 09:26:38", "2014-04-21 09:32:21", nospace
"2014-04-21 10:29:26", "2014-04-21 10:35:09", nospace
"2014-04-21 11:41:32", "2014-04-21 11:44:23", nobike
"2014-04-21 22:50:04", "2014-04-21 22:58:40", nospace
"2014-04-21 23:01:32", "2014-04-21 23:13:09", nospace
"2014-04-21 23:17:41", "2014-04-21 23:30:43", nospace
"2014-04-22 01:22:30", "2014-04-22 02:03:32", nospace
"2014-04-22 02:14:58", "2014-04-22 02:49:14", nospace
"2014-04-22 13:37:45", "2014-04-22 13:40:36", nospace
"2014-04-22 23:03:10", "2014-04-22 23:13:20", nospace
"2014-04-22 23:15:11", "2014-04-22 23:24:52", nospace
"2014-04-23 01:04:52", "2014-04-23 01:07:47", nospace
"2014-04-23 01:10:34", "2014-04-23 01:13:05", nospace
"2014-04-23 01:15:41", "2014-04-23 01:32:54", nospace
"2014-04-23 08:00:44", "2014-04-23 08:03:36", nospace
"2014-04-23 08:09:22", "2014-04-23 08:20:52", nospace
"2014-04-23 08:23:46", "2014-04-23 08:32:22", nospace
"2014-04-23 08:40:59", "2014-04-23 08:43:51", nospace
"2014-04-23 08:52:29", "2014-04-23 08:58:14", nospace
"2014-04-23 09:12:36", "2014-04-23 09:15:28", nospace
"2014-04-23 09:18:20", "2014-04-23 09:21:14", nospace
"2014-04-23 09:24:06", "2014-04-23 09:32:44", nospace
"2014-04-23 09:47:07", "2014-04-23 09:51:37", nospace
"2014-04-23 09:52:39", "2014-04-23 10:01:54", nospace
"2014-04-23 10:06:17", "2014-04-23 10:14:53", nospace
"2014-04-23 13:39:01", "2014-04-23 13:47:19", nospace
"2014-04-23 13:53:42", "2014-04-23 13:55:40", nospace
"2014-04-24 10:34:58", "2014-04-24 10:37:50", nospace
"2014-04-24 15:06:03", "2014-04-24 15:11:50", nospace
"2014-04-24 23:01:13", "2014-04-24 23:06:58", nospace
"2014-04-24 23:09:52", "2014-04-24 23:27:13", nospace
"2014-04-24 23:30:07", "2014-04-24 23:47:26", nospace
"2014-04-25 08:43:57", "2014-04-25 08:57:28", nospace
"2014-04-25 09:00:44", "2014-04-25 09:22:31", nospace
"2014-04-25 09:40:58", "2014-04-25 09:46:44", nospace
"2014-04-25 09:52:31", "2014-04-25 09:55:24", nospace
"2014-04-25 10:04:04", "2014-04-25 10:06:58", nospace
"2014-04-26 00:02:24", "2014-04-26 00:08:15", nospace
"2014-04-26 03:28:44", "2014-04-26 03:34:31", nospace
"2014-04-26 04:08:29", "2014-04-26 04:20:04", nospace
"2014-04-26 04:22:58", "2014-04-26 04:37:27", nospace
"2014-04-26 04:57:45", "2014-04-26 05:00:38", nospace
"2014-04-26 05:14:20", "2014-04-26 05:40:27", nospace
"2014-04-26 06:03:37", "2014-04-26 06:06:31", nospace
"2014-04-26 06:09:25", "2014-04-26 06:18:07", nospace
"2014-04-26 06:21:02", "2014-04-26 06:29:49", nospace
"2014-04-26 06:44:43", "2014-04-26 06:56:19", nospace
"2014-04-26 08:08:03", "2014-04-26 08:10:56", nospace
"2014-04-27 03:30:23", "2014-04-27 03:42:00", nospace
"2014-04-27 03:53:39", "2014-04-27 05:22:54", nospace
"2014-04-27 05:43:16", "2014-04-27 05:49:06", nospace
"2014-04-27 06:07:42", "2014-04-27 06:38:14", nospace
"2014-04-27 06:44:07", "2014-04-27 07:04:34", nospace
"2014-04-27 07:07:28", "2014-04-27 07:34:57", nospace
"2014-04-27 07:37:15", "2014-04-27 07:39:07", nospace
"2014-04-27 07:42:19", "2014-04-27 07:45:36", nospace
"2014-04-27 07:47:21", "2014-04-27 07:56:06", nospace
"2014-04-27 08:01:57", "2014-04-27 08:19:24", nospace
"2014-04-27 08:22:19", "2014-04-27 08:31:04", nospace
"2014-04-27 08:33:59", "2014-04-27 08:39:49", nospace
"2014-04-27 08:42:44", "2014-04-27 08:45:40", nospace
"2014-04-27 08:48:35", "2014-04-27 09:23:35", nospace
"2014-04-27 09:26:31", "2014-04-27 09:35:14", nospace
"2014-04-28 00:45:53", "2014-04-28 01:00:29", nospace
"2014-04-28 01:03:24", "2014-04-28 01:12:09", nospace
"2014-04-28 01:18:01", "2014-04-28 01:47:13", nospace
"2014-04-28 01:48:56", "2014-04-28 01:49:48", nospace
"2014-04-28 02:41:59", "2014-04-28 02:53:39", nospace
"2014-04-28 03:02:26", "2014-04-28 03:08:17", nospace
"2014-04-28 04:00:50", "2014-04-28 04:09:36", nospace
"2014-04-28 04:21:17", "2014-04-28 04:50:27", nospace
"2014-04-28 06:31:56", "2014-04-28 06:34:51", nospace
"2014-04-28 08:07:52", "2014-04-28 08:10:47", nospace
"2014-04-28 08:16:38", "2014-04-28 08:22:30", nospace
"2014-04-28 09:15:11", "2014-04-28 09:18:06", nospace
"2014-04-28 09:23:56", "2014-04-28 09:53:07", nospace
"2014-04-28 09:56:03", "2014-04-28 09:58:57", nospace
"2014-04-28 10:01:53", "2014-04-28 10:13:34", nospace
"2014-04-28 10:31:08", "2014-04-28 10:34:02", nospace
"2014-04-28 11:38:25", "2014-04-28 11:41:21", nobike
"2014-04-28 11:44:17", "2014-04-28 11:47:12", nobike
"2014-04-28 13:20:00", "2014-04-28 13:22:10", nobike
"2014-04-28 23:15:31", "2014-04-28 23:27:14", nospace
"2014-04-29 04:43:32", "2014-04-29 05:15:45", nospace
"2014-04-29 05:18:42", "2014-04-29 05:21:38", nospace
"2014-04-29 06:17:19", "2014-04-29 06:23:11", nospace
"2014-04-29 07:10:31", "2014-04-29 07:19:20", nospace
"2014-04-29 07:48:38", "2014-04-29 07:51:34", nospace
"2014-04-29 08:23:47", "2014-04-29 08:29:41", nospace
"2014-04-29 22:36:14", "2014-04-29 22:53:52", nospace
"2014-04-29 22:56:49", "2014-04-29 23:05:38", nospace
"2014-04-29 23:14:27", "2014-04-29 23:23:16", nospace
"2014-04-30 01:12:40", "2014-04-30 01:17:37", nospace
"2014-04-30 14:42:43", "2014-04-30 14:45:41", nospace
"2014-04-30 14:54:30", "2014-04-30 15:03:20", nospace
"2014-04-30 15:15:08", "2014-04-30 15:18:06", nospace
"2014-04-30 15:50:26", "2014-04-30 16:02:12", nospace
"2014-05-01 22:56:53", "2014-05-01 23:15:37", nospace
"2014-05-01 23:17:53", "2014-05-01 23:26:35", nospace
"2014-05-02 01:05:56", "2014-05-02 01:29:36", nospace
"2014-05-02 01:38:29", "2014-05-02 01:44:23", nospace
"2014-05-02 05:56:34", "2014-05-02 06:35:22", nospace
"2014-05-02 08:13:19", "2014-05-02 08:25:12", nospace
"2014-05-02 08:40:03", "2014-05-02 08:51:53", nospace
"2014-05-02 09:09:41", "2014-05-02 09:12:39", nospace
"2014-05-02 09:15:38", "2014-05-02 09:21:35", nospace
"2014-05-02 09:24:31", "2014-05-02 09:27:29", nospace
"2014-05-02 09:39:18", "2014-05-02 09:42:16", nospace
"2014-05-02 10:23:04", "2014-05-02 10:26:00", nospace
"2014-05-02 11:19:33", "2014-05-02 11:28:32", nospace
"2014-05-02 11:31:33", "2014-05-02 11:34:30", nospace
"2014-05-03 03:11:42", "2014-05-03 03:23:35", nospace
"2014-05-03 04:31:57", "2014-05-03 04:37:52", nospace
"2014-05-03 05:24:45", "2014-05-03 05:27:42", nospace
"2014-05-03 05:54:27", "2014-05-03 06:00:23", nospace
"2014-05-03 06:06:20", "2014-05-03 06:18:15", nospace
"2014-05-03 06:21:14", "2014-05-03 06:36:23", nospace
"2014-05-03 06:51:23", "2014-05-03 07:00:16", nospace
"2014-05-03 07:03:14", "2014-05-03 07:22:37", nospace
"2014-05-03 07:50:05", "2014-05-03 08:07:12", nospace
"2014-05-03 08:25:14", "2014-05-03 08:37:08", nospace
"2014-05-03 08:40:06", "2014-05-03 08:49:03", nospace
"2014-05-03 08:57:57", "2014-05-03 09:03:56", nospace
"2014-05-03 09:09:52", "2014-05-03 09:18:50", nospace
"2014-05-03 09:39:38", "2014-05-03 09:45:34", nospace
"2014-05-03 09:48:34", "2014-05-03 10:00:27", nospace
"2014-05-03 12:29:01", "2014-05-03 12:31:58", nospace
"2014-05-03 12:37:55", "2014-05-03 12:40:53", nospace
"2014-05-03 12:52:47", "2014-05-03 12:58:44", nospace
"2014-05-03 13:01:43", "2014-05-03 13:07:41", nospace
"2014-05-03 13:11:47", "2014-05-03 13:15:09", nospace
"2014-05-03 15:47:42", "2014-05-03 15:53:39", nobike
"2014-05-04 01:32:09", "2014-05-04 01:35:07", nospace
"2014-05-04 07:45:57", "2014-05-04 08:15:49", nospace
"2014-05-04 08:21:46", "2014-05-04 08:24:45", nospace
"2014-05-04 08:33:41", "2014-05-04 08:48:35", nospace
"2014-05-04 09:15:25", "2014-05-04 09:18:25", nospace
"2014-05-04 09:27:22", "2014-05-04 09:49:10", nospace
"2014-05-04 10:05:26", "2014-05-04 10:08:24", nospace
"2014-05-04 15:22:37", "2014-05-04 15:25:35", nospace
"2014-05-05 14:21:18", "2014-05-05 14:24:41", nospace
"2014-05-05 22:31:14", "2014-05-05 23:28:14", nospace
"2014-05-05 23:42:32", "2014-05-05 23:46:50", nospace
"2014-05-06 00:12:35", "2014-05-06 00:18:35", nospace
"2014-05-06 13:18:54", "2014-05-06 13:24:55", nospace
"2014-05-06 13:27:54", "2014-05-06 13:30:55", nospace
"2014-05-07 01:09:44", "2014-05-07 01:12:45", nospace
"2014-05-07 22:49:59", "2014-05-07 22:51:39", nospace
"2014-05-07 23:01:16", "2014-05-07 23:13:32", nospace
"2014-05-07 23:22:34", "2014-05-07 23:31:18", nospace
"2014-05-08 02:32:10", "2014-05-08 02:44:14", nospace
"2014-05-08 03:14:26", "2014-05-08 03:23:32", nospace
"2014-05-08 03:26:32", "2014-05-08 04:08:47", nospace
"2014-05-08 04:20:53", "2014-05-08 04:29:56", nospace
"2014-05-08 04:32:11", "2014-05-08 04:33:59", nospace
"2014-05-08 04:44:23", "2014-05-08 04:50:25", nospace
"2014-05-08 05:08:32", "2014-05-08 05:14:35", nospace
"2014-05-08 05:20:37", "2014-05-08 05:41:48", nospace
"2014-05-08 05:50:50", "2014-05-08 05:53:52", nospace
"2014-05-08 06:04:54", "2014-05-08 06:10:19", nospace
"2014-05-08 07:57:01", "2014-05-08 08:03:01", nospace
"2014-05-08 08:06:04", "2014-05-08 08:42:15", nospace
"2014-05-08 13:37:30", "2014-05-08 13:40:32", nospace
"2014-05-08 14:37:55", "2014-05-08 14:40:55", nospace
