"2013-11-29 13:25:45", "2013-11-29 13:28:45", nospace
"2013-11-30 04:20:00", "2013-11-30 04:26:02", nospace
"2013-11-30 04:38:04", "2013-11-30 04:49:45", nospace
"2013-11-30 05:07:50", "2013-11-30 05:10:51", nospace
"2013-11-30 05:19:55", "2013-11-30 05:32:00", nospace
"2013-11-30 05:41:03", "2013-11-30 05:47:05", nospace
"2013-11-30 05:58:51", "2013-11-30 06:01:52", nospace
"2013-11-30 06:04:53", "2013-11-30 06:19:59", nospace
"2013-11-30 06:23:00", "2013-11-30 06:32:01", nospace
"2013-11-30 06:52:43", "2013-11-30 06:55:45", nospace
"2013-11-30 06:58:46", "2013-11-30 07:01:48", nospace
"2013-11-30 07:10:53", "2013-11-30 07:41:06", nospace
"2013-11-30 10:20:03", "2013-11-30 10:29:04", nospace
"2013-11-30 15:07:45", "2013-11-30 15:10:46", nobike
"2013-12-01 02:50:04", "2013-12-01 02:58:54", nospace
"2013-12-01 03:13:49", "2013-12-01 03:16:52", nospace
"2013-12-01 03:22:58", "2013-12-01 04:01:56", nospace
"2013-12-01 04:04:58", "2013-12-01 04:28:59", nospace
"2013-12-01 04:32:01", "2013-12-01 04:38:09", nospace
"2013-12-01 04:40:50", "2013-12-01 04:58:47", nospace
"2013-12-01 05:11:00", "2013-12-01 05:22:49", nospace
"2013-12-01 05:25:54", "2013-12-01 05:28:57", nospace
"2013-12-01 05:37:46", "2013-12-01 05:58:54", nospace
"2013-12-01 06:08:04", "2013-12-01 06:43:47", nospace
"2013-12-01 07:22:54", "2013-12-01 07:53:04", nospace
"2013-12-01 08:05:08", "2013-12-01 08:13:57", nospace
"2013-12-01 08:23:06", "2013-12-01 08:28:48", nospace
"2013-12-01 08:34:57", "2013-12-01 08:38:00", nospace
"2013-12-01 08:44:07", "2013-12-01 08:49:50", nospace
"2013-12-01 08:59:00", "2013-12-01 09:05:08", nospace
"2013-12-01 09:10:52", "2013-12-01 09:13:56", nospace
"2013-12-01 09:28:52", "2013-12-01 09:35:01", nospace
"2013-12-01 11:28:58", "2013-12-01 11:58:48", nobike
"2013-12-02 05:02:07", "2013-12-02 05:26:03", nospace
"2013-12-02 05:46:55", "2013-12-02 05:50:01", nospace
"2013-12-03 00:14:10", "2013-12-03 00:23:08", nospace
"2013-12-03 01:41:09", "2013-12-03 02:02:08", nospace
"2013-12-03 11:05:17", "2013-12-03 11:08:01", nobike
"2013-12-04 00:49:59", "2013-12-04 01:17:02", nospace
"2013-12-04 01:26:03", "2013-12-04 01:56:16", nospace
"2013-12-04 07:11:10", "2013-12-04 07:29:14", nobike
"2013-12-04 12:11:01", "2013-12-04 12:14:09", nospace
"2013-12-06 00:08:17", "2013-12-06 00:44:25", nospace
"2013-12-06 11:08:26", "2013-12-06 11:14:10", nospace
"2013-12-07 05:14:16", "2013-12-07 05:20:30", nospace
"2013-12-07 05:23:26", "2013-12-07 05:26:20", nospace
"2013-12-07 05:32:11", "2013-12-07 05:35:31", nospace
"2013-12-07 05:38:26", "2013-12-07 05:41:21", nospace
"2013-12-07 06:02:14", "2013-12-07 06:05:10", nospace
"2013-12-07 06:11:27", "2013-12-07 06:26:08", nospace
"2013-12-07 07:14:22", "2013-12-07 07:20:15", nospace
"2013-12-07 07:29:25", "2013-12-07 07:53:15", nospace
"2013-12-07 07:56:32", "2013-12-07 08:05:22", nospace
"2013-12-07 08:32:24", "2013-12-07 08:38:17", nospace
"2013-12-07 14:38:17", "2013-12-07 14:41:13", nobike
"2013-12-08 02:44:34", "2013-12-08 02:56:13", nospace
"2013-12-08 04:44:26", "2013-12-08 04:53:15", nospace
"2013-12-08 05:05:32", "2013-12-08 05:08:12", nospace
"2013-12-08 05:20:35", "2013-12-08 05:32:30", nospace
"2013-12-08 05:44:18", "2013-12-08 05:50:29", nospace
"2013-12-08 06:02:24", "2013-12-08 06:11:19", nospace
"2013-12-08 06:32:11", "2013-12-08 07:11:17", nospace
"2013-12-08 07:32:15", "2013-12-08 08:14:17", nospace
"2013-12-08 08:29:26", "2013-12-08 08:50:29", nospace
"2013-12-08 08:53:13", "2013-12-08 09:02:26", nospace
"2013-12-08 09:08:26", "2013-12-08 09:20:21", nospace
"2013-12-08 11:50:27", "2013-12-08 12:05:20", nobike
"2013-12-09 07:29:43", "2013-12-09 07:32:18", nospace
"2013-12-09 08:14:40", "2013-12-09 08:17:35", nospace
"2013-12-09 09:08:14", "2013-12-09 09:17:23", nospace
"2013-12-09 11:26:23", "2013-12-09 11:29:29", nospace
"2013-12-09 11:32:36", "2013-12-09 11:41:23", nospace
"2013-12-09 11:47:37", "2013-12-09 11:50:44", nospace
"2013-12-09 14:14:30", "2013-12-09 14:20:45", nobike
"2013-12-09 14:23:20", "2013-12-09 14:29:36", nobike
"2013-12-10 06:08:43", "2013-12-10 06:11:22", nospace
"2013-12-10 06:14:32", "2013-12-10 06:17:45", nospace
"2013-12-10 12:17:33", "2013-12-10 12:29:26", nospace
"2013-12-10 12:38:32", "2013-12-10 12:41:23", nospace
"2013-12-10 12:44:44", "2013-12-10 13:23:43", nospace
"2013-12-11 10:56:24", "2013-12-11 10:59:31", nospace
"2013-12-12 09:02:39", "2013-12-12 09:50:58", nobike
"2013-12-12 09:53:34", "2013-12-12 09:59:59", nobike
"2013-12-12 10:02:36", "2013-12-12 10:14:59", nobike
"2013-12-12 10:38:27", "2013-12-12 10:44:59", nobike
"2013-12-14 04:21:06", "2013-12-14 04:26:41", nospace
"2013-12-14 04:35:44", "2013-12-14 04:50:59", nospace
"2013-12-14 04:53:46", "2013-12-14 05:02:48", nospace
"2013-12-14 05:20:59", "2013-12-14 05:30:04", nospace
"2013-12-14 05:32:53", "2013-12-14 05:44:42", nospace
"2013-12-14 06:23:44", "2013-12-14 06:59:48", nospace
"2013-12-14 07:29:46", "2013-12-14 07:32:44", nospace
"2013-12-14 07:50:49", "2013-12-14 07:53:37", nospace
"2013-12-15 14:26:53", "2013-12-15 14:29:52", nobike
"2013-12-15 14:38:40", "2013-12-15 15:02:39", nobike
"2013-12-16 00:09:07", "2013-12-16 00:38:56", nospace
"2013-12-18 11:14:50", "2013-12-18 11:57:02", nobike
"2013-12-19 11:12:10", "2013-12-19 11:36:39", nobike
"2013-12-22 08:03:42", "2013-12-22 08:06:29", nospace
"2013-12-22 08:12:04", "2013-12-22 08:30:42", nospace
"2013-12-22 08:36:17", "2013-12-22 09:15:24", nospace
"2013-12-22 09:18:12", "2013-12-22 09:24:06", nospace
"2013-12-27 11:58:12", "2013-12-27 12:46:11", nobike
"2013-12-28 04:27:20", "2013-12-28 04:33:39", nospace
"2013-12-28 04:46:18", "2013-12-28 04:51:35", nospace
"2013-12-28 04:54:43", "2013-12-28 04:57:53", nospace
"2013-12-28 05:04:10", "2013-12-28 05:09:25", nospace
"2013-12-28 05:18:56", "2013-12-28 05:43:05", nospace
"2013-12-28 06:09:23", "2013-12-28 06:25:10", nospace
"2013-12-28 08:52:12", "2013-12-28 08:57:33", nospace
"2013-12-28 09:12:34", "2013-12-28 09:33:58", nospace
"2013-12-29 06:31:02", "2013-12-29 08:30:30", nospace
"2013-12-29 08:33:43", "2013-12-29 08:48:54", nospace
"2013-12-29 09:58:00", "2013-12-29 10:03:24", nospace
"2013-12-30 04:37:18", "2013-12-30 04:46:03", nospace
"2013-12-30 05:21:58", "2013-12-30 05:27:56", nospace
"2013-12-30 05:46:17", "2013-12-30 05:48:27", nospace
"2013-12-30 05:55:01", "2013-12-30 06:07:04", nospace
"2013-12-30 15:18:33", "2013-12-30 15:25:10", nobike
"2013-12-30 19:15:35", "2013-12-30 20:27:39", nobike
"2013-12-31 07:45:49", "2013-12-31 07:48:56", nospace
"2013-12-31 08:01:13", "2013-12-31 08:03:49", nospace
"2013-12-31 14:31:03", "2013-12-31 14:40:04", nospace
"2013-12-31 14:43:25", "2013-12-31 14:45:40", nospace
"2013-12-31 15:01:23", "2013-12-31 15:06:59", nospace
"2013-12-31 15:21:36", "2013-12-31 15:28:20", nospace
"2013-12-31 18:49:31", "2013-12-31 19:06:40", nobike
"2014-01-01 04:43:19", "2014-01-01 05:03:40", nospace
"2014-01-01 06:52:35", "2014-01-01 06:54:53", nospace
"2014-01-01 07:15:41", "2014-01-01 07:19:10", nospace
"2014-01-01 12:09:47", "2014-01-01 12:19:01", nospace
"2014-01-02 05:46:25", "2014-01-02 05:48:38", nospace
"2014-01-02 06:01:24", "2014-01-02 06:03:43", nospace
"2014-01-02 06:07:12", "2014-01-02 06:10:42", nospace
"2014-01-02 06:46:01", "2014-01-02 06:49:31", nospace
"2014-01-02 07:13:10", "2014-01-02 07:18:57", nospace
"2014-01-02 07:22:27", "2014-01-02 07:57:52", nospace
"2014-01-02 11:54:59", "2014-01-02 12:22:25", nobike
"2014-01-03 01:13:23", "2014-01-03 01:15:44", nospace
"2014-01-03 06:42:52", "2014-01-03 06:48:46", nospace
"2014-01-03 07:43:34", "2014-01-03 07:45:55", nospace
"2014-01-03 08:28:59", "2014-01-03 08:39:45", nospace
"2014-01-03 09:39:44", "2014-01-03 09:43:17", nospace
"2014-01-04 05:25:14", "2014-01-04 05:34:49", nospace
"2014-01-04 05:46:45", "2014-01-04 06:22:05", nospace
"2014-01-05 03:40:21", "2014-01-05 03:46:25", nospace
"2014-01-05 03:52:32", "2014-01-05 03:54:55", nospace
"2014-01-05 04:12:55", "2014-01-05 04:31:10", nospace
"2014-01-05 04:34:49", "2014-01-05 04:40:55", nospace
"2014-01-05 05:49:02", "2014-01-05 05:52:41", nospace
"2014-01-05 08:12:53", "2014-01-05 08:16:35", nospace
"2014-01-05 08:22:46", "2014-01-05 08:25:15", nospace
"2014-01-05 08:52:43", "2014-01-05 08:55:10", nospace
"2014-01-05 09:16:53", "2014-01-05 09:19:22", nospace
"2014-01-05 13:58:05", "2014-01-05 14:22:05", nobike
"2014-01-06 04:02:01", "2014-01-06 04:34:11", nospace
"2014-01-06 08:31:11", "2014-01-06 08:43:18", nospace
"2014-01-06 11:52:30", "2014-01-06 13:10:02", nobike
"2014-01-06 14:51:58", "2014-01-06 14:55:43", nobike
"2014-01-06 14:58:14", "2014-01-06 15:25:52", nobike
"2014-01-07 01:25:19", "2014-01-07 01:29:04", nospace
"2014-01-07 01:34:06", "2014-01-07 01:40:24", nospace
"2014-01-07 01:42:54", "2014-01-07 02:01:30", nospace
"2014-01-07 05:34:20", "2014-01-07 05:49:05", nospace
"2014-01-07 14:22:01", "2014-01-07 14:25:08", nobike
"2014-01-07 14:28:26", "2014-01-07 14:46:56", nobike
"2014-01-09 14:22:58", "2014-01-09 14:37:09", nobike
"2014-01-10 12:11:12", "2014-01-10 12:40:14", nobike
"2014-01-10 13:05:19", "2014-01-10 13:07:57", nobike
"2014-01-10 13:59:20", "2014-01-10 14:04:36", nobike
"2014-01-11 06:52:39", "2014-01-11 06:55:20", nospace
"2014-01-11 06:59:22", "2014-01-11 07:07:27", nospace
"2014-01-11 07:14:12", "2014-01-11 07:16:52", nospace
"2014-01-11 07:46:23", "2014-01-11 07:50:26", nospace
"2014-01-11 08:01:10", "2014-01-11 08:05:13", nospace
"2014-01-11 08:07:55", "2014-01-11 08:10:36", nospace
"2014-01-11 08:13:19", "2014-01-11 08:17:20", nospace
"2014-01-11 08:20:01", "2014-01-11 08:22:42", nospace
"2014-01-11 08:32:06", "2014-01-11 08:34:48", nospace
"2014-01-11 08:56:19", "2014-01-11 09:01:43", nospace
"2014-01-11 15:43:09", "2014-01-11 15:55:17", nobike
"2014-01-12 14:40:36", "2014-01-12 15:01:43", nobike
"2014-01-12 15:04:27", "2014-01-12 15:28:56", nobike
"2014-01-13 11:46:23", "2014-01-13 12:31:54", nobike
"2014-01-14 10:32:32", "2014-01-14 10:40:50", nobike
"2014-01-15 01:43:44", "2014-01-15 01:53:27", nospace
"2014-01-15 01:56:14", "2014-01-15 01:59:00", nospace
"2014-01-15 11:19:35", "2014-01-15 11:35:34", nobike
"2014-01-15 14:32:22", "2014-01-15 14:40:46", nobike
"2014-01-17 10:13:45", "2014-01-17 10:17:37", nospace
"2014-01-18 07:29:34", "2014-01-18 07:35:19", nospace
"2014-01-18 07:55:36", "2014-01-18 08:05:32", nospace
"2014-01-18 09:07:41", "2014-01-18 09:23:39", nospace
"2014-01-18 09:32:22", "2014-01-18 09:35:15", nospace
"2014-01-19 05:17:06", "2014-01-19 05:50:43", nospace
"2014-01-19 06:02:22", "2014-01-19 06:11:08", nospace
"2014-01-19 07:22:34", "2014-01-19 08:20:00", nospace
"2014-01-19 08:31:49", "2014-01-19 08:37:41", nospace
"2014-01-19 08:41:40", "2014-01-19 08:43:40", nospace
"2014-01-19 08:46:43", "2014-01-19 08:50:39", nospace
"2014-01-19 09:26:04", "2014-01-19 09:46:47", nospace
"2014-01-19 14:29:30", "2014-01-19 14:35:23", nobike
"2014-01-19 14:41:16", "2014-01-19 14:50:06", nobike
"2014-01-20 03:06:00", "2014-01-20 03:23:16", nospace
"2014-01-20 04:14:48", "2014-01-20 04:32:27", nospace
"2014-01-20 04:35:25", "2014-01-20 05:06:00", nospace
"2014-01-20 05:07:51", "2014-01-20 05:16:48", nospace
"2014-01-20 05:50:43", "2014-01-20 06:02:33", nospace
"2014-01-20 06:23:14", "2014-01-20 06:50:31", nospace
"2014-01-20 06:53:32", "2014-01-20 06:56:32", nospace
"2014-01-20 07:59:04", "2014-01-20 08:02:02", nospace
"2014-01-20 08:16:57", "2014-01-20 08:28:58", nospace
"2014-01-20 08:31:57", "2014-01-20 08:37:55", nospace
"2014-01-20 10:49:59", "2014-01-20 10:52:57", nospace
"2014-01-20 11:39:02", "2014-01-20 11:44:58", nospace
"2014-01-20 11:47:58", "2014-01-20 11:50:56", nospace
"2014-01-20 12:02:11", "2014-01-20 12:06:10", nospace
"2014-01-20 14:52:56", "2014-01-20 15:01:52", nobike
"2014-01-21 04:32:18", "2014-01-21 04:52:54", nospace
"2014-01-21 06:02:20", "2014-01-21 06:34:52", nospace
"2014-01-21 06:53:04", "2014-01-21 06:56:05", nospace
"2014-01-21 07:59:02", "2014-01-21 08:02:02", nospace
"2014-01-21 08:05:02", "2014-01-21 08:14:04", nospace
"2014-01-21 08:23:03", "2014-01-21 08:41:00", nospace
"2014-01-21 08:46:59", "2014-01-21 08:49:58", nospace
"2014-01-21 09:01:58", "2014-01-21 09:15:28", nospace
"2014-01-22 01:56:33", "2014-01-22 02:26:32", nospace
"2014-01-22 02:28:02", "2014-01-22 02:35:32", nospace
"2014-01-22 02:49:01", "2014-01-22 02:56:31", nospace
"2014-01-22 03:30:48", "2014-01-22 03:42:49", nospace
"2014-01-22 03:45:49", "2014-01-22 03:54:48", nospace
"2014-01-22 04:06:47", "2014-01-22 04:09:47", nospace
"2014-01-22 04:33:48", "2014-01-22 04:42:50", nospace
"2014-01-22 04:54:53", "2014-01-22 05:18:53", nospace
"2014-01-22 05:38:24", "2014-01-22 06:08:26", nospace
"2014-01-22 06:32:30", "2014-01-22 06:40:03", nospace
"2014-01-22 07:19:14", "2014-01-22 07:28:21", nospace
"2014-01-22 07:37:29", "2014-01-22 07:55:42", nospace
"2014-01-22 07:57:13", "2014-01-22 08:12:54", nospace
"2014-01-23 04:19:24", "2014-01-23 04:29:50", nospace
"2014-01-24 02:39:40", "2014-01-24 03:05:08", nospace
"2014-01-24 03:07:12", "2014-01-24 03:53:14", nospace
"2014-01-24 04:00:52", "2014-01-24 04:17:42", nospace
"2014-01-24 04:20:46", "2014-01-24 04:40:38", nospace
"2014-01-24 04:45:01", "2014-01-24 04:54:14", nospace
"2014-01-24 04:55:46", "2014-01-24 05:12:36", nospace
"2014-01-24 14:27:58", "2014-01-24 14:31:04", nospace
"2014-01-24 14:32:37", "2014-01-24 14:44:59", nospace
"2014-01-25 01:53:42", "2014-01-25 02:32:34", nospace
"2014-01-25 02:34:08", "2014-01-25 02:41:52", nospace
"2014-01-25 03:09:49", "2014-01-25 03:35:02", nospace
"2014-01-25 03:37:22", "2014-01-25 03:46:43", nospace
"2014-01-25 07:12:11", "2014-01-25 07:13:45", nospace
"2014-01-25 07:20:01", "2014-01-25 08:02:14", nospace
"2014-01-25 08:25:45", "2014-01-25 08:28:53", nospace
"2014-01-25 13:54:28", "2014-01-25 14:02:18", nobike
"2014-01-25 14:10:07", "2014-01-25 14:24:12", nobike
"2014-01-25 16:39:25", "2014-01-25 16:41:00", nobike
"2014-01-26 02:33:54", "2014-01-26 02:44:47", nospace
"2014-01-26 03:05:02", "2014-01-26 03:11:18", nospace
"2014-01-26 03:14:26", "2014-01-26 03:34:44", nospace
"2014-01-26 03:50:23", "2014-01-26 03:51:56", nospace
"2014-01-26 03:53:30", "2014-01-26 03:56:39", nospace
"2014-01-26 04:16:56", "2014-01-26 04:52:49", nospace
"2014-01-26 05:47:15", "2014-01-26 05:49:42", nospace
"2014-01-26 05:54:58", "2014-01-26 06:14:51", nospace
"2014-01-26 06:29:15", "2014-01-26 06:56:23", nospace
"2014-01-26 06:58:18", "2014-01-26 06:59:32", nospace
"2014-01-27 03:59:59", "2014-01-27 04:04:44", nospace
"2014-01-27 04:23:44", "2014-01-27 04:26:56", nospace
"2014-01-27 04:28:31", "2014-01-27 04:31:41", nospace
"2014-01-27 04:36:22", "2014-01-27 04:45:43", nospace
"2014-01-27 05:24:02", "2014-01-27 05:33:34", nospace
"2014-01-27 05:35:10", "2014-01-27 05:46:17", nospace
"2014-01-27 05:47:52", "2014-01-27 05:55:49", nospace
"2014-01-27 06:12:47", "2014-01-27 06:35:08", nospace
"2014-01-27 11:48:31", "2014-01-27 11:50:07", nospace
"2014-01-27 14:03:41", "2014-01-27 14:05:17", nospace
"2014-01-27 14:06:54", "2014-01-27 14:10:07", nospace
"2014-01-28 04:38:33", "2014-01-28 04:57:48", nospace
"2014-01-28 05:07:25", "2014-01-28 05:45:48", nospace
"2014-01-28 05:52:12", "2014-01-28 06:04:58", nospace
"2014-01-28 06:06:34", "2014-01-28 06:20:59", nospace
"2014-01-28 06:30:38", "2014-01-28 06:41:40", nospace
"2014-01-28 06:45:54", "2014-01-28 07:03:04", nospace
"2014-01-28 07:04:41", "2014-01-28 07:09:30", nospace
"2014-01-28 07:14:20", "2014-01-28 07:23:46", nospace
"2014-01-28 14:03:28", "2014-01-28 14:09:56", nospace
"2014-01-28 14:11:36", "2014-01-28 14:16:27", nospace
"2014-01-28 14:26:08", "2014-01-28 14:30:36", nospace
"2014-01-28 14:31:57", "2014-01-28 14:38:13", nospace
"2014-01-29 07:57:15", "2014-01-29 08:00:08", nospace
"2014-01-29 08:31:02", "2014-01-29 08:40:47", nospace
"2014-01-29 08:45:40", "2014-01-29 08:52:11", nospace
"2014-01-29 08:57:04", "2014-01-29 09:03:36", nospace
"2014-01-29 09:08:29", "2014-01-29 09:15:00", nospace
"2014-01-29 11:40:49", "2014-01-29 11:45:42", nobike
"2014-01-29 12:15:01", "2014-01-29 12:26:26", nobike
"2014-01-29 12:29:40", "2014-01-29 12:32:56", nobike
"2014-01-29 13:35:36", "2014-01-29 13:41:15", nobike
"2014-01-29 13:52:43", "2014-01-29 13:57:37", nospace
"2014-01-30 09:02:36", "2014-01-30 09:04:16", nospace
"2014-01-31 01:33:29", "2014-01-31 01:49:47", nospace
"2014-01-31 02:50:34", "2014-01-31 02:52:50", nospace
"2014-01-31 02:56:39", "2014-01-31 03:00:00", nospace
"2014-01-31 03:08:34", "2014-01-31 03:31:49", nospace
"2014-01-31 03:38:25", "2014-01-31 03:40:04", nospace
"2014-01-31 03:48:20", "2014-01-31 04:18:06", nospace
"2014-01-31 04:19:45", "2014-01-31 04:24:43", nospace
"2014-01-31 04:34:36", "2014-01-31 04:47:47", nospace
"2014-01-31 05:04:16", "2014-01-31 05:19:10", nospace
"2014-01-31 05:20:49", "2014-01-31 05:48:53", nospace
"2014-01-31 05:57:08", "2014-01-31 06:12:01", nospace
"2014-01-31 06:16:49", "2014-01-31 06:38:55", nospace
"2014-01-31 06:41:05", "2014-01-31 07:00:04", nospace
"2014-01-31 07:04:45", "2014-01-31 07:09:13", nospace
"2014-01-31 07:30:13", "2014-01-31 07:34:54", nospace
"2014-01-31 07:37:05", "2014-01-31 07:39:18", nospace
"2014-01-31 07:41:05", "2014-01-31 07:50:34", nospace
"2014-01-31 08:14:34", "2014-01-31 08:32:47", nospace
"2014-01-31 08:36:03", "2014-01-31 08:46:00", nospace
"2014-01-31 08:47:39", "2014-01-31 09:04:28", nospace
"2014-01-31 09:06:10", "2014-01-31 09:15:13", nospace
"2014-01-31 09:15:49", "2014-01-31 09:20:12", nospace
"2014-01-31 17:06:47", "2014-01-31 17:26:42", nobike
"2014-01-31 17:28:22", "2014-01-31 17:39:57", nobike
"2014-02-01 07:03:59", "2014-02-01 07:26:36", nospace
"2014-02-01 08:26:49", "2014-02-01 08:54:05", nospace
"2014-02-01 08:54:45", "2014-02-01 08:59:09", nospace
"2014-02-01 09:17:39", "2014-02-01 09:26:26", nospace
"2014-02-01 09:35:31", "2014-02-01 09:42:15", nospace
"2014-02-01 09:55:58", "2014-02-01 10:01:00", nospace
"2014-02-02 02:15:50", "2014-02-02 02:18:05", nospace
"2014-02-02 02:23:25", "2014-02-02 02:25:41", nospace
"2014-02-02 02:40:53", "2014-02-02 03:16:12", nospace
"2014-02-02 03:22:56", "2014-02-02 03:42:58", nospace
"2014-02-02 03:54:44", "2014-02-02 04:40:34", nospace
"2014-02-02 05:42:03", "2014-02-02 06:00:15", nospace
"2014-02-02 07:14:05", "2014-02-02 07:45:37", nospace
"2014-02-02 07:46:38", "2014-02-02 07:58:01", nospace
"2014-02-02 08:07:08", "2014-02-02 08:56:52", nospace
"2014-02-02 09:08:35", "2014-02-02 09:16:38", nospace
"2014-02-02 09:24:18", "2014-02-02 09:25:43", nospace
"2014-02-03 03:44:59", "2014-02-03 03:49:34", nospace
"2014-02-03 04:21:45", "2014-02-03 04:47:06", nospace
"2014-02-03 04:48:48", "2014-02-03 04:57:16", nospace
"2014-02-03 06:49:13", "2014-02-03 06:57:35", nospace
"2014-02-03 07:06:39", "2014-02-03 07:10:19", nospace
"2014-02-03 07:24:18", "2014-02-03 07:43:16", nospace
"2014-02-03 08:03:24", "2014-02-03 08:07:13", nospace
"2014-02-03 08:14:18", "2014-02-03 08:30:18", nospace
"2014-02-03 08:40:35", "2014-02-03 08:43:58", nospace
"2014-02-03 09:13:07", "2014-02-03 09:18:18", nospace
"2014-02-03 11:35:05", "2014-02-03 11:37:21", nospace
"2014-02-03 11:39:31", "2014-02-03 11:41:01", nospace
"2014-02-04 03:31:49", "2014-02-04 03:52:19", nospace
"2014-02-04 04:16:32", "2014-02-04 04:27:58", nospace
"2014-02-04 08:43:08", "2014-02-04 08:51:44", nospace
"2014-02-05 10:54:04", "2014-02-05 10:56:20", nobike
"2014-02-05 11:00:01", "2014-02-05 11:10:03", nobike
"2014-02-05 11:12:20", "2014-02-05 11:16:45", nobike
"2014-02-06 04:54:25", "2014-02-06 04:57:43", nospace
"2014-02-06 05:02:10", "2014-02-06 05:12:41", nospace
"2014-02-06 05:16:21", "2014-02-06 05:18:41", nospace
"2014-02-06 05:25:51", "2014-02-06 05:31:35", nospace
"2014-02-06 05:39:49", "2014-02-06 05:49:02", nospace
"2014-02-06 05:58:16", "2014-02-06 06:05:31", nospace
"2014-02-06 07:01:43", "2014-02-06 07:10:31", nospace
"2014-02-06 07:21:37", "2014-02-06 07:26:54", nospace
"2014-02-06 07:46:16", "2014-02-06 07:53:17", nospace
"2014-02-06 07:55:01", "2014-02-06 08:08:54", nospace
"2014-02-06 08:45:25", "2014-02-06 09:19:18", nospace
"2014-02-06 09:43:57", "2014-02-06 09:50:40", nospace
"2014-02-13 13:04:57", "2014-02-13 13:26:04", nobike
"2014-02-13 13:39:04", "2014-02-13 14:21:58", nobike
"2014-02-14 16:24:20", "2014-02-14 16:39:24", nobike
"2014-02-15 08:16:07", "2014-02-15 08:21:48", nospace
"2014-02-15 08:27:25", "2014-02-15 08:29:19", nospace
"2014-02-15 10:33:46", "2014-02-15 10:37:33", nobike
"2014-02-15 10:45:08", "2014-02-15 10:47:47", nobike
"2014-02-15 11:12:38", "2014-02-15 11:20:14", nobike
"2014-02-15 12:00:07", "2014-02-15 12:17:10", nobike
"2014-02-15 12:54:59", "2014-02-15 13:12:01", nobike
"2014-02-15 13:15:48", "2014-02-15 13:25:15", nobike
"2014-02-15 13:27:10", "2014-02-15 13:30:56", nobike
"2014-02-15 13:32:50", "2014-02-15 14:03:10", nobike
"2014-02-16 05:38:41", "2014-02-16 05:42:28", nospace
"2014-02-16 05:44:49", "2014-02-16 05:52:23", nospace
"2014-02-16 06:00:44", "2014-02-16 06:41:29", nospace
"2014-02-16 06:45:18", "2014-02-16 06:47:14", nospace
"2014-02-16 06:53:00", "2014-02-16 07:00:37", nospace
"2014-02-16 07:02:32", "2014-02-16 07:08:18", nospace
"2014-02-16 07:10:13", "2014-02-16 07:14:01", nospace
"2014-02-16 07:19:47", "2014-02-16 07:40:50", nospace
"2014-02-16 08:20:58", "2014-02-16 08:37:59", nospace
"2014-02-16 08:39:53", "2014-02-16 08:53:14", nospace
"2014-02-16 08:55:08", "2014-02-16 08:58:56", nospace
"2014-02-16 09:04:41", "2014-02-16 09:12:19", nospace
"2014-02-16 09:21:29", "2014-02-16 09:23:58", nospace
"2014-02-16 09:24:56", "2014-02-16 09:29:54", nospace
"2014-02-16 14:42:57", "2014-02-16 15:04:02", nobike
"2014-02-17 05:01:58", "2014-02-17 05:03:55", nospace
"2014-02-17 09:59:03", "2014-02-17 10:01:00", nobike
"2014-02-17 10:02:55", "2014-02-17 10:06:46", nobike
"2014-02-17 10:08:42", "2014-02-17 10:18:17", nobike
"2014-02-17 10:22:07", "2014-02-17 10:33:27", nobike
"2014-02-17 11:23:13", "2014-02-17 11:28:59", nospace
"2014-02-17 14:40:31", "2014-02-17 14:42:29", nobike
"2014-02-18 05:29:54", "2014-02-18 05:31:51", nospace
"2014-02-19 02:20:10", "2014-02-19 02:24:03", nospace
"2014-02-19 02:49:16", "2014-02-19 04:29:49", nospace
"2014-02-20 03:05:29", "2014-02-20 04:03:53", nospace
"2014-02-20 04:22:32", "2014-02-20 04:54:23", nospace
"2014-02-20 04:58:18", "2014-02-20 05:04:12", nospace
"2014-02-20 08:34:11", "2014-02-20 08:51:54", nospace
"2014-02-20 08:53:52", "2014-02-20 09:07:27", nospace
"2014-02-20 09:15:18", "2014-02-20 09:19:13", nospace
"2014-02-20 09:23:09", "2014-02-20 09:25:08", nospace
"2014-02-20 09:29:03", "2014-02-20 09:31:02", nospace
"2014-02-20 14:34:25", "2014-02-20 15:02:03", nobike
"2014-02-21 06:29:09", "2014-02-21 06:35:31", nospace
"2014-02-22 01:53:07", "2014-02-22 02:25:16", nospace
"2014-02-22 03:45:18", "2014-02-22 03:56:34", nospace
"2014-02-22 03:58:35", "2014-02-22 04:22:31", nospace
"2014-02-22 04:40:29", "2014-02-22 04:48:43", nospace
"2014-02-22 04:50:43", "2014-02-22 04:54:42", nospace
"2014-02-22 05:06:41", "2014-02-22 05:56:35", nospace
"2014-02-22 06:00:35", "2014-02-22 06:06:34", nospace
"2014-02-22 06:12:34", "2014-02-22 06:22:35", nospace
"2014-02-22 06:40:38", "2014-02-22 07:22:36", nospace
"2014-02-22 07:32:45", "2014-02-22 07:42:49", nospace
"2014-02-22 08:00:54", "2014-02-22 08:49:53", nospace
"2014-02-22 08:53:53", "2014-02-22 09:03:55", nospace
"2014-02-22 09:07:55", "2014-02-22 09:15:54", nospace
"2014-02-22 09:17:55", "2014-02-22 09:19:55", nospace
"2014-02-22 09:23:54", "2014-02-22 09:25:54", nospace
"2014-02-22 09:27:56", "2014-02-22 09:29:56", nospace
"2014-02-22 10:34:43", "2014-02-22 10:36:53", nospace
"2014-02-22 10:41:58", "2014-02-22 10:45:18", nospace
"2014-02-22 13:29:25", "2014-02-22 13:41:23", nobike
"2014-02-22 13:43:23", "2014-02-22 13:45:22", nobike
"2014-02-23 00:09:35", "2014-02-23 00:47:54", nospace
"2014-02-23 04:15:36", "2014-02-23 04:17:37", nospace
"2014-02-23 04:21:39", "2014-02-23 04:23:40", nospace
"2014-02-23 04:31:43", "2014-02-23 04:49:48", nospace
"2014-02-23 04:55:49", "2014-02-23 04:57:49", nospace
"2014-02-23 06:14:09", "2014-02-23 06:55:02", nospace
"2014-02-23 07:19:10", "2014-02-23 07:26:55", nospace
"2014-02-23 07:29:17", "2014-02-23 07:47:21", nospace
"2014-02-23 07:53:10", "2014-02-23 08:03:12", nospace
"2014-02-23 08:05:14", "2014-02-23 08:15:20", nospace
"2014-02-23 08:25:26", "2014-02-23 08:37:38", nospace
"2014-02-23 08:51:42", "2014-02-23 09:01:49", nospace
"2014-02-23 09:22:04", "2014-02-23 09:42:16", nospace
"2014-02-23 09:56:27", "2014-02-23 09:58:27", nospace
"2014-02-23 10:08:29", "2014-02-23 10:10:31", nospace
"2014-02-23 10:12:31", "2014-02-23 10:14:34", nospace
"2014-02-23 10:16:34", "2014-02-23 10:22:36", nospace
"2014-02-23 10:24:37", "2014-02-23 10:26:37", nospace
"2014-02-23 10:36:45", "2014-02-23 10:46:50", nospace
"2014-02-24 10:46:55", "2014-02-24 10:55:03", nobike
"2014-02-25 11:19:18", "2014-02-25 11:21:22", nobike
"2014-02-26 00:49:09", "2014-02-26 00:57:39", nospace
"2014-02-26 00:59:34", "2014-02-26 01:03:43", nospace
"2014-02-26 08:49:59", "2014-02-26 08:52:33", nospace
"2014-02-26 09:35:59", "2014-02-26 09:38:38", nospace
"2014-02-26 09:39:42", "2014-02-26 09:40:25", nospace
"2014-02-26 09:42:40", "2014-02-26 09:46:49", nospace
"2014-02-26 10:01:14", "2014-02-26 10:07:27", nospace
"2014-02-26 13:46:54", "2014-02-26 13:54:38", nobike
"2014-02-26 13:57:10", "2014-02-26 14:13:14", nobike
"2014-02-27 00:23:17", "2014-02-27 00:39:41", nospace
"2014-02-27 00:44:20", "2014-02-27 00:58:08", nospace
"2014-02-27 03:55:12", "2014-02-27 04:17:43", nospace
"2014-02-27 04:51:03", "2014-02-27 05:03:36", nospace
"2014-02-27 05:09:48", "2014-02-27 05:38:56", nospace
"2014-02-27 06:18:28", "2014-02-27 06:20:33", nospace
"2014-02-27 08:01:50", "2014-02-27 08:06:58", nospace
"2014-02-27 08:09:13", "2014-02-27 08:23:27", nospace
"2014-02-27 09:35:44", "2014-02-27 09:39:52", nospace
"2014-02-28 02:03:39", "2014-02-28 02:26:28", nospace
"2014-02-28 02:32:42", "2014-02-28 02:36:50", nospace
"2014-02-28 02:47:12", "2014-02-28 02:49:17", nospace
"2014-02-28 04:58:29", "2014-02-28 05:01:03", nospace
"2014-02-28 05:02:29", "2014-02-28 05:23:53", nospace
"2014-02-28 05:46:48", "2014-02-28 06:30:35", nospace
"2014-02-28 06:32:39", "2014-02-28 06:35:19", nospace
"2014-02-28 06:40:55", "2014-02-28 06:43:08", nospace
"2014-02-28 06:45:45", "2014-02-28 07:06:32", nospace
"2014-02-28 07:41:56", "2014-02-28 08:04:55", nospace
"2014-02-28 08:21:33", "2014-02-28 08:36:07", nospace
"2014-02-28 08:38:12", "2014-02-28 08:48:38", nospace
"2014-02-28 08:50:43", "2014-02-28 09:05:17", nospace
"2014-02-28 09:09:27", "2014-02-28 09:13:36", nospace
"2014-02-28 09:15:39", "2014-02-28 09:24:06", nospace
"2014-02-28 10:02:42", "2014-02-28 10:05:23", nospace
"2014-03-01 01:54:51", "2014-03-01 02:07:22", nospace
"2014-03-01 05:03:09", "2014-03-01 05:05:14", nospace
"2014-03-01 05:11:31", "2014-03-01 05:17:49", nospace
"2014-03-01 05:19:28", "2014-03-01 05:33:14", nospace
"2014-03-01 05:38:12", "2014-03-01 06:02:25", nospace
"2014-03-01 06:12:43", "2014-03-01 06:24:20", nospace
"2014-03-01 06:35:58", "2014-03-01 07:08:02", nospace
"2014-03-01 07:13:03", "2014-03-01 07:26:06", nospace
"2014-03-01 07:31:15", "2014-03-01 07:44:05", nospace
"2014-03-01 07:46:47", "2014-03-01 08:52:11", nospace
"2014-03-02 10:53:37", "2014-03-02 11:14:48", nobike
"2014-03-02 11:37:54", "2014-03-02 11:43:04", nospace
"2014-03-03 04:59:41", "2014-03-03 05:16:56", nospace
"2014-03-03 05:31:59", "2014-03-03 05:34:10", nospace
"2014-03-03 11:25:01", "2014-03-03 11:28:57", nobike
"2014-03-05 00:23:47", "2014-03-05 00:28:21", nospace
"2014-03-05 01:42:09", "2014-03-05 01:44:21", nospace
"2014-03-05 01:51:15", "2014-03-05 02:48:37", nospace
"2014-03-05 02:51:08", "2014-03-05 04:55:30", nospace
"2014-03-05 05:52:33", "2014-03-05 05:54:51", nospace
"2014-03-05 14:37:41", "2014-03-05 14:39:59", nobike
"2014-03-07 02:57:07", "2014-03-07 03:28:15", nospace
"2014-03-07 04:48:34", "2014-03-07 05:00:09", nospace
"2014-03-07 05:07:06", "2014-03-07 05:44:15", nospace
"2014-03-07 09:18:58", "2014-03-07 09:21:19", nospace
"2014-03-09 06:16:24", "2014-03-09 06:58:23", nospace
"2014-03-09 07:00:45", "2014-03-09 07:41:20", nospace
"2014-03-09 07:46:01", "2014-03-09 07:48:21", nospace
"2014-03-09 08:09:32", "2014-03-09 08:23:40", nospace
"2014-03-10 05:05:43", "2014-03-10 05:31:40", nospace
"2014-03-10 05:34:02", "2014-03-10 05:38:46", nospace
"2014-03-10 10:46:33", "2014-03-10 10:49:01", nospace
"2014-03-11 02:10:38", "2014-03-11 02:24:55", nospace
"2014-03-11 10:42:19", "2014-03-11 10:47:07", nospace
"2014-03-11 14:06:40", "2014-03-11 14:07:26", nobike
"2014-03-12 02:18:37", "2014-03-12 02:30:33", nospace
"2014-03-12 02:32:57", "2014-03-12 02:37:44", nospace
"2014-03-12 09:58:53", "2014-03-12 10:01:38", nobike
"2014-03-12 10:04:09", "2014-03-12 10:07:56", nobike
"2014-03-12 10:14:39", "2014-03-12 10:19:27", nobike
"2014-03-12 10:21:50", "2014-03-12 10:26:36", nobike
"2014-03-12 10:28:59", "2014-03-12 10:33:46", nobike
"2014-03-13 13:45:04", "2014-03-13 13:54:36", nobike
"2014-03-13 14:04:14", "2014-03-13 14:09:04", nospace
"2014-03-14 00:22:27", "2014-03-14 00:45:47", nospace
"2014-03-14 07:01:44", "2014-03-14 07:16:16", nospace
"2014-03-14 07:21:07", "2014-03-14 07:28:20", nospace
"2014-03-14 10:02:17", "2014-03-14 10:05:02", nobike
"2014-03-14 10:07:46", "2014-03-14 10:11:29", nobike
"2014-03-14 10:13:54", "2014-03-14 10:18:38", nobike
"2014-03-14 10:21:03", "2014-03-14 10:25:53", nobike
"2014-03-14 10:28:18", "2014-03-14 10:33:03", nobike
"2014-03-15 01:32:06", "2014-03-15 01:53:23", nospace
"2014-03-15 04:17:20", "2014-03-15 04:30:17", nospace
"2014-03-15 04:39:41", "2014-03-15 04:47:32", nospace
"2014-03-15 04:49:03", "2014-03-15 04:51:46", nospace
"2014-03-15 04:54:35", "2014-03-15 05:01:10", nospace
"2014-03-15 05:10:21", "2014-03-15 05:19:36", nospace
"2014-03-15 05:22:23", "2014-03-15 05:31:45", nospace
"2014-03-15 05:34:05", "2014-03-15 05:38:18", nospace
"2014-03-15 05:50:13", "2014-03-15 05:56:37", nospace
"2014-03-15 05:59:03", "2014-03-15 06:16:03", nospace
"2014-03-15 06:23:20", "2014-03-15 06:33:10", nospace
"2014-03-15 06:35:51", "2014-03-15 06:50:28", nospace
"2014-03-15 06:52:55", "2014-03-15 06:55:20", nospace
"2014-03-15 06:57:47", "2014-03-15 08:05:56", nospace
"2014-03-15 08:08:22", "2014-03-15 08:13:14", nospace
"2014-03-15 08:20:34", "2014-03-15 08:30:22", nospace
"2014-03-15 08:37:41", "2014-03-15 08:42:33", nospace
"2014-03-15 08:44:58", "2014-03-15 08:47:24", nospace
"2014-03-15 11:15:44", "2014-03-15 11:20:37", nobike
"2014-03-15 11:32:47", "2014-03-15 11:59:36", nospace
"2014-03-15 14:45:58", "2014-03-15 15:13:29", nobike
"2014-03-16 01:01:02", "2014-03-16 01:23:00", nospace
"2014-03-16 05:13:23", "2014-03-16 05:20:44", nospace
"2014-03-16 07:07:37", "2014-03-16 07:30:12", nospace
"2014-03-16 07:32:39", "2014-03-16 08:09:18", nospace
"2014-03-16 08:11:45", "2014-03-16 08:19:05", nospace
"2014-03-16 08:21:30", "2014-03-16 08:38:34", nospace
"2014-03-16 09:02:57", "2014-03-16 09:05:24", nospace
"2014-03-16 10:47:39", "2014-03-16 10:48:23", nospace
"2014-03-17 04:59:36", "2014-03-17 05:07:00", nospace
"2014-03-17 06:25:45", "2014-03-17 06:28:25", nospace
"2014-03-17 07:18:18", "2014-03-17 07:30:34", nospace
"2014-03-17 07:33:05", "2014-03-17 07:40:29", nospace
"2014-03-17 07:47:42", "2014-03-17 07:50:09", nospace
"2014-03-17 08:31:57", "2014-03-17 08:34:24", nospace
"2014-03-17 08:38:56", "2014-03-17 08:47:19", nospace
"2014-03-17 09:02:04", "2014-03-17 09:09:27", nospace
"2014-03-17 11:52:43", "2014-03-17 12:22:19", nobike
"2014-03-18 11:01:14", "2014-03-18 11:13:36", nobike
"2014-03-18 23:49:40", "2014-03-18 23:57:07", nospace
"2014-03-18 23:59:36", "2014-03-19 00:14:29", nospace
"2014-03-19 03:34:36", "2014-03-19 03:43:48", nospace
"2014-03-19 03:48:40", "2014-03-19 03:51:46", nospace
"2014-03-19 04:13:24", "2014-03-19 04:32:12", nospace
"2014-03-19 04:47:14", "2014-03-19 04:54:27", nospace
"2014-03-19 05:29:12", "2014-03-19 05:41:37", nospace
"2014-03-19 05:46:35", "2014-03-19 05:56:30", nospace
"2014-03-19 06:01:29", "2014-03-19 06:11:25", nospace
"2014-03-19 06:32:07", "2014-03-19 06:49:46", nospace
"2014-03-19 11:49:10", "2014-03-19 11:54:08", nospace
"2014-03-20 10:55:35", "2014-03-20 11:10:35", nospace
"2014-03-21 13:51:25", "2014-03-21 13:53:57", nobike
"2014-03-22 00:58:49", "2014-03-22 01:04:18", nospace
"2014-03-22 05:34:14", "2014-03-22 05:36:45", nospace
"2014-03-22 05:41:51", "2014-03-22 05:44:23", nospace
"2014-03-22 05:46:56", "2014-03-22 05:54:35", nospace
"2014-03-22 06:46:27", "2014-03-22 06:48:57", nospace
"2014-03-22 07:14:06", "2014-03-22 07:21:39", nospace
"2014-03-22 07:39:15", "2014-03-22 07:41:45", nospace
"2014-03-22 07:44:16", "2014-03-22 07:49:18", nospace
"2014-03-22 07:54:21", "2014-03-22 07:59:23", nospace
"2014-03-22 08:09:28", "2014-03-22 08:14:31", nospace
"2014-03-22 08:19:34", "2014-03-22 08:22:05", nospace
"2014-03-22 08:24:37", "2014-03-22 08:40:45", nospace
"2014-03-22 09:05:59", "2014-03-22 09:21:00", nospace
"2014-03-22 09:49:31", "2014-03-22 09:59:41", nospace
"2014-03-22 10:04:44", "2014-03-22 10:07:14", nospace
"2014-03-22 14:57:31", "2014-03-22 15:20:12", nobike
"2014-03-23 01:48:01", "2014-03-23 01:58:07", nospace
"2014-03-23 05:48:24", "2014-03-23 05:50:23", nospace
"2014-03-23 05:52:53", "2014-03-23 06:20:45", nospace
"2014-03-23 06:48:55", "2014-03-23 07:16:44", nospace
"2014-03-23 07:26:49", "2014-03-23 07:29:22", nospace
"2014-03-23 07:39:30", "2014-03-23 07:44:34", nospace
"2014-03-23 07:49:39", "2014-03-23 08:17:30", nospace
"2014-03-23 08:25:06", "2014-03-23 08:32:42", nospace
"2014-03-23 08:42:50", "2014-03-23 08:52:57", nospace
"2014-03-23 08:55:29", "2014-03-23 09:05:36", nospace
"2014-03-23 09:10:40", "2014-03-23 09:13:13", nospace
"2014-03-23 09:15:46", "2014-03-23 09:18:19", nospace
"2014-03-23 09:20:52", "2014-03-23 09:33:31", nospace
"2014-03-23 10:58:01", "2014-03-23 11:03:05", nospace
"2014-03-23 14:24:07", "2014-03-23 14:57:03", nobike
"2014-03-23 15:04:41", "2014-03-23 15:12:17", nospace
"2014-03-23 15:22:24", "2014-03-23 15:35:05", nospace
"2014-03-23 23:37:22", "2014-03-24 00:00:13", nospace
"2014-03-24 00:02:45", "2014-03-24 00:12:54", nospace
"2014-03-24 03:57:26", "2014-03-24 03:59:59", nospace
"2014-03-24 04:20:16", "2014-03-24 04:57:17", nospace
"2014-03-24 07:24:25", "2014-03-24 07:34:36", nospace
"2014-03-24 08:25:26", "2014-03-24 08:30:31", nospace
"2014-03-24 11:15:20", "2014-03-24 11:38:15", nobike
"2014-03-24 14:18:47", "2014-03-24 14:21:20", nobike
"2014-03-24 23:12:19", "2014-03-24 23:19:57", nobike
"2014-03-26 00:26:39", "2014-03-26 00:36:42", nospace
"2014-03-26 03:40:06", "2014-03-26 03:49:34", nospace
"2014-03-26 04:04:22", "2014-03-26 04:22:21", nospace
"2014-03-26 06:57:33", "2014-03-26 07:02:41", nospace
"2014-03-27 04:47:30", "2014-03-27 04:50:06", nospace
"2014-03-27 04:52:40", "2014-03-27 04:57:44", nospace
"2014-03-27 05:00:39", "2014-03-27 05:05:22", nospace
"2014-03-27 11:39:45", "2014-03-27 11:42:20", nospace
"2014-03-27 14:20:23", "2014-03-27 14:33:16", nobike
"2014-03-28 00:18:51", "2014-03-28 00:39:35", nospace
"2014-03-28 00:42:10", "2014-03-28 01:35:28", nospace
"2014-03-28 13:22:07", "2014-03-28 13:24:43", nospace
"2014-03-28 13:37:40", "2014-03-28 13:40:16", nospace
"2014-03-28 14:58:00", "2014-03-28 15:00:35", nospace
"2014-03-29 04:11:50", "2014-03-29 04:14:02", nospace
"2014-03-29 04:18:41", "2014-03-29 04:38:55", nospace
"2014-03-29 05:02:18", "2014-03-29 05:07:29", nospace
"2014-03-29 05:51:42", "2014-03-29 06:22:56", nospace
"2014-03-29 06:30:45", "2014-03-29 06:38:33", nospace
"2014-03-29 07:04:48", "2014-03-29 07:36:00", nospace
"2014-03-29 08:29:09", "2014-03-29 08:39:25", nospace
"2014-03-29 13:40:47", "2014-03-29 13:45:59", nospace
"2014-03-30 03:15:14", "2014-03-30 03:17:51", nospace
"2014-03-30 03:20:28", "2014-03-30 03:25:42", nospace
"2014-03-30 04:26:26", "2014-03-30 04:34:51", nospace
"2014-03-30 04:42:42", "2014-03-30 04:55:44", nospace
"2014-03-30 04:57:31", "2014-03-30 05:01:54", nospace
"2014-03-30 05:12:34", "2014-03-30 05:30:50", nospace
"2014-03-30 05:33:27", "2014-03-30 06:28:44", nospace
"2014-03-30 06:31:43", "2014-03-30 06:44:34", nospace
"2014-03-30 06:47:55", "2014-03-30 07:53:40", nospace
"2014-03-30 07:57:56", "2014-03-30 08:20:57", nospace
"2014-03-30 08:23:33", "2014-03-30 08:26:10", nospace
"2014-03-30 08:28:48", "2014-03-30 08:49:47", nospace
"2014-03-30 09:15:54", "2014-03-30 09:21:08", nospace
"2014-03-30 09:23:45", "2014-03-30 09:25:26", nospace
"2014-03-30 10:14:39", "2014-03-30 10:19:53", nospace
"2014-03-30 14:21:54", "2014-03-30 14:53:15", nobike
"2014-03-30 15:01:08", "2014-03-30 15:27:21", nospace
"2014-04-01 14:25:35", "2014-04-01 14:33:27", nobike
"2014-04-02 00:50:40", "2014-04-02 00:53:18", nospace
"2014-04-02 00:58:35", "2014-04-02 01:43:29", nospace
"2014-04-02 11:45:45", "2014-04-02 11:58:04", nobike
"2014-04-02 14:55:45", "2014-04-02 15:01:01", nospace
"2014-04-02 15:03:41", "2014-04-02 15:08:58", nospace
"2014-04-03 04:20:22", "2014-04-03 05:10:52", nospace
"2014-04-03 05:29:29", "2014-04-03 06:00:02", nospace
"2014-04-04 05:35:38", "2014-04-04 05:59:42", nospace
"2014-04-04 06:10:22", "2014-04-04 06:21:04", nospace
"2014-04-04 06:26:29", "2014-04-04 06:35:04", nospace
"2014-04-04 06:38:59", "2014-04-04 06:46:40", nospace
"2014-04-04 07:48:19", "2014-04-04 08:01:40", nospace
"2014-04-04 08:12:21", "2014-04-04 08:17:43", nospace
"2014-04-04 08:25:47", "2014-04-04 08:41:50", nospace
"2014-04-04 09:03:10", "2014-04-04 09:13:48", nospace
"2014-04-04 09:16:29", "2014-04-04 09:21:51", nospace
"2014-04-04 12:22:27", "2014-04-04 12:33:05", nospace
"2014-04-04 14:34:45", "2014-04-04 14:37:27", nobike
"2014-04-05 06:16:50", "2014-04-05 06:29:51", nospace
"2014-04-05 07:13:14", "2014-04-05 07:25:18", nospace
"2014-04-05 07:38:45", "2014-04-05 07:54:47", nospace
"2014-04-05 08:05:32", "2014-04-05 08:10:53", nospace
"2014-04-05 08:13:36", "2014-04-05 08:29:44", nospace
"2014-04-05 08:53:50", "2014-04-05 09:12:39", nospace
"2014-04-05 09:20:43", "2014-04-05 09:31:26", nospace
"2014-04-05 09:39:31", "2014-04-05 09:52:55", nospace
"2014-04-05 09:55:37", "2014-04-05 09:58:19", nospace
"2014-04-05 10:09:01", "2014-04-05 10:17:03", nospace
"2014-04-05 10:19:45", "2014-04-05 10:25:07", nospace
"2014-04-05 10:27:49", "2014-04-05 10:30:32", nospace
"2014-04-06 02:51:40", "2014-04-06 02:54:40", nospace
"2014-04-06 04:09:13", "2014-04-06 04:22:42", nospace
"2014-04-06 04:25:23", "2014-04-06 04:41:30", nospace
"2014-04-06 06:58:07", "2014-04-06 07:11:46", nospace
"2014-04-06 07:20:12", "2014-04-06 07:28:18", nospace
"2014-04-06 07:31:48", "2014-04-06 07:34:30", nospace
"2014-04-06 07:42:35", "2014-04-06 08:16:17", nospace
"2014-04-06 08:29:44", "2014-04-06 08:51:18", nospace
"2014-04-06 11:31:46", "2014-04-06 11:34:20", nospace
"2014-04-06 11:35:13", "2014-04-06 11:38:11", nospace
"2014-04-07 10:24:49", "2014-04-07 10:32:55", nobike
"2014-04-07 14:18:06", "2014-04-07 14:28:56", nospace
"2014-04-07 17:04:59", "2014-04-07 21:38:43", nospace
"2014-04-08 02:33:50", "2014-04-08 02:57:37", nospace
"2014-04-08 03:00:18", "2014-04-08 03:38:15", nospace
"2014-04-08 03:46:22", "2014-04-08 03:54:31", nospace
"2014-04-08 04:09:35", "2014-04-08 04:17:46", nospace
"2014-04-08 04:53:02", "2014-04-08 05:03:53", nospace
"2014-04-08 05:06:37", "2014-04-08 05:43:23", nospace
"2014-04-08 06:41:20", "2014-04-08 06:45:18", nospace
"2014-04-08 06:48:16", "2014-04-08 06:50:43", nospace
"2014-04-08 10:59:54", "2014-04-08 11:02:37", nospace
"2014-04-08 13:07:33", "2014-04-08 13:15:43", nospace
"2014-04-08 13:23:52", "2014-04-08 13:32:01", nospace
"2014-04-08 15:04:30", "2014-04-08 15:07:13", nospace
"2014-04-09 15:33:00", "2014-04-09 15:38:27", nospace
"2014-04-09 23:50:45", "2014-04-10 00:14:43", nospace
"2014-04-10 00:17:29", "2014-04-10 00:36:34", nospace
"2014-04-10 00:42:01", "2014-04-10 00:58:24", nospace
"2014-04-10 01:06:35", "2014-04-10 01:09:18", nospace
"2014-04-10 01:20:16", "2014-04-10 01:28:27", nospace
"2014-04-10 01:33:55", "2014-04-10 01:50:19", nospace
"2014-04-10 08:55:03", "2014-04-10 08:59:38", nospace
"2014-04-10 09:00:49", "2014-04-10 09:03:34", nospace
"2014-04-10 09:21:34", "2014-04-10 09:24:42", nospace
"2014-04-10 09:57:01", "2014-04-10 10:02:31", nospace
"2014-04-10 10:07:58", "2014-04-10 10:16:10", nospace
"2014-04-10 14:57:06", "2014-04-10 15:10:47", nobike
"2014-04-11 00:25:10", "2014-04-11 00:33:22", nospace
"2014-04-11 10:15:06", "2014-04-11 10:18:12", nospace
"2014-04-11 12:31:11", "2014-04-11 12:33:56", nospace
"2014-04-11 13:18:01", "2014-04-11 13:26:14", nospace
"2014-04-11 13:29:22", "2014-04-11 13:35:52", nospace
"2014-04-11 14:44:43", "2014-04-11 14:47:47", nospace
"2014-04-11 14:50:55", "2014-04-11 14:58:30", nospace
"2014-04-12 06:24:22", "2014-04-12 06:40:21", nospace
"2014-04-12 08:46:48", "2014-04-12 09:17:19", nospace
"2014-04-12 09:18:13", "2014-04-12 09:20:17", nospace
"2014-04-12 09:31:09", "2014-04-12 09:40:45", nospace
"2014-04-12 09:43:31", "2014-04-12 09:49:00", nospace
"2014-04-12 11:43:36", "2014-04-12 11:49:05", nospace
"2014-04-12 11:51:50", "2014-04-12 11:54:36", nospace
"2014-04-12 12:00:07", "2014-04-12 12:02:53", nospace
"2014-04-12 12:20:46", "2014-04-12 12:23:52", nospace
"2014-04-13 06:33:36", "2014-04-13 06:55:34", nospace
"2014-04-13 07:50:46", "2014-04-13 08:12:55", nospace
"2014-04-13 08:18:26", "2014-04-13 08:26:45", nospace
"2014-04-13 08:29:31", "2014-04-13 08:37:47", nospace
"2014-04-13 08:46:05", "2014-04-13 08:57:09", nospace
"2014-04-13 09:08:16", "2014-04-13 09:22:06", nospace
"2014-04-13 09:24:50", "2014-04-13 09:56:58", nospace
"2014-04-13 10:02:29", "2014-04-13 10:16:18", nospace
"2014-04-13 12:32:35", "2014-04-13 12:38:09", nospace
"2014-04-13 23:57:03", "2014-04-14 00:08:08", nospace
"2014-04-14 01:59:48", "2014-04-14 02:05:22", nospace
"2014-04-14 04:42:53", "2014-04-14 05:04:32", nospace
"2014-04-14 09:05:04", "2014-04-14 09:18:58", nospace
"2014-04-14 11:17:13", "2014-04-14 11:20:01", nospace
"2014-04-14 14:43:37", "2014-04-14 15:05:49", nobike
"2014-04-14 23:49:56", "2014-04-14 23:52:43", nospace
"2014-04-15 00:01:04", "2014-04-15 00:19:52", nospace
"2014-04-15 07:05:59", "2014-04-15 07:08:46", nospace
"2014-04-15 09:50:27", "2014-04-15 09:53:12", nospace
"2014-04-15 09:55:59", "2014-04-15 09:58:47", nospace
"2014-04-15 13:56:09", "2014-04-15 13:59:13", nospace
"2014-04-15 16:54:42", "2014-04-15 17:08:40", nospace
"2014-04-15 17:30:20", "2014-04-15 17:41:02", nospace
"2014-04-15 23:09:54", "2014-04-15 23:12:42", nospace
"2014-04-15 23:15:30", "2014-04-15 23:21:05", nospace
"2014-04-15 23:23:53", "2014-04-15 23:58:39", nospace
"2014-04-16 02:29:59", "2014-04-16 02:32:46", nospace
"2014-04-16 13:16:54", "2014-04-16 13:19:43", nospace
"2014-04-16 14:44:23", "2014-04-16 14:47:11", nospace
"2014-04-17 11:52:59", "2014-04-17 11:55:47", nospace
"2014-04-17 14:18:05", "2014-04-17 14:19:11", nospace
"2014-04-17 14:21:59", "2014-04-17 14:24:38", nospace
"2014-04-17 15:31:18", "2014-04-17 15:36:56", nospace
"2014-04-18 02:06:37", "2014-04-18 02:12:17", nospace
"2014-04-18 04:35:10", "2014-04-18 04:43:37", nospace
"2014-04-18 05:08:54", "2014-04-18 05:17:22", nospace
"2014-04-18 05:28:37", "2014-04-18 05:54:27", nospace
"2014-04-18 06:58:24", "2014-04-18 07:15:19", nospace
"2014-04-18 19:15:45", "2014-04-18 19:27:06", nobike
"2014-04-19 02:01:35", "2014-04-19 02:04:25", nospace
"2014-04-19 04:43:33", "2014-04-19 04:49:50", nospace
"2014-04-19 04:51:04", "2014-04-19 04:53:54", nospace
"2014-04-19 05:27:54", "2014-04-19 05:30:43", nospace
"2014-04-19 05:48:12", "2014-04-19 05:51:22", nospace
"2014-04-19 06:01:02", "2014-04-19 06:06:41", nospace
"2014-04-19 06:34:30", "2014-04-19 06:45:52", nospace
"2014-04-19 07:05:38", "2014-04-19 07:08:28", nospace
"2014-04-19 07:11:18", "2014-04-19 07:16:58", nospace
"2014-04-19 07:48:08", "2014-04-19 07:53:49", nospace
"2014-04-19 08:10:06", "2014-04-19 08:13:20", nospace
"2014-04-19 08:16:32", "2014-04-19 08:18:39", nospace
"2014-04-19 08:21:14", "2014-04-19 08:26:55", nospace
"2014-04-19 08:29:45", "2014-04-19 08:46:47", nospace
"2014-04-19 08:55:14", "2014-04-19 09:09:25", nospace
"2014-04-19 09:26:41", "2014-04-19 09:28:22", nospace
"2014-04-19 11:32:04", "2014-04-19 11:37:43", nospace
"2014-04-19 12:54:08", "2014-04-19 13:25:24", nospace
"2014-04-19 13:28:15", "2014-04-19 13:31:05", nospace
"2014-04-19 13:45:14", "2014-04-19 13:50:53", nospace
"2014-04-19 13:53:43", "2014-04-19 13:59:23", nospace
"2014-04-19 15:18:38", "2014-04-19 15:44:06", nobike
"2014-04-19 18:55:56", "2014-04-19 19:44:18", nobike
"2014-04-20 07:12:22", "2014-04-20 07:15:13", nospace
"2014-04-20 07:55:31", "2014-04-20 07:59:41", nospace
"2014-04-20 08:05:22", "2014-04-20 08:11:03", nospace
"2014-04-20 09:25:47", "2014-04-20 09:31:27", nospace
"2014-04-20 09:37:07", "2014-04-20 09:39:57", nospace
"2014-04-20 09:42:48", "2014-04-20 10:19:43", nospace
"2014-04-20 13:04:56", "2014-04-20 13:15:00", nospace
"2014-04-21 00:46:09", "2014-04-21 00:48:58", nospace
"2014-04-21 01:23:08", "2014-04-21 02:17:11", nospace
"2014-04-21 02:31:24", "2014-04-21 02:55:59", nospace
"2014-04-21 03:13:03", "2014-04-21 03:18:13", nospace
"2014-04-21 03:26:19", "2014-04-21 05:08:51", nospace
"2014-04-21 05:11:43", "2014-04-21 06:14:22", nospace
"2014-04-21 07:47:53", "2014-04-21 07:53:34", nospace
"2014-04-22 10:19:58", "2014-04-22 10:22:48", nobike
"2014-04-22 13:12:41", "2014-04-22 13:14:50", nospace
"2014-04-22 13:17:44", "2014-04-22 13:23:27", nospace
"2014-04-22 13:32:01", "2014-04-22 13:34:53", nospace
"2014-04-22 15:31:33", "2014-04-22 15:34:25", nospace
"2014-04-23 05:52:03", "2014-04-23 05:57:47", nospace
"2014-04-23 06:00:39", "2014-04-23 06:03:31", nospace
"2014-04-23 10:35:09", "2014-04-23 10:40:53", nobike
"2014-04-23 10:43:45", "2014-04-23 10:46:37", nobike
"2014-04-23 11:23:56", "2014-04-23 11:29:41", nospace
"2014-04-23 11:35:27", "2014-04-23 11:44:02", nospace
"2014-04-23 13:11:19", "2014-04-23 13:20:10", nospace
"2014-04-23 13:25:53", "2014-04-23 13:31:38", nospace
"2014-04-23 13:37:23", "2014-04-23 13:45:35", nospace
"2014-04-23 14:37:00", "2014-04-23 14:39:53", nobike
"2014-04-23 14:57:08", "2014-04-23 14:59:58", nospace
"2014-04-23 15:02:51", "2014-04-23 15:20:07", nospace
"2014-04-24 14:11:58", "2014-04-24 14:17:20", nobike
"2014-04-25 08:15:40", "2014-04-25 08:21:26", nospace
"2014-04-25 08:24:20", "2014-04-25 08:28:38", nospace
"2014-04-25 08:33:59", "2014-04-25 08:47:09", nospace
"2014-04-25 09:23:41", "2014-04-25 09:29:26", nospace
"2014-04-25 13:15:05", "2014-04-25 13:29:34", nospace
"2014-04-25 13:32:27", "2014-04-25 13:35:21", nospace
"2014-04-25 13:36:41", "2014-04-25 13:42:48", nospace
"2014-04-25 15:18:21", "2014-04-25 15:21:32", nobike
"2014-04-25 18:21:16", "2014-04-25 19:25:02", nobike
"2014-04-26 05:46:16", "2014-04-26 06:03:37", nospace
"2014-04-26 11:38:24", "2014-04-26 11:58:45", nospace
"2014-04-26 12:04:32", "2014-04-26 12:16:09", nospace
"2014-04-26 14:51:19", "2014-04-26 15:00:02", nobike
"2014-04-27 05:25:48", "2014-04-27 05:28:43", nospace
"2014-04-27 05:46:10", "2014-04-27 06:23:13", nospace
"2014-04-27 06:32:25", "2014-04-27 06:58:44", nospace
"2014-04-27 07:07:28", "2014-04-27 07:22:03", nospace
"2014-04-27 07:24:56", "2014-04-27 07:28:22", nospace
"2014-04-27 07:34:57", "2014-04-27 07:37:15", nospace
"2014-04-27 07:39:07", "2014-04-27 08:07:45", nospace
"2014-04-27 08:10:41", "2014-04-27 08:31:04", nospace
"2014-04-27 08:33:59", "2014-04-27 08:36:55", nospace
"2014-04-27 09:03:10", "2014-04-27 09:06:05", nospace
"2014-04-27 09:35:14", "2014-04-27 09:55:39", nospace
"2014-04-27 10:07:19", "2014-04-27 10:10:13", nospace
"2014-04-27 10:21:54", "2014-04-27 10:37:12", nospace
"2014-04-27 10:40:27", "2014-04-27 10:47:32", nospace
"2014-04-27 14:09:49", "2014-04-27 14:12:45", nospace
"2014-04-27 14:21:30", "2014-04-27 14:24:24", nospace
"2014-04-27 14:27:19", "2014-04-27 14:38:57", nospace
"2014-04-28 00:19:37", "2014-04-28 00:22:32", nospace
"2014-04-28 09:58:57", "2014-04-28 10:04:48", nobike
"2014-04-28 10:54:32", "2014-04-28 10:57:27", nospace
"2014-04-28 14:57:46", "2014-04-28 15:24:06", nobike
"2014-04-29 00:01:31", "2014-04-29 00:13:14", nospace
"2014-04-29 00:16:11", "2014-04-29 00:42:31", nospace
"2014-04-29 08:15:00", "2014-04-29 08:23:47", nospace
"2014-04-29 10:19:59", "2014-04-29 10:20:57", nobike
"2014-04-29 10:22:37", "2014-04-29 10:31:24", nobike
"2014-04-30 01:45:48", "2014-04-30 01:48:43", nospace
"2014-04-30 14:27:40", "2014-04-30 14:30:53", nobike
"2014-04-30 14:31:55", "2014-04-30 14:33:55", nobike
"2014-05-01 12:16:34", "2014-05-01 12:31:08", nospace
"2014-05-01 13:19:54", "2014-05-01 13:21:55", nospace
"2014-05-02 00:01:37", "2014-05-02 00:13:28", nospace
"2014-05-02 00:22:19", "2014-05-02 00:57:03", nospace
"2014-05-02 01:05:56", "2014-05-02 01:11:51", nospace
"2014-05-02 05:44:46", "2014-05-02 05:47:42", nospace
"2014-05-02 07:08:07", "2014-05-02 07:25:54", nospace
"2014-05-02 09:03:46", "2014-05-02 09:06:43", nospace
"2014-05-02 09:15:38", "2014-05-02 09:36:21", nospace
"2014-05-02 10:08:58", "2014-05-02 10:19:44", nospace
"2014-05-02 11:04:35", "2014-05-02 11:19:33", nospace
"2014-05-02 13:18:13", "2014-05-02 13:21:14", nospace
"2014-05-03 03:38:25", "2014-05-03 04:25:59", nospace
"2014-05-03 04:28:56", "2014-05-03 04:31:57", nospace
"2014-05-03 06:30:13", "2014-05-03 06:39:28", nospace
"2014-05-03 06:42:26", "2014-05-03 06:54:20", nospace
"2014-05-03 08:49:03", "2014-05-03 08:52:01", nospace
"2014-05-03 08:57:57", "2014-05-03 09:12:51", nospace
"2014-05-03 12:02:17", "2014-05-03 12:05:17", nospace
"2014-05-03 13:04:42", "2014-05-03 13:07:41", nospace
"2014-05-03 17:31:52", "2014-05-03 17:37:49", nobike
"2014-05-04 05:30:01", "2014-05-04 05:43:57", nospace
"2014-05-04 07:40:01", "2014-05-04 07:45:57", nospace
"2014-05-04 07:57:54", "2014-05-04 08:00:53", nospace
"2014-05-04 08:33:41", "2014-05-04 08:45:37", nospace
"2014-05-04 08:48:35", "2014-05-04 08:54:32", nospace
"2014-05-04 08:57:29", "2014-05-04 09:00:28", nospace
"2014-05-04 09:03:27", "2014-05-04 09:06:27", nospace
"2014-05-04 09:39:18", "2014-05-04 09:45:48", nospace
"2014-05-04 10:26:17", "2014-05-04 10:29:17", nospace
"2014-05-04 10:50:13", "2014-05-04 10:58:06", nospace
"2014-05-04 13:02:53", "2014-05-04 13:08:50", nobike
"2014-05-04 15:01:41", "2014-05-04 15:04:40", nospace
"2014-05-04 15:07:39", "2014-05-04 15:28:35", nospace
"2014-05-05 10:47:36", "2014-05-05 11:14:33", nobike
"2014-05-05 14:40:09", "2014-05-05 15:06:26", nobike
"2014-05-06 13:33:54", "2014-05-06 13:39:54", nospace
"2014-05-06 13:57:56", "2014-05-06 14:00:56", nospace
"2014-05-07 14:39:42", "2014-05-07 14:48:43", nospace
"2014-05-07 14:54:44", "2014-05-07 15:06:49", nospace
"2014-05-07 16:33:43", "2014-05-07 17:12:53", nospace
"2014-05-07 19:31:45", "2014-05-07 19:37:46", nospace
"2014-05-08 00:28:24", "2014-05-08 00:34:25", nospace
"2014-05-08 00:55:36", "2014-05-08 01:55:58", nospace
"2014-05-08 02:20:05", "2014-05-08 02:35:12", nospace
"2014-05-08 02:47:15", "2014-05-08 04:14:50", nospace
"2014-05-08 04:17:52", "2014-05-08 04:26:55", nospace
"2014-05-08 04:29:56", "2014-05-08 04:59:28", nospace
"2014-05-08 05:17:37", "2014-05-08 05:29:42", nospace
"2014-05-08 05:35:44", "2014-05-08 05:38:46", nospace
"2014-05-08 05:59:55", "2014-05-08 06:15:36", nospace
"2014-05-08 06:18:56", "2014-05-08 06:33:13", nospace
"2014-05-08 06:49:11", "2014-05-08 07:05:40", nospace
"2014-05-08 07:08:41", "2014-05-08 07:32:52", nospace
"2014-05-08 07:38:54", "2014-05-08 07:41:55", nospace
"2014-05-08 07:44:55", "2014-05-08 07:53:59", nospace
"2014-05-08 08:39:14", "2014-05-08 08:48:17", nospace
"2014-05-08 10:15:16", "2014-05-08 10:18:16", nospace
"2014-05-08 12:28:41", "2014-05-08 12:38:37", nospace
