"2013-11-29 12:16:54", "2013-11-29 12:22:54", nobike
"2013-11-29 12:28:52", "2013-11-29 12:40:50", nobike
"2013-11-29 12:43:50", "2013-11-29 13:01:48", nobike
"2013-11-29 13:28:45", "2013-11-29 13:37:44", nobike
"2013-11-29 14:11:01", "2013-11-29 14:17:02", nobike
"2013-11-29 14:20:02", "2013-11-29 14:26:01", nobike
"2013-11-30 09:35:03", "2013-11-30 09:41:06", nospace
"2013-11-30 10:55:53", "2013-11-30 11:04:56", nospace
"2013-11-30 11:07:58", "2013-11-30 11:23:05", nospace
"2013-11-30 11:59:01", "2013-11-30 12:02:03", nospace
"2013-12-01 02:50:04", "2013-12-01 02:53:08", nospace
"2013-12-01 03:58:51", "2013-12-01 04:04:58", nospace
"2013-12-01 04:11:03", "2013-12-01 04:19:50", nospace
"2013-12-01 05:04:54", "2013-12-01 05:14:02", nospace
"2013-12-01 05:43:55", "2013-12-01 05:47:00", nospace
"2013-12-01 05:50:03", "2013-12-01 05:55:49", nospace
"2013-12-01 05:58:54", "2013-12-01 06:46:52", nospace
"2013-12-01 06:56:04", "2013-12-01 07:04:53", nospace
"2013-12-01 07:14:05", "2013-12-01 07:32:04", nospace
"2013-12-01 07:40:51", "2013-12-01 07:46:58", nospace
"2013-12-01 07:50:01", "2013-12-01 07:53:04", nospace
"2013-12-01 08:05:08", "2013-12-01 08:28:48", nospace
"2013-12-01 08:41:03", "2013-12-01 09:10:52", nospace
"2013-12-01 09:13:56", "2013-12-01 09:23:07", nospace
"2013-12-01 10:25:50", "2013-12-01 10:49:56", nospace
"2013-12-01 23:59:01", "2013-12-02 00:10:54", nospace
"2013-12-02 01:32:10", "2013-12-02 01:44:06", nospace
"2013-12-02 02:11:04", "2013-12-02 02:22:58", nospace
"2013-12-02 02:31:52", "2013-12-02 02:43:51", nospace
"2013-12-02 02:50:01", "2013-12-02 03:08:12", nospace
"2013-12-02 03:20:07", "2013-12-02 03:29:01", nospace
"2013-12-02 08:44:11", "2013-12-02 08:49:59", nospace
"2013-12-02 09:14:00", "2013-12-02 09:22:53", nospace
"2013-12-02 09:47:11", "2013-12-02 09:49:53", nospace
"2013-12-02 11:28:51", "2013-12-02 11:40:51", nospace
"2013-12-02 11:55:57", "2013-12-02 12:07:59", nospace
"2013-12-02 12:35:04", "2013-12-02 12:38:09", nospace
"2013-12-02 12:40:51", "2013-12-02 12:50:08", nospace
"2013-12-03 10:01:58", "2013-12-03 10:05:05", nospace
"2013-12-03 11:02:10", "2013-12-03 11:11:08", nospace
"2013-12-03 11:20:06", "2013-12-03 11:29:08", nospace
"2013-12-03 11:38:08", "2013-12-03 11:44:00", nospace
"2013-12-03 11:47:08", "2013-12-03 12:05:07", nospace
"2013-12-04 22:17:15", "2013-12-04 22:23:10", nobike
"2013-12-04 22:44:08", "2013-12-04 22:56:19", nobike
"2013-12-04 23:17:15", "2013-12-04 23:20:01", nobike
"2013-12-05 11:29:06", "2013-12-05 11:41:10", nospace
"2013-12-05 11:50:23", "2013-12-05 11:56:25", nospace
"2013-12-05 11:59:14", "2013-12-05 12:02:05", nospace
"2013-12-05 12:11:24", "2013-12-05 12:14:15", nospace
"2013-12-06 10:32:27", "2013-12-06 10:35:18", nospace
"2013-12-07 04:38:22", "2013-12-07 04:41:19", nospace
"2013-12-07 04:44:13", "2013-12-07 04:50:29", nospace
"2013-12-07 04:53:27", "2013-12-07 04:56:20", nospace
"2013-12-07 05:53:28", "2013-12-07 06:02:14", nospace
"2013-12-07 07:11:27", "2013-12-07 07:14:22", nospace
"2013-12-07 07:17:19", "2013-12-07 07:35:15", nospace
"2013-12-07 07:41:30", "2013-12-07 07:44:26", nospace
"2013-12-07 07:53:15", "2013-12-07 07:59:27", nospace
"2013-12-07 08:05:22", "2013-12-07 08:26:08", nospace
"2013-12-07 08:38:17", "2013-12-07 08:47:28", nospace
"2013-12-07 08:50:23", "2013-12-07 09:05:19", nospace
"2013-12-07 09:11:08", "2013-12-07 09:26:10", nospace
"2013-12-07 09:50:25", "2013-12-07 09:59:08", nospace
"2013-12-07 10:14:10", "2013-12-07 10:17:30", nospace
"2013-12-07 12:17:25", "2013-12-07 12:20:20", nospace
"2013-12-07 12:56:18", "2013-12-07 13:14:17", nospace
"2013-12-07 13:38:13", "2013-12-07 13:41:10", nospace
"2013-12-07 13:47:26", "2013-12-07 13:56:16", nospace
"2013-12-07 14:05:28", "2013-12-07 14:11:23", nospace
"2013-12-07 14:29:28", "2013-12-07 14:38:17", nospace
"2013-12-07 14:53:19", "2013-12-07 15:26:32", nospace
"2013-12-07 15:41:11", "2013-12-07 15:44:11", nospace
"2013-12-07 15:53:23", "2013-12-07 16:17:22", nospace
"2013-12-07 16:20:22", "2013-12-07 16:50:33", nospace
"2013-12-08 02:41:28", "2013-12-08 02:53:31", nospace
"2013-12-08 03:08:32", "2013-12-08 03:14:21", nospace
"2013-12-08 03:32:28", "2013-12-08 03:35:35", nospace
"2013-12-08 03:53:34", "2013-12-08 04:02:26", nospace
"2013-12-08 04:26:25", "2013-12-08 04:32:34", nospace
"2013-12-08 04:35:35", "2013-12-08 04:44:26", nospace
"2013-12-08 04:47:30", "2013-12-08 05:05:32", nospace
"2013-12-08 05:53:36", "2013-12-08 05:59:22", nospace
"2013-12-08 06:08:36", "2013-12-08 06:38:37", nospace
"2013-12-08 06:47:37", "2013-12-08 06:56:31", nospace
"2013-12-08 07:02:19", "2013-12-08 07:23:22", nospace
"2013-12-08 07:41:24", "2013-12-08 07:53:28", nospace
"2013-12-08 08:08:17", "2013-12-08 08:14:17", nospace
"2013-12-08 08:17:31", "2013-12-08 09:05:13", nospace
"2013-12-08 09:08:26", "2013-12-08 09:20:21", nospace
"2013-12-08 09:26:22", "2013-12-08 09:38:20", nospace
"2013-12-08 09:41:34", "2013-12-08 10:02:36", nospace
"2013-12-08 10:08:22", "2013-12-08 10:11:36", nospace
"2013-12-09 05:20:16", "2013-12-09 05:32:33", nospace
"2013-12-09 05:44:25", "2013-12-09 06:08:32", nospace
"2013-12-09 06:14:25", "2013-12-09 07:08:22", nospace
"2013-12-09 07:11:29", "2013-12-09 08:08:28", nospace
"2013-12-09 08:20:20", "2013-12-09 08:29:41", nospace
"2013-12-09 08:32:29", "2013-12-09 08:38:34", nospace
"2013-12-09 08:44:39", "2013-12-09 08:59:30", nospace
"2013-12-09 09:14:37", "2013-12-09 09:17:23", nospace
"2013-12-09 10:08:19", "2013-12-09 10:14:32", nospace
"2013-12-10 01:17:17", "2013-12-10 01:26:16", nospace
"2013-12-10 01:29:26", "2013-12-10 01:32:38", nospace
"2013-12-10 02:08:37", "2013-12-10 02:20:44", nospace
"2013-12-10 04:23:23", "2013-12-10 04:35:19", nospace
"2013-12-10 04:38:29", "2013-12-10 04:47:38", nospace
"2013-12-10 05:05:43", "2013-12-10 05:17:37", nospace
"2013-12-10 05:26:39", "2013-12-10 06:29:33", nospace
"2013-12-10 06:47:30", "2013-12-10 06:56:31", nospace
"2013-12-10 07:14:45", "2013-12-10 07:41:18", nospace
"2013-12-10 07:50:19", "2013-12-10 07:53:43", nospace
"2013-12-10 09:17:45", "2013-12-10 09:20:35", nospace
"2013-12-10 13:08:27", "2013-12-10 13:11:51", nospace
"2013-12-11 07:50:49", "2013-12-11 08:14:57", nospace
"2013-12-11 08:50:42", "2013-12-11 08:56:53", nospace
"2013-12-11 10:11:48", "2013-12-11 10:17:42", nospace
"2013-12-11 12:17:53", "2013-12-11 12:38:25", nospace
"2013-12-11 12:56:26", "2013-12-11 13:02:39", nospace
"2013-12-11 13:05:45", "2013-12-11 13:11:57", nospace
"2013-12-12 14:24:03", "2013-12-12 14:50:53", nobike
"2013-12-14 14:38:38", "2013-12-14 14:45:01", nospace
"2013-12-15 23:39:21", "2013-12-15 23:48:18", nospace
"2013-12-15 23:54:14", "2013-12-16 00:00:12", nospace
"2013-12-16 00:06:09", "2013-12-16 00:24:01", nospace
"2013-12-16 00:27:01", "2013-12-16 00:30:00", nospace
"2013-12-16 00:41:55", "2013-12-16 00:44:53", nospace
"2013-12-16 04:26:51", "2013-12-16 05:05:55", nospace
"2013-12-16 05:14:56", "2013-12-16 05:20:57", nospace
"2013-12-16 05:35:48", "2013-12-16 06:38:55", nospace
"2013-12-16 09:21:22", "2013-12-16 09:23:40", nospace
"2013-12-16 09:50:42", "2013-12-16 10:00:06", nospace
"2013-12-16 10:14:57", "2013-12-16 10:18:02", nospace
"2013-12-19 11:15:32", "2013-12-19 11:21:28", nospace
"2013-12-19 11:23:58", "2013-12-19 11:39:09", nospace
"2013-12-19 11:50:58", "2013-12-19 11:54:19", nospace
"2013-12-20 10:18:26", "2013-12-20 10:51:44", nospace
"2013-12-21 23:42:44", "2013-12-21 23:54:49", nospace
"2013-12-22 00:15:15", "2013-12-22 00:33:48", nospace
"2013-12-22 00:36:35", "2013-12-22 00:54:14", nospace
"2013-12-22 01:00:44", "2013-12-22 01:39:50", nospace
"2013-12-22 05:57:49", "2013-12-22 06:03:22", nospace
"2013-12-22 06:18:12", "2013-12-22 06:35:58", nospace
"2013-12-22 06:51:13", "2013-12-22 06:57:44", nospace
"2013-12-22 07:30:13", "2013-12-22 07:39:32", nospace
"2013-12-22 07:57:12", "2013-12-22 08:03:42", nospace
"2013-12-22 08:26:59", "2013-12-22 08:36:17", nospace
"2013-12-22 09:00:31", "2013-12-22 09:06:06", nospace
"2013-12-22 10:27:18", "2013-12-22 10:33:47", nospace
"2013-12-22 11:18:07", "2013-12-22 12:09:33", nospace
"2013-12-22 12:33:39", "2013-12-22 12:39:14", nospace
"2013-12-22 13:30:32", "2013-12-22 13:33:18", nospace
"2013-12-22 16:09:12", "2013-12-22 16:18:31", nospace
"2013-12-22 16:24:04", "2013-12-22 16:33:21", nospace
"2013-12-23 09:15:05", "2013-12-23 09:27:14", nospace
"2013-12-23 09:30:03", "2013-12-23 09:33:50", nospace
"2013-12-23 09:48:03", "2013-12-23 09:54:41", nospace
"2013-12-23 10:30:44", "2013-12-23 10:48:45", nospace
"2013-12-23 11:00:08", "2013-12-23 11:06:47", nospace
"2013-12-23 11:24:50", "2013-12-23 12:00:54", nospace
"2013-12-24 12:18:36", "2013-12-24 12:21:30", nospace
"2013-12-24 13:03:16", "2013-12-24 13:12:56", nospace
"2013-12-24 13:18:45", "2013-12-24 13:21:38", nospace
"2013-12-25 10:00:21", "2013-12-25 10:06:13", nospace
"2013-12-25 10:15:09", "2013-12-25 10:24:53", nospace
"2013-12-25 10:27:50", "2013-12-25 10:33:46", nospace
"2013-12-25 10:39:43", "2013-12-25 10:57:35", nospace
"2013-12-25 11:06:28", "2013-12-25 11:18:20", nospace
"2013-12-25 11:27:15", "2013-12-25 11:33:11", nospace
"2013-12-25 11:42:08", "2013-12-25 11:46:06", nospace
"2013-12-25 12:15:48", "2013-12-25 12:24:43", nospace
"2013-12-29 09:10:25", "2013-12-29 09:22:18", nospace
"2013-12-29 09:24:29", "2013-12-29 09:27:44", nospace
"2013-12-29 11:00:47", "2013-12-29 11:12:43", nospace
"2013-12-29 11:45:52", "2013-12-29 12:00:42", nospace
"2013-12-29 14:22:09", "2013-12-29 14:39:29", nospace
"2013-12-29 15:21:47", "2013-12-29 15:28:16", nospace
"2013-12-29 16:22:10", "2013-12-29 18:24:58", nospace
"2013-12-29 22:42:53", "2013-12-29 23:06:45", nospace
"2013-12-29 23:34:02", "2013-12-29 23:46:01", nospace
"2013-12-29 23:58:01", "2013-12-30 00:06:43", nospace
"2013-12-30 07:01:15", "2013-12-30 08:09:50", nospace
"2013-12-30 10:21:53", "2013-12-30 10:25:13", nospace
"2013-12-31 10:18:29", "2013-12-31 10:21:51", nospace
"2013-12-31 10:28:30", "2013-12-31 10:39:42", nospace
"2013-12-31 12:19:35", "2013-12-31 12:25:15", nospace
"2013-12-31 14:13:03", "2013-12-31 14:27:41", nospace
"2013-12-31 14:34:26", "2013-12-31 14:45:40", nospace
"2013-12-31 14:54:39", "2013-12-31 15:03:38", nospace
"2013-12-31 15:21:36", "2013-12-31 15:36:42", nospace
"2013-12-31 17:15:42", "2013-12-31 17:22:26", nospace
"2013-12-31 18:33:42", "2013-12-31 18:37:05", nospace
"2013-12-31 18:55:09", "2013-12-31 19:15:31", nospace
"2013-12-31 19:22:15", "2013-12-31 19:45:51", nospace
"2013-12-31 19:49:14", "2013-12-31 19:58:17", nospace
"2013-12-31 22:13:18", "2013-12-31 22:24:34", nospace
"2013-12-31 22:51:46", "2013-12-31 23:22:17", nospace
"2013-12-31 23:40:17", "2014-01-01 00:18:37", nospace
"2014-01-01 01:57:39", "2014-01-01 02:01:04", nospace
"2014-01-01 02:13:28", "2014-01-01 02:15:44", nospace
"2014-01-01 03:04:14", "2014-01-01 03:15:31", nospace
"2014-01-01 03:25:04", "2014-01-01 03:33:45", nospace
"2014-01-01 03:37:09", "2014-01-01 03:40:32", nospace
"2014-01-01 04:07:03", "2014-01-01 04:16:06", nospace
"2014-01-01 04:21:48", "2014-01-01 04:30:53", nospace
"2014-01-01 05:01:25", "2014-01-01 05:03:40", nospace
"2014-01-01 07:43:32", "2014-01-01 07:45:51", nospace
"2014-01-01 07:51:34", "2014-01-01 08:12:38", nospace
"2014-01-01 08:55:27", "2014-01-01 09:01:12", nospace
"2014-01-01 09:12:45", "2014-01-01 09:36:56", nospace
"2014-01-02 08:57:51", "2014-01-02 09:01:18", nospace
"2014-01-02 09:07:05", "2014-01-02 09:10:34", nospace
"2014-01-02 10:04:44", "2014-01-02 10:12:51", nospace
"2014-01-02 12:13:03", "2014-01-02 12:22:25", nospace
"2014-01-02 12:31:45", "2014-01-02 12:37:35", nospace
"2014-01-02 23:39:58", "2014-01-02 23:43:08", nospace
"2014-01-03 00:07:45", "2014-01-03 00:10:06", nospace
"2014-01-03 00:27:42", "2014-01-03 00:34:43", nospace
"2014-01-03 00:42:57", "2014-01-03 00:46:27", nospace
"2014-01-03 00:48:48", "2014-01-03 00:54:40", nospace
"2014-01-03 01:34:31", "2014-01-03 01:42:44", nospace
"2014-01-03 01:49:46", "2014-01-03 02:03:50", nospace
"2014-01-03 02:34:18", "2014-01-03 02:40:10", nospace
"2014-01-03 02:46:02", "2014-01-03 02:49:33", nospace
"2014-01-03 08:22:10", "2014-01-03 08:39:45", nospace
"2014-01-03 08:45:42", "2014-01-03 08:55:09", nospace
"2014-01-03 09:07:46", "2014-01-03 09:19:36", nospace
"2014-01-03 10:10:35", "2014-01-03 10:34:21", nospace
"2014-01-03 10:46:13", "2014-01-03 10:52:08", nospace
"2014-01-03 10:58:04", "2014-01-03 11:07:31", nospace
"2014-01-03 12:04:31", "2014-01-03 12:06:53", nospace
"2014-01-05 07:13:44", "2014-01-05 07:37:14", nospace
"2014-01-05 07:49:32", "2014-01-05 08:16:35", nospace
"2014-01-05 08:22:46", "2014-01-05 08:37:01", nospace
"2014-01-05 08:40:29", "2014-01-05 08:42:53", nospace
"2014-01-05 08:46:33", "2014-01-05 08:49:00", nospace
"2014-01-05 08:52:43", "2014-01-05 08:58:52", nospace
"2014-01-05 09:03:57", "2014-01-05 09:07:06", nospace
"2014-01-05 09:41:17", "2014-01-05 09:48:52", nospace
"2014-01-05 10:28:14", "2014-01-05 10:46:38", nospace
"2014-01-05 11:03:52", "2014-01-05 11:24:49", nospace
"2014-01-06 01:04:10", "2014-01-06 01:16:35", nospace
"2014-01-06 01:19:04", "2014-01-06 01:48:50", nospace
"2014-01-06 05:03:50", "2014-01-06 05:13:45", nospace
"2014-01-06 05:40:57", "2014-01-06 05:45:54", nospace
"2014-01-06 06:25:31", "2014-01-06 06:31:11", nospace
"2014-01-06 07:19:27", "2014-01-06 07:25:42", nospace
"2014-01-06 08:49:33", "2014-01-06 09:46:44", nospace
"2014-01-06 11:04:03", "2014-01-06 11:16:37", nospace
"2014-01-07 09:37:35", "2014-01-07 09:40:05", nospace
"2014-01-07 10:10:21", "2014-01-07 10:13:13", nospace
"2014-01-07 12:59:09", "2014-01-07 13:01:39", nospace
"2014-01-10 07:19:24", "2014-01-10 07:22:04", nospace
"2014-01-10 08:32:04", "2014-01-10 08:46:39", nospace
"2014-01-10 09:43:34", "2014-01-10 09:50:09", nospace
"2014-01-10 09:58:04", "2014-01-10 10:02:02", nospace
"2014-01-11 05:49:52", "2014-01-11 05:52:31", nospace
"2014-01-11 05:59:11", "2014-01-11 06:01:51", nospace
"2014-01-11 06:04:30", "2014-01-11 06:40:19", nospace
"2014-01-11 06:52:39", "2014-01-11 06:55:20", nospace
"2014-01-11 07:04:46", "2014-01-11 07:07:27", nospace
"2014-01-11 07:10:09", "2014-01-11 07:16:52", nospace
"2014-01-11 07:34:20", "2014-01-11 07:41:04", nospace
"2014-01-11 07:43:42", "2014-01-11 08:07:55", nospace
"2014-01-11 08:20:01", "2014-01-11 08:44:13", nospace
"2014-01-11 09:13:54", "2014-01-11 09:31:23", nospace
"2014-01-11 09:35:23", "2014-01-11 09:40:47", nospace
"2014-01-12 07:32:17", "2014-01-12 07:37:43", nospace
"2014-01-12 07:40:24", "2014-01-12 07:47:11", nospace
"2014-01-12 09:04:29", "2014-01-12 09:14:02", nospace
"2014-01-12 09:41:10", "2014-01-12 09:43:52", nospace
"2014-01-12 10:38:24", "2014-01-12 10:53:21", nospace
"2014-01-12 10:56:03", "2014-01-12 11:13:44", nospace
"2014-01-13 06:28:32", "2014-01-13 06:43:23", nospace
"2014-01-13 08:07:54", "2014-01-13 08:20:16", nospace
"2014-01-13 08:25:47", "2014-01-13 08:28:32", nospace
"2014-01-13 09:22:47", "2014-01-13 09:25:45", nospace
"2014-01-13 09:34:47", "2014-01-13 09:38:00", nospace
"2014-01-13 09:50:24", "2014-01-13 10:05:26", nospace
"2014-01-13 10:23:23", "2014-01-13 10:31:40", nospace
"2014-01-15 08:50:41", "2014-01-15 09:01:58", nospace
"2014-01-15 09:07:36", "2014-01-15 09:10:25", nospace
"2014-01-15 09:23:04", "2014-01-15 09:25:55", nospace
"2014-01-16 09:07:30", "2014-01-16 09:11:45", nospace
"2014-01-16 09:23:11", "2014-01-16 09:34:35", nospace
"2014-01-17 06:31:57", "2014-01-17 06:49:52", nospace
"2014-01-17 09:00:06", "2014-01-17 09:06:18", nospace
"2014-01-17 11:35:41", "2014-01-17 11:41:27", nospace
"2014-01-17 12:28:47", "2014-01-17 12:31:32", nospace
"2014-01-17 13:02:50", "2014-01-17 13:25:51", nospace
"2014-01-18 08:34:35", "2014-01-18 08:56:05", nospace
"2014-01-18 08:58:59", "2014-01-18 09:07:41", nospace
"2014-01-18 09:29:27", "2014-01-18 09:35:15", nospace
"2014-01-18 09:38:08", "2014-01-18 09:43:56", nospace
"2014-01-18 09:46:50", "2014-01-18 09:49:34", nospace
"2014-01-18 10:41:42", "2014-01-18 10:49:37", nospace
"2014-01-18 11:14:21", "2014-01-18 11:20:08", nospace
"2014-01-19 01:44:31", "2014-01-19 01:53:15", nospace
"2014-01-19 01:56:09", "2014-01-19 02:28:49", nospace
"2014-01-19 02:41:54", "2014-01-19 03:05:03", nospace
"2014-01-19 03:13:47", "2014-01-19 03:16:44", nospace
"2014-01-19 03:44:24", "2014-01-19 03:53:05", nospace
"2014-01-19 04:04:44", "2014-01-19 04:10:34", nospace
"2014-01-19 04:29:30", "2014-01-19 04:38:14", nospace
"2014-01-19 04:41:10", "2014-01-19 04:44:06", nospace
"2014-01-19 05:25:53", "2014-01-19 05:56:32", nospace
"2014-01-19 05:59:28", "2014-01-19 06:02:22", nospace
"2014-01-19 06:05:16", "2014-01-19 06:47:46", nospace
"2014-01-19 06:50:42", "2014-01-19 07:19:39", nospace
"2014-01-19 07:38:49", "2014-01-19 07:41:46", nospace
"2014-01-19 07:44:43", "2014-01-19 08:14:08", nospace
"2014-01-19 08:34:46", "2014-01-19 09:05:25", nospace
"2014-01-19 09:17:12", "2014-01-19 09:23:07", nospace
"2014-01-19 09:26:04", "2014-01-19 09:29:01", nospace
"2014-01-20 03:23:16", "2014-01-20 03:37:50", nospace
"2014-01-20 03:57:03", "2014-01-20 04:02:58", nospace
"2014-01-20 04:05:55", "2014-01-20 04:08:55", nospace
"2014-01-20 04:17:44", "2014-01-20 04:41:18", nospace
"2014-01-20 04:44:57", "2014-01-20 04:54:33", nospace
"2014-01-20 05:02:06", "2014-01-20 05:56:38", nospace
"2014-01-20 05:59:35", "2014-01-20 06:02:33", nospace
"2014-01-20 06:26:14", "2014-01-20 06:32:11", nospace
"2014-01-20 06:44:06", "2014-01-20 06:59:31", nospace
"2014-01-20 07:05:26", "2014-01-20 07:20:23", nospace
"2014-01-20 07:23:22", "2014-01-20 07:26:20", nospace
"2014-01-20 07:50:12", "2014-01-20 07:56:11", nospace
"2014-01-20 09:04:49", "2014-01-20 09:14:44", nospace
"2014-01-20 09:29:28", "2014-01-20 09:35:27", nospace
"2014-01-20 09:53:26", "2014-01-20 09:59:23", nospace
"2014-01-20 11:07:47", "2014-01-20 11:10:45", nospace
"2014-01-20 12:47:43", "2014-01-20 12:49:43", nospace
"2014-01-20 13:47:30", "2014-01-20 13:56:27", nospace
"2014-01-20 13:59:27", "2014-01-20 14:05:22", nospace
"2014-01-21 00:17:18", "2014-01-21 00:23:08", nospace
"2014-01-21 00:28:59", "2014-01-21 00:46:41", nospace
"2014-01-21 07:26:06", "2014-01-21 07:35:04", nospace
"2014-01-21 07:50:06", "2014-01-21 08:14:04", nospace
"2014-01-21 16:20:15", "2014-01-21 16:28:56", nospace
"2014-01-21 23:54:29", "2014-01-22 00:00:29", nospace
"2014-01-22 00:34:49", "2014-01-22 00:43:49", nospace
"2014-01-22 00:55:34", "2014-01-22 01:01:32", nospace
"2014-01-22 01:04:32", "2014-01-22 01:18:02", nospace
"2014-01-22 01:36:01", "2014-01-22 02:02:32", nospace
"2014-01-22 02:04:02", "2014-01-22 02:14:31", nospace
"2014-01-22 02:23:33", "2014-01-22 02:43:01", nospace
"2014-01-22 03:09:49", "2014-01-22 03:18:49", nospace
"2014-01-22 04:15:48", "2014-01-22 04:17:18", nospace
"2014-01-22 05:48:55", "2014-01-22 05:57:54", nospace
"2014-01-22 06:38:33", "2014-01-22 06:40:03", nospace
"2014-01-22 06:43:04", "2014-01-22 06:47:34", nospace
"2014-01-22 07:10:51", "2014-01-22 07:32:55", nospace
"2014-01-22 07:52:40", "2014-01-22 07:55:42", nospace
"2014-01-23 00:24:18", "2014-01-23 00:25:49", nospace
"2014-01-23 00:31:53", "2014-01-23 00:36:27", nospace
"2014-01-23 00:42:32", "2014-01-23 00:45:36", nospace
"2014-01-23 00:47:06", "2014-01-23 00:53:08", nospace
"2014-01-23 00:54:38", "2014-01-23 00:57:40", nospace
"2014-01-23 01:05:18", "2014-01-23 01:06:48", nospace
"2014-01-23 01:17:28", "2014-01-23 01:18:59", nospace
"2014-01-23 01:20:31", "2014-01-23 01:28:09", nospace
"2014-01-23 01:31:13", "2014-01-23 01:32:44", nospace
"2014-01-23 08:01:06", "2014-01-23 08:02:37", nospace
"2014-01-23 12:58:00", "2014-01-23 13:05:28", nospace
"2014-01-23 13:11:30", "2014-01-23 13:14:02", nospace
"2014-01-23 13:26:47", "2014-01-23 13:32:33", nospace
"2014-01-23 13:49:37", "2014-01-23 14:04:57", nospace
"2014-01-23 14:20:16", "2014-01-23 14:29:28", nospace
"2014-01-23 14:43:14", "2014-01-23 14:52:26", nospace
"2014-01-23 15:19:59", "2014-01-23 15:35:17", nospace
"2014-01-24 01:33:17", "2014-01-24 01:39:36", nospace
"2014-01-24 01:43:44", "2014-01-24 01:50:19", nospace
"2014-01-24 01:54:28", "2014-01-24 01:57:28", nospace
"2014-01-24 02:03:22", "2014-01-24 02:07:58", nospace
"2014-01-24 02:09:29", "2014-01-24 02:15:37", nospace
"2014-01-24 04:13:07", "2014-01-24 04:40:38", nospace
"2014-01-24 04:46:35", "2014-01-24 04:49:37", nospace
"2014-01-24 04:52:42", "2014-01-24 04:54:14", nospace
"2014-01-24 05:50:53", "2014-01-24 06:07:46", nospace
"2014-01-25 05:21:17", "2014-01-25 05:29:07", nospace
"2014-01-25 05:50:51", "2014-01-25 05:53:56", nospace
"2014-01-25 06:01:44", "2014-01-25 06:07:55", nospace
"2014-01-25 06:15:44", "2014-01-25 06:21:56", nospace
"2014-01-25 06:27:53", "2014-01-25 06:28:29", nospace
"2014-01-25 06:42:40", "2014-01-25 07:01:13", nospace
"2014-01-25 07:38:48", "2014-01-25 08:02:14", nospace
"2014-01-25 08:03:49", "2014-01-25 08:06:58", nospace
"2014-01-25 08:19:31", "2014-01-25 08:28:53", nospace
"2014-01-25 08:47:37", "2014-01-25 08:50:47", nospace
"2014-01-25 08:58:38", "2014-01-25 09:09:35", nospace
"2014-01-25 09:15:50", "2014-01-25 09:17:24", nospace
"2014-01-25 09:20:32", "2014-01-25 09:36:10", nospace
"2014-01-25 09:39:19", "2014-01-25 09:40:53", nospace
"2014-01-25 09:42:26", "2014-01-25 09:54:01", nospace
"2014-01-25 09:54:37", "2014-01-25 09:55:54", nospace
"2014-01-25 10:04:17", "2014-01-25 10:08:58", nospace
"2014-01-25 10:27:56", "2014-01-25 10:31:03", nospace
"2014-01-25 11:45:54", "2014-01-25 12:00:01", nospace
"2014-01-25 13:08:58", "2014-01-25 13:13:41", nospace
"2014-01-25 13:19:57", "2014-01-25 13:34:05", nospace
"2014-01-25 15:20:39", "2014-01-25 15:25:21", nospace
"2014-01-25 15:41:43", "2014-01-25 15:48:56", nospace
"2014-01-25 15:51:56", "2014-01-25 15:54:28", nospace
"2014-01-25 16:04:52", "2014-01-25 16:12:43", nospace
"2014-01-26 01:34:35", "2014-01-26 01:37:43", nospace
"2014-01-26 01:40:50", "2014-01-26 01:42:25", nospace
"2014-01-26 01:59:33", "2014-01-26 02:04:16", nospace
"2014-01-26 06:25:15", "2014-01-26 06:27:25", nospace
"2014-01-26 06:52:10", "2014-01-26 06:59:32", nospace
"2014-01-26 08:07:56", "2014-01-26 08:08:32", nospace
"2014-01-26 08:19:32", "2014-01-26 08:23:02", nospace
"2014-01-26 08:29:17", "2014-01-26 08:48:13", nospace
"2014-01-26 10:10:06", "2014-01-26 10:19:34", nospace
"2014-01-26 10:22:45", "2014-01-26 10:24:20", nospace
"2014-01-26 11:01:56", "2014-01-26 11:02:47", nospace
"2014-01-26 11:23:54", "2014-01-26 11:35:12", nospace
"2014-01-26 16:00:35", "2014-01-26 16:10:10", nospace
"2014-01-27 02:08:45", "2014-01-27 02:24:42", nospace
"2014-01-27 02:40:34", "2014-01-27 02:50:04", nospace
"2014-01-27 03:13:54", "2014-01-27 03:26:36", nospace
"2014-01-27 03:34:32", "2014-01-27 03:48:50", nospace
"2014-01-27 03:52:01", "2014-01-27 04:01:34", nospace
"2014-01-27 04:11:04", "2014-01-27 04:37:00", nospace
"2014-01-27 05:12:55", "2014-01-27 05:17:41", nospace
"2014-01-27 05:25:37", "2014-01-27 05:36:46", nospace
"2014-01-27 05:39:56", "2014-01-27 05:47:52", nospace
"2014-01-27 06:14:50", "2014-01-27 06:33:32", nospace
"2014-01-27 06:39:56", "2014-01-27 07:05:51", nospace
"2014-01-27 07:47:15", "2014-01-27 08:01:39", nospace
"2014-01-27 08:12:35", "2014-01-27 08:25:38", nospace
"2014-01-27 08:27:14", "2014-01-27 08:33:37", nospace
"2014-01-27 09:32:46", "2014-01-27 09:46:03", nospace
"2014-01-27 09:46:40", "2014-01-27 10:01:16", nospace
"2014-01-27 10:02:53", "2014-01-27 10:07:41", nospace
"2014-01-27 16:04:40", "2014-01-27 16:09:14", nospace
"2014-01-27 16:27:12", "2014-01-27 16:41:40", nospace
"2014-01-28 03:20:10", "2014-01-28 03:26:35", nospace
"2014-01-28 03:29:49", "2014-01-28 03:36:13", nospace
"2014-01-28 03:41:01", "2014-01-28 03:45:50", nospace
"2014-01-28 03:53:49", "2014-01-28 04:17:48", nospace
"2014-01-28 05:20:12", "2014-01-28 05:25:02", nospace
"2014-01-28 06:50:41", "2014-01-28 06:56:37", nospace
"2014-01-28 07:44:45", "2014-01-28 08:05:43", nospace
"2014-01-29 07:55:34", "2014-01-29 08:09:52", nospace
"2014-01-29 08:22:55", "2014-01-29 08:24:33", nospace
"2014-01-29 08:57:04", "2014-01-29 09:00:19", nospace
"2014-01-29 12:16:38", "2014-01-29 12:24:48", nospace
"2014-01-29 13:07:42", "2014-01-29 13:37:59", nospace
"2014-01-29 13:44:30", "2014-01-29 13:51:04", nospace
"2014-01-29 14:02:31", "2014-01-29 14:15:35", nospace
"2014-01-29 14:22:05", "2014-01-29 14:23:43", nospace
"2014-01-29 16:48:53", "2014-01-29 17:19:53", nospace
"2014-01-30 02:26:51", "2014-01-30 02:44:51", nospace
"2014-01-30 03:46:53", "2014-01-30 03:58:22", nospace
"2014-01-30 04:14:45", "2014-01-30 04:29:29", nospace
"2014-01-30 04:31:07", "2014-01-30 04:36:04", nospace
"2014-01-30 04:52:25", "2014-01-30 05:15:17", nospace
"2014-01-30 07:00:51", "2014-01-30 07:20:37", nospace
"2014-01-30 07:32:08", "2014-01-30 08:02:58", nospace
"2014-01-30 10:13:04", "2014-01-30 11:15:41", nospace
"2014-01-30 12:36:28", "2014-01-30 12:39:47", nospace
"2014-01-31 04:57:38", "2014-01-31 05:00:58", nospace
"2014-01-31 05:02:37", "2014-01-31 05:20:49", nospace
"2014-01-31 05:43:56", "2014-01-31 05:52:11", nospace
"2014-01-31 06:46:31", "2014-01-31 07:09:13", nospace
"2014-01-31 07:17:34", "2014-01-31 07:19:47", nospace
"2014-01-31 07:22:57", "2014-01-31 07:50:34", nospace
"2014-01-31 07:57:43", "2014-01-31 08:21:13", nospace
"2014-01-31 08:22:53", "2014-01-31 08:26:10", nospace
"2014-01-31 08:31:07", "2014-01-31 08:35:00", nospace
"2014-01-31 08:37:42", "2014-01-31 08:52:36", nospace
"2014-01-31 08:54:14", "2014-01-31 09:02:17", nospace
"2014-01-31 09:04:28", "2014-01-31 09:32:53", nospace
"2014-01-31 10:49:45", "2014-01-31 11:09:38", nospace
"2014-01-31 11:24:29", "2014-01-31 11:27:48", nospace
"2014-01-31 15:16:55", "2014-01-31 15:18:34", nospace
"2014-02-01 06:32:24", "2014-02-01 06:45:54", nospace
"2014-02-01 06:49:38", "2014-02-01 06:52:06", nospace
"2014-02-01 06:54:03", "2014-02-01 07:19:28", nospace
"2014-02-01 07:21:19", "2014-02-01 07:35:46", nospace
"2014-02-01 07:37:57", "2014-02-01 07:55:58", nospace
"2014-02-01 07:57:42", "2014-02-01 08:23:10", nospace
"2014-02-01 08:35:55", "2014-02-01 08:50:12", nospace
"2014-02-01 11:10:01", "2014-02-01 11:11:41", nospace
"2014-02-01 13:36:07", "2014-02-01 13:57:47", nospace
"2014-02-01 14:06:07", "2014-02-01 14:09:29", nospace
"2014-02-01 14:11:09", "2014-02-01 14:29:34", nospace
"2014-02-01 14:32:56", "2014-02-01 15:06:56", nospace
"2014-02-01 16:05:43", "2014-02-01 21:40:00", nospace
"2014-02-02 02:15:50", "2014-02-02 02:19:32", nospace
"2014-02-02 02:20:11", "2014-02-02 02:25:41", nospace
"2014-02-02 02:49:18", "2014-02-02 02:50:59", nospace
"2014-02-02 02:57:42", "2014-02-02 03:32:53", nospace
"2014-02-02 03:37:56", "2014-02-02 03:54:44", nospace
"2014-02-02 04:03:10", "2014-02-02 04:18:20", nospace
"2014-02-02 05:34:04", "2014-02-02 05:58:02", nospace
"2014-02-02 06:05:05", "2014-02-02 07:02:35", nospace
"2014-02-02 07:07:01", "2014-02-02 07:09:39", nospace
"2014-02-02 07:16:18", "2014-02-02 07:45:37", nospace
"2014-02-02 07:54:44", "2014-02-02 08:00:14", nospace
"2014-02-02 08:02:26", "2014-02-02 08:15:58", nospace
"2014-02-02 08:24:56", "2014-02-02 09:44:38", nospace
"2014-02-02 10:00:16", "2014-02-02 10:19:58", nospace
"2014-02-02 11:33:11", "2014-02-02 11:45:00", nospace
"2014-02-02 12:03:35", "2014-02-02 12:08:39", nospace
"2014-02-02 12:22:11", "2014-02-02 12:41:58", nospace
"2014-02-02 13:29:41", "2014-02-02 13:35:38", nospace
"2014-02-02 14:19:49", "2014-02-02 14:26:35", nospace
"2014-02-03 05:46:26", "2014-02-03 06:11:52", nospace
"2014-02-03 06:23:20", "2014-02-03 06:25:35", nospace
"2014-02-03 06:32:44", "2014-02-03 07:43:16", nospace
"2014-02-03 07:44:28", "2014-02-03 07:57:39", nospace
"2014-02-03 07:59:54", "2014-02-03 08:23:47", nospace
"2014-02-03 08:25:03", "2014-02-03 08:33:45", nospace
"2014-02-03 08:40:35", "2014-02-03 09:28:29", nospace
"2014-02-03 09:34:51", "2014-02-03 09:59:36", nospace
"2014-02-03 10:04:02", "2014-02-03 10:17:41", nospace
"2014-02-03 12:41:52", "2014-02-03 12:53:47", nospace
"2014-02-03 13:02:17", "2014-02-03 13:03:59", nospace
"2014-02-03 13:05:42", "2014-02-03 13:10:46", nospace
"2014-02-03 13:24:23", "2014-02-03 13:29:53", nospace
"2014-02-03 14:08:19", "2014-02-03 14:15:25", nospace
"2014-02-03 16:30:56", "2014-02-03 16:53:06", nospace
"2014-02-04 02:12:43", "2014-02-04 02:17:52", nospace
"2014-02-04 02:28:09", "2014-02-04 02:29:50", nospace
"2014-02-04 04:11:06", "2014-02-04 04:43:21", nospace
"2014-02-04 04:53:51", "2014-02-04 05:03:08", nospace
"2014-02-04 05:07:35", "2014-02-04 05:09:10", nospace
"2014-02-04 05:28:48", "2014-02-04 05:54:35", nospace
"2014-02-04 05:56:05", "2014-02-04 06:01:27", nospace
"2014-02-04 06:03:39", "2014-02-04 06:22:03", nospace
"2014-02-04 06:26:53", "2014-02-04 06:38:06", nospace
"2014-02-04 06:42:13", "2014-02-04 06:56:40", nospace
"2014-02-04 06:58:52", "2014-02-04 07:12:47", nospace
"2014-02-04 07:21:57", "2014-02-04 07:49:47", nospace
"2014-02-04 07:52:01", "2014-02-04 08:00:43", nospace
"2014-02-04 08:19:01", "2014-02-04 08:24:10", nospace
"2014-02-04 08:29:20", "2014-02-04 09:00:22", nospace
"2014-02-04 09:03:49", "2014-02-04 09:05:32", nospace
"2014-02-04 10:12:49", "2014-02-04 10:24:39", nospace
"2014-02-04 10:26:55", "2014-02-04 10:29:11", nospace
"2014-02-04 11:06:07", "2014-02-04 11:32:57", nospace
"2014-02-04 12:16:47", "2014-02-04 12:25:55", nospace
"2014-02-04 17:04:05", "2014-02-04 17:26:33", nospace
"2014-02-04 23:46:03", "2014-02-05 00:05:54", nospace
"2014-02-05 00:31:22", "2014-02-05 00:42:38", nospace
"2014-02-05 07:29:27", "2014-02-05 07:30:43", nospace
"2014-02-05 07:40:55", "2014-02-05 07:47:36", nospace
"2014-02-05 07:50:06", "2014-02-05 07:56:47", nospace
"2014-02-05 08:01:42", "2014-02-05 09:13:07", nospace
"2014-02-05 09:14:20", "2014-02-05 09:43:41", nospace
"2014-02-05 09:44:42", "2014-02-05 10:10:27", nospace
"2014-02-05 11:10:03", "2014-02-05 11:25:59", nospace
"2014-02-05 11:30:42", "2014-02-05 11:40:45", nospace
"2014-02-06 06:45:24", "2014-02-06 07:18:13", nospace
"2014-02-06 07:25:07", "2014-02-06 07:26:54", nospace
"2014-02-06 07:33:57", "2014-02-06 08:24:41", nospace
"2014-02-06 09:05:16", "2014-02-06 09:14:37", nospace
"2014-02-06 09:23:51", "2014-02-06 09:28:48", nospace
"2014-02-06 11:44:15", "2014-02-06 11:47:48", nospace
"2014-02-06 11:51:08", "2014-02-06 12:17:29", nospace
"2014-02-06 12:19:48", "2014-02-06 12:25:38", nospace
"2014-02-06 12:31:42", "2014-02-06 12:41:01", nospace
"2014-02-07 02:31:05", "2014-02-07 02:34:14", nospace
"2014-02-07 03:00:50", "2014-02-07 03:07:53", nospace
"2014-02-07 03:09:40", "2014-02-07 03:15:40", nospace
"2014-02-07 03:17:56", "2014-02-07 03:30:57", nospace
"2014-02-07 03:43:45", "2014-02-07 03:45:59", nospace
"2014-02-07 03:55:16", "2014-02-07 03:58:58", nospace
"2014-02-07 04:06:42", "2014-02-07 04:29:24", nospace
"2014-02-07 08:44:37", "2014-02-07 09:04:27", nospace
"2014-02-07 10:08:10", "2014-02-07 10:13:29", nospace
"2014-02-07 10:36:31", "2014-02-07 10:41:50", nospace
"2014-02-07 10:52:29", "2014-02-07 10:54:15", nospace
"2014-02-07 10:57:47", "2014-02-07 10:59:34", nospace
"2014-02-07 13:02:25", "2014-02-07 13:04:12", nospace
"2014-02-07 13:30:55", "2014-02-07 13:36:46", nospace
"2014-02-08 04:12:56", "2014-02-08 04:14:43", nospace
"2014-02-08 06:54:56", "2014-02-08 06:59:16", nospace
"2014-02-08 07:01:36", "2014-02-08 07:14:45", nospace
"2014-02-08 07:51:59", "2014-02-08 07:53:45", nospace
"2014-02-08 09:14:52", "2014-02-08 09:20:13", nospace
"2014-02-08 09:23:47", "2014-02-08 09:37:57", nospace
"2014-02-08 10:32:33", "2014-02-08 10:37:44", nospace
"2014-02-08 11:43:05", "2014-02-08 11:53:46", nospace
"2014-02-10 05:07:30", "2014-02-10 05:09:46", nospace
"2014-02-10 05:28:37", "2014-02-10 05:34:28", nospace
"2014-02-10 05:45:23", "2014-02-10 05:52:39", nospace
"2014-02-10 05:56:18", "2014-02-10 06:03:33", nospace
"2014-02-10 06:05:22", "2014-02-10 06:07:12", nospace
"2014-02-10 08:45:56", "2014-02-10 08:50:40", nospace
"2014-02-10 09:09:12", "2014-02-10 09:11:01", nospace
"2014-02-10 11:25:09", "2014-02-10 11:32:25", nospace
"2014-02-10 11:41:33", "2014-02-10 11:43:23", nospace
"2014-02-10 15:23:06", "2014-02-10 17:13:04", nospace
"2014-02-11 11:17:28", "2014-02-11 12:11:29", nospace
"2014-02-13 04:23:57", "2014-02-13 05:03:05", nospace
"2014-02-13 08:06:12", "2014-02-13 08:21:00", nospace
"2014-02-13 08:22:51", "2014-02-13 08:30:20", nospace
"2014-02-13 09:02:05", "2014-02-13 09:05:51", nospace
"2014-02-13 10:07:10", "2014-02-13 10:22:44", nospace
"2014-02-13 10:32:53", "2014-02-13 10:36:54", nospace
"2014-02-13 10:38:27", "2014-02-13 10:45:30", nospace
"2014-02-13 10:48:56", "2014-02-13 10:53:40", nospace
"2014-02-13 11:03:56", "2014-02-13 11:13:54", nospace
"2014-02-13 11:17:22", "2014-02-13 11:22:59", nospace
"2014-02-13 11:45:55", "2014-02-13 11:51:31", nospace
"2014-02-15 04:08:46", "2014-02-15 04:14:57", nospace
"2014-02-15 08:16:07", "2014-02-15 08:18:01", nospace
"2014-02-15 08:27:25", "2014-02-15 08:29:19", nospace
"2014-02-15 09:26:18", "2014-02-15 09:30:07", nospace
"2014-02-15 09:32:00", "2014-02-15 09:35:49", nospace
"2014-02-15 09:49:05", "2014-02-15 09:56:41", nospace
"2014-02-16 05:25:22", "2014-02-16 05:31:06", nospace
"2014-02-16 05:53:31", "2014-02-16 06:53:00", nospace
"2014-02-16 06:54:54", "2014-02-16 06:58:43", nospace
"2014-02-16 07:02:32", "2014-02-16 07:33:11", nospace
"2014-02-16 07:37:01", "2014-02-16 07:46:32", nospace
"2014-02-16 07:50:22", "2014-02-16 08:03:47", nospace
"2014-02-16 08:11:25", "2014-02-16 09:00:51", nospace
"2014-02-16 09:08:30", "2014-02-16 09:23:58", nospace
"2014-02-16 09:42:00", "2014-02-16 09:49:39", nospace
"2014-02-17 01:53:57", "2014-02-17 01:57:47", nospace
"2014-02-17 06:27:59", "2014-02-17 07:30:11", nospace
"2014-02-17 08:06:37", "2014-02-17 08:08:32", nospace
"2014-02-17 08:47:00", "2014-02-17 08:48:55", nospace
"2014-02-17 09:05:52", "2014-02-17 09:08:20", nospace
"2014-02-17 09:26:26", "2014-02-17 09:30:14", nospace
"2014-02-17 09:32:09", "2014-02-17 09:37:55", nospace
"2014-02-17 10:04:51", "2014-02-17 10:14:28", nospace
"2014-02-17 10:18:17", "2014-02-17 10:20:13", nospace
"2014-02-20 06:45:52", "2014-02-20 07:07:32", nospace
"2014-02-20 08:44:01", "2014-02-20 09:09:24", nospace
"2014-02-20 09:17:15", "2014-02-20 09:19:13", nospace
"2014-02-20 09:27:06", "2014-02-20 09:36:49", nospace
"2014-02-20 09:53:56", "2014-02-20 09:56:26", nospace
"2014-02-21 02:05:40", "2014-02-21 02:08:09", nospace
"2014-02-21 02:33:41", "2014-02-21 02:59:49", nospace
"2014-02-21 03:07:44", "2014-02-21 03:11:41", nospace
"2014-02-21 03:51:09", "2014-02-21 03:55:06", nospace
"2014-02-21 07:29:19", "2014-02-21 07:41:14", nospace
"2014-02-21 07:43:14", "2014-02-21 07:49:10", nospace
"2014-02-21 07:51:10", "2014-02-21 07:53:09", nospace
"2014-02-21 08:58:45", "2014-02-21 09:07:12", nospace
"2014-02-21 09:27:57", "2014-02-21 09:31:57", nospace
"2014-02-21 09:33:56", "2014-02-21 09:37:56", nospace
"2014-02-21 12:09:29", "2014-02-21 12:19:29", nospace
"2014-02-21 12:21:28", "2014-02-21 12:25:28", nospace
"2014-02-21 16:24:07", "2014-02-21 17:31:08", nospace
"2014-02-22 00:06:04", "2014-02-22 00:12:03", nospace
"2014-02-22 00:26:02", "2014-02-22 00:49:58", nospace
"2014-02-22 00:53:36", "2014-02-22 01:02:51", nospace
"2014-02-22 06:48:50", "2014-02-22 06:56:33", nospace
"2014-02-22 08:00:54", "2014-02-22 08:16:13", nospace
"2014-02-22 08:22:14", "2014-02-22 08:24:14", nospace
"2014-02-22 09:17:55", "2014-02-22 09:43:56", nospace
"2014-02-22 09:57:49", "2014-02-22 10:01:47", nospace
"2014-02-22 15:35:59", "2014-02-22 15:54:32", nospace
"2014-02-22 16:04:56", "2014-02-22 16:17:00", nospace
"2014-02-22 16:23:02", "2014-02-22 16:58:13", nospace
"2014-02-23 01:56:11", "2014-02-23 02:10:10", nospace
"2014-02-23 02:28:15", "2014-02-23 02:46:09", nospace
"2014-02-23 03:13:33", "2014-02-23 03:29:47", nospace
"2014-02-23 03:39:50", "2014-02-23 03:41:35", nospace
"2014-02-23 04:33:45", "2014-02-23 04:35:45", nospace
"2014-02-23 04:37:45", "2014-02-23 04:47:47", nospace
"2014-02-23 05:37:57", "2014-02-23 05:43:57", nospace
"2014-02-23 05:47:57", "2014-02-23 06:04:03", nospace
"2014-02-23 06:51:01", "2014-02-23 07:17:09", nospace
"2014-02-23 07:19:10", "2014-02-23 07:20:15", nospace
"2014-02-23 07:26:55", "2014-02-23 08:13:19", nospace
"2014-02-23 08:23:25", "2014-02-23 08:49:41", nospace
"2014-02-23 08:59:48", "2014-02-23 09:38:14", nospace
"2014-02-23 09:44:18", "2014-02-23 10:00:26", nospace
"2014-02-24 06:06:16", "2014-02-24 06:32:44", nospace
"2014-02-24 06:34:46", "2014-02-24 06:42:54", nospace
"2014-02-24 06:46:59", "2014-02-24 06:59:02", nospace
"2014-02-24 07:01:04", "2014-02-24 07:07:10", nospace
"2014-02-24 07:13:28", "2014-02-24 07:18:47", nospace
"2014-02-24 07:24:53", "2014-02-24 07:28:57", nospace
"2014-02-24 07:37:04", "2014-02-24 07:41:07", nospace
"2014-02-24 08:05:30", "2014-02-24 08:43:57", nospace
"2014-02-24 08:46:28", "2014-02-24 08:51:31", nospace
"2014-02-24 09:14:32", "2014-02-24 09:17:07", nospace
"2014-02-24 09:35:01", "2014-02-24 09:40:06", nospace
"2014-02-24 09:47:54", "2014-02-24 09:56:02", nospace
"2014-02-24 11:01:55", "2014-02-24 11:10:50", nospace
"2014-02-24 11:27:06", "2014-02-24 11:31:11", nospace
"2014-02-24 11:35:15", "2014-02-24 11:37:17", nospace
"2014-02-24 11:47:25", "2014-02-24 12:01:34", nospace
"2014-02-24 12:13:46", "2014-02-24 12:17:50", nospace
"2014-02-25 02:11:16", "2014-02-25 02:19:26", nospace
"2014-02-25 02:48:05", "2014-02-25 03:00:23", nospace
"2014-02-26 09:00:36", "2014-02-26 09:08:50", nospace
"2014-02-26 11:06:55", "2014-02-26 11:09:01", nospace
"2014-02-26 11:50:27", "2014-02-26 11:56:40", nospace
"2014-02-27 08:44:09", "2014-02-27 08:58:38", nospace
"2014-02-27 09:21:16", "2014-02-27 09:25:24", nospace
"2014-02-27 09:29:32", "2014-02-27 09:46:04", nospace
"2014-02-27 09:57:39", "2014-02-27 10:00:11", nospace
"2014-02-27 10:02:59", "2014-02-27 10:16:46", nospace
"2014-02-27 10:19:20", "2014-02-27 10:20:01", nospace
"2014-02-27 10:36:24", "2014-02-27 10:40:15", nospace
"2014-02-27 10:45:32", "2014-02-27 10:47:56", nospace
"2014-02-27 11:29:13", "2014-02-27 11:33:18", nospace
"2014-02-28 05:55:07", "2014-02-28 06:22:10", nospace
"2014-02-28 06:35:19", "2014-02-28 06:50:15", nospace
"2014-02-28 06:52:00", "2014-02-28 07:33:38", nospace
"2014-02-28 07:35:42", "2014-02-28 08:38:12", nospace
"2014-02-28 08:50:43", "2014-02-28 08:54:52", nospace
"2014-02-28 08:56:57", "2014-02-28 09:39:53", nospace
"2014-02-28 09:47:34", "2014-02-28 09:51:21", nospace
"2014-02-28 09:54:01", "2014-02-28 10:06:16", nospace
"2014-02-28 10:13:00", "2014-02-28 10:18:07", nospace
"2014-02-28 10:34:28", "2014-02-28 10:38:39", nospace
"2014-02-28 12:47:10", "2014-02-28 12:57:00", nospace
"2014-02-28 13:07:14", "2014-02-28 13:12:39", nospace
"2014-02-28 15:32:11", "2014-02-28 16:07:45", nospace
"2014-02-28 16:18:11", "2014-02-28 16:20:17", nospace
"2014-03-01 02:07:22", "2014-03-01 02:11:33", nospace
"2014-03-01 02:13:40", "2014-03-01 02:19:56", nospace
"2014-03-01 02:24:00", "2014-03-01 02:36:33", nospace
"2014-03-01 02:38:38", "2014-03-01 02:44:57", nospace
"2014-03-01 05:24:17", "2014-03-01 05:35:52", nospace
"2014-03-01 05:42:08", "2014-03-01 06:49:07", nospace
"2014-03-01 06:54:09", "2014-03-01 06:56:15", nospace
"2014-03-01 07:10:41", "2014-03-01 07:14:16", nospace
"2014-03-01 07:22:08", "2014-03-01 07:31:15", nospace
"2014-03-01 07:35:05", "2014-03-01 07:50:22", nospace
"2014-03-01 07:58:18", "2014-03-01 08:25:14", nospace
"2014-03-01 08:28:49", "2014-03-01 08:40:30", nospace
"2014-03-01 08:43:10", "2014-03-01 09:10:03", nospace
"2014-03-01 09:14:16", "2014-03-01 09:22:41", nospace
"2014-03-01 09:26:58", "2014-03-01 09:55:55", nospace
"2014-03-01 11:29:13", "2014-03-01 11:50:15", nospace
"2014-03-01 11:56:33", "2014-03-01 12:23:50", nospace
"2014-03-02 07:43:58", "2014-03-02 07:50:18", nospace
"2014-03-02 08:05:08", "2014-03-02 08:15:44", nospace
"2014-03-02 08:17:52", "2014-03-02 08:22:06", nospace
"2014-03-02 08:33:26", "2014-03-02 08:43:21", nospace
"2014-03-02 08:51:50", "2014-03-02 08:55:55", nospace
"2014-03-02 08:58:02", "2014-03-02 09:02:15", nospace
"2014-03-02 09:06:29", "2014-03-02 09:31:00", nospace
"2014-03-02 13:07:15", "2014-03-02 13:15:45", nospace
"2014-03-02 13:51:39", "2014-03-02 13:58:03", nospace
"2014-03-02 14:08:41", "2014-03-02 14:15:06", nospace
"2014-03-02 14:23:38", "2014-03-02 14:44:49", nospace
"2014-03-02 14:57:36", "2014-03-02 17:02:09", nospace
"2014-03-02 17:12:59", "2014-03-02 19:50:12", nospace
"2014-03-03 08:53:05", "2014-03-03 09:09:03", nospace
"2014-03-03 09:14:32", "2014-03-03 09:16:42", nospace
"2014-03-03 09:36:24", "2014-03-03 09:40:43", nospace
"2014-03-03 09:55:52", "2014-03-03 09:58:02", nospace
"2014-03-03 10:40:16", "2014-03-03 10:47:53", nospace
"2014-03-03 10:55:36", "2014-03-03 10:56:44", nospace
"2014-03-03 11:13:18", "2014-03-03 11:17:35", nospace
"2014-03-03 11:20:11", "2014-03-03 11:22:47", nospace
"2014-03-03 11:28:57", "2014-03-03 11:31:36", nospace
"2014-03-04 01:25:25", "2014-03-04 01:29:52", nospace
"2014-03-04 01:43:13", "2014-03-04 01:47:43", nospace
"2014-03-04 02:01:22", "2014-03-04 02:10:26", nospace
"2014-03-04 02:14:58", "2014-03-04 02:19:33", nospace
"2014-03-04 02:26:12", "2014-03-04 02:48:58", nospace
"2014-03-04 03:04:42", "2014-03-04 03:15:50", nospace
"2014-03-04 07:03:23", "2014-03-04 07:29:13", nospace
"2014-03-04 07:38:18", "2014-03-04 08:03:26", nospace
"2014-03-05 05:25:02", "2014-03-05 05:27:20", nospace
"2014-03-05 05:29:37", "2014-03-05 05:41:04", nospace
"2014-03-05 06:01:44", "2014-03-05 06:33:55", nospace
"2014-03-05 06:54:55", "2014-03-05 07:01:48", nospace
"2014-03-05 08:54:17", "2014-03-05 09:11:01", nospace
"2014-03-05 09:13:44", "2014-03-05 09:16:25", nospace
"2014-03-05 12:17:36", "2014-03-05 12:22:10", nospace
"2014-03-09 07:41:20", "2014-03-09 07:46:01", nospace
"2014-03-09 08:21:17", "2014-03-09 08:26:01", nospace
"2014-03-09 08:40:08", "2014-03-09 08:47:11", nospace
"2014-03-09 09:17:44", "2014-03-09 09:28:23", nospace
"2014-03-09 09:30:00", "2014-03-09 09:41:49", nospace
"2014-03-09 13:49:50", "2014-03-09 13:52:10", nospace
"2014-03-09 14:01:35", "2014-03-09 16:30:16", nospace
"2014-03-09 16:42:03", "2014-03-09 22:16:48", nospace
"2014-03-10 02:41:31", "2014-03-10 02:46:15", nospace
"2014-03-10 03:02:47", "2014-03-10 03:14:36", nospace
"2014-03-10 03:16:57", "2014-03-10 03:59:28", nospace
"2014-03-10 04:25:31", "2014-03-10 04:30:15", nospace
"2014-03-10 04:44:25", "2014-03-10 04:46:47", nospace
"2014-03-10 05:08:03", "2014-03-10 05:12:47", nospace
"2014-03-10 05:55:22", "2014-03-10 05:57:44", nospace
"2014-03-10 06:04:50", "2014-03-10 06:07:11", nospace
"2014-03-10 06:38:21", "2014-03-10 07:16:10", nospace
"2014-03-10 07:18:32", "2014-03-10 07:25:40", nospace
"2014-03-10 07:28:03", "2014-03-10 07:35:08", nospace
"2014-03-10 09:04:10", "2014-03-10 09:17:59", nospace
"2014-03-10 09:36:06", "2014-03-10 09:41:28", nospace
"2014-03-10 09:45:06", "2014-03-10 09:52:46", nospace
"2014-03-11 08:20:00", "2014-03-11 08:22:39", nospace
"2014-03-11 08:30:48", "2014-03-11 08:33:10", nospace
"2014-03-11 08:54:34", "2014-03-11 08:59:01", nospace
"2014-03-11 09:01:44", "2014-03-11 09:04:25", nospace
"2014-03-11 09:37:59", "2014-03-11 09:45:08", nospace
"2014-03-11 09:47:31", "2014-03-11 09:49:54", nospace
"2014-03-11 09:52:15", "2014-03-11 09:59:25", nospace
"2014-03-11 10:01:47", "2014-03-11 10:04:10", nospace
"2014-03-11 10:11:18", "2014-03-11 10:13:42", nospace
"2014-03-11 10:18:27", "2014-03-11 10:20:50", nospace
"2014-03-11 11:06:12", "2014-03-11 11:08:35", nospace
"2014-03-11 23:38:19", "2014-03-11 23:41:13", nospace
"2014-03-11 23:43:21", "2014-03-11 23:55:07", nospace
"2014-03-12 00:11:53", "2014-03-12 00:14:17", nospace
"2014-03-12 00:16:41", "2014-03-12 00:33:25", nospace
"2014-03-12 00:35:49", "2014-03-12 00:45:24", nospace
"2014-03-12 00:52:33", "2014-03-12 00:57:21", nospace
"2014-03-12 00:59:45", "2014-03-12 01:02:09", nospace
"2014-03-12 01:06:55", "2014-03-12 01:11:41", nospace
"2014-03-12 01:14:05", "2014-03-12 01:16:28", nospace
"2014-03-12 01:33:13", "2014-03-12 01:40:23", nospace
"2014-03-12 01:45:09", "2014-03-12 01:59:29", nospace
"2014-03-13 10:31:21", "2014-03-13 10:36:09", nobike
"2014-03-13 12:55:39", "2014-03-13 12:56:23", nobike
"2014-03-14 10:16:19", "2014-03-14 10:18:38", nospace
"2014-03-15 06:55:20", "2014-03-15 07:05:06", nospace
"2014-03-15 07:12:26", "2014-03-15 07:17:19", nospace
"2014-03-15 07:22:14", "2014-03-15 07:29:30", nospace
"2014-03-15 07:36:47", "2014-03-15 07:39:13", nospace
"2014-03-15 08:15:40", "2014-03-15 08:25:25", nospace
"2014-03-15 08:30:22", "2014-03-15 08:37:41", nospace
"2014-03-15 08:44:58", "2014-03-15 08:49:51", nospace
"2014-03-15 08:57:09", "2014-03-15 08:59:35", nospace
"2014-03-15 09:09:16", "2014-03-15 09:11:42", nospace
"2014-03-15 09:21:24", "2014-03-15 09:33:32", nospace
"2014-03-15 09:35:58", "2014-03-15 09:43:12", nospace
"2014-03-15 10:12:23", "2014-03-15 10:14:49", nospace
"2014-03-15 10:56:17", "2014-03-15 11:01:08", nospace
"2014-03-15 11:18:11", "2014-03-15 11:27:55", nospace
"2014-03-15 12:48:18", "2014-03-15 12:50:45", nospace
"2014-03-15 16:11:54", "2014-03-15 16:14:21", nospace
"2014-03-15 16:39:54", "2014-03-15 16:49:16", nospace
"2014-03-16 05:45:51", "2014-03-16 05:48:18", nospace
"2014-03-16 06:00:31", "2014-03-16 06:15:11", nospace
"2014-03-16 06:17:38", "2014-03-16 06:43:36", nospace
"2014-03-16 06:48:48", "2014-03-16 06:51:37", nospace
"2014-03-16 06:57:02", "2014-03-16 06:59:50", nospace
"2014-03-16 07:09:42", "2014-03-16 07:25:18", nospace
"2014-03-16 07:30:12", "2014-03-16 07:42:24", nospace
"2014-03-16 07:47:20", "2014-03-16 07:54:35", nospace
"2014-03-16 08:01:57", "2014-03-16 08:31:15", nospace
"2014-03-16 08:36:07", "2014-03-16 08:50:46", nospace
"2014-03-16 08:53:12", "2014-03-16 08:55:38", nospace
"2014-03-16 08:58:04", "2014-03-16 09:10:17", nospace
"2014-03-16 09:17:36", "2014-03-16 09:20:03", nospace
"2014-03-16 09:26:36", "2014-03-16 09:29:24", nospace
"2014-03-16 10:31:42", "2014-03-16 10:41:27", nospace
"2014-03-16 13:46:48", "2014-03-16 13:56:36", nospace
"2014-03-16 16:20:10", "2014-03-16 16:22:37", nospace
"2014-03-16 17:32:45", "2014-03-16 17:40:07", nospace
"2014-03-16 18:09:31", "2014-03-16 18:38:54", nospace
"2014-03-16 23:40:26", "2014-03-17 00:21:28", nospace
"2014-03-17 00:28:27", "2014-03-17 00:44:19", nospace
"2014-03-17 01:39:56", "2014-03-17 01:59:34", nospace
"2014-03-17 02:14:19", "2014-03-17 02:26:34", nospace
"2014-03-17 02:36:21", "2014-03-17 02:48:35", nospace
"2014-03-17 03:32:51", "2014-03-17 03:36:53", nospace
"2014-03-17 03:46:38", "2014-03-17 04:00:39", nospace
"2014-03-17 05:56:12", "2014-03-17 06:13:26", nospace
"2014-03-17 06:34:13", "2014-03-17 06:50:50", nospace
"2014-03-17 07:01:06", "2014-03-17 07:08:27", nospace
"2014-03-17 07:13:22", "2014-03-17 07:33:05", nospace
"2014-03-17 07:59:58", "2014-03-17 08:17:13", nospace
"2014-03-17 08:24:36", "2014-03-17 08:36:51", nospace
"2014-03-17 08:44:51", "2014-03-17 09:11:55", nospace
"2014-03-17 09:21:52", "2014-03-17 09:24:19", nospace
"2014-03-17 09:26:45", "2014-03-17 09:31:41", nospace
"2014-03-17 09:39:05", "2014-03-17 09:41:32", nospace
"2014-03-17 09:51:23", "2014-03-17 09:53:51", nospace
"2014-03-17 09:56:18", "2014-03-17 10:03:42", nospace
"2014-03-17 10:06:09", "2014-03-17 10:08:36", nospace
"2014-03-17 10:13:31", "2014-03-17 10:18:24", nospace
"2014-03-18 00:31:42", "2014-03-18 00:46:00", nospace
"2014-03-18 00:53:29", "2014-03-18 01:03:18", nospace
"2014-03-18 01:10:44", "2014-03-18 01:25:19", nospace
"2014-03-18 01:47:31", "2014-03-18 02:02:21", nospace
"2014-03-18 02:27:00", "2014-03-18 02:41:48", nospace
"2014-03-18 04:09:30", "2014-03-18 04:15:00", nospace
"2014-03-18 04:17:18", "2014-03-18 04:44:52", nospace
"2014-03-18 04:49:06", "2014-03-18 04:58:24", nospace
"2014-03-18 05:03:08", "2014-03-18 05:26:30", nospace
"2014-03-18 06:31:21", "2014-03-18 06:32:13", nospace
"2014-03-18 08:46:09", "2014-03-18 09:13:14", nospace
"2014-03-19 05:19:14", "2014-03-19 05:41:37", nospace
"2014-03-19 05:51:33", "2014-03-19 05:59:01", nospace
"2014-03-19 06:11:25", "2014-03-19 06:37:04", nospace
"2014-03-19 06:44:29", "2014-03-19 06:46:59", nospace
"2014-03-19 06:49:46", "2014-03-19 07:02:09", nospace
"2014-03-20 08:47:35", "2014-03-20 09:15:03", nospace
"2014-03-20 12:46:23", "2014-03-20 12:48:54", nospace
"2014-03-20 12:56:23", "2014-03-20 13:03:51", nospace
"2014-03-21 00:48:59", "2014-03-21 00:56:28", nospace
"2014-03-21 01:49:03", "2014-03-21 01:51:33", nospace
"2014-03-21 04:12:36", "2014-03-21 05:02:41", nospace
"2014-03-21 05:18:32", "2014-03-21 05:21:02", nospace
"2014-03-21 05:23:31", "2014-03-21 05:51:03", nospace
"2014-03-21 06:06:05", "2014-03-21 06:11:04", nospace
"2014-03-21 06:21:05", "2014-03-21 06:28:39", nospace
"2014-03-21 06:38:51", "2014-03-21 07:01:29", nospace
"2014-03-21 07:21:30", "2014-03-21 07:34:04", nospace
"2014-03-21 09:21:56", "2014-03-21 09:26:58", nospace
"2014-03-21 10:29:39", "2014-03-21 10:39:41", nospace
"2014-03-22 10:07:14", "2014-03-22 10:14:47", nospace
"2014-03-22 10:17:19", "2014-03-22 10:19:51", nospace
"2014-03-22 10:22:23", "2014-03-22 10:37:30", nospace
"2014-03-22 11:12:56", "2014-03-22 11:36:38", nospace
"2014-03-23 04:20:27", "2014-03-23 04:22:59", nospace
"2014-03-23 05:11:21", "2014-03-23 05:18:57", nospace
"2014-03-23 05:20:18", "2014-03-23 05:23:13", nospace
"2014-03-23 05:30:27", "2014-03-23 05:48:24", nospace
"2014-03-23 06:15:41", "2014-03-23 06:43:35", nospace
"2014-03-23 06:51:28", "2014-03-23 06:54:00", nospace
"2014-03-23 06:56:32", "2014-03-23 07:11:40", nospace
"2014-03-23 07:16:44", "2014-03-23 07:31:53", nospace
"2014-03-23 07:42:01", "2014-03-23 08:02:20", nospace
"2014-03-23 08:07:23", "2014-03-23 08:30:11", nospace
"2014-03-23 08:47:54", "2014-03-23 09:03:05", nospace
"2014-03-23 09:05:36", "2014-03-23 09:10:40", nospace
"2014-03-23 09:13:13", "2014-03-23 09:23:25", nospace
"2014-03-23 09:25:57", "2014-03-23 09:31:00", nospace
"2014-03-23 09:49:39", "2014-03-23 09:54:42", nospace
"2014-03-23 09:57:14", "2014-03-23 10:09:55", nospace
"2014-03-23 10:20:02", "2014-03-23 10:22:33", nospace
"2014-03-23 10:27:36", "2014-03-23 10:40:16", nospace
"2014-03-23 10:42:48", "2014-03-23 10:50:24", nospace
"2014-03-23 10:55:29", "2014-03-23 11:13:12", nospace
"2014-03-23 11:15:44", "2014-03-23 11:25:53", nospace
"2014-03-23 11:51:09", "2014-03-23 11:56:13", nospace
"2014-03-23 12:21:36", "2014-03-23 12:27:00", nospace
"2014-03-23 12:31:41", "2014-03-23 12:51:57", nospace
"2014-03-23 12:54:29", "2014-03-23 12:59:33", nospace
"2014-03-23 14:16:31", "2014-03-23 14:34:16", nospace
"2014-03-23 14:41:53", "2014-03-23 14:44:25", nospace
"2014-03-24 00:07:50", "2014-03-24 00:35:46", nospace
"2014-03-24 00:45:57", "2014-03-24 01:01:11", nospace
"2014-03-24 02:09:37", "2014-03-24 02:28:31", nospace
"2014-03-24 02:43:46", "2014-03-24 02:48:51", nospace
"2014-03-24 03:54:54", "2014-03-24 04:17:44", nospace
"2014-03-24 04:45:40", "2014-03-24 04:48:11", nospace
"2014-03-24 05:12:03", "2014-03-24 06:02:54", nospace
"2014-03-24 07:00:37", "2014-03-24 07:03:09", nospace
"2014-03-24 07:04:27", "2014-03-24 07:16:49", nospace
"2014-03-24 07:29:30", "2014-03-24 07:47:17", nospace
"2014-03-24 07:52:24", "2014-03-24 07:57:29", nospace
"2014-03-24 09:06:13", "2014-03-24 09:08:45", nospace
"2014-03-24 10:03:07", "2014-03-24 10:05:41", nospace
"2014-03-24 10:47:21", "2014-03-24 10:49:30", nospace
"2014-03-24 11:43:21", "2014-03-24 11:50:58", nospace
"2014-03-24 12:46:59", "2014-03-24 12:54:37", nospace
"2014-03-24 13:07:22", "2014-03-24 13:17:31", nospace
"2014-03-25 00:46:41", "2014-03-25 00:49:14", nospace
"2014-03-25 00:51:47", "2014-03-25 00:59:26", nospace
"2014-03-25 02:26:13", "2014-03-25 02:33:53", nospace
"2014-03-25 02:46:41", "2014-03-25 02:58:21", nospace
"2014-03-25 09:04:59", "2014-03-25 09:12:37", nospace
"2014-03-25 09:15:13", "2014-03-25 09:17:46", nospace
"2014-03-25 10:48:49", "2014-03-25 10:51:22", nospace
"2014-03-25 11:11:52", "2014-03-25 11:16:57", nospace
"2014-03-26 00:38:54", "2014-03-26 00:44:34", nospace
"2014-03-26 01:54:52", "2014-03-26 02:46:12", nospace
"2014-03-26 08:47:52", "2014-03-26 08:58:09", nospace
"2014-03-26 09:05:50", "2014-03-26 09:13:30", nospace
"2014-03-26 23:49:11", "2014-03-26 23:51:45", nospace
"2014-03-27 00:07:11", "2014-03-27 00:43:16", nospace
"2014-03-27 01:10:03", "2014-03-27 01:51:14", nospace
"2014-03-27 06:35:29", "2014-03-27 06:50:56", nospace
"2014-03-27 07:46:43", "2014-03-27 07:51:52", nospace
"2014-03-27 08:07:19", "2014-03-27 08:09:54", nospace
"2014-03-27 11:50:03", "2014-03-27 11:52:38", nospace
"2014-03-27 12:42:40", "2014-03-27 12:47:49", nospace
"2014-03-27 12:53:52", "2014-03-27 12:58:46", nospace
"2014-03-27 13:01:46", "2014-03-27 13:09:29", nospace
"2014-03-27 15:11:58", "2014-03-27 15:19:43", nospace
"2014-03-27 23:55:35", "2014-03-28 00:00:45", nospace
"2014-03-28 00:29:13", "2014-03-28 00:42:10", nospace
"2014-03-28 00:44:45", "2014-03-28 00:57:39", nospace
"2014-03-28 01:27:38", "2014-03-28 01:53:00", nospace
"2014-03-28 01:55:34", "2014-03-28 02:16:16", nospace
"2014-03-28 05:54:01", "2014-03-28 06:09:34", nospace
"2014-03-28 06:22:31", "2014-03-28 06:35:28", nospace
"2014-03-28 06:51:21", "2014-03-28 06:56:30", nospace
"2014-03-28 07:19:46", "2014-03-28 07:24:55", nospace
"2014-03-28 07:37:50", "2014-03-28 07:40:26", nospace
"2014-03-28 07:48:12", "2014-03-28 08:05:56", nospace
"2014-03-28 08:25:33", "2014-03-28 08:30:46", nospace
"2014-03-28 08:36:00", "2014-03-28 09:09:38", nospace
"2014-03-28 09:14:49", "2014-03-28 09:20:00", nospace
"2014-03-28 10:16:55", "2014-03-28 10:22:08", nospace
"2014-03-29 01:45:11", "2014-03-29 01:50:23", nospace
"2014-03-29 01:55:33", "2014-03-29 01:59:46", nospace
"2014-03-29 02:01:28", "2014-03-29 02:09:48", nospace
"2014-03-29 07:04:48", "2014-03-29 07:12:37", nospace
"2014-03-29 07:25:36", "2014-03-29 07:30:48", nospace
"2014-03-29 07:33:24", "2014-03-29 07:43:48", nospace
"2014-03-29 07:46:24", "2014-03-29 08:00:31", nospace
"2014-03-29 08:08:19", "2014-03-29 08:58:55", nospace
"2014-03-29 09:04:08", "2014-03-29 09:27:35", nospace
"2014-03-29 09:35:23", "2014-03-29 09:40:35", nospace
"2014-03-29 09:43:11", "2014-03-29 09:48:24", nospace
"2014-03-29 09:51:01", "2014-03-29 10:03:28", nospace
"2014-03-29 10:17:33", "2014-03-29 10:20:29", nospace
"2014-03-29 14:17:13", "2014-03-29 14:22:26", nospace
"2014-03-29 14:48:31", "2014-03-29 14:51:07", nospace
"2014-03-29 15:22:19", "2014-03-29 15:27:31", nospace
"2014-03-29 15:35:20", "2014-03-29 15:43:08", nospace
"2014-03-29 15:48:21", "2014-03-29 16:25:58", nospace
"2014-03-30 06:02:12", "2014-03-30 06:04:48", nospace
"2014-03-30 06:07:26", "2014-03-30 06:12:39", nospace
"2014-03-30 06:15:15", "2014-03-30 06:17:53", nospace
"2014-03-30 06:20:28", "2014-03-30 06:37:00", nospace
"2014-03-30 06:41:36", "2014-03-30 06:56:06", nospace
"2014-03-30 06:58:43", "2014-03-30 07:27:29", nospace
"2014-03-30 07:30:05", "2014-03-30 07:40:34", nospace
"2014-03-30 07:48:27", "2014-03-30 07:51:02", nospace
"2014-03-30 07:57:56", "2014-03-30 08:03:55", nospace
"2014-03-30 08:10:56", "2014-03-30 08:18:21", nospace
"2014-03-30 08:23:33", "2014-03-30 08:28:48", nospace
"2014-03-30 08:41:54", "2014-03-30 08:47:09", nospace
"2014-03-30 08:52:24", "2014-03-30 08:57:37", nospace
"2014-03-30 09:00:15", "2014-03-30 09:10:40", nospace
"2014-03-30 09:13:16", "2014-03-30 09:15:54", nospace
"2014-03-30 09:24:41", "2014-03-30 09:27:34", nospace
"2014-03-30 09:30:12", "2014-03-30 09:35:28", nospace
"2014-03-30 09:45:55", "2014-03-30 10:01:36", nospace
"2014-03-31 00:42:42", "2014-03-31 00:45:20", nospace
"2014-03-31 00:47:57", "2014-03-31 00:55:50", nospace
"2014-03-31 00:58:27", "2014-03-31 01:03:42", nospace
"2014-03-31 01:08:57", "2014-03-31 01:16:51", nospace
"2014-03-31 01:56:08", "2014-03-31 01:58:46", nospace
"2014-03-31 04:05:50", "2014-03-31 04:13:42", nospace
"2014-03-31 04:16:19", "2014-03-31 04:21:36", nospace
"2014-03-31 05:29:35", "2014-03-31 05:32:13", nospace
"2014-03-31 07:55:26", "2014-03-31 08:19:04", nospace
"2014-03-31 08:45:21", "2014-03-31 09:14:17", nospace
"2014-03-31 09:51:00", "2014-03-31 09:58:52", nospace
"2014-03-31 10:01:27", "2014-03-31 10:25:05", nospace
"2014-03-31 10:35:35", "2014-03-31 11:01:51", nospace
"2014-04-01 00:29:11", "2014-04-01 00:35:05", nospace
"2014-04-01 00:41:08", "2014-04-01 02:52:55", nospace
"2014-04-01 12:15:03", "2014-04-01 12:17:42", nobike
"2014-04-01 12:20:21", "2014-04-01 12:25:37", nobike
"2014-04-01 13:22:16", "2014-04-01 13:32:50", nobike
"2014-04-02 00:42:44", "2014-04-02 01:24:59", nospace
"2014-04-02 01:35:33", "2014-04-02 01:48:46", nospace
"2014-04-02 01:51:24", "2014-04-02 02:07:19", nospace
"2014-04-02 02:31:06", "2014-04-02 02:33:46", nospace
"2014-04-02 02:44:21", "2014-04-02 03:02:52", nospace
"2014-04-03 15:38:26", "2014-04-03 15:59:43", nospace
"2014-04-03 16:07:41", "2014-04-03 16:13:01", nospace
"2014-04-03 16:23:43", "2014-04-03 18:19:36", nospace
"2014-04-04 06:52:13", "2014-04-04 07:00:14", nospace
"2014-04-04 07:18:55", "2014-04-04 08:23:06", nospace
"2014-04-04 08:28:27", "2014-04-04 08:44:31", nospace
"2014-04-04 08:49:52", "2014-04-04 09:21:51", nospace
"2014-04-04 09:24:31", "2014-04-04 09:40:35", nospace
"2014-04-04 09:56:37", "2014-04-04 10:15:21", nospace
"2014-04-04 10:31:24", "2014-04-04 10:36:45", nospace
"2014-04-04 10:59:34", "2014-04-04 11:04:07", nospace
"2014-04-04 11:28:58", "2014-04-04 11:39:41", nospace
"2014-04-04 15:16:00", "2014-04-04 15:35:20", nospace
"2014-04-04 16:11:26", "2014-04-04 16:32:52", nospace
"2014-04-05 07:10:16", "2014-04-05 07:13:14", nospace
"2014-04-05 07:19:54", "2014-04-05 08:05:32", nospace
"2014-04-05 08:10:53", "2014-04-05 09:01:55", nospace
"2014-04-05 09:18:02", "2014-04-05 09:23:25", nospace
"2014-04-05 09:26:03", "2014-04-05 10:14:21", nospace
"2014-04-05 10:22:27", "2014-04-05 10:25:07", nospace
"2014-04-05 10:38:36", "2014-04-05 10:43:58", nospace
"2014-04-05 12:12:34", "2014-04-05 12:22:45", nospace
"2014-04-05 12:26:09", "2014-04-05 12:29:09", nospace
"2014-04-05 12:34:45", "2014-04-05 12:38:44", nospace
"2014-04-06 04:09:13", "2014-04-06 04:11:57", nospace
"2014-04-06 05:09:32", "2014-04-06 05:28:38", nospace
"2014-04-06 05:47:30", "2014-04-06 06:03:40", nospace
"2014-04-06 06:09:04", "2014-04-06 06:11:45", nospace
"2014-04-06 06:13:21", "2014-04-06 06:50:01", nospace
"2014-04-06 06:55:25", "2014-04-06 07:28:18", nospace
"2014-04-06 07:30:22", "2014-04-06 07:50:39", nospace
"2014-04-06 07:53:21", "2014-04-06 08:02:49", nospace
"2014-04-06 08:10:53", "2014-04-06 08:54:00", nospace
"2014-04-06 09:02:06", "2014-04-06 09:04:48", nospace
"2014-04-06 09:20:56", "2014-04-06 09:34:27", nospace
"2014-04-06 09:58:42", "2014-04-06 10:04:05", nospace
"2014-04-06 11:18:20", "2014-04-06 11:21:01", nospace
"2014-04-06 12:43:28", "2014-04-06 12:46:10", nospace
"2014-04-07 00:42:03", "2014-04-07 01:00:17", nospace
"2014-04-07 01:03:00", "2014-04-07 02:16:01", nospace
"2014-04-07 16:59:34", "2014-04-07 21:55:52", nospace
"2014-04-08 00:07:34", "2014-04-08 00:10:17", nospace
"2014-04-08 00:13:00", "2014-04-08 00:26:35", nospace
"2014-04-08 00:29:18", "2014-04-08 00:56:27", nospace
"2014-04-08 04:17:46", "2014-04-08 04:20:29", nospace
"2014-04-08 04:23:11", "2014-04-08 04:28:34", nospace
"2014-04-08 08:10:47", "2014-04-08 08:13:30", nospace
"2014-04-08 09:04:06", "2014-04-08 09:06:50", nospace
"2014-04-08 13:18:26", "2014-04-08 13:32:01", nobike
"2014-04-09 06:51:28", "2014-04-09 06:59:40", nospace
"2014-04-09 09:10:24", "2014-04-09 09:13:08", nospace
"2014-04-09 09:15:53", "2014-04-09 09:18:36", nospace
"2014-04-10 00:44:46", "2014-04-10 00:47:29", nospace
"2014-04-10 00:55:40", "2014-04-10 01:01:08", nospace
"2014-04-10 01:36:39", "2014-04-10 01:39:23", nospace
"2014-04-10 01:47:36", "2014-04-10 01:55:48", nospace
"2014-04-10 02:41:38", "2014-04-10 02:42:31", nospace
"2014-04-10 02:47:37", "2014-04-10 03:06:08", nospace
"2014-04-10 11:16:21", "2014-04-10 11:19:05", nospace
"2014-04-10 11:26:34", "2014-04-10 11:36:58", nospace
"2014-04-10 11:47:54", "2014-04-10 11:53:23", nospace
"2014-04-10 12:15:17", "2014-04-10 12:20:43", nospace
"2014-04-11 01:20:14", "2014-04-11 01:46:08", nospace
"2014-04-11 01:57:06", "2014-04-11 02:08:05", nospace
"2014-04-11 02:13:33", "2014-04-11 02:27:16", nospace
"2014-04-11 15:40:07", "2014-04-11 15:48:31", nospace
"2014-04-12 04:47:55", "2014-04-12 04:50:41", nospace
"2014-04-12 07:40:42", "2014-04-12 07:48:57", nospace
"2014-04-12 07:51:41", "2014-04-12 08:02:43", nospace
"2014-04-12 08:10:57", "2014-04-12 08:13:42", nospace
"2014-04-12 08:55:02", "2014-04-12 08:57:48", nospace
"2014-04-12 09:28:00", "2014-04-12 09:31:09", nospace
"2014-04-12 09:34:20", "2014-04-12 09:37:59", nospace
"2014-04-13 07:45:16", "2014-04-13 07:50:46", nospace
"2014-04-13 07:53:30", "2014-04-13 08:29:31", nospace
"2014-04-13 08:32:16", "2014-04-13 08:57:09", nospace
"2014-04-13 09:02:42", "2014-04-13 09:35:14", nospace
"2014-04-13 09:40:48", "2014-04-13 09:43:55", nospace
"2014-04-13 09:56:58", "2014-04-13 09:59:44", nospace
"2014-04-13 10:02:29", "2014-04-13 10:05:15", nospace
"2014-04-13 23:37:39", "2014-04-14 00:13:41", nospace
"2014-04-14 00:19:14", "2014-04-14 00:41:24", nospace
"2014-04-14 00:49:42", "2014-04-14 00:56:43", nospace
"2014-04-14 00:58:39", "2014-04-14 01:01:47", nospace
"2014-04-14 01:32:53", "2014-04-14 01:35:39", nospace
"2014-04-14 03:53:29", "2014-04-14 04:47:51", nospace
"2014-04-14 05:57:19", "2014-04-14 06:02:50", nospace
"2014-04-14 06:27:53", "2014-04-14 06:30:38", nospace
"2014-04-14 06:44:54", "2014-04-14 06:47:41", nospace
"2014-04-14 09:05:04", "2014-04-14 09:18:58", nospace
"2014-04-14 10:23:37", "2014-04-14 10:31:27", nospace
"2014-04-15 02:48:44", "2014-04-15 02:57:05", nospace
"2014-04-15 03:11:00", "2014-04-15 03:22:09", nospace
"2014-04-15 06:02:13", "2014-04-15 06:13:02", nospace
"2014-04-15 06:35:00", "2014-04-15 07:31:03", nospace
"2014-04-15 07:50:31", "2014-04-15 08:04:27", nospace
"2014-04-15 08:07:15", "2014-04-15 08:10:03", nospace
"2014-04-15 08:46:18", "2014-04-15 08:51:54", nospace
"2014-04-15 09:03:03", "2014-04-15 09:05:51", nospace
"2014-04-15 09:14:13", "2014-04-15 09:17:00", nospace
"2014-04-15 11:12:06", "2014-04-15 11:14:54", nospace
"2014-04-15 11:17:41", "2014-04-15 11:20:29", nospace
"2014-04-15 13:02:32", "2014-04-15 13:16:29", nospace
"2014-04-15 23:37:51", "2014-04-15 23:51:07", nospace
"2014-04-15 23:54:12", "2014-04-16 00:13:06", nospace
"2014-04-16 00:32:40", "2014-04-16 01:00:35", nospace
"2014-04-16 01:03:21", "2014-04-16 01:11:45", nospace
"2014-04-16 05:19:27", "2014-04-16 05:36:15", nospace
"2014-04-16 05:47:26", "2014-04-16 06:07:01", nospace
"2014-04-16 06:18:12", "2014-04-16 06:21:00", nospace
"2014-04-16 07:06:37", "2014-04-16 07:13:27", nospace
"2014-04-16 08:35:14", "2014-04-16 08:38:01", nospace
"2014-04-16 08:46:24", "2014-04-16 08:52:01", nospace
"2014-04-16 09:11:36", "2014-04-16 09:17:12", nospace
"2014-04-16 09:35:08", "2014-04-16 09:38:31", nospace
"2014-04-16 09:41:18", "2014-04-16 09:46:55", nospace
"2014-04-16 09:49:42", "2014-04-16 09:52:31", nospace
"2014-04-16 10:00:55", "2014-04-16 10:03:42", nospace
"2014-04-16 10:09:18", "2014-04-16 10:17:44", nospace
"2014-04-16 10:23:20", "2014-04-16 10:26:08", nospace
"2014-04-16 10:51:21", "2014-04-16 10:54:09", nospace
"2014-04-17 00:10:04", "2014-04-17 00:14:45", nospace
"2014-04-17 00:17:35", "2014-04-17 00:34:25", nospace
"2014-04-17 00:42:51", "2014-04-17 00:45:39", nospace
"2014-04-17 00:54:05", "2014-04-17 01:05:18", nospace
"2014-04-17 01:08:07", "2014-04-17 01:13:42", nospace
"2014-04-17 01:44:34", "2014-04-17 02:01:23", nospace
"2014-04-17 02:07:00", "2014-04-17 04:34:45", nospace
"2014-04-17 05:36:32", "2014-04-17 05:47:28", nospace
"2014-04-17 05:55:10", "2014-04-17 06:24:44", nospace
"2014-04-18 08:46:35", "2014-04-18 09:00:41", nospace
"2014-04-18 09:06:22", "2014-04-18 09:09:11", nospace
"2014-04-18 09:11:59", "2014-04-18 09:17:37", nospace
"2014-04-18 09:22:57", "2014-04-18 09:28:20", nospace
"2014-04-18 09:31:32", "2014-04-18 09:39:09", nospace
"2014-04-19 06:22:49", "2014-04-19 06:45:52", nospace
"2014-04-19 06:48:41", "2014-04-19 06:59:59", nospace
"2014-04-19 07:02:48", "2014-04-19 07:11:18", nospace
"2014-04-19 07:19:48", "2014-04-19 07:22:38", nospace
"2014-04-19 07:42:27", "2014-04-19 07:48:08", nospace
"2014-04-19 07:56:39", "2014-04-19 08:05:15", nospace
"2014-04-19 08:08:29", "2014-04-19 08:13:20", nospace
"2014-04-19 08:29:45", "2014-04-19 08:35:26", nospace
"2014-04-19 08:41:06", "2014-04-19 08:46:47", nospace
"2014-04-19 09:00:54", "2014-04-19 09:18:52", nospace
"2014-04-19 09:30:16", "2014-04-19 10:02:32", nospace
"2014-04-19 10:05:21", "2014-04-19 10:13:49", nospace
"2014-04-19 10:22:20", "2014-04-19 10:25:10", nospace
"2014-04-19 10:27:59", "2014-04-19 10:30:49", nospace
"2014-04-19 11:09:25", "2014-04-19 11:12:14", nospace
"2014-04-19 11:29:13", "2014-04-19 11:32:04", nospace
"2014-04-20 05:15:30", "2014-04-20 05:38:14", nospace
"2014-04-20 06:20:49", "2014-04-20 06:37:54", nospace
"2014-04-20 06:43:35", "2014-04-20 06:46:26", nospace
"2014-04-20 07:01:00", "2014-04-20 07:06:41", nospace
"2014-04-20 07:12:22", "2014-04-20 07:20:54", nospace
"2014-04-20 07:29:25", "2014-04-20 07:35:07", nospace
"2014-04-20 07:45:07", "2014-04-20 07:56:50", nospace
"2014-04-20 08:11:03", "2014-04-20 08:13:53", nospace
"2014-04-20 08:28:07", "2014-04-20 08:46:58", nospace
"2014-04-20 08:49:50", "2014-04-20 08:55:30", nospace
"2014-04-20 09:12:43", "2014-04-20 09:15:53", nospace
"2014-04-21 00:03:26", "2014-04-21 00:09:08", nospace
"2014-04-21 00:14:49", "2014-04-21 01:06:02", nospace
"2014-04-21 01:28:48", "2014-04-21 01:43:02", nospace
"2014-04-21 01:51:34", "2014-04-21 02:31:24", nospace
"2014-04-21 02:44:53", "2014-04-21 03:07:22", nospace
"2014-04-21 03:18:13", "2014-04-21 03:32:00", nospace
"2014-04-21 03:46:12", "2014-04-21 04:26:08", nospace
"2014-04-21 04:29:00", "2014-04-21 04:37:34", nospace
"2014-04-21 05:25:57", "2014-04-21 05:37:20", nospace
"2014-04-21 05:48:44", "2014-04-21 06:08:40", nospace
"2014-04-21 06:25:49", "2014-04-21 06:37:15", nospace
"2014-04-21 07:08:39", "2014-04-21 07:22:15", nospace
"2014-04-21 07:30:48", "2014-04-21 07:36:30", nospace
"2014-04-21 07:42:11", "2014-04-21 07:53:34", nospace
"2014-04-21 07:56:25", "2014-04-21 08:10:40", nospace
"2014-04-21 08:13:31", "2014-04-21 08:22:05", nospace
"2014-04-21 08:46:45", "2014-04-21 08:52:25", nospace
"2014-04-21 09:23:46", "2014-04-21 09:32:21", nospace
"2014-04-21 09:49:30", "2014-04-21 09:58:03", nospace
"2014-04-21 10:43:42", "2014-04-21 10:48:37", nospace
"2014-04-22 00:30:55", "2014-04-22 00:36:29", nospace
"2014-04-22 00:39:42", "2014-04-22 00:41:29", nospace
"2014-04-22 00:43:34", "2014-04-22 00:49:49", nospace
"2014-04-22 00:57:31", "2014-04-22 01:10:15", nospace
"2014-04-23 05:31:59", "2014-04-23 05:54:55", nospace
"2014-04-23 06:03:31", "2014-04-23 06:06:24", nospace
"2014-04-23 06:23:37", "2014-04-23 06:32:18", nospace
"2014-04-23 08:55:21", "2014-04-23 09:03:59", nospace
"2014-04-25 01:44:09", "2014-04-25 01:47:03", nospace
"2014-04-26 02:45:21", "2014-04-26 02:48:14", nospace
"2014-04-26 03:14:14", "2014-04-26 03:17:08", nospace
"2014-04-26 08:31:14", "2014-04-26 08:39:56", nospace
"2014-04-26 09:43:08", "2014-04-26 09:46:02", nospace
"2014-04-26 09:51:50", "2014-04-26 10:06:21", nospace
"2014-04-26 10:26:38", "2014-04-26 10:38:17", nospace
"2014-04-26 10:44:04", "2014-04-26 10:49:52", nospace
"2014-04-26 10:52:56", "2014-04-26 10:56:05", nospace
"2014-04-26 11:12:13", "2014-04-26 11:15:08", nospace
"2014-04-26 11:18:04", "2014-04-26 11:41:18", nospace
"2014-04-26 11:44:13", "2014-04-26 11:47:07", nospace
"2014-04-26 11:50:02", "2014-04-26 11:52:56", nospace
"2014-04-26 13:01:33", "2014-04-26 13:16:21", nospace
"2014-04-26 15:18:11", "2014-04-26 15:28:14", nospace
"2014-04-26 15:48:31", "2014-04-26 16:07:15", nospace
"2014-04-26 16:22:31", "2014-04-26 16:34:08", nospace
"2014-04-26 17:57:35", "2014-04-26 20:54:10", nospace
"2014-04-26 23:01:32", "2014-04-26 23:16:04", nospace
"2014-04-26 23:28:26", "2014-04-26 23:44:26", nospace
"2014-04-27 00:07:42", "2014-04-27 00:25:09", nospace
"2014-04-27 05:19:59", "2014-04-27 05:22:54", nospace
"2014-04-27 05:28:43", "2014-04-27 05:37:27", nospace
"2014-04-27 05:40:21", "2014-04-27 06:05:35", nospace
"2014-04-27 06:23:13", "2014-04-27 06:29:07", nospace
"2014-04-27 06:32:25", "2014-04-27 06:44:07", nospace
"2014-04-27 06:52:54", "2014-04-27 07:22:03", nospace
"2014-04-27 07:31:42", "2014-04-27 07:34:57", nospace
"2014-04-27 07:37:15", "2014-04-27 08:16:29", nospace
"2014-04-27 08:19:24", "2014-04-27 08:28:10", nospace
"2014-04-27 08:39:49", "2014-04-27 08:51:31", nospace
"2014-04-27 08:54:27", "2014-04-27 09:06:05", nospace
"2014-04-27 09:09:00", "2014-04-27 09:17:46", nospace
"2014-04-27 09:29:24", "2014-04-27 09:32:19", nospace
"2014-04-27 09:43:58", "2014-04-27 09:58:34", nospace
"2014-04-27 10:50:26", "2014-04-27 10:59:11", nospace
"2014-04-27 23:27:53", "2014-04-27 23:52:15", nospace
"2014-04-27 23:57:14", "2014-04-27 23:59:10", nospace
"2014-04-28 00:16:40", "2014-04-28 00:40:03", nospace
"2014-04-28 00:45:53", "2014-04-28 00:51:43", nospace
"2014-04-28 00:57:33", "2014-04-28 01:03:24", nospace
"2014-04-28 01:09:14", "2014-04-28 01:12:09", nospace
"2014-04-28 01:26:46", "2014-04-28 01:47:13", nospace
"2014-04-28 05:10:55", "2014-04-28 05:27:36", nospace
"2014-04-28 06:02:36", "2014-04-28 06:05:32", nospace
"2014-04-28 06:17:13", "2014-04-28 06:28:59", nospace
"2014-04-28 06:43:37", "2014-04-28 07:10:14", nospace
"2014-04-28 07:13:09", "2014-04-28 07:27:45", nospace
"2014-04-28 08:45:53", "2014-04-28 09:15:11", nospace
"2014-04-28 09:18:06", "2014-04-28 09:21:01", nospace
"2014-04-28 09:26:51", "2014-04-28 09:35:36", nospace
"2014-04-28 09:56:03", "2014-04-28 10:04:48", nospace
"2014-04-28 10:51:35", "2014-04-28 10:54:32", nospace
"2014-04-28 11:03:15", "2014-04-28 11:09:08", nospace
"2014-04-28 11:12:05", "2014-04-28 11:15:00", nospace
"2014-04-28 11:55:58", "2014-04-28 12:00:58", nospace
"2014-04-29 00:24:58", "2014-04-29 00:57:12", nospace
"2014-04-29 01:56:32", "2014-04-29 02:29:24", nospace
"2014-04-29 02:49:07", "2014-04-29 03:00:49", nospace
"2014-04-29 04:02:30", "2014-04-29 04:34:45", nospace
"2014-04-29 04:49:24", "2014-04-29 05:06:59", nospace
"2014-04-29 05:27:31", "2014-04-29 05:30:27", nospace
"2014-04-29 05:53:53", "2014-04-29 06:02:40", nospace
"2014-04-29 08:53:07", "2014-04-29 09:12:20", nospace
"2014-04-29 10:06:02", "2014-04-29 10:13:26", nospace
"2014-04-29 10:16:38", "2014-04-29 10:37:15", nospace
"2014-04-29 11:21:16", "2014-04-29 11:24:12", nospace
"2014-04-29 11:27:08", "2014-04-29 11:30:03", nospace
"2014-04-29 13:00:14", "2014-04-29 13:06:06", nospace
"2014-04-29 13:09:02", "2014-04-29 13:11:58", nospace
"2014-04-30 00:00:42", "2014-04-30 00:15:25", nospace
"2014-04-30 00:24:14", "2014-04-30 00:38:57", nospace
"2014-04-30 00:44:50", "2014-04-30 01:42:51", nospace
"2014-04-30 01:48:43", "2014-04-30 01:51:40", nospace
"2014-04-30 02:56:18", "2014-04-30 03:43:22", nospace
"2014-04-30 03:46:18", "2014-04-30 03:49:15", nospace
"2014-04-30 03:55:06", "2014-04-30 03:59:05", nospace
"2014-04-30 04:20:50", "2014-04-30 04:23:46", nospace
"2014-04-30 04:58:14", "2014-04-30 05:04:08", nospace
"2014-04-30 05:07:04", "2014-04-30 05:15:54", nospace
"2014-05-01 00:30:59", "2014-05-01 00:33:58", nospace
"2014-05-02 00:25:16", "2014-05-02 00:34:08", nospace
"2014-05-02 00:46:02", "2014-05-02 00:51:08", nospace
"2014-05-02 00:54:05", "2014-05-02 01:02:58", nospace
"2014-05-02 01:14:48", "2014-05-02 02:02:10", nospace
"2014-05-02 07:08:07", "2014-05-02 07:11:06", nospace
"2014-05-02 07:19:58", "2014-05-02 07:22:56", nospace
"2014-05-02 07:31:49", "2014-05-02 07:38:06", nospace
"2014-05-02 07:40:43", "2014-05-02 07:58:30", nospace
"2014-05-02 08:10:21", "2014-05-02 08:19:15", nospace
"2014-05-02 08:25:12", "2014-05-02 08:34:06", nospace
"2014-05-02 08:37:04", "2014-05-02 08:40:03", nospace
"2014-05-02 08:43:00", "2014-05-02 08:51:53", nospace
"2014-05-02 09:06:43", "2014-05-02 09:33:24", nospace
"2014-05-02 10:26:00", "2014-05-02 10:28:59", nospace
"2014-05-02 10:31:59", "2014-05-02 10:34:55", nospace
"2014-05-02 12:25:13", "2014-05-02 12:31:12", nospace
"2014-05-03 08:52:01", "2014-05-03 08:54:59", nospace
"2014-05-03 08:57:57", "2014-05-03 09:12:51", nospace
"2014-05-03 09:18:50", "2014-05-03 09:30:44", nospace
"2014-05-03 09:36:41", "2014-05-03 09:48:34", nospace
"2014-05-03 09:54:32", "2014-05-03 10:03:26", nospace
"2014-05-03 11:41:26", "2014-05-03 11:44:24", nospace
"2014-05-03 13:10:38", "2014-05-03 13:11:47", nospace
"2014-05-03 15:20:55", "2014-05-03 15:23:53", nospace
"2014-05-03 15:29:50", "2014-05-03 15:32:49", nospace
"2014-05-03 15:41:46", "2014-05-03 15:56:38", nospace
"2014-05-03 16:05:32", "2014-05-03 17:13:58", nospace
"2014-05-04 07:13:12", "2014-05-04 07:25:08", nospace
"2014-05-04 07:34:04", "2014-05-04 07:40:01", nospace
"2014-05-04 07:42:59", "2014-05-04 08:06:52", nospace
"2014-05-04 08:30:41", "2014-05-04 08:39:39", nospace
"2014-05-04 10:26:17", "2014-05-04 10:29:17", nospace
"2014-05-04 10:32:15", "2014-05-04 10:46:29", nospace
"2014-05-04 10:53:34", "2014-05-04 11:01:01", nospace
"2014-05-04 11:54:40", "2014-05-04 12:00:38", nospace
"2014-05-04 12:03:36", "2014-05-04 12:06:34", nospace
"2014-05-04 12:15:31", "2014-05-04 12:24:29", nospace
"2014-05-04 12:27:24", "2014-05-04 12:28:25", nospace
"2014-05-04 15:22:37", "2014-05-04 16:36:45", nospace
"2014-05-04 22:29:23", "2014-05-04 22:41:58", nospace
"2014-05-05 00:14:07", "2014-05-05 00:17:06", nospace
"2014-05-05 00:20:06", "2014-05-05 00:35:05", nospace
"2014-05-07 00:49:20", "2014-05-07 00:54:44", nospace
"2014-05-07 00:57:43", "2014-05-07 01:03:44", nospace
"2014-05-07 01:09:44", "2014-05-07 01:21:45", nospace
"2014-05-07 01:36:48", "2014-05-07 02:27:58", nospace
"2014-05-08 05:56:53", "2014-05-08 06:06:55", nospace
"2014-05-08 06:18:56", "2014-05-08 06:30:04", nospace
"2014-05-08 06:33:13", "2014-05-08 06:38:42", nospace
"2014-05-08 06:41:42", "2014-05-08 06:49:11", nospace
"2014-05-08 06:53:49", "2014-05-08 06:57:11", nospace
"2014-05-08 06:58:13", "2014-05-08 07:05:40", nospace
"2014-05-08 07:20:46", "2014-05-08 07:23:48", nospace
"2014-05-08 08:00:01", "2014-05-08 08:06:04", nospace
"2014-05-08 08:59:04", "2014-05-08 09:08:48", nospace
