"2013-11-29 09:49:58", "2013-11-29 09:58:56", nospace
"2013-11-29 14:52:59", "2013-11-29 15:13:56", nobike
"2013-11-30 01:13:57", "2013-11-30 01:22:59", nospace
"2013-11-30 06:44:03", "2013-11-30 06:47:04", nospace
"2013-11-30 06:52:43", "2013-11-30 07:04:51", nospace
"2013-11-30 07:13:54", "2013-11-30 07:32:03", nospace
"2013-11-30 08:10:45", "2013-11-30 08:31:52", nospace
"2013-11-30 09:10:52", "2013-11-30 09:19:55", nospace
"2013-11-30 09:22:57", "2013-11-30 09:29:00", nospace
"2013-11-30 12:05:04", "2013-11-30 12:34:56", nospace
"2013-11-30 12:53:05", "2013-11-30 12:55:45", nospace
"2013-12-01 04:16:47", "2013-12-01 04:38:09", nospace
"2013-12-01 04:53:05", "2013-12-01 04:56:08", nospace
"2013-12-01 05:07:57", "2013-12-01 05:11:00", nospace
"2013-12-01 05:28:57", "2013-12-01 06:19:54", nospace
"2013-12-01 06:26:03", "2013-12-01 07:11:00", nospace
"2013-12-01 07:14:05", "2013-12-01 07:16:47", nospace
"2013-12-01 07:40:51", "2013-12-01 08:17:00", nospace
"2013-12-01 08:55:56", "2013-12-01 09:10:52", nospace
"2013-12-01 14:31:48", "2013-12-01 16:07:51", nobike
"2013-12-02 13:47:02", "2013-12-02 14:29:09", nobike
"2013-12-03 00:50:15", "2013-12-03 01:01:55", nobike
"2013-12-03 14:22:58", "2013-12-03 14:38:14", nobike
"2013-12-04 00:04:56", "2013-12-04 00:26:06", nobike
"2013-12-04 00:29:14", "2013-12-04 01:05:16", nobike
"2013-12-04 09:41:01", "2013-12-04 09:50:10", nospace
"2013-12-04 09:56:05", "2013-12-04 09:59:15", nospace
"2013-12-04 23:56:20", "2013-12-05 00:20:01", nobike
"2013-12-05 09:02:17", "2013-12-05 09:20:23", nospace
"2013-12-05 10:14:00", "2013-12-05 10:17:13", nospace
"2013-12-05 15:38:01", "2013-12-05 15:44:04", nobike
"2013-12-06 06:29:24", "2013-12-06 06:38:22", nospace
"2013-12-06 12:53:25", "2013-12-06 12:56:18", nospace
"2013-12-07 02:14:28", "2013-12-07 02:17:22", nospace
"2013-12-07 02:20:18", "2013-12-07 02:26:09", nospace
"2013-12-07 04:32:31", "2013-12-07 04:50:29", nospace
"2013-12-07 06:02:14", "2013-12-07 06:08:30", nospace
"2013-12-07 06:11:27", "2013-12-07 06:17:17", nospace
"2013-12-07 06:20:13", "2013-12-07 06:29:26", nospace
"2013-12-07 06:59:25", "2013-12-07 07:08:30", nospace
"2013-12-07 07:11:27", "2013-12-07 07:20:15", nospace
"2013-12-07 07:26:27", "2013-12-07 07:38:11", nospace
"2013-12-07 07:44:26", "2013-12-07 08:11:10", nospace
"2013-12-07 08:50:23", "2013-12-07 09:02:24", nospace
"2013-12-07 09:05:19", "2013-12-07 09:14:26", nospace
"2013-12-07 09:38:16", "2013-12-07 09:47:30", nospace
"2013-12-07 17:32:28", "2013-12-07 17:35:29", nobike
"2013-12-08 04:41:19", "2013-12-08 05:02:28", nospace
"2013-12-08 05:35:35", "2013-12-08 05:50:29", nospace
"2013-12-08 05:59:22", "2013-12-08 06:02:24", nospace
"2013-12-08 06:20:32", "2013-12-08 06:41:20", nospace
"2013-12-08 07:05:27", "2013-12-08 07:11:17", nospace
"2013-12-08 07:56:12", "2013-12-08 08:05:31", nospace
"2013-12-08 08:26:12", "2013-12-08 08:38:36", nospace
"2013-12-08 08:44:27", "2013-12-08 08:56:29", nospace
"2013-12-08 09:11:36", "2013-12-08 09:14:21", nospace
"2013-12-08 12:56:26", "2013-12-08 14:08:27", nobike
"2013-12-09 14:20:45", "2013-12-09 14:23:20", nobike
"2013-12-09 14:26:29", "2013-12-09 14:35:18", nobike
"2013-12-09 14:38:24", "2013-12-09 14:41:28", nobike
"2013-12-09 14:44:36", "2013-12-09 15:11:35", nobike
"2013-12-10 01:20:28", "2013-12-10 01:29:26", nobike
"2013-12-10 01:44:45", "2013-12-10 01:59:36", nobike
"2013-12-10 07:26:36", "2013-12-10 07:29:27", nospace
"2013-12-10 07:56:30", "2013-12-10 08:14:34", nospace
"2013-12-11 07:29:42", "2013-12-11 07:50:49", nospace
"2013-12-11 09:08:39", "2013-12-11 09:20:25", nospace
"2013-12-11 09:23:31", "2013-12-11 09:47:42", nospace
"2013-12-11 09:50:46", "2013-12-11 10:02:31", nospace
"2013-12-11 14:05:46", "2013-12-11 14:11:23", nobike
"2013-12-12 14:29:55", "2013-12-12 14:53:32", nobike
"2013-12-12 14:56:50", "2013-12-12 15:05:59", nobike
"2013-12-16 02:33:03", "2013-12-16 02:56:42", nospace
"2013-12-16 04:26:51", "2013-12-16 04:29:52", nospace
"2013-12-22 07:03:18", "2013-12-22 07:09:44", nospace
"2013-12-22 07:15:20", "2013-12-22 07:27:26", nospace
"2013-12-22 08:03:42", "2013-12-22 08:06:29", nospace
"2013-12-22 08:21:24", "2013-12-22 08:30:42", nospace
"2013-12-22 08:33:29", "2013-12-22 08:48:23", nospace
"2013-12-22 09:09:49", "2013-12-22 09:12:37", nospace
"2013-12-22 09:18:12", "2013-12-22 09:30:29", nospace
"2013-12-22 09:51:43", "2013-12-22 09:54:31", nospace
"2013-12-22 14:24:34", "2013-12-22 14:45:04", nobike
"2013-12-22 14:48:46", "2013-12-22 14:51:33", nobike
"2013-12-22 15:03:34", "2013-12-22 15:15:10", nobike
"2013-12-23 14:06:12", "2013-12-23 14:21:25", nobike
"2013-12-26 13:12:29", "2013-12-26 13:28:07", nobike
"2013-12-26 13:51:55", "2013-12-26 14:15:44", nobike
"2013-12-29 12:03:58", "2013-12-29 12:24:32", nobike
"2013-12-29 12:27:48", "2013-12-29 12:39:41", nobike
"2013-12-29 14:42:45", "2013-12-29 15:58:27", nobike
"2013-12-30 13:48:35", "2013-12-30 13:57:47", nobike
"2013-12-30 14:18:29", "2013-12-30 14:49:32", nobike
"2013-12-31 11:33:36", "2013-12-31 11:49:17", nobike
"2013-12-31 14:45:40", "2013-12-31 14:58:01", nospace
"2013-12-31 15:03:38", "2013-12-31 16:39:33", nospace
"2014-01-01 06:22:35", "2014-01-01 06:30:34", nospace
"2014-01-01 07:13:24", "2014-01-01 07:15:41", nospace
"2014-01-01 07:19:10", "2014-01-01 07:48:41", nospace
"2014-01-01 07:51:34", "2014-01-01 07:58:40", nospace
"2014-01-01 08:15:46", "2014-01-01 08:42:47", nospace
"2014-01-01 08:46:15", "2014-01-01 09:22:00", nospace
"2014-01-02 11:54:59", "2014-01-02 12:00:47", nobike
"2014-01-02 12:13:03", "2014-01-02 12:28:16", nobike
"2014-01-02 13:51:57", "2014-01-02 14:16:09", nobike
"2014-01-03 13:07:01", "2014-01-03 14:13:39", nobike
"2014-01-04 00:34:47", "2014-01-04 01:04:25", nobike
"2014-01-04 06:49:04", "2014-01-04 06:51:50", nospace
"2014-01-04 07:01:37", "2014-01-04 07:22:22", nospace
"2014-01-04 08:01:13", "2014-01-04 08:04:49", nospace
"2014-01-04 08:52:04", "2014-01-04 09:27:51", nospace
"2014-01-04 15:04:47", "2014-01-04 15:21:47", nobike
"2014-01-05 07:45:50", "2014-01-05 07:55:42", nospace
"2014-01-05 08:01:51", "2014-01-05 08:19:03", nospace
"2014-01-05 08:22:46", "2014-01-05 08:25:15", nospace
"2014-01-05 12:56:01", "2014-01-05 13:04:40", nobike
"2014-01-06 11:46:15", "2014-01-06 11:52:30", nobike
"2014-01-06 13:52:42", "2014-01-06 14:01:28", nobike
"2014-01-07 13:40:02", "2014-01-07 13:43:03", nobike
"2014-01-07 13:49:14", "2014-01-07 14:01:51", nobike
"2014-01-07 14:08:08", "2014-01-07 14:19:30", nobike
"2014-01-10 04:25:18", "2014-01-10 04:31:48", nospace
"2014-01-10 04:38:18", "2014-01-10 04:52:36", nospace
"2014-01-11 07:10:09", "2014-01-11 07:26:15", nospace
"2014-01-11 07:28:57", "2014-01-11 08:07:55", nospace
"2014-01-11 08:10:36", "2014-01-11 08:13:19", nospace
"2014-01-11 08:20:01", "2014-01-11 08:22:42", nospace
"2014-01-11 08:25:24", "2014-01-11 08:29:25", nospace
"2014-01-11 08:44:13", "2014-01-11 08:52:16", nospace
"2014-01-11 08:56:19", "2014-01-11 09:01:43", nospace
"2014-01-11 09:13:54", "2014-01-11 09:31:23", nospace
"2014-01-11 09:40:47", "2014-01-11 09:55:39", nospace
"2014-01-11 13:25:39", "2014-01-11 13:32:23", nobike
"2014-01-11 13:47:11", "2014-01-11 13:52:35", nobike
"2014-01-12 04:16:16", "2014-01-12 04:25:40", nospace
"2014-01-12 06:44:28", "2014-01-12 07:02:09", nospace
"2014-01-14 14:16:45", "2014-01-14 14:21:10", nobike
"2014-01-15 04:13:59", "2014-01-15 04:26:30", nospace
"2014-01-16 01:49:23", "2014-01-16 01:56:27", nospace
"2014-01-16 14:56:03", "2014-01-16 14:58:53", nobike
"2014-01-17 14:50:32", "2014-01-17 14:56:18", nobike
"2014-01-17 15:07:32", "2014-01-17 15:14:04", nobike
"2014-01-18 05:23:45", "2014-01-18 05:26:38", nospace
"2014-01-18 05:29:31", "2014-01-18 05:38:10", nospace
"2014-01-18 05:41:03", "2014-01-18 05:49:41", nospace
"2014-01-18 05:52:34", "2014-01-18 06:02:37", nospace
"2014-01-18 06:05:30", "2014-01-18 06:14:08", nospace
"2014-01-18 06:34:02", "2014-01-18 07:05:14", nospace
"2014-01-18 07:08:37", "2014-01-18 07:18:17", nospace
"2014-01-18 07:38:11", "2014-01-18 08:38:54", nospace
"2014-01-18 08:56:05", "2014-01-18 09:07:41", nospace
"2014-01-18 09:20:45", "2014-01-18 09:23:39", nospace
"2014-01-18 09:26:33", "2014-01-18 09:35:15", nospace
"2014-01-18 14:01:39", "2014-01-18 14:31:58", nobike
"2014-01-19 05:44:52", "2014-01-19 06:02:22", nospace
"2014-01-19 06:14:03", "2014-01-19 06:16:59", nospace
"2014-01-19 06:31:35", "2014-01-19 07:08:11", nospace
"2014-01-19 07:10:47", "2014-01-19 08:11:09", nospace
"2014-01-19 08:17:04", "2014-01-19 08:43:40", nospace
"2014-01-19 08:50:39", "2014-01-19 08:53:36", nospace
"2014-01-19 09:29:01", "2014-01-19 09:32:00", nospace
"2014-01-19 09:34:58", "2014-01-19 09:46:47", nospace
"2014-01-19 14:14:45", "2014-01-19 14:26:33", nobike
"2014-01-20 09:14:44", "2014-01-20 09:17:43", nospace
"2014-01-20 09:26:30", "2014-01-20 09:35:27", nospace
"2014-01-20 09:38:25", "2014-01-20 09:44:27", nospace
"2014-01-20 09:47:29", "2014-01-20 09:59:23", nospace
"2014-01-21 14:53:08", "2014-01-21 15:14:06", nobike
"2014-01-22 10:00:39", "2014-01-22 10:06:41", nospace
"2014-01-25 04:29:02", "2014-01-25 04:40:47", nospace
"2014-01-25 04:53:17", "2014-01-25 05:08:48", nospace
"2014-01-25 06:31:48", "2014-01-25 07:00:02", nospace
"2014-01-25 07:02:46", "2014-01-25 07:05:56", nospace
"2014-01-25 07:29:22", "2014-01-25 07:30:56", nospace
"2014-01-25 08:14:49", "2014-01-25 08:17:57", nospace
"2014-01-25 08:30:27", "2014-01-25 08:32:02", nospace
"2014-01-25 08:35:09", "2014-01-25 08:36:43", nospace
"2014-01-25 13:54:28", "2014-01-25 14:14:49", nobike
"2014-01-25 14:22:38", "2014-01-25 14:25:46", nobike
"2014-01-28 07:12:44", "2014-01-28 07:41:31", nospace
"2014-01-28 07:43:07", "2014-01-28 07:54:24", nospace
"2014-01-28 07:56:01", "2014-01-28 08:17:01", nospace
"2014-01-28 08:26:40", "2014-01-28 08:44:30", nospace
"2014-01-28 08:52:35", "2014-01-28 08:55:34", nospace
"2014-01-28 09:03:38", "2014-01-28 09:13:22", nospace
"2014-01-28 09:16:36", "2014-01-28 09:35:58", nospace
"2014-01-28 09:37:36", "2014-01-28 09:42:26", nospace
"2014-01-28 09:44:03", "2014-01-28 09:52:09", nospace
"2014-01-29 06:44:49", "2014-01-29 07:04:43", nospace
"2014-01-29 07:12:34", "2014-01-29 07:46:22", nospace
"2014-01-29 08:01:46", "2014-01-29 08:09:52", nospace
"2014-01-29 08:19:39", "2014-01-29 08:27:47", nospace
"2014-01-29 13:52:43", "2014-01-29 13:54:21", nobike
"2014-01-29 14:02:31", "2014-01-29 14:15:35", nobike
"2014-01-30 09:22:10", "2014-01-30 09:40:08", nobike
"2014-01-30 09:41:48", "2014-01-30 10:31:12", nobike
"2014-01-31 05:29:04", "2014-01-31 05:30:43", nospace
"2014-01-31 05:53:51", "2014-01-31 07:11:04", nospace
"2014-01-31 08:07:54", "2014-01-31 08:11:14", nospace
"2014-01-31 08:21:13", "2014-01-31 09:02:17", nospace
"2014-01-31 15:20:13", "2014-01-31 15:21:53", nobike
"2014-02-01 07:58:55", "2014-02-01 08:11:43", nospace
"2014-02-01 09:24:16", "2014-02-01 09:28:36", nospace
"2014-02-01 13:27:46", "2014-02-01 14:22:51", nobike
"2014-02-02 02:45:57", "2014-02-02 03:37:56", nospace
"2014-02-02 05:52:52", "2014-02-02 06:32:41", nospace
"2014-02-02 06:37:09", "2014-02-02 07:02:35", nospace
"2014-02-02 07:04:49", "2014-02-02 07:16:18", nospace
"2014-02-02 08:09:20", "2014-02-02 08:22:00", nospace
"2014-02-02 08:24:56", "2014-02-02 08:31:54", nospace
"2014-02-02 09:08:35", "2014-02-02 09:15:14", nospace
"2014-02-02 09:16:38", "2014-02-02 09:24:18", nospace
"2014-02-02 09:25:43", "2014-02-02 09:34:51", nospace
"2014-02-02 09:40:05", "2014-02-02 09:43:54", nospace
"2014-02-02 10:33:30", "2014-02-02 10:53:24", nobike
"2014-02-02 10:55:35", "2014-02-02 10:59:56", nobike
"2014-02-02 11:04:28", "2014-02-02 11:48:21", nobike
"2014-02-03 02:51:08", "2014-02-03 02:53:20", nospace
"2014-02-03 03:00:12", "2014-02-03 03:27:43", nospace
"2014-02-03 03:49:34", "2014-02-03 03:52:56", nospace
"2014-02-03 03:54:39", "2014-02-03 03:59:44", nospace
"2014-02-03 05:32:54", "2014-02-03 05:39:40", nospace
"2014-02-03 07:14:55", "2014-02-03 07:19:48", nospace
"2014-02-03 07:29:24", "2014-02-03 07:48:14", nospace
"2014-02-03 07:57:39", "2014-02-03 08:07:13", nospace
"2014-02-03 08:13:10", "2014-02-03 08:16:31", nospace
"2014-02-03 13:55:04", "2014-02-03 14:10:49", nobike
"2014-02-04 00:40:44", "2014-02-04 00:47:33", nobike
"2014-02-05 09:29:43", "2014-02-05 09:49:15", nospace
"2014-02-05 10:08:08", "2014-02-05 10:10:27", nospace
"2014-02-06 05:25:51", "2014-02-06 05:28:03", nospace
"2014-02-15 09:47:11", "2014-02-15 09:52:53", nobike
"2014-02-15 09:54:47", "2014-02-15 10:16:42", nobike
"2014-02-15 12:24:45", "2014-02-15 12:32:18", nospace
"2014-02-15 12:36:04", "2014-02-15 12:54:59", nospace
"2014-02-15 15:42:22", "2014-02-15 16:18:22", nobike
"2014-02-16 05:55:57", "2014-02-16 06:23:48", nospace
"2014-02-16 06:47:14", "2014-02-16 06:53:00", nospace
"2014-02-16 08:55:08", "2014-02-16 08:58:56", nospace
"2014-02-16 09:12:19", "2014-02-16 09:14:13", nospace
"2014-02-16 09:55:23", "2014-02-16 09:59:13", nospace
"2014-02-16 13:58:54", "2014-02-16 14:08:28", nobike
"2014-02-18 03:56:14", "2014-02-18 04:01:03", nospace
"2014-02-18 04:03:27", "2014-02-18 04:43:20", nospace
"2014-02-20 04:01:55", "2014-02-20 04:05:51", nospace
"2014-02-20 04:07:50", "2014-02-20 04:40:34", nospace
"2014-02-20 04:42:35", "2014-02-20 04:44:33", nospace
"2014-02-20 05:44:55", "2014-02-20 05:52:49", nospace
"2014-02-20 08:18:24", "2014-02-20 08:28:16", nospace
"2014-02-20 08:32:12", "2014-02-20 08:40:05", nospace
"2014-02-20 09:13:19", "2014-02-20 09:21:11", nospace
"2014-02-20 09:27:06", "2014-02-20 09:32:59", nospace
"2014-02-20 09:42:43", "2014-02-20 09:48:37", nospace
"2014-02-21 04:46:37", "2014-02-21 04:50:35", nospace
"2014-02-21 13:42:59", "2014-02-21 14:14:49", nobike
"2014-02-21 14:17:10", "2014-02-21 14:32:40", nobike
"2014-02-22 08:10:52", "2014-02-22 08:11:58", nospace
"2014-02-22 08:20:14", "2014-02-22 08:22:14", nospace
"2014-02-22 08:24:14", "2014-02-22 08:49:53", nospace
"2014-02-22 08:57:54", "2014-02-22 09:23:54", nospace
"2014-02-22 09:27:56", "2014-02-22 09:35:56", nospace
"2014-02-22 09:45:52", "2014-02-22 09:55:49", nospace
"2014-02-22 13:31:25", "2014-02-22 13:41:23", nobike
"2014-02-22 13:57:22", "2014-02-22 14:23:24", nobike
"2014-02-23 02:16:12", "2014-02-23 02:18:14", nospace
"2014-02-23 02:26:14", "2014-02-23 02:52:11", nospace
"2014-02-23 04:11:29", "2014-02-23 04:49:48", nospace
"2014-02-23 06:26:17", "2014-02-23 06:38:51", nospace
"2014-02-23 06:59:03", "2014-02-23 07:01:03", nospace
"2014-02-23 07:49:23", "2014-02-23 07:59:11", nospace
"2014-02-23 08:13:19", "2014-02-23 08:21:23", nospace
"2014-02-23 08:43:38", "2014-02-23 08:57:45", nospace
"2014-02-23 09:30:10", "2014-02-23 09:40:15", nospace
"2014-02-23 11:04:59", "2014-02-23 11:07:01", nobike
"2014-02-23 11:43:54", "2014-02-23 12:00:02", nobike
"2014-02-23 14:26:23", "2014-02-23 14:36:31", nobike
"2014-02-23 15:14:53", "2014-02-23 15:42:33", nobike
"2014-02-24 12:03:37", "2014-02-24 12:13:46", nobike
"2014-02-24 12:15:48", "2014-02-24 12:23:57", nobike
"2014-02-24 12:25:57", "2014-02-24 12:46:17", nobike
"2014-02-25 12:16:17", "2014-02-25 12:18:52", nospace
"2014-02-25 12:21:27", "2014-02-25 12:25:47", nospace
"2014-02-25 14:50:17", "2014-02-25 15:02:36", nobike
"2014-02-26 10:54:33", "2014-02-26 11:00:46", nobike
"2014-02-26 11:06:55", "2014-02-26 11:15:16", nobike
"2014-02-26 11:17:22", "2014-02-26 11:33:55", nobike
"2014-02-26 12:10:44", "2014-02-26 12:21:02", nobike
"2014-02-26 14:58:46", "2014-02-26 15:04:59", nobike
"2014-02-27 01:57:01", "2014-02-27 01:59:02", nospace
"2014-02-27 08:25:31", "2014-02-27 08:37:57", nospace
"2014-02-27 08:42:05", "2014-02-27 08:46:13", nospace
"2014-02-27 09:04:52", "2014-02-27 09:25:24", nospace
"2014-02-27 09:43:59", "2014-02-27 09:48:07", nospace
"2014-02-27 09:50:12", "2014-02-27 09:57:39", nospace
"2014-02-28 03:55:31", "2014-02-28 04:03:49", nospace
"2014-02-28 04:10:04", "2014-02-28 04:42:30", nospace
"2014-02-28 04:49:48", "2014-02-28 04:53:18", nospace
"2014-02-28 06:01:21", "2014-02-28 06:20:05", nospace
"2014-02-28 06:43:08", "2014-02-28 06:47:49", nospace
"2014-02-28 06:54:04", "2014-02-28 07:04:27", nospace
"2014-02-28 07:16:59", "2014-02-28 08:00:45", nospace
"2014-02-28 08:19:29", "2014-02-28 08:25:43", nospace
"2014-02-28 08:36:07", "2014-02-28 08:56:57", nospace
"2014-02-28 09:30:20", "2014-02-28 09:51:21", nospace
"2014-02-28 17:01:33", "2014-02-28 17:09:55", nobike
"2014-03-01 00:31:02", "2014-03-01 00:35:12", nospace
"2014-03-01 00:45:41", "2014-03-01 00:54:03", nospace
"2014-03-01 02:28:12", "2014-03-01 02:42:51", nospace
"2014-03-01 03:03:45", "2014-03-01 03:22:37", nospace
"2014-03-01 03:24:43", "2014-03-01 03:33:06", nospace
"2014-03-01 04:12:57", "2014-03-01 04:38:04", nospace
"2014-03-01 04:54:47", "2014-03-01 04:56:53", nospace
"2014-03-01 05:01:02", "2014-03-01 05:07:21", nospace
"2014-03-01 05:15:43", "2014-03-01 05:17:49", nospace
"2014-03-01 05:19:28", "2014-03-01 05:42:08", nospace
"2014-03-01 05:44:45", "2014-03-01 05:47:16", nospace
"2014-03-01 05:48:17", "2014-03-01 06:05:06", nospace
"2014-03-01 06:12:43", "2014-03-01 06:18:57", nospace
"2014-03-01 06:21:37", "2014-03-01 06:24:20", nospace
"2014-03-01 06:33:38", "2014-03-01 07:03:57", nospace
"2014-03-01 07:19:40", "2014-03-01 08:04:36", nospace
"2014-03-01 08:34:11", "2014-03-01 08:54:46", nospace
"2014-03-01 08:55:27", "2014-03-01 09:12:09", nospace
"2014-03-01 09:16:23", "2014-03-01 09:20:36", nospace
"2014-03-01 09:39:31", "2014-03-01 09:52:24", nospace
"2014-03-01 13:45:35", "2014-03-01 13:51:54", nobike
"2014-03-02 12:18:18", "2014-03-02 12:22:35", nospace
"2014-03-03 08:19:17", "2014-03-03 08:25:39", nospace
"2014-03-03 08:59:38", "2014-03-03 09:02:14", nospace
"2014-03-03 09:07:27", "2014-03-03 09:12:22", nospace
"2014-03-05 15:03:00", "2014-03-05 15:07:38", nobike
"2014-03-09 04:17:58", "2014-03-09 04:52:48", nospace
"2014-03-09 05:01:59", "2014-03-09 05:03:24", nospace
"2014-03-09 05:06:05", "2014-03-09 05:29:19", nospace
"2014-03-09 05:47:31", "2014-03-09 06:00:42", nospace
"2014-03-09 06:44:21", "2014-03-09 06:53:41", nospace
"2014-03-09 07:18:26", "2014-03-09 07:30:51", nospace
"2014-03-09 07:35:42", "2014-03-09 07:46:01", nospace
"2014-03-09 07:53:04", "2014-03-09 07:57:47", nospace
"2014-03-09 08:04:51", "2014-03-09 08:11:53", nospace
"2014-03-09 08:14:15", "2014-03-09 08:26:01", nospace
"2014-03-09 14:39:18", "2014-03-09 15:02:53", nobike
"2014-03-10 01:42:27", "2014-03-10 01:49:32", nospace
"2014-03-10 01:51:53", "2014-03-10 02:01:22", nospace
"2014-03-10 08:01:06", "2014-03-10 08:08:10", nospace
"2014-03-10 08:10:33", "2014-03-10 08:43:07", nospace
"2014-03-10 09:36:06", "2014-03-10 09:50:29", nospace
"2014-03-10 09:55:36", "2014-03-10 10:01:00", nospace
"2014-03-10 10:28:21", "2014-03-10 10:30:49", nospace
"2014-03-11 01:35:00", "2014-03-11 01:56:24", nospace
"2014-03-11 02:17:47", "2014-03-11 02:20:10", nospace
"2014-03-11 02:32:03", "2014-03-11 02:43:56", nospace
"2014-03-11 03:17:16", "2014-03-11 03:22:01", nospace
"2014-03-11 03:26:46", "2014-03-11 04:45:46", nospace
"2014-03-11 04:48:09", "2014-03-11 05:04:49", nospace
"2014-03-11 06:11:57", "2014-03-11 06:19:07", nospace
"2014-03-11 07:42:47", "2014-03-11 07:49:58", nospace
"2014-03-11 08:14:32", "2014-03-11 08:20:00", nospace
"2014-03-12 04:18:48", "2014-03-12 04:54:37", nospace
"2014-03-12 04:59:24", "2014-03-12 05:08:58", nospace
"2014-03-13 09:21:29", "2014-03-13 09:23:54", nospace
"2014-03-13 13:25:13", "2014-03-13 13:41:34", nobike
"2014-03-13 13:50:31", "2014-03-13 13:54:36", nobike
"2014-03-14 14:26:07", "2014-03-14 14:52:47", nobike
"2014-03-15 02:29:30", "2014-03-15 02:41:32", nospace
"2014-03-15 02:51:34", "2014-03-15 02:54:25", nospace
"2014-03-15 05:56:37", "2014-03-15 06:03:54", nospace
"2014-03-15 07:24:39", "2014-03-15 08:05:56", nospace
"2014-03-15 08:10:47", "2014-03-15 08:22:59", nospace
"2014-03-15 08:25:25", "2014-03-15 08:42:33", nospace
"2014-03-15 08:47:24", "2014-03-15 08:54:41", nospace
"2014-03-15 09:02:00", "2014-03-15 09:09:16", nospace
"2014-03-15 09:21:24", "2014-03-15 09:35:58", nospace
"2014-03-15 21:55:24", "2014-03-15 22:54:00", nobike
"2014-03-15 22:56:27", "2014-03-15 23:18:26", nobike
"2014-03-16 01:52:18", "2014-03-16 01:59:37", nospace
"2014-03-16 02:02:05", "2014-03-16 02:21:38", nospace
"2014-03-16 02:28:57", "2014-03-16 02:31:25", nospace
"2014-03-16 02:38:47", "2014-03-16 02:46:08", nospace
"2014-03-16 03:16:02", "2014-03-16 03:32:15", nospace
"2014-03-16 06:38:23", "2014-03-16 06:48:48", nospace
"2014-03-16 07:35:05", "2014-03-16 07:49:43", nospace
"2014-03-16 07:52:09", "2014-03-16 08:16:37", nospace
"2014-03-16 09:12:43", "2014-03-16 09:22:18", nospace
"2014-03-16 09:29:24", "2014-03-16 09:33:18", nospace
"2014-03-16 09:38:57", "2014-03-16 09:45:37", nospace
"2014-03-16 13:59:03", "2014-03-16 14:03:56", nobike
"2014-03-16 14:06:24", "2014-03-16 14:13:47", nobike
"2014-03-17 04:37:28", "2014-03-17 04:59:36", nospace
"2014-03-17 06:23:13", "2014-03-17 06:32:34", nospace
"2014-03-19 09:11:32", "2014-03-19 09:36:25", nospace
"2014-03-19 09:51:19", "2014-03-19 09:56:15", nospace
"2014-03-19 14:05:40", "2014-03-19 14:13:07", nobike
"2014-03-20 23:46:35", "2014-03-20 23:51:00", nospace
"2014-03-20 23:53:55", "2014-03-20 23:58:12", nospace
"2014-03-21 00:01:00", "2014-03-21 00:18:06", nospace
"2014-03-22 01:29:23", "2014-03-22 01:31:54", nospace
"2014-03-22 01:36:56", "2014-03-22 01:41:58", nospace
"2014-03-22 02:19:41", "2014-03-22 03:43:31", nospace
"2014-03-22 05:11:35", "2014-03-22 05:26:42", nospace
"2014-03-22 05:29:13", "2014-03-22 05:34:14", nospace
"2014-03-22 05:52:02", "2014-03-22 05:59:37", nospace
"2014-03-22 06:59:01", "2014-03-22 07:06:33", nospace
"2014-03-22 07:51:49", "2014-03-22 07:56:52", nospace
"2014-03-22 07:59:23", "2014-03-22 08:01:55", nospace
"2014-03-22 16:28:23", "2014-03-22 16:51:54", nobike
"2014-03-23 01:25:34", "2014-03-23 01:27:50", nospace
"2014-03-23 01:30:22", "2014-03-23 01:53:05", nospace
"2014-03-23 07:14:13", "2014-03-23 07:29:22", nospace
"2014-03-23 07:31:53", "2014-03-23 08:02:20", nospace
"2014-03-23 08:37:46", "2014-03-23 09:23:25", nospace
"2014-03-23 12:19:03", "2014-03-23 12:31:41", nospace
"2014-03-23 12:44:21", "2014-03-23 12:46:52", nospace
"2014-03-23 12:49:25", "2014-03-23 12:54:29", nospace
"2014-03-23 15:12:17", "2014-03-23 15:14:50", nobike
"2014-03-24 04:12:40", "2014-03-24 04:22:47", nospace
"2014-03-24 08:22:54", "2014-03-24 08:25:26", nospace
"2014-03-24 09:27:31", "2014-03-24 09:40:12", nospace
"2014-03-24 09:42:46", "2014-03-24 09:52:56", nospace
"2014-03-25 08:01:00", "2014-03-25 08:06:07", nospace
"2014-03-25 09:15:13", "2014-03-25 09:17:46", nospace
"2014-03-25 13:23:25", "2014-03-25 13:36:11", nobike
"2014-03-26 04:53:05", "2014-03-26 05:00:45", nospace
"2014-03-26 08:24:46", "2014-03-26 08:29:54", nospace
"2014-03-26 08:47:52", "2014-03-26 08:55:34", nospace
"2014-03-26 09:58:13", "2014-03-26 10:08:30", nospace
"2014-03-27 09:45:05", "2014-03-27 09:57:57", nospace
"2014-03-27 10:05:42", "2014-03-27 10:13:25", nospace
"2014-03-29 05:36:04", "2014-03-29 06:41:08", nospace
"2014-03-29 06:48:57", "2014-03-29 07:25:36", nospace
"2014-03-29 08:48:32", "2014-03-29 08:53:43", nospace
"2014-03-29 09:17:10", "2014-03-29 09:35:23", nospace
"2014-03-29 09:38:00", "2014-03-29 09:43:11", nospace
"2014-03-30 02:33:27", "2014-03-30 02:51:45", nospace
"2014-03-30 03:41:21", "2014-03-30 03:46:32", nospace
"2014-03-30 03:49:09", "2014-03-30 04:07:25", nospace
"2014-03-30 04:31:09", "2014-03-30 04:32:42", nospace
"2014-03-30 04:37:28", "2014-03-30 05:09:59", nospace
"2014-03-30 05:28:13", "2014-03-30 05:30:50", nospace
"2014-03-30 05:38:40", "2014-03-30 06:07:26", nospace
"2014-03-30 06:10:02", "2014-03-30 06:41:36", nospace
"2014-03-30 06:56:06", "2014-03-30 07:32:41", nospace
"2014-03-30 08:08:01", "2014-03-30 08:52:24", nospace
"2014-03-30 09:00:15", "2014-03-30 09:05:27", nospace
"2014-03-30 09:10:40", "2014-03-30 09:13:16", nospace
"2014-03-31 02:31:55", "2014-03-31 03:05:30", nospace
"2014-03-31 03:18:37", "2014-03-31 03:52:42", nospace
"2014-03-31 04:08:26", "2014-03-31 04:24:12", nospace
"2014-03-31 04:29:26", "2014-03-31 04:34:42", nospace
"2014-03-31 04:42:22", "2014-03-31 05:15:14", nospace
"2014-03-31 08:08:33", "2014-03-31 08:21:41", nospace
"2014-04-01 09:40:49", "2014-04-01 09:51:22", nospace
"2014-04-02 09:12:58", "2014-04-02 09:15:37", nospace
"2014-04-02 09:20:56", "2014-04-02 09:28:52", nospace
"2014-04-02 09:31:32", "2014-04-02 09:36:49", nospace
"2014-04-03 06:42:58", "2014-04-03 06:53:37", nospace
"2014-04-04 04:11:09", "2014-04-04 04:23:13", nospace
"2014-04-04 04:44:50", "2014-04-04 05:11:35", nospace
"2014-04-04 05:16:57", "2014-04-04 05:32:57", nospace
"2014-04-04 05:46:19", "2014-04-04 06:23:45", nospace
"2014-04-04 06:35:04", "2014-04-04 06:54:54", nospace
"2014-04-04 07:05:34", "2014-04-04 07:26:55", nospace
"2014-04-04 07:50:59", "2014-04-04 08:07:00", nospace
"2014-04-04 08:09:40", "2014-04-04 08:25:47", nospace
"2014-04-04 08:47:11", "2014-04-04 08:52:30", nospace
"2014-04-04 09:03:10", "2014-04-04 09:11:09", nospace
"2014-04-04 09:32:34", "2014-04-04 09:35:12", nospace
"2014-04-04 09:37:52", "2014-04-04 09:45:56", nospace
"2014-04-05 03:23:39", "2014-04-05 03:29:01", nospace
"2014-04-05 05:59:36", "2014-04-05 06:02:18", nospace
"2014-04-05 07:14:54", "2014-04-05 07:22:36", nospace
"2014-04-05 07:33:23", "2014-04-05 08:53:50", nospace
"2014-04-05 08:56:32", "2014-04-05 09:07:15", nospace
"2014-04-05 09:15:19", "2014-04-05 09:28:44", nospace
"2014-04-05 09:34:07", "2014-04-05 09:44:52", nospace
"2014-04-05 09:47:32", "2014-04-05 09:50:14", nospace
"2014-04-05 10:00:59", "2014-04-05 10:09:01", nospace
"2014-04-05 10:22:27", "2014-04-05 10:25:07", nospace
"2014-04-05 12:22:45", "2014-04-05 13:02:34", nospace
"2014-04-05 17:08:25", "2014-04-05 17:13:47", nobike
"2014-04-06 06:00:58", "2014-04-06 06:11:45", nospace
"2014-04-06 06:22:43", "2014-04-06 06:23:37", nospace
"2014-04-06 06:27:52", "2014-04-06 06:32:52", nospace
"2014-04-06 07:14:51", "2014-04-06 07:54:25", nospace
"2014-04-06 07:57:25", "2014-04-06 08:13:35", nospace
"2014-04-06 11:48:22", "2014-04-06 11:51:25", nospace
"2014-04-06 13:14:55", "2014-04-06 13:17:38", nobike
"2014-04-07 17:02:17", "2014-04-07 21:40:33", nospace
"2014-04-08 08:58:42", "2014-04-08 09:01:24", nospace
"2014-04-08 09:24:33", "2014-04-08 09:35:25", nospace
"2014-04-08 10:39:24", "2014-04-08 10:40:19", nospace
"2014-04-09 07:05:07", "2014-04-09 07:13:15", nospace
"2014-04-09 07:26:51", "2014-04-09 07:35:02", nospace
"2014-04-09 14:38:28", "2014-04-09 14:41:11", nobike
"2014-04-10 02:17:35", "2014-04-10 03:24:34", nospace
"2014-04-10 03:31:37", "2014-04-10 04:48:07", nospace
"2014-04-10 04:50:52", "2014-04-10 05:07:14", nospace
"2014-04-10 05:09:57", "2014-04-10 05:40:03", nospace
"2014-04-10 07:42:19", "2014-04-10 08:04:12", nospace
"2014-04-10 08:26:01", "2014-04-10 08:36:46", nospace
"2014-04-10 08:39:46", "2014-04-10 08:44:26", nospace
"2014-04-10 09:32:48", "2014-04-10 09:46:07", nospace
"2014-04-11 00:38:50", "2014-04-11 00:47:02", nospace
"2014-04-11 00:55:14", "2014-04-11 01:00:44", nospace
"2014-04-11 04:32:06", "2014-04-11 04:37:33", nospace
"2014-04-11 04:51:16", "2014-04-11 04:54:01", nospace
"2014-04-11 06:01:25", "2014-04-11 06:04:10", nospace
"2014-04-11 06:37:28", "2014-04-11 06:40:14", nospace
"2014-04-11 08:13:30", "2014-04-11 08:16:14", nospace
"2014-04-11 09:11:07", "2014-04-11 09:36:01", nospace
"2014-04-11 09:45:41", "2014-04-11 09:53:53", nospace
"2014-04-11 09:56:39", "2014-04-11 10:07:38", nospace
"2014-04-11 10:11:58", "2014-04-11 10:15:06", nospace
"2014-04-12 01:20:09", "2014-04-12 01:21:42", nospace
"2014-04-12 01:24:49", "2014-04-12 02:28:43", nospace
"2014-04-12 02:47:59", "2014-04-12 03:07:13", nospace
"2014-04-12 05:18:13", "2014-04-12 05:26:28", nospace
"2014-04-12 05:29:14", "2014-04-12 05:45:45", nospace
"2014-04-12 06:18:51", "2014-04-12 06:40:21", nospace
"2014-04-12 07:18:39", "2014-04-12 07:29:42", nospace
"2014-04-12 07:57:12", "2014-04-12 08:02:43", nospace
"2014-04-12 08:33:01", "2014-04-12 08:55:02", nospace
"2014-04-12 08:57:48", "2014-04-12 09:03:20", nospace
"2014-04-12 09:20:17", "2014-04-12 09:40:45", nospace
"2014-04-12 09:43:31", "2014-04-12 09:49:00", nospace
"2014-04-12 09:51:46", "2014-04-12 10:08:59", nospace
"2014-04-12 10:25:18", "2014-04-12 11:07:48", nospace
"2014-04-12 11:24:18", "2014-04-12 11:29:49", nospace
"2014-04-12 11:57:22", "2014-04-12 12:16:18", nospace
"2014-04-12 12:20:46", "2014-04-12 12:23:52", nospace
"2014-04-12 12:44:40", "2014-04-12 12:54:08", nospace
"2014-04-12 13:05:14", "2014-04-12 13:09:38", nospace
"2014-04-12 13:20:31", "2014-04-12 13:31:32", nospace
"2014-04-13 03:09:36", "2014-04-13 04:01:32", nospace
"2014-04-13 06:20:20", "2014-04-13 06:49:45", nospace
"2014-04-13 07:01:05", "2014-04-13 07:06:35", nospace
"2014-04-13 07:09:21", "2014-04-13 07:14:53", nospace
"2014-04-13 07:23:12", "2014-04-13 07:48:00", nospace
"2014-04-13 08:12:55", "2014-04-13 08:48:52", nospace
"2014-04-13 08:51:38", "2014-04-13 09:11:01", nospace
"2014-04-13 09:22:06", "2014-04-13 09:36:05", nospace
"2014-04-13 09:40:48", "2014-04-13 09:56:58", nospace
"2014-04-13 11:59:23", "2014-04-13 12:02:09", nospace
"2014-04-14 04:21:14", "2014-04-14 04:23:59", nospace
"2014-04-14 04:37:22", "2014-04-14 04:39:51", nospace
"2014-04-14 04:45:54", "2014-04-14 04:58:58", nospace
"2014-04-14 08:34:33", "2014-04-14 08:42:53", nospace
"2014-04-14 09:05:04", "2014-04-14 09:35:38", nospace
"2014-04-14 09:38:24", "2014-04-14 10:08:57", nospace
"2014-04-15 04:22:17", "2014-04-15 04:41:48", nospace
"2014-04-15 07:56:06", "2014-04-15 07:58:53", nospace
"2014-04-15 08:04:27", "2014-04-15 08:10:03", nospace
"2014-04-15 08:12:50", "2014-04-15 08:29:33", nospace
"2014-04-15 08:54:41", "2014-04-15 09:03:03", nospace
"2014-04-15 09:53:12", "2014-04-15 09:58:47", nospace
"2014-04-15 10:07:10", "2014-04-15 10:17:15", nospace
"2014-04-15 10:20:03", "2014-04-15 10:28:25", nospace
"2014-04-15 10:31:10", "2014-04-15 10:36:45", nospace
"2014-04-15 14:03:56", "2014-04-15 14:07:07", nobike
"2014-04-15 14:13:55", "2014-04-15 14:22:17", nobike
"2014-04-15 14:27:53", "2014-04-15 14:34:37", nobike
"2014-04-16 05:33:26", "2014-04-16 05:41:49", nospace
"2014-04-16 05:55:50", "2014-04-16 06:21:00", nospace
"2014-04-16 07:40:20", "2014-04-16 07:45:55", nospace
"2014-04-16 07:51:33", "2014-04-16 07:57:08", nospace
"2014-04-16 08:13:46", "2014-04-16 08:19:57", nospace
"2014-04-16 08:43:37", "2014-04-16 08:49:13", nospace
"2014-04-16 09:17:12", "2014-04-16 09:36:40", nospace
"2014-04-16 09:41:18", "2014-04-16 09:44:07", nospace
"2014-04-16 09:46:55", "2014-04-16 09:49:42", nospace
"2014-04-16 10:17:44", "2014-04-16 10:23:20", nospace
"2014-04-16 10:31:43", "2014-04-16 10:45:45", nospace
"2014-04-17 07:24:42", "2014-04-17 07:44:23", nospace
"2014-04-18 07:56:44", "2014-04-18 08:26:51", nospace
"2014-04-18 08:29:39", "2014-04-18 08:43:46", nospace
"2014-04-18 09:09:11", "2014-04-18 09:11:59", nospace
"2014-04-18 09:14:49", "2014-04-18 09:25:09", nospace
"2014-04-18 10:32:42", "2014-04-18 10:35:30", nospace
"2014-04-18 10:38:19", "2014-04-18 10:41:08", nospace
"2014-04-19 06:31:26", "2014-04-19 07:05:38", nospace
"2014-04-19 07:39:37", "2014-04-19 08:46:47", nospace
"2014-04-19 09:06:34", "2014-04-19 09:09:25", nospace
"2014-04-19 09:15:05", "2014-04-19 09:42:41", nospace
"2014-04-19 09:48:21", "2014-04-19 09:51:11", nospace
"2014-04-19 09:54:02", "2014-04-19 09:56:52", nospace
"2014-04-20 02:04:32", "2014-04-20 02:07:22", nospace
"2014-04-20 02:13:03", "2014-04-20 02:18:44", nospace
"2014-04-20 02:21:35", "2014-04-20 02:35:45", nospace
"2014-04-20 06:26:58", "2014-04-20 06:52:30", nospace
"2014-04-20 07:03:51", "2014-04-20 07:20:54", nospace
"2014-04-20 07:35:07", "2014-04-20 07:40:47", nospace
"2014-04-20 07:45:07", "2014-04-20 08:52:39", nospace
"2014-04-20 11:44:58", "2014-04-20 11:56:20", nospace
"2014-04-21 02:55:59", "2014-04-21 03:26:19", nospace
"2014-04-21 03:54:45", "2014-04-21 04:20:26", nospace
"2014-04-21 05:00:20", "2014-04-21 05:57:16", nospace
"2014-04-21 08:49:35", "2014-04-21 08:58:07", nospace
"2014-04-21 09:03:49", "2014-04-21 09:06:40", nospace
"2014-04-21 09:09:31", "2014-04-21 09:32:21", nospace
"2014-04-21 09:35:12", "2014-04-21 09:40:56", nospace
"2014-04-21 09:43:48", "2014-04-21 09:49:30", nospace
"2014-04-21 09:52:21", "2014-04-21 09:55:12", nospace
"2014-04-21 09:58:03", "2014-04-21 10:00:54", nospace
"2014-04-22 03:37:58", "2014-04-22 03:43:40", nospace
"2014-04-22 04:29:29", "2014-04-22 04:43:45", nospace
"2014-04-22 04:46:37", "2014-04-22 05:48:12", nospace
"2014-04-23 04:14:30", "2014-04-23 04:17:22", nospace
"2014-04-23 04:37:27", "2014-04-23 05:00:22", nospace
"2014-04-23 05:54:55", "2014-04-23 06:06:24", nospace
"2014-04-23 06:46:38", "2014-04-23 06:49:30", nospace
"2014-04-23 06:52:39", "2014-04-23 07:01:22", nospace
"2014-04-23 09:41:21", "2014-04-23 09:49:59", nospace
"2014-04-24 09:40:14", "2014-04-24 09:54:36", nospace
"2014-04-25 12:54:48", "2014-04-25 12:57:42", nospace
"2014-04-25 14:41:01", "2014-04-25 14:43:55", nospace
"2014-04-25 15:26:31", "2014-04-25 15:29:25", nospace
"2014-04-26 03:31:38", "2014-04-26 03:40:18", nospace
"2014-04-26 03:56:10", "2014-04-26 04:22:58", nospace
"2014-04-26 04:25:53", "2014-04-26 04:28:46", nospace
"2014-04-26 04:34:33", "2014-04-26 04:46:11", nospace
"2014-04-26 04:49:04", "2014-04-26 05:28:48", nospace
"2014-04-26 05:31:43", "2014-04-26 05:40:27", nospace
"2014-04-27 02:40:57", "2014-04-27 02:58:23", nospace
"2014-04-27 03:01:17", "2014-04-27 03:04:11", nospace
"2014-04-27 03:42:00", "2014-04-27 03:44:57", nospace
"2014-04-27 03:47:50", "2014-04-27 03:53:39", nospace
"2014-04-27 05:34:32", "2014-04-27 05:37:27", nospace
"2014-04-27 05:43:16", "2014-04-27 05:52:00", nospace
"2014-04-27 05:56:59", "2014-04-27 06:20:19", nospace
"2014-04-27 06:26:12", "2014-04-27 06:29:07", nospace
"2014-04-27 06:32:25", "2014-04-27 06:35:20", nospace
"2014-04-27 06:38:14", "2014-04-27 06:41:12", nospace
"2014-04-27 06:47:03", "2014-04-27 07:16:12", nospace
"2014-04-27 07:26:42", "2014-04-27 07:28:22", nospace
"2014-04-27 07:31:42", "2014-04-27 07:45:36", nospace
"2014-04-27 07:47:21", "2014-04-27 08:42:44", nospace
"2014-04-27 09:55:39", "2014-04-27 10:04:23", nospace
"2014-04-28 09:26:51", "2014-04-28 09:44:21", nospace
"2014-04-28 09:50:12", "2014-04-28 09:56:03", nospace
"2014-04-29 06:32:02", "2014-04-29 06:47:05", nospace
"2014-04-29 06:50:00", "2014-04-29 07:22:15", nospace
"2014-04-29 07:48:38", "2014-04-29 08:06:12", nospace
"2014-04-29 08:12:05", "2014-04-29 08:35:33", nospace
"2014-04-29 09:28:52", "2014-04-29 09:51:07", nospace
"2014-04-29 12:06:24", "2014-04-29 12:08:28", nospace
"2014-05-01 23:43:51", "2014-05-01 23:55:42", nospace
"2014-05-02 03:50:50", "2014-05-02 03:59:42", nospace
"2014-05-02 04:14:29", "2014-05-02 04:20:24", nospace
"2014-05-02 04:28:30", "2014-05-02 04:37:24", nospace
"2014-05-02 05:24:03", "2014-05-02 05:27:00", nospace
"2014-05-02 05:50:40", "2014-05-02 06:26:16", nospace
"2014-05-02 06:29:16", "2014-05-02 06:35:22", nospace
"2014-05-02 06:41:28", "2014-05-02 06:50:19", nospace
"2014-05-02 07:17:01", "2014-05-02 07:22:56", nospace
"2014-05-02 08:16:16", "2014-05-02 08:22:14", nospace
"2014-05-02 08:43:00", "2014-05-02 09:00:48", nospace
"2014-05-02 09:06:43", "2014-05-02 09:18:36", nospace
"2014-05-02 09:24:31", "2014-05-02 09:30:26", nospace
"2014-05-02 09:33:24", "2014-05-02 09:36:21", nospace
"2014-05-02 09:39:18", "2014-05-02 09:42:16", nospace
"2014-05-02 09:45:14", "2014-05-02 09:51:11", nospace
"2014-05-03 02:30:08", "2014-05-03 02:33:06", nospace
"2014-05-03 02:39:02", "2014-05-03 02:42:00", nospace
"2014-05-03 02:50:55", "2014-05-03 03:02:49", nospace
"2014-05-03 04:20:02", "2014-05-03 04:25:59", nospace
"2014-05-03 04:52:42", "2014-05-03 04:55:41", nospace
"2014-05-03 05:03:37", "2014-05-03 05:13:11", nospace
"2014-05-03 05:54:27", "2014-05-03 06:18:15", nospace
"2014-05-03 06:21:14", "2014-05-03 06:36:23", nospace
"2014-05-03 07:03:14", "2014-05-03 08:31:10", nospace
"2014-05-03 08:49:03", "2014-05-03 08:52:01", nospace
"2014-05-03 08:57:57", "2014-05-03 09:03:56", nospace
"2014-05-03 09:21:48", "2014-05-03 09:27:45", nospace
"2014-05-03 09:51:32", "2014-05-03 09:54:32", nospace
"2014-05-03 15:09:01", "2014-05-03 15:12:00", nobike
"2014-05-03 15:14:59", "2014-05-03 15:41:46", nobike
"2014-05-04 05:49:54", "2014-05-04 06:02:09", nospace
"2014-05-04 06:33:57", "2014-05-04 06:46:21", nospace
"2014-05-06 12:57:53", "2014-05-06 13:27:54", nospace
"2014-05-06 13:30:55", "2014-05-06 13:36:55", nospace
"2014-05-06 13:39:54", "2014-05-06 13:42:55", nospace
"2014-05-08 02:59:21", "2014-05-08 03:35:35", nospace
"2014-05-08 03:44:38", "2014-05-08 04:33:59", nospace
"2014-05-08 04:50:25", "2014-05-08 05:35:44", nospace
"2014-05-08 05:38:46", "2014-05-08 05:44:47", nospace
"2014-05-08 05:59:55", "2014-05-08 06:10:19", nospace
"2014-05-08 06:15:36", "2014-05-08 06:53:49", nospace
"2014-05-08 07:08:41", "2014-05-08 07:17:45", nospace
"2014-05-08 07:47:57", "2014-05-08 07:57:01", nospace
