stations	0_0	0_1	0_2	0_3	0_4	0_5	0_6	0_7	0_8	0_9	0_10	0_11	0_12	0_13	0_14	0_15	0_16	0_17	0_18	0_19	0_20	0_21	0_22	0_23	1_0	1_1	1_2	1_3	1_4	1_5	1_6	1_7	1_8	1_9	1_10	1_11	1_12	1_13	1_14	1_15	1_16	1_17	1_18	1_19	1_20	1_21	1_22	1_23	2_0	2_1	2_2	2_3	2_4	2_5	2_6	2_7	2_8	2_9	2_10	2_11	2_12	2_13	2_14	2_15	2_16	2_17	2_18	2_19	2_20	2_21	2_22	2_23	3_0	3_1	3_2	3_3	3_4	3_5	3_6	3_7	3_8	3_9	3_10	3_11	3_12	3_13	3_14	3_15	3_16	3_17	3_18	3_19	3_20	3_21	3_22	3_23	4_0	4_1	4_2	4_3	4_4	4_5	4_6	4_7	4_8	4_9	4_10	4_11	4_12	4_13	4_14	4_15	4_16	4_17	4_18	4_19	4_20	4_21	4_22	4_23	5_0	5_1	5_2	5_3	5_4	5_5	5_6	5_7	5_8	5_9	5_10	5_11	5_12	5_13	5_14	5_15	5_16	5_17	5_18	5_19	5_20	5_21	5_22	5_23	6_0	6_1	6_2	6_3	6_4	6_5	6_6	6_7	6_8	6_9	6_10	6_11	6_12	6_13	6_14	6_15	6_16	6_17	6_18	6_19	6_20	6_21	6_22	6_23
八德市場	23	16	47	-16	5	-2	14	0	-1	-16	-13	-43	-22	-62	-54	15	-9	-10	9	-6	13	-16	22	31	-40	2	-35	21	26	-2	29	78	39	71	-21	-42	23	-7	-10	-9	-7	-21	-15	6	-3	1	36	8	-30	-63	-37	31	9	-47	5	30	52	24	61	-11	-8	-3	-58	-8	20	-15	-8	19	10	-41	44	-14	-40	-89	59	25	-15	12	-16	21	31	61	-1	-33	17	-31	-13	1	21	-1	1	-2	-10	-10	18	16	-12	-65	-32	-7	4	5	36	103	15	7	19	8	-22	-20	-45	-19	5	20	-7	11	-23	-10	27	-9	-6	-108	11	46	135	-75	-80	78	-4	30	53	-52	42	-54	-13	-26	4	-25	-1	18	-17	-16	6	25	20	18	-10	30	-5	-5	13	39	-1	-8	-42	16	-12	-54	14	-33	-7	-11	10	-7	17	-21	-5	53
三民公園	47	34	59	62	-37	10	64	-38	-6	-93	-99	-59	-9	0	41	4	15	-9	-14	-8	-4	6	49	74	20	9	22	7	5	6	19	15	-59	-135	-83	98	-39	6	60	-16	-16	-38	6	0	-7	40	66	65	-61	34	-21	28	5	2	-20	31	-62	-87	-19	13	-22	40	-23	0	20	-26	-8	-9	-10	20	82	54	10	26	-15	10	-21	-22	13	-4	39	-94	9	-21	-14	-50	-5	12	4	-11	-8	-5	-8	7	29	61	14	25	-11	40	-31	3	14	-2	-50	-81	-42	14	34	-55	106	-21	20	-21	-10	-20	3	8	61	58	2	32	-22	14	6	-9	34	24	-42	-119	-88	65	-33	31	27	-68	26	5	-18	-7	5	13	25	25	3	39	22	38	50	19	20	30	10	-120	-83	-10	2	-51	14	7	6	-36	-10	-20	-14	6	23	33
三張犁	24	-12	41	-28	31	38	-20	7	-46	-87	-2	14	52	-85	29	-25	4	16	17	-18	10	-23	117	33	-215	-77	71	56	83	16	-50	46	-100	-50	110	21	-15	-14	-3	8	-20	-17	5	-5	-20	1	100	53	-131	-103	112	-4	29	0	8	24	-157	-41	182	9	-8	-50	29	-38	20	24	6	-15	10	-43	86	50	-162	-90	45	103	-22	46	28	-32	-99	11	34	-63	109	-62	-24	43	28	-4	8	-16	-44	-46	105	90	-118	-146	75	61	23	-20	1	53	-215	20	166	-13	52	-45	14	37	-4	8	6	-8	-9	-72	100	35	-97	-61	77	32	-16	15	30	-35	-108	-20	118	-37	3	56	-31	-17	31	28	16	-28	3	-31	28	74	3	-25	66	-18	-37	18	-11	-14	-94	1	-68	-14	110	-39	-28	26	5	32	17	-19	-10	-17	21	20
士林運動中心	31	54	14	-9	8	-1	18	-5	5	-40	-159	7	17	17	-33	-1	14	1	-28	-3	-5	14	39	60	-21	-7	26	20	50	27	-42	11	-26	13	-115	69	-53	94	-30	-8	26	-30	7	-1	-15	23	45	-8	-36	-57	8	27	93	-33	-6	3	10	-13	-25	-13	13	11	-37	-19	-5	5	-2	-9	0	8	52	56	-24	-29	-20	25	42	-7	-22	6	26	-21	-29	25	5	-5	-22	-29	16	1	-2	-8	-5	9	34	57	-22	-22	-23	10	34	-15	-46	-4	-2	11	-62	32	8	13	-61	45	-5	7	-12	-5	1	6	45	45	-44	-60	21	55	59	-40	4	27	-12	-9	-73	11	-10	23	-39	-1	16	-4	-5	-16	-10	-1	-1	24	51	-3	24	17	42	-45	28	0	-9	-28	-96	-34	-57	19	1	36	-3	32	-6	1	-15	-1	-10	29
大業大同街口	81	-15	-1	65	35	55	-11	52	-5	-86	-175	52	-6	-46	-113	57	11	1	-2	-4	-13	14	181	105	-121	41	37	13	16	-8	16	-31	-3	26	-235	-80	105	-42	-128	68	-1	8	1	0	-3	25	243	58	-94	-62	-40	7	62	31	-11	-6	111	-46	-209	5	6	-27	10	-4	-33	4	6	-3	-2	13	222	121	-58	-110	2	41	36	-7	-8	-15	2	-1	-166	-46	63	-80	-60	63	-28	-18	1	0	0	10	178	160	-28	-91	24	13	39	35	-26	-48	-23	71	-138	-132	70	-80	-20	48	12	-13	4	14	-6	2	182	96	-28	16	28	-12	21	-8	-10	-13	68	-26	-178	-194	73	-24	-95	40	-18	46	2	7	-5	4	82	138	-6	26	36	40	41	-11	33	-2	-11	-71	-123	-72	-41	-92	-79	92	-25	26	-13	-11	-5	-2	56	37
大豐公園	54	53	78	88	49	-5	28	45	3	-61	-97	-51	-31	-97	-114	-2	48	15	-1	-2	2	5	97	42	-52	32	41	14	31	-16	0	-53	2	80	-95	-126	22	-77	-55	44	1	-4	-1	-7	2	26	140	59	-3	62	25	37	35	-8	-48	17	-10	50	-130	-147	31	7	-58	-18	-6	8	-1	-3	-1	10	127	26	-35	57	2	48	26	1	-30	12	-26	47	-56	-61	-30	-45	-102	-20	23	-3	-4	-1	3	13	128	59	-21	35	78	34	25	-13	3	-42	72	-12	-113	-75	17	-124	-14	-11	9	-5	-9	-6	-2	8	112	57	-1	54	47	9	34	-6	9	-4	122	-87	-139	0	-39	-48	-65	-28	40	-24	-1	-8	-6	13	31	66	45	37	54	23	37	52	19	30	-15	-20	-113	-63	-32	-110	-63	-60	47	-22	0	2	-18	8	14	36
大鵬華城	78	26	56	44	-26	29	46	26	-7	-78	-72	-24	-46	-137	106	-42	-9	-23	-4	-28	-19	-22	40	97	88	-31	24	43	-3	12	34	-11	2	-74	-5	-100	31	-69	39	-13	-21	-8	-5	-49	0	24	40	110	77	-45	14	45	5	-17	14	4	-23	-54	-96	58	3	-69	116	-50	-25	-10	4	-55	-20	-4	42	165	-16	-41	16	37	1	6	21	21	2	-101	-66	25	2	-67	81	-9	-47	11	-6	-14	-40	6	58	78	-25	-17	10	53	4	-13	31	-3	-15	-34	-33	10	2	-119	97	13	-44	-34	3	-33	-4	3	36	105	51	-67	9	52	17	11	-18	29	-10	-78	-27	0	-34	-67	23	47	-83	-3	-13	-15	-6	6	21	79	24	15	-5	61	44	12	62	-3	42	-80	-83	-26	13	-110	25	-15	-24	-34	-5	-10	7	-11	26	52
中山行政中心	17	8	24	20	15	45	50	28	4	-46	-105	-56	-41	-80	22	-8	30	-11	-26	-8	-11	28	-15	94	56	24	-33	40	69	-76	-1	-23	55	49	36	-76	-38	-166	-2	-6	32	-8	4	-16	-31	39	-25	176	-20	1	8	77	38	-7	-27	3	-16	27	37	-89	14	-133	-18	9	8	-31	-15	-28	-20	36	-14	174	-64	6	35	26	53	-84	26	5	55	-19	24	-77	41	-156	21	-24	-53	37	-3	-23	-19	42	-13	113	-45	29	21	29	48	-34	-11	34	12	43	24	-42	-6	-142	-61	49	5	3	-1	-22	-25	45	-21	113	-20	26	-4	72	44	-43	-10	-19	51	-17	17	-30	-17	-90	-41	-29	14	-11	-11	-40	-14	53	17	61	-23	20	62	26	63	12	-7	21	-20	-43	-50	1	10	-36	-114	0	4	-22	-6	-18	-30	24	31	81
中正基河路口	6	18	21	101	62	34	41	32	18	-58	-30	5	-46	-80	-50	-26	-26	10	-2	-12	-6	-1	-3	5	26	21	28	48	64	-49	-30	15	118	66	1	-30	1	-5	-58	-69	-55	-40	-32	-5	16	21	-6	7	-24	-13	19	10	54	-29	10	33	108	62	12	-27	-9	-6	-6	-20	-14	-27	-1	-3	-5	2	-14	-98	16	34	-5	21	59	-53	14	-25	77	100	-35	-10	4	-4	-12	-49	-42	-14	-7	-2	-12	-7	-5	-34	2	11	-3	16	69	-35	55	3	87	15	-35	-1	21	-14	-26	-32	-18	-6	-4	-6	-12	0	-5	-66	-21	20	7	20	85	13	9	0	50	13	9	-40	-17	-21	-52	-54	-5	3	-9	3	-7	16	23	-72	-16	4	38	44	76	46	-15	37	1	2	-59	-18	-57	-38	-31	-29	26	-9	-19	-5	0	-4	-2	-19
中研公園	6	33	57	28	-21	34	-8	51	-35	-82	-54	-59	-6	-128	145	41	-33	-29	-4	-6	-14	10	97	84	-156	-36	16	52	64	-15	-28	-9	-46	61	-64	45	16	-172	108	90	-48	-59	-20	-13	0	27	110	43	-132	-31	-1	69	35	-2	4	22	38	9	8	-23	-34	-127	100	-12	-61	-17	1	-15	-13	11	127	20	-162	-9	102	69	32	-44	-5	14	16	13	38	-20	-31	-111	46	-34	-19	-40	-8	-3	-11	11	73	64	-28	-48	35	35	71	-64	-12	52	-4	20	-22	-17	2	-132	125	-44	-32	-11	-27	-16	2	16	89	80	-71	-33	-21	46	50	-47	5	-22	-19	35	-14	-21	48	-173	88	25	-33	-14	-12	-4	1	15	31	52	-52	20	100	30	15	-51	5	69	-4	-36	-97	-16	-79	-87	123	-56	22	10	-21	-20	-7	18	33	59
中崙高中	27	6	45	65	-15	38	1	-9	-8	-92	-124	-72	-45	19	-35	-16	26	17	-3	9	-12	45	30	-161	-41	-5	-19	22	79	-3	4	55	136	247	82	18	-93	91	-213	-53	-6	-40	-6	3	-11	49	84	-199	-190	40	-28	45	9	3	-3	-19	215	254	-37	-12	24	30	-75	-71	-42	-24	2	1	19	42	72	-250	-202	18	-61	75	1	22	25	15	110	233	-36	-57	56	73	-110	-84	-44	-34	-9	4	24	30	53	-83	-232	-8	21	18	83	-70	89	18	238	137	-12	-117	85	49	-177	-60	-25	-16	-24	16	16	20	74	-226	-127	77	19	-3	13	-23	20	77	141	154	7	-60	8	-13	-93	-104	20	-10	-5	28	16	19	71	61	-6	-28	-46	53	-19	-116	169	37	6	-114	-139	-50	-20	8	22	-43	-29	-18	-4	18	36	41	43	59
中強公園	-28	-23	61	137	-6	-25	6	44	-14	38	-59	33	-55	12	29	-12	-9	-3	-1	0	-6	-24	-23	34	-75	-66	-25	101	82	-79	3	5	63	30	-16	14	-31	8	10	10	-12	-24	-3	-8	-19	18	-21	35	-139	-69	4	95	56	-31	11	2	6	48	-1	10	16	-21	-14	32	19	2	-4	-2	-15	-25	-17	26	-92	-109	30	102	20	-44	-11	0	54	61	20	7	20	-10	25	-20	-1	-9	-6	-13	-15	-11	-20	13	-104	-63	-23	61	83	-27	-10	24	38	64	-4	-2	14	-29	0	-13	9	-3	-7	-3	-18	-7	-23	8	-37	-52	-42	100	77	-60	-35	-5	99	42	10	-25	0	-28	25	-22	4	2	-5	-32	-13	-4	-24	-21	-82	-19	-13	196	32	29	-55	38	25	-3	-9	8	-25	-41	38	-2	12	-18	-4	-9	-7	-19	-26	-55
五常公園	23	61	-28	53	0	13	23	1	-44	-55	-113	-54	-29	6	42	-3	-9	-8	-11	-21	12	-6	76	82	97	27	-63	-13	22	-35	14	-10	-67	-120	-115	25	39	-28	-21	53	-37	-15	-8	-5	-11	37	110	63	20	8	-13	39	-13	30	-48	-15	-45	-183	45	14	39	2	-36	42	-17	-13	-6	-3	-51	-38	98	122	80	17	26	-6	-12	45	-12	-29	-50	-209	-3	51	-20	14	-72	21	4	-11	-4	-6	11	8	67	-15	119	4	33	18	-9	5	-5	-18	-60	-155	59	-14	15	-10	8	32	-17	-17	-11	-6	-9	-66	84	61	67	55	48	41	-19	19	-21	-34	-61	-168	89	-27	14	-26	12	-36	40	-11	-12	-18	-12	-26	61	101	3	62	30	61	-18	-6	66	-3	-14	-60	-131	-63	6	-23	12	38	-20	22	3	-30	1	7	52	74
仁愛逸仙路口	9	30	-89	-7	-45	-32	18	44	28	41	-20	4	8	-5	11	-17	17	11	-6	-8	7	3	14	-54	26	-56	-32	34	-42	-48	17	0	3	43	82	6	-12	-13	17	-2	8	16	-1	-7	-5	8	18	-85	14	-50	-27	34	-13	-74	-30	44	-48	-8	139	-6	-8	-1	0	-4	9	21	-1	20	0	-2	8	-70	-51	-88	6	42	-4	9	14	-14	22	10	63	15	-2	-5	-5	9	0	15	7	0	2	3	1	-22	-34	-90	11	70	4	-37	3	71	-3	-7	73	-8	11	3	-6	20	17	0	-3	-3	-4	-5	9	-70	29	-106	-13	50	-87	-28	66	10	-14	-12	111	13	23	27	-9	-19	38	37	0	-9	2	-17	10	-92	-20	-1	7	47	-92	-8	72	29	-38	37	-39	-1	-8	63	5	9	18	7	5	1	-4	-27	15	-20
仁愛醫院	-25	51	-19	10	11	27	73	9	33	-25	-107	48	20	58	14	-63	30	1	10	8	-2	3	-51	-124	-64	-113	28	100	55	-3	2	-41	134	87	-60	15	51	10	-2	-12	-32	-15	-1	-3	1	28	-76	-71	-109	-155	59	84	38	-41	66	59	55	62	-8	39	-10	10	6	-21	8	-14	5	4	-2	6	-104	-126	-108	-46	52	53	29	-41	41	45	153	61	-64	-23	30	50	-1	-21	22	-12	10	5	5	1	-69	-73	-95	-134	24	112	22	-26	61	25	61	89	-20	18	26	23	1	-1	-8	-10	9	6	0	-18	-82	-166	-66	-64	-8	49	74	-34	142	-6	90	77	-65	29	32	31	-39	33	-4	10	3	-9	0	-11	-22	-142	-64	15	87	35	16	27	22	-6	-9	-16	-95	-3	25	47	14	-4	-3	0	10	-2	-6	-7	-24	-97
仁愛醫院(施工暫停)	0	0	0	0	0	0	0	0	0	0	0	0	0	0	0	0	0	0	0	0	0	0	0	0	0	0	0	0	0	0	0	0	0	0	0	0	0	-2	0	0	6	0	0	0	0	0	-2	0	0	9	-14	0	0	0	0	0	0	0	0	0	0	0	0	0	0	0	0	0	0	0	0	0	0	0	0	0	0	0	0	28	0	0	0	0	0	0	0	0	0	0	0	0	0	0	0	0	0	0	0	0	0	0	0	0	0	0	0	0	0	0	0	0	0	0	0	0	0	0	0	0	0	0	0	0	0	0	0	0	0	0	0	0	0	0	0	0	0	0	0	0	0	0	0	0	0	0	0	0	0	0	0	0	0	0	0	0	0	0	0	0	0	0	0	0	0	0	0	0
天母運動公園	121	-30	30	-54	-127	35	48	179	43	-206	-60	5	10	140	-64	-86	-37	-10	-1	-2	-1	11	53	-49	-29	8	-6	6	26	20	72	18	90	37	-200	-10	64	-11	9	-71	-33	-14	3	8	-12	-2	71	-110	29	28	5	101	-17	-22	22	112	22	93	-141	-57	-25	30	-7	-86	9	-10	-8	-27	13	-1	43	-119	129	16	-40	10	36	68	23	91	39	-6	-87	-54	31	-17	-32	-74	-70	-15	19	-21	-12	-2	27	-125	68	72	63	47	87	-108	19	25	60	57	-59	-42	-58	91	-105	-32	-73	-8	1	19	-4	13	73	-102	30	12	37	-16	94	-11	94	-16	101	24	-113	-76	31	-45	21	-28	-88	-38	0	6	-13	11	44	17	30	1	2	-38	5	106	121	19	114	-133	-281	169	37	-19	-5	-84	-97	-17	7	4	-7	13	16	80
文山行政中心	39	14	54	63	9	21	62	-5	-2	-34	-132	-17	28	-15	-26	-8	-2	-4	-3	-23	-11	1	20	36	50	10	31	23	-36	-32	0	3	3	10	-61	6	25	-44	-16	-20	-21	-15	-4	-4	-1	14	29	53	41	-35	29	0	27	-12	16	17	-24	17	-34	5	-23	-29	-15	24	-32	-14	-5	-4	-21	-14	45	42	52	11	5	11	6	18	9	23	-14	15	-62	-7	3	15	-56	-32	-22	-21	-8	-1	0	7	24	32	24	8	25	-7	23	11	14	11	-13	30	-49	-15	18	-43	-40	17	-33	0	-12	-7	-10	-36	34	69	29	3	38	-5	11	-18	37	32	-11	4	-34	-12	-7	-36	-59	43	-36	-22	-15	-20	-4	0	29	15	15	32	22	48	19	42	-7	11	-12	-4	-59	-12	-23	-59	-6	-3	8	-32	-30	-30	16	0	23	6
文湖國小	101	74	71	91	-39	12	52	-9	-16	-68	-219	-47	-81	-181	47	55	-40	-31	-23	-10	-2	19	180	194	-165	-78	82	101	113	-41	10	22	-10	13	102	-81	-126	-175	-86	75	-23	-6	-3	-6	-9	24	216	185	-84	-46	28	63	57	-24	-57	36	10	3	2	-21	-80	-123	-74	-33	-1	-10	-6	-4	-5	3	193	197	-102	-99	57	104	72	-50	22	-54	-6	1	34	-13	-47	-190	-145	64	-21	-21	-9	-22	-5	13	158	186	-52	-54	99	77	-22	-57	-9	74	50	-16	10	-55	-88	-157	-100	19	-31	-4	-3	-2	0	4	160	193	-122	2	48	108	66	-16	-40	14	-16	39	14	-78	11	-115	-80	-9	-118	-20	-18	-27	-4	2	61	147	105	61	55	18	18	30	22	-1	-39	-25	-97	-73	-72	-175	-81	-6	-27	4	-2	9	-7	1	49	127
世貿二館	-124	-433	-397	-302	52	84	339	446	182	64	8	86	95	90	20	3	8	-3	9	-17	0	-7	-131	-152	-480	-421	74	-144	243	-80	79	56	212	210	304	65	14	45	48	46	10	-78	2	-6	-38	35	-125	-166	-537	-256	71	-90	90	-117	42	119	89	332	155	63	-14	181	45	35	23	19	-1	-23	6	49	-136	-146	-595	-276	31	-37	173	14	-67	77	161	360	117	44	52	103	89	45	14	15	13	6	-11	-21	-99	-166	-512	-244	-69	-31	197	-92	18	-23	263	325	241	49	93	67	10	32	13	-29	9	4	-3	-24	-108	-171	-519	-319	-16	-153	179	-145	42	113	266	400	154	-64	67	174	75	24	23	6	9	5	-14	-43	-54	-71	-160	-396	-412	-379	45	30	291	275	325	143	-1	18	93	91	75	31	34	7	32	-19	10	-21	-60	-96
世貿三館	-49	-97	-126	-80	40	1	44	151	99	108	14	-23	31	-14	67	30	-2	3	3	-2	-14	-22	-43	-129	-216	-131	-64	42	3	-65	-48	93	84	252	129	58	-17	8	18	22	-27	2	-2	-10	-5	27	-35	-108	-192	-81	-58	29	20	-24	-23	21	-18	157	123	29	-12	37	15	7	8	-1	3	0	0	-20	-33	-164	-146	-90	-16	15	58	-72	64	100	-51	216	124	4	-11	-49	57	18	13	5	11	1	7	-16	-52	-110	-162	-110	-33	6	67	-41	29	54	20	104	174	35	20	5	54	31	7	9	4	0	1	-17	-58	-114	-140	-158	-93	-14	94	-71	-52	26	98	173	149	-4	3	7	83	27	5	6	-1	16	0	-20	-33	-95	-54	-126	-138	-21	-38	-70	50	141	145	147	5	-26	-3	-7	71	7	4	7	-9	5	0	-19	-26	-64
北投運動中心	82	82	103	65	43	11	0	19	-8	-84	-155	-78	-36	-29	-97	-4	-5	1	4	1	-14	8	58	136	79	71	6	7	40	-18	5	-33	-43	-105	-167	182	-5	-122	-89	52	-60	-9	-3	-1	0	32	98	221	-12	57	-3	33	48	12	-19	-59	-25	-166	-122	174	-30	-85	-141	26	-13	-2	-6	-2	-2	19	106	251	64	1	12	-43	26	-22	20	-2	-30	-118	-135	19	33	-56	-166	55	-6	24	-1	-1	0	19	87	171	72	28	-6	-74	48	27	22	-12	31	-99	-99	95	-70	-125	-124	11	-8	8	-11	-4	6	9	71	182	67	50	35	5	39	47	-11	16	-53	-87	-98	17	27	-79	-200	-28	4	8	-11	-13	-2	13	39	71	113	144	57	46	42	15	28	27	-12	-48	-149	-71	-63	-120	-132	21	-4	19	-27	-4	-2	25	10	66
台北市災害應變中心	111	107	41	160	-50	62	-13	-5	7	-123	-75	-68	-106	-256	40	-37	19	-1	-19	-10	-15	-5	135	88	251	111	-55	-31	-18	40	-27	0	34	55	-245	-97	-43	151	1	-80	-19	-42	-11	-14	-14	11	98	83	138	-17	-47	70	-6	17	-43	-45	75	54	-266	-93	48	96	-77	-25	4	-7	1	-39	5	-14	168	77	100	24	-29	51	-18	51	-28	-12	44	9	-181	-122	-157	79	-66	47	-49	-9	-12	-10	-41	-1	125	16	218	-4	6	37	11	17	2	16	97	-51	-183	-137	-81	101	-43	-44	23	-22	-27	-19	-14	-29	136	-8	258	40	-25	62	31	19	-56	23	121	6	-234	-55	-162	-5	11	-20	-42	1	-14	-21	0	-1	57	-26	68	-2	222	209	-94	77	-56	31	-57	39	-34	-67	-164	-184	-61	-44	-25	77	-3	-8	-11	-10	62	68
台北市政府	-35	-27	-150	-115	-108	-45	151	179	119	16	35	-7	64	32	5	7	4	2	1	-5	-7	-12	-81	-261	-209	18	22	237	14	-336	-13	77	48	383	2	50	-17	-3	39	14	17	-38	-1	-4	-9	9	-50	-273	-197	44	8	254	-6	-318	16	157	-79	300	20	57	-52	24	9	18	5	18	0	50	0	-13	-77	-257	-174	54	-62	286	20	-373	39	131	27	282	45	20	-30	24	44	-22	18	-3	-2	4	1	-17	-50	-197	-321	95	-15	235	74	-305	3	152	-53	332	14	-4	65	44	11	9	-2	4	-2	1	-16	-42	-133	-236	-111	16	47	192	-56	-292	97	4	115	134	104	-2	30	56	55	-10	12	9	-2	10	-14	-13	-48	-52	-38	-114	-108	-164	-48	-37	78	147	100	111	-9	7	7	69	49	26	6	0	0	0	-3	2	-25	-34
台北花木批發市場	67	67	57	114	-30	36	59	25	-3	-35	-87	-70	-97	-57	-23	74	-53	-39	-18	-19	-37	-22	42	200	-22	92	22	90	20	9	-1	-49	-67	-57	-113	-1	-48	-88	123	-2	-30	-49	-18	-34	-74	-8	40	247	108	7	-44	68	17	-48	23	4	-18	-60	-83	0	-90	13	171	-66	-71	-61	-19	-49	-42	-34	50	251	-34	54	37	98	65	-35	5	-1	-44	-88	-102	-2	-16	-125	166	10	-48	-37	-22	-42	-93	-38	24	207	-22	55	32	49	79	-34	-2	5	-68	-39	-63	18	-71	-100	216	-8	-57	-67	-25	-27	-70	-60	44	242	105	-67	87	81	52	-22	-27	-3	-15	-41	-47	-109	-58	-78	153	32	-37	-71	-43	-31	-43	-55	55	55	156	-41	-14	158	-1	54	86	19	-3	-70	-35	-67	-103	-102	39	83	-57	-55	-40	-71	-13	-28	40	73
台灣科技大學	220	157	-51	16	-23	9	59	-81	109	-23	-66	-313	-139	27	4	55	10	43	26	-4	-12	31	-51	-45	7	-127	-12	151	255	-290	154	89	187	78	-46	-94	12	17	-14	-53	12	-50	11	-4	23	49	-72	-248	25	-110	94	85	19	-101	-59	179	201	102	-45	-4	7	-38	6	-27	-32	-34	4	9	0	0	-61	-293	92	-45	-87	158	205	-193	95	10	197	50	38	-100	-64	32	-58	16	4	-11	-5	-5	-4	-12	-38	-239	0	-90	14	154	126	-184	156	62	189	-2	-35	-18	-22	10	-40	32	-11	11	-35	-4	-13	19	-45	-190	-10	-136	47	320	85	-193	94	101	109	-2	-21	-6	-75	-20	-22	-29	-54	-43	-37	-16	16	35	60	5	44	-63	117	96	-14	-59	10	-7	33	-1	-48	-151	-136	-88	-57	102	-75	2	-19	15	3	-12	42	20
市民廣場	9	-5	-82	-19	-87	27	-16	147	101	90	-25	28	24	-94	120	46	27	31	9	-2	-13	4	-32	-396	-181	-83	-38	-24	73	-77	11	74	19	274	220	119	24	-190	126	49	-22	1	6	2	-11	24	-12	-365	-190	-16	-77	24	4	-53	-61	71	-88	257	283	59	5	-97	129	33	9	-3	0	13	7	-18	-36	-283	-226	-87	-57	46	76	-66	6	77	-1	260	219	31	32	-125	90	28	16	4	6	-1	2	-14	-14	-408	-155	-51	-46	-3	74	-47	-22	55	-29	235	269	100	-22	-130	144	50	46	17	13	-1	-3	-26	-13	-370	-199	-71	-18	39	82	-54	-17	47	94	193	164	-2	20	-32	167	35	14	-4	12	-5	-11	-14	-54	-248	-19	-9	-106	-43	-91	-6	8	159	90	130	-11	0	14	-90	181	27	9	1	6	-27	-9	-26	-45	-172
市立美術館	-35	-41	7	14	30	50	84	64	-35	-35	-152	9	-17	-40	1	17	50	-25	-37	-11	-8	-13	0	26	42	-15	38	22	59	-20	13	49	4	68	-58	20	-41	-10	1	-48	-15	-42	0	-1	1	23	-4	-16	75	-23	45	-13	-13	-4	33	44	19	19	-73	-10	15	-30	10	-44	-11	-7	7	-14	-7	12	-10	23	41	-30	23	-37	40	-55	-4	30	78	-17	-37	-2	27	-13	-32	-49	2	1	4	-8	4	-6	-27	-28	74	-5	48	1	31	0	-33	21	17	43	-48	-4	42	-28	-9	-7	-13	-25	-5	1	3	-7	-18	3	53	-25	45	-8	22	-18	27	71	-10	-8	-88	7	6	-8	10	16	-27	-23	-18	-16	-4	14	-8	63	-29	-70	60	1	13	57	18	65	-43	-102	-92	-15	115	38	-53	20	-34	-29	-20	-14	18	4	5	13
民生光復路口	95	66	-21	34	39	5	40	6	-16	-83	-109	-65	-40	-90	104	-13	-12	18	-7	0	-6	-5	43	-21	-41	-63	6	105	126	-92	35	12	-2	110	168	-48	-4	12	-22	-59	-14	-32	-12	-7	-6	12	42	-45	-92	-139	-2	34	164	-145	35	-3	57	187	47	16	-14	11	-42	-63	-40	-10	-8	-23	-20	-7	41	-26	-71	-167	47	47	212	-135	31	-17	0	128	55	-38	23	-14	-64	-36	-33	-8	-3	-10	-2	1	42	11	-43	-152	-24	81	148	-151	95	14	13	137	83	17	-25	42	-76	-73	-20	-35	-5	-16	-3	-4	68	21	-99	-165	47	31	178	-117	-31	64	83	87	5	20	-3	-18	-93	-100	-65	-9	-26	-20	-17	-4	20	105	93	-7	-22	65	27	14	70	1	-59	-14	-12	-22	-31	-33	-35	-92	-37	-39	12	-16	-9	22	22	24
民生活動中心	-29	0	105	51	36	1	11	51	24	-54	-257	39	-53	-10	99	-19	-41	-46	-27	-10	9	21	29	80	108	19	22	43	-11	-2	-20	-77	11	-23	-58	-50	36	-28	-18	85	-55	-38	-28	-20	-3	43	-11	148	-2	-37	33	29	-4	-19	14	-12	-33	-48	-47	0	50	19	-52	21	-13	7	-11	-36	-14	3	52	118	31	3	9	46	-52	-28	45	-31	-67	-12	-66	-23	72	-6	29	-14	-37	-24	-27	-6	-2	-3	29	87	66	1	27	41	-40	-23	39	-40	-45	-88	30	-67	80	-16	67	-80	-12	-54	-11	-21	-4	24	78	89	61	-36	25	57	-91	35	40	-64	-51	-43	-43	-80	120	60	-42	-115	12	16	-42	-24	2	44	35	34	-56	78	13	102	122	-99	63	19	-4	-91	-111	5	33	-24	-17	3	-48	-44	-26	3	-33	13	29	71
民生敦化路口	-29	16	60	-54	-2	78	70	20	6	-6	-101	12	31	-11	-37	28	-20	0	-4	-5	-1	20	-39	-175	-44	-115	61	47	150	-66	-2	27	27	169	-39	91	-7	32	-1	2	-20	-31	-20	-3	-34	27	-52	-161	-103	-10	-18	81	75	-80	28	30	29	145	-75	98	-39	71	-1	-16	2	-23	1	-6	-3	-16	-28	-209	93	-108	-33	-9	127	-39	-8	48	40	69	31	5	14	52	31	23	0	-29	-5	-11	0	-16	-47	-148	-98	-6	-5	-15	111	-57	36	-11	21	199	-62	101	46	24	-12	10	-27	-10	-1	-9	-34	-12	-53	-169	-68	-8	-38	58	146	-112	-2	6	-41	201	13	41	35	-9	13	-27	26	-34	-19	-14	-20	-19	4	42	-58	-33	-10	-24	5	127	37	11	-4	-38	-89	21	41	25	-6	-5	-1	-24	-13	-6	3	-17	-7	5
民權復興路口	84	57	63	6	-10	88	98	30	9	-96	-37	-67	-58	-54	-123	-52	30	-33	-8	7	-1	2	27	44	-113	-24	36	44	59	-12	64	15	-10	37	115	80	29	-79	-63	-47	-56	-29	-5	-11	-6	64	30	46	-83	-98	35	-22	56	-67	15	79	49	55	51	51	22	-14	-68	-75	4	-8	-24	6	-5	44	23	34	-150	-93	50	-14	30	-9	13	-9	32	79	13	87	15	-19	-95	-34	-7	-18	-14	-8	-5	0	25	40	-80	-87	30	-52	108	-26	29	49	-18	97	91	55	-29	-47	-54	-46	-34	-18	-12	-7	7	12	34	30	-100	-25	14	-42	52	-52	53	41	11	74	134	17	-25	-14	-91	-84	-6	-23	-42	-5	-20	10	4	58	76	48	22	5	-18	95	44	5	-12	-42	-48	-30	-31	-20	-90	-121	-48	-29	-26	13	-6	3	27	65
民權運動公園	67	85	10	72	64	18	44	29	-10	-60	-107	-93	-64	-91	-81	-33	-25	-10	2	-2	3	2	52	162	92	58	30	-23	-10	-14	12	-20	-8	12	-26	-41	49	-5	-98	-67	-65	-14	-4	-2	-12	46	51	160	103	41	13	2	-44	-10	18	-20	-1	-23	-34	-67	-16	-24	-23	-15	-40	-23	-18	11	-7	-16	43	192	61	52	-3	-10	26	-24	18	-24	6	0	-36	-42	-7	-41	-82	-55	-12	-12	-14	-9	-8	-5	33	143	93	60	-1	-22	-11	12	7	-18	0	-72	-17	-25	38	-49	-26	-26	-74	-14	-1	-4	-5	0	34	180	48	48	41	13	-13	22	-7	-14	-30	-28	-42	-26	28	-24	-38	-91	-89	-14	-17	-10	-9	-8	1	23	88	76	70	94	7	71	36	34	-26	-27	-68	-32	-60	-31	-87	-46	-36	-34	-18	-3	-6	-19	18	51
永吉松信路口	55	3	41	45	-15	21	-3	-41	-33	-109	-109	39	-3	-124	119	69	14	-23	-12	7	-64	3	68	100	-18	23	-16	45	7	36	-21	-28	-43	-125	-55	86	7	-135	113	30	-51	-58	-10	-11	-22	60	109	-13	55	65	-7	5	5	-8	-22	-27	-85	-105	98	18	24	-88	61	-28	-20	3	-10	8	-32	-6	127	3	-10	86	-20	15	-22	11	-32	4	-37	-127	7	62	-108	-35	109	83	-20	-30	-13	-3	-68	-1	106	-34	72	20	-11	54	8	-13	20	-16	-32	-164	34	-7	82	-138	105	-22	-30	-11	-17	2	-18	-23	161	-27	68	69	-30	28	-1	15	6	-42	-88	-72	3	100	-83	-51	104	44	-40	13	-17	-9	-17	-109	80	74	10	83	43	17	-5	-18	-20	-36	6	-63	-71	-26	-24	-25	108	-90	59	7	-2	-11	-22	-37	77	53
永樂市場	19	-44	-48	20	19	80	16	-3	-6	-3	-103	19	22	-39	-22	17	-17	-15	0	-6	-3	-12	16	94	-196	107	-4	-6	32	19	5	23	-20	86	28	-2	-53	-21	-65	20	-5	-42	-10	-23	28	5	-9	134	-248	167	-41	13	31	70	2	-47	34	39	60	-33	-41	3	-75	-10	30	-12	-14	-15	-2	2	14	78	-242	152	14	7	-5	67	-12	-84	-4	83	63	23	-57	-58	-24	-37	6	-23	-6	-14	5	-8	-1	162	-178	103	-19	40	3	35	-28	-55	7	101	80	-87	1	-34	-24	-17	-6	-16	-10	-8	-3	-2	-11	80	-130	97	-4	-42	76	-38	41	-6	-9	57	46	-20	40	-50	-132	-36	30	2	-20	-22	13	5	13	114	-36	-18	-5	-12	44	35	48	29	1	-45	-52	-30	26	9	-71	-63	22	5	-22	13	5	8	12	90
玉成公園	59	95	-24	99	74	-1	50	-3	-31	-76	-88	-98	-28	-137	260	2	-62	-32	-15	-8	-40	-2	66	6	127	43	-36	47	8	-32	60	-8	-90	-3	-200	144	-40	-72	155	-48	-79	-43	7	-23	-25	19	104	-30	166	-5	-49	45	37	-14	-20	30	-27	1	-105	37	15	-34	1	-36	-5	-34	-8	-24	-39	17	45	94	133	-7	23	52	-33	18	27	-8	-60	-47	-233	76	26	-145	146	-47	-26	-38	-20	-39	-42	10	73	92	35	88	50	50	-33	27	23	-48	-49	-50	-143	127	-34	-144	238	-108	-52	-29	-5	-28	-20	4	61	49	78	65	-7	43	-8	8	32	-33	-25	24	-94	-100	30	-134	195	-106	0	-40	-26	-19	-13	-16	20	54	42	93	-1	94	4	-33	88	26	15	-69	-103	-54	-58	-31	-65	113	-6	-40	-18	-7	-36	3	0	33
成功國宅	118	-56	106	-4	3	31	26	-40	-32	-37	-72	-58	-33	22	-42	-34	-45	-20	4	-19	-17	-3	71	97	-43	105	25	47	9	-5	58	-19	-66	26	36	-37	-44	-59	5	-20	-33	-8	-9	-4	-4	10	25	124	-78	85	17	12	9	0	51	-15	-63	8	43	31	-47	-65	-8	-48	-37	-11	-21	-32	-13	1	67	129	-1	53	39	-41	-6	-17	50	-5	-77	62	32	-42	-48	-47	-37	-91	-6	-29	-10	-4	5	-3	49	113	-43	60	28	37	7	0	29	-45	-42	30	64	-31	-9	31	-94	-67	-18	6	7	-4	-30	-23	61	136	-51	36	73	6	-14	-12	56	-31	-104	51	27	-33	-79	-51	17	0	-15	-46	-6	-7	6	-11	40	72	45	67	24	16	23	-4	22	-5	-14	-67	-101	18	-13	-91	-56	66	-43	-36	-25	-9	-7	12	21	123
汐止火車站	-122	7	52	-26	36	58	68	21	1	-1	-8	16	14	1	4	3	-16	-9	-5	-9	0	-8	-119	-32	-54	11	-9	-11	-13	22	23	42	56	153	11	4	-20	5	19	-39	-72	-6	-1	-11	-2	30	-131	-144	-25	-5	13	-22	17	25	33	20	93	129	56	20	13	6	15	-52	2	-28	-2	-6	-4	-19	-150	-84	-65	29	-13	-3	-15	39	43	16	90	154	-5	27	33	28	-2	-19	1	-12	-1	-3	-3	-10	-105	-61	-76	-9	-9	-12	-14	21	21	49	33	137	7	32	31	14	12	-41	-27	-14	1	-6	-1	-6	-119	-67	-28	-42	24	-33	0	1	37	26	129	98	31	-22	10	14	0	-10	-9	-53	-10	-2	-9	-5	-19	-39	-70	-9	-49	-21	2	127	36	33	16	-30	-21	2	52	11	43	-36	3	-30	-13	-10	0	-7	-28	-18
汐止區公所	23	11	4	26	27	19	33	15	3	-5	-39	-38	-12	-36	-6	10	-12	-12	-9	-6	-5	-14	11	-7	-9	37	12	13	18	-11	23	-3	18	20	12	2	2	-4	-11	-15	-57	-13	0	-8	-11	31	9	-14	-20	33	3	0	-4	-10	-17	-9	10	14	7	14	8	-16	-13	-21	-5	-20	-3	-3	-19	-8	10	-13	-10	10	1	3	-7	2	32	12	32	20	-5	2	7	-1	-4	-17	-8	-7	-7	-7	-9	-8	6	-4	-14	17	7	5	-4	25	8	2	43	16	10	0	27	-18	-20	-32	-3	4	-6	1	-8	-9	4	12	1	13	-2	10	-5	-11	25	12	44	3	-5	-3	-2	-2	-27	-20	-9	-8	-15	-12	-11	0	6	12	31	-1	-8	27	30	5	49	16	-4	-13	-44	-13	-6	-14	-52	7	-21	-9	-11	-5	-15	-5	-3	25
百齡國小	8	-28	1	73	50	8	2	-5	9	-195	53	-13	53	-109	27	-43	-4	-28	-30	-4	-2	3	175	18	-5	-20	-35	12	39	23	-41	-40	-36	-35	102	-10	47	-101	-11	38	9	-35	-21	-1	1	-4	198	-74	42	-58	-32	61	28	-29	7	-62	-2	-25	19	41	22	-79	-70	23	45	-27	-3	-8	-7	9	199	-114	79	-73	-24	11	48	9	-25	-14	-1	-101	43	78	-2	-125	-20	28	-24	19	8	-47	-12	7	198	-33	98	-22	-26	-13	7	56	-6	-47	-9	-11	-78	19	42	-33	-111	65	-43	-17	-6	-7	-7	22	158	-50	100	-31	14	42	23	25	-7	-57	-34	-72	-36	5	41	-154	21	107	-62	-17	-12	-10	-3	14	113	-38	42	-30	61	46	36	23	11	5	-19	-90	-111	75	14	-167	36	17	-32	-19	-24	11	-12	7	98	62
老松國小	42	60	66	-9	41	21	28	0	-1	-42	-108	-46	6	-53	-7	-22	-1	-6	-13	-5	-11	10	52	93	75	-16	20	7	-11	13	17	-23	-7	-42	-121	-73	-5	-30	-46	4	-16	-18	-5	-7	6	36	20	104	132	-26	-30	-10	-18	27	12	4	4	-54	-55	-55	61	-51	9	9	6	-14	1	-17	-25	-6	61	143	13	-65	-59	12	14	-5	31	42	-4	-69	-43	-87	22	-66	-8	9	-26	11	-4	-17	11	14	23	92	134	-21	-25	32	4	13	32	-7	-18	-48	-59	-67	-46	-100	-38	88	16	-8	-7	-7	-2	-11	32	151	71	-105	-66	68	15	10	81	53	-38	-46	-57	-51	-59	43	-27	7	-4	-30	-34	-16	3	8	32	67	74	7	51	51	53	20	2	7	16	25	-74	-43	-19	-39	-21	-17	-18	10	-10	1	-9	16	30	-6
考試院	63	33	45	26	-8	-17	44	4	4	-31	-83	-48	-26	-12	10	30	-38	-25	-15	-17	-6	-4	32	28	-44	39	24	59	78	-60	2	21	52	32	-38	-39	-47	-113	152	-65	-26	-56	-11	-11	-16	7	28	52	-25	-36	35	21	47	-51	33	69	43	12	-45	-19	-21	-68	79	-33	-68	-7	-16	-7	-19	12	33	14	-71	78	34	67	60	-20	-46	-26	43	26	-38	-24	-14	-9	0	23	-53	-36	-15	8	-5	-10	19	27	-70	65	23	37	31	-39	16	44	7	41	-39	-9	1	-148	141	-58	-29	-30	-25	-9	-20	13	32	46	-33	69	35	35	1	-18	16	36	-3	-3	-30	-5	-27	-146	66	16	-15	-17	-32	-16	5	-18	16	33	39	42	40	28	14	10	8	-8	4	-6	-45	-9	-82	-125	116	4	-52	-8	-45	-8	21	16	28	29
西園艋舺路口	82	73	17	58	44	47	13	17	14	-60	-74	-40	-1	-103	-119	8	6	4	-28	-7	-9	-11	3	112	125	29	56	1	39	-37	31	-25	6	-26	-51	-142	10	-109	-26	42	3	0	-4	-12	-15	8	-17	110	83	10	8	11	58	42	-7	-28	-6	17	-41	-95	-33	-78	39	13	4	-25	-18	12	-14	-37	-17	102	111	1	-11	55	19	13	1	-62	18	36	-105	-100	-14	-74	-23	83	2	-28	-7	-1	-29	-14	-12	95	82	-38	12	-13	42	31	26	-62	-14	57	-82	-78	-33	-94	51	13	16	7	-12	-23	-11	-28	-22	74	100	13	-7	-15	117	24	60	-54	56	0	-95	-51	-62	-54	-20	35	28	-20	-23	-28	-39	-16	11	61	99	13	37	49	25	39	150	47	0	-53	-104	-50	-4	-104	-77	47	19	5	-26	-31	-29	-6	11	26
吳興公車總站	181	-9	69	183	-137	32	4	-47	-1	-115	-17	-126	92	-95	9	54	-45	-29	-17	-6	-22	41	84	94	78	-47	14	75	-35	8	54	-33	14	-379	265	-67	28	42	-130	119	-102	-72	-41	-16	-20	-3	148	-42	128	71	15	36	-75	39	16	11	-28	-272	105	35	58	-48	-26	68	-77	-13	1	-18	-54	18	104	53	95	-52	80	34	-14	-92	67	-47	-88	-88	21	-21	7	90	-172	149	-71	-60	-30	-18	-16	-25	111	15	34	118	15	31	-11	51	-21	-8	-20	-281	61	110	-81	146	-138	79	-34	-61	-53	-31	-30	-21	198	-24	165	3	-26	87	29	-30	22	-9	-61	-102	-34	-55	54	37	-149	93	-61	-61	-55	-20	-26	9	150	43	121	-43	94	142	-135	95	-13	-10	-78	-105	3	-47	-65	27	-12	81	-84	-48	-55	-18	-8	21	117	-80
辛亥新生路口	-57	-86	30	60	81	10	11	76	59	-72	-16	-49	50	-14	3	14	21	15	-9	-7	11	0	19	14	-147	34	-97	34	32	-12	24	-34	60	59	-85	-63	112	73	-25	7	-15	-31	3	2	4	25	-1	-12	-132	29	-76	59	36	-29	69	-83	87	32	-82	-106	150	91	-30	-5	-11	-23	-6	-1	13	-9	17	25	-72	-22	-80	68	52	-15	0	-43	-29	146	-152	-27	128	86	-50	-31	-3	3	5	-6	1	6	-20	27	-50	9	-103	-18	35	30	53	-54	81	25	-51	-105	54	172	-41	-16	1	0	-1	-8	-8	1	0	38	-73	-70	-124	51	52	26	38	-48	68	76	-54	-115	142	54	25	-42	12	-6	-32	-20	-26	-14	-20	-12	-110	-31	84	46	48	-17	54	29	56	-34	-97	-25	-29	109	-46	39	14	-16	-7	-11	9	-6	-13	-63
和平重慶路口	31	2	59	180	55	-31	71	4	-54	-56	-69	-143	-84	-42	73	-19	-51	-34	-43	-23	-29	39	203	-73	133	169	9	43	70	-66	-5	-83	-58	-31	-138	-45	-33	-45	44	-26	-43	-45	-34	-26	-26	30	315	-101	40	24	-21	92	140	-78	-28	8	-64	-60	-48	-111	68	77	0	-12	-50	-37	-34	-31	-44	11	261	-89	-25	144	-75	185	131	-67	-94	-74	-44	-45	-138	178	-81	66	-150	52	-48	-50	-12	-21	-38	19	218	-3	-54	172	-86	145	94	-56	1	-49	-34	-31	-276	179	-62	-66	11	72	-41	-9	-22	-56	-38	8	297	-136	43	1	-37	113	130	-69	0	33	-139	72	-169	15	-31	-32	1	-34	59	-72	-53	-23	-18	16	137	121	2	28	-123	203	32	31	52	38	-22	-31	-93	-62	-133	27	17	-99	89	-89	-74	-26	-27	19	72	123
東湖國小	32	44	23	21	17	24	80	13	-8	-53	-143	54	7	-29	11	1	-21	-35	-9	-4	-2	16	43	8	25	-9	5	-33	-5	38	11	-8	-27	-95	-68	112	-6	-32	24	-3	-18	-34	-9	0	9	11	57	6	34	-7	-6	-2	-43	13	38	15	-18	-87	12	76	13	-9	-29	31	-29	-23	-14	-11	-2	-2	75	1	40	24	-27	9	-13	4	-9	50	-5	-100	2	29	26	19	-37	7	-17	-19	-4	-4	-8	-4	68	-11	56	8	-13	-13	-26	42	56	9	-7	-109	-109	119	-4	-8	-21	20	-28	-3	-14	-23	1	0	50	9	34	48	-4	-26	16	44	33	13	-74	-29	-37	10	48	-9	-8	-46	-51	-37	-28	-11	-1	7	14	3	13	51	21	8	71	60	30	16	-42	2	-69	-16	17	8	-60	-75	6	-38	-15	-16	5	8	10	38
東湖國中	-19	9	69	41	-6	38	40	7	-7	-24	-82	-49	-5	-72	-84	69	-12	-7	9	-5	3	1	-12	50	54	32	21	38	-19	-10	19	-30	39	27	-92	-69	-34	-103	63	16	-32	-6	-11	-2	3	7	0	53	53	24	4	59	3	-25	-24	-8	26	75	-121	-43	-30	-110	110	-28	21	1	-3	-3	2	-10	-2	46	52	-12	28	13	13	-3	32	10	50	29	-97	-21	-24	-112	17	-7	-12	-11	0	-3	-3	1	-14	39	10	33	40	45	40	-5	31	24	52	37	-47	-86	-37	-103	-57	37	-19	2	-9	0	-4	2	-19	59	24	17	51	49	-42	9	12	23	112	-40	-45	-26	-16	-96	-59	-18	11	3	0	0	-3	1	33	49	81	5	6	45	-22	46	70	43	-2	-29	-74	-31	-34	-74	-28	-27	-17	-19	-5	4	30	5	37	55
東園國小	84	9	115	11	50	46	1	52	16	-67	-175	-43	49	-107	-73	67	-26	-27	-28	-10	-4	-8	130	154	77	1	39	-50	20	24	-16	8	-69	-121	-265	58	-23	-85	76	69	32	-34	-8	-13	-23	33	132	132	52	8	12	13	-18	-28	6	9	-60	-74	-256	119	59	-122	6	70	-16	17	-31	-5	-14	9	128	137	56	11	36	7	-2	6	-7	-18	-98	-98	-236	45	81	-91	-30	74	-23	17	-11	-9	0	14	101	144	53	13	1	-9	-9	-1	-7	-56	-55	-219	-153	105	205	-153	61	1	6	-6	-17	-9	-21	-5	115	158	98	27	14	-21	10	23	-7	-40	-25	-119	-241	5	108	-137	-14	99	-50	-10	1	-16	-4	21	47	25	18	25	111	30	47	71	32	28	-30	-95	-187	60	74	-123	-60	-19	-7	3	-33	-16	-1	-2	52	35
東新國小	37	-10	52	22	49	27	41	18	-30	-39	-94	-22	-32	-99	-44	71	-36	-11	-18	-17	-2	-14	48	29	116	44	-5	23	-3	6	51	-49	-5	-28	-59	-58	-28	-101	71	-8	-35	-18	-5	-12	-3	5	73	130	3	47	-92	38	-6	20	31	-7	-1	-8	-63	-39	56	-54	-31	8	-18	-25	14	-20	-18	-12	74	108	62	16	14	5	0	19	4	-15	-25	-25	-54	12	-26	-105	31	-22	-7	-11	-15	-5	-2	-7	67	137	5	-18	-28	15	25	32	-20	-29	32	-42	-13	-32	4	-104	-14	84	-67	-3	-12	-6	-3	3	83	104	8	15	-68	22	8	25	22	5	23	-37	-27	-23	-11	-42	-17	-7	-41	-21	-12	-8	-13	1	54	35	35	17	33	45	34	-4	48	25	-12	-60	1	-27	-42	-123	-31	70	-57	24	-7	-5	6	-29	53	44
松山車站	-53	22	119	35	95	64	41	84	-9	-349	-144	272	301	46	-11	-7	-21	-36	-22	-12	-94	-141	53	166	-13	58	-19	36	-11	-56	-61	-12	-62	-439	458	-251	135	163	49	-12	9	-44	-18	-32	-93	-68	86	117	-13	41	4	-37	51	-8	-48	-35	-103	-400	373	-131	165	167	14	41	-58	-5	-37	-51	-106	-64	145	126	67	-19	5	30	-14	-51	-30	-60	-137	-230	251	-113	177	155	-27	17	-21	-53	-6	-33	-104	-53	53	23	32	73	8	18	17	1	-37	12	-129	-246	194	-127	176	201	-12	39	5	-34	-4	-61	-84	-141	85	115	-46	73	36	58	-30	21	22	-13	-295	-107	182	-123	150	215	-11	51	15	-77	-56	-24	-141	-101	-125	-25	56	11	15	53	55	114	67	-3	36	-380	29	14	244	149	61	6	2	-26	-45	-53	-86	-94	-12	-154
松山家商	80	57	140	136	30	48	7	20	-65	-48	-60	-103	-169	-163	85	8	-95	-20	-4	23	24	48	53	-152	347	166	33	19	-152	83	-69	33	-163	277	-211	-111	101	-104	94	-99	-82	-53	-15	-10	8	73	44	-190	415	50	-9	64	-51	32	-49	-65	-137	276	-84	-85	24	-76	75	-48	-66	-42	-31	-20	-2	47	56	-217	326	43	39	44	-82	103	-66	-133	-105	284	-120	-120	16	-76	107	-110	-44	-69	-23	-2	17	36	37	-97	334	58	38	17	-47	20	8	-58	-113	216	-121	-144	29	-34	95	-84	-107	-79	-21	-17	18	66	85	-182	322	43	59	43	-29	5	-32	-32	192	-47	-157	-113	21	-8	59	-140	-117	-80	-53	-2	7	28	77	86	111	117	91	71	36	-16	-16	35	-4	-110	-43	-66	-115	-155	-52	-61	44	-52	-28	-9	19	30	42	69
松德公園	6	41	17	19	-23	23	-3	15	-1	20	-26	-3	-71	-45	30	-6	-7	6	11	0	2	10	15	20	-57	-72	66	30	29	-12	1	1	-26	116	-1	-15	-50	-32	-76	-12	5	-3	-2	6	5	16	30	73	-75	-66	56	19	44	-34	-24	-23	10	84	-10	0	-59	-11	-13	-25	-5	7	4	6	4	13	29	19	-100	-55	5	22	95	-22	16	-42	12	112	-15	4	-50	-1	-5	-2	2	-2	-5	0	8	11	24	16	-80	-44	48	11	10	-33	0	-30	23	117	8	-27	-31	-1	-48	-25	-2	4	-4	2	-2	15	27	33	-46	-32	43	3	37	-6	16	-5	71	30	-8	7	-42	-38	-12	-17	-17	11	17	-5	4	-7	9	65	-8	27	-4	14	-7	16	-44	27	4	-28	-31	-32	-15	-53	7	13	9	4	-4	0	-20	8	10	44
松德站	39	57	51	32	-22	-2	-1	-35	41	-65	20	-104	-69	61	-46	-30	-9	-14	-10	11	4	34	74	-82	-81	134	94	66	52	-91	-35	-6	11	124	-59	-62	-76	-82	7	2	-23	-14	-1	-17	-16	44	67	-47	-140	148	27	56	27	-46	38	-4	29	46	64	-38	-61	-94	-92	38	9	5	-2	-17	0	11	70	-95	-131	217	-16	83	32	-91	11	36	-2	82	-7	-26	-61	-100	38	12	-14	-20	-3	-2	-4	3	35	-59	-163	171	24	110	12	-59	-24	18	85	106	-27	-38	-85	-98	0	-9	-21	-21	-7	-10	-11	28	26	-44	-112	178	68	78	47	-46	9	-23	60	83	-35	-27	-55	-166	14	-9	-13	-7	-13	-16	-4	15	34	52	72	88	-10	46	18	5	-54	1	31	-58	1	-54	-38	-7	-62	12	-9	6	-13	-8	-23	-9	32	63
林安泰古厝	-55	53	-13	36	10	14	141	39	52	-55	-34	-19	67	-32	-44	-27	-23	2	-1	-9	-5	-11	-13	-7	-16	33	7	-5	11	-23	29	18	36	-2	8	13	-12	-18	-32	-23	-39	-10	-3	3	-7	4	-11	-35	-120	54	-8	14	50	5	53	5	57	110	-13	-12	-32	-18	-7	-15	-8	-9	1	-2	0	-15	-16	-8	-136	47	20	-10	-4	3	0	-8	62	144	-6	-11	-16	-46	-1	-25	-9	-10	-4	1	-2	-6	-13	-14	-127	12	24	-10	5	19	42	16	98	91	-9	-38	-24	-2	-34	-16	-32	-19	-8	-1	-3	-6	1	-24	-151	69	26	9	32	55	15	47	57	63	-7	4	-19	-40	-13	-17	-19	-11	-12	-8	2	-4	-30	-32	-61	58	20	43	78	18	62	27	6	-59	-47	-25	61	-28	-23	-52	-5	-14	-1	-7	-5	0	-15	-27
林森公園	-2	-131	17	-57	7	28	146	42	-38	-16	-39	6	16	19	8	10	23	-10	6	-33	-25	-3	-19	-24	-174	-51	24	-32	29	40	27	30	-22	90	60	26	-20	56	-14	8	-8	-23	-2	6	7	31	-10	-44	-170	-119	8	-10	47	-33	123	31	-12	24	94	-18	9	58	-23	8	-13	-10	24	2	-5	-6	-18	-23	-190	-77	-9	25	56	20	88	-33	-54	88	14	49	38	-2	28	17	7	1	14	-11	-63	-21	-1	-35	-208	24	-11	31	30	-16	41	24	-2	44	56	56	22	87	-60	-25	3	28	10	9	-13	-10	-5	-39	-186	-55	11	-10	65	0	51	37	-8	-20	19	14	60	15	61	-26	42	38	-23	-10	1	-17	-2	10	10	-67	14	-85	20	-7	92	35	-8	-62	-12	-7	20	27	17	4	-32	25	24	2	-12	1	-1	-15
社教館	-21	4	34	15	12	-22	47	48	22	-8	-116	5	-2	-6	-22	15	-14	-5	0	2	8	-43	26	42	-130	-79	11	51	93	19	-30	-38	76	83	45	-26	32	18	-16	-54	7	-29	1	0	3	6	21	24	-51	-158	-19	23	76	-25	-14	36	-27	63	22	-10	64	22	-36	-26	13	-4	-10	-13	-2	-23	24	30	-71	-210	-3	87	-28	36	67	-16	82	60	-37	-11	65	42	-34	-34	5	8	5	-6	-17	-32	30	52	-103	-117	27	49	4	-9	16	20	11	40	35	8	30	34	-42	-8	10	-11	-23	-28	13	-34	36	43	-109	-80	8	88	44	-42	60	-11	26	-3	37	-61	58	60	-58	-1	19	6	-30	2	2	-22	35	-70	-53	-15	29	75	-24	43	15	-4	20	-23	-139	-38	31	53	51	-36	11	16	-5	-16	-1	-31	4	-14
金山市民路口	-54	-20	-66	4	38	-26	35	21	103	2	2	-2	-6	-10	-3	2	-26	9	5	5	6	3	34	8	-53	-14	-26	-52	15	-28	-96	-1	-18	83	90	-20	2	-4	-34	-17	-30	20	2	6	1	13	28	37	8	-67	-20	-1	40	-101	-100	-50	-47	42	148	56	20	29	-25	-25	-8	15	9	4	6	-6	33	10	8	-14	-62	25	17	-41	-54	-31	-25	6	54	24	-50	48	-16	16	-22	10	2	8	4	1	27	24	4	-26	-52	-9	26	-75	3	-18	-38	19	143	49	19	9	-1	-14	-30	15	13	13	-3	-5	26	10	-11	-54	-56	2	52	-40	-94	-18	-22	104	37	15	11	55	-5	-12	7	15	13	-3	10	-23	28	8	-12	-53	-68	8	-15	32	5	-1	37	70	7	-17	21	14	-2	-7	4	-23	13	0	-2	1	23	-33
金山愛國路口	28	28	11	42	66	-4	57	16	25	-2	-17	-31	-32	-2	-22	-60	-33	0	5	-8	-1	5	-55	-146	-89	64	63	47	148	-17	36	2	39	122	14	-122	-1	49	-26	5	-70	-1	-8	-4	-14	51	-42	-182	-88	50	46	69	130	-127	-2	-58	81	175	6	-116	-46	85	-1	-56	-13	-26	-5	-5	9	32	-41	-199	-46	32	29	70	106	-109	5	11	39	201	-25	-43	-35	40	50	-34	-19	-7	-9	-4	17	22	-32	-222	-106	-3	38	20	113	-15	53	-26	35	150	30	-98	-115	65	97	-29	-39	-30	-3	-3	-11	15	-57	-172	-41	29	20	-6	115	-14	79	14	82	123	-15	-79	7	64	30	-95	-42	-7	-2	-5	-21	6	-22	-1	-28	15	54	20	134	-18	-10	40	44	-1	5	-39	8	-2	-83	-80	6	-27	-9	-3	-6	-37	-8	24
青年公園3號出口	-8	66	26	92	40	20	82	-6	-61	-109	-135	43	82	-112	16	22	-21	-20	-22	0	-10	31	86	17	-104	19	72	21	32	16	-10	24	-25	-191	-91	233	-46	-195	62	51	-29	8	-16	-26	4	33	108	70	-107	-61	2	81	44	36	6	-43	-47	-151	10	149	-8	-109	22	64	-35	9	-40	-22	-5	23	126	32	-97	19	70	-31	11	72	-27	8	-54	-208	44	104	42	-163	41	59	-32	-19	-32	-2	9	20	94	63	-153	21	0	72	47	-20	-11	54	-83	-154	-28	197	-39	-115	-1	49	-24	4	-26	25	1	23	109	92	-220	57	-13	80	37	6	-18	-5	-19	-144	-23	160	52	-165	-74	99	25	-21	-23	-13	25	-22	54	60	-4	-95	82	29	83	-12	-2	93	7	-114	-148	155	56	-92	-73	81	-40	-47	-30	-20	-12	-33	41	60
信義建國路口	74	-118	-115	108	145	-24	-28	125	61	61	6	-38	-8	8	-6	-18	-20	11	-15	-15	-13	-18	-96	-154	266	37	-42	0	22	-16	-18	-43	141	68	-18	-78	-26	14	-12	-19	-28	-36	-6	-12	1	15	-119	-169	272	98	-92	-7	56	-137	-43	25	194	71	39	-89	-56	54	39	-26	9	1	-3	5	-20	-23	-122	-131	189	82	-29	-7	46	-139	-28	-4	101	111	-18	-117	12	104	-9	-6	-4	-30	-7	-3	-1	-18	-82	-104	164	-7	-46	16	29	-36	-72	-22	118	158	0	-128	44	63	12	-23	-20	0	5	1	-9	-25	-96	-176	165	-2	7	29	5	-14	25	-90	86	109	1	-75	32	-8	-28	-7	0	1	5	4	23	7	-68	-80	22	-43	-100	210	-53	11	16	24	18	53	20	-56	18	7	10	-32	5	-8	-1	-11	-10	15	-39	-147
信義連雲街口	-32	30	19	61	-3	13	34	9	25	-22	-1	-2	17	-23	18	-43	-25	-35	-10	-4	-19	-24	45	98	15	-50	-36	26	-5	31	-58	-1	-75	-11	-17	-34	55	54	60	-58	-38	-59	-14	-19	-5	5	30	113	11	35	-87	-27	22	4	30	-75	-62	58	-35	-43	-4	49	84	-59	-47	-20	-3	-5	-58	-18	44	166	93	-39	-83	-20	22	16	33	-80	-33	-13	-14	-22	39	72	9	-56	-11	-89	-8	-4	1	9	33	102	54	1	-81	-8	21	79	-51	-89	34	58	27	-37	7	-13	44	-39	-34	-39	-18	-9	-41	-1	44	95	109	-14	-7	-31	4	105	-94	-30	-38	16	-2	-46	18	84	67	-42	-26	-66	-32	-25	-6	-18	33	57	-38	48	36	-29	180	-19	1	-2	-36	55	-99	-50	37	34	29	-23	-51	-30	-17	-9	-34	29	34	1
信義敦化路口	-17	1	-35	44	41	38	18	-22	-57	-18	-47	-22	14	-91	29	43	22	6	-8	1	19	25	-1	-31	-351	51	68	116	137	-68	-8	22	-79	207	35	28	-13	-74	17	6	3	-31	-15	-5	26	49	20	-17	-396	-19	28	2	201	-59	10	55	-94	155	69	-21	-8	-60	-10	16	15	26	1	1	1	24	-37	-4	-313	-80	124	21	175	-61	67	-6	-50	70	88	-1	-7	-51	52	47	-1	16	-2	11	-8	-4	-5	21	-363	-51	28	42	228	-21	-11	15	-13	105	104	2	-66	-53	37	20	20	1	1	-22	-9	-3	-11	-23	-277	13	48	70	129	-42	19	52	-167	144	54	-21	-7	-5	-11	25	38	1	-2	-2	-10	16	5	-55	-15	-56	-12	58	38	23	35	-35	-36	-25	-78	-24	9	-32	70	13	13	-3	0	9	0	21	-2	-10
信義廣場(台北101)	-57	-160	-114	-48	41	73	73	187	90	71	30	10	16	41	30	-1	7	0	1	-8	-14	-31	-29	-106	-60	-53	-52	15	49	-210	-27	-1	36	337	91	-9	64	16	19	-3	5	-81	0	-7	-46	-36	-61	-102	-124	17	25	41	49	-168	53	10	-124	148	85	-20	78	14	25	8	12	4	1	-32	-24	22	-47	-59	-121	-1	25	7	-24	-141	48	38	25	170	57	17	-29	93	76	4	12	2	4	-13	-58	-73	-48	-121	-129	-35	28	101	45	-210	31	51	97	160	77	20	23	9	50	21	9	-2	-3	-14	-14	-45	-40	-70	-146	-96	24	93	108	-90	-61	90	42	136	-5	-8	4	59	19	9	3	7	6	-14	-50	-62	-46	-104	-116	-102	-134	-50	81	-23	142	119	58	78	48	-51	32	62	21	15	14	0	-2	1	-35	-34	-38	-122
南昌公園	7	69	29	55	74	19	43	-9	6	-47	-148	10	70	-29	94	-63	21	-63	-41	-15	-31	-25	-156	49	121	-38	98	90	34	-9	-9	20	-30	-127	-50	45	-18	3	93	57	-68	-60	-4	-13	-18	9	-175	100	69	-23	97	-80	108	4	-45	9	-64	51	-17	-96	19	106	158	-24	-48	-58	7	-36	-30	6	-175	96	97	-100	115	-46	104	-27	-29	35	43	-152	-37	-93	148	17	165	-53	0	-54	-25	-18	-25	-25	-197	21	121	-46	138	-16	108	48	-78	12	-20	-157	72	-77	76	-6	154	-83	33	-74	-12	-31	-30	-17	-129	86	5	-2	106	7	116	-20	-15	-26	12	-81	7	-22	107	-50	52	-17	80	-101	-41	-44	-30	-3	-36	-3	-22	45	26	-65	169	100	37	2	-25	-20	-78	-27	69	18	53	-64	30	-74	-87	-21	-18	-21	23	-1
南港世貿公園	5	8	-26	17	27	31	38	46	-11	3	-15	-20	-29	-16	-13	-3	-3	6	-3	-6	-2	-2	10	-16	-99	-37	23	91	77	-127	14	3	56	140	24	-16	-24	19	-6	-1	-25	-16	-2	-1	-4	24	11	-56	-186	-4	-3	69	76	-85	-13	-12	51	121	21	15	1	6	-8	5	-11	-6	-7	-4	-9	-4	10	-30	-149	-40	-35	60	83	-44	-4	18	25	127	32	-11	13	8	-16	-8	-12	-2	1	-3	0	2	4	-53	-126	-73	5	48	117	-94	-24	18	17	180	34	-33	20	13	-5	-9	-3	-4	-6	-1	1	0	14	-49	-163	-18	-24	49	110	-83	-10	18	49	101	26	-1	-12	4	-19	-3	-6	-15	-7	6	-1	0	-3	-14	-19	-12	-31	18	-2	31	2	18	8	-21	12	-28	-16	-18	-6	-26	-13	-20	11	-1	-2	-1	-2	1
南港車站	-59	-63	41	-14	39	41	94	47	3	11	11	-15	-52	5	7	14	-11	-9	-2	0	-39	-3	0	94	44	-29	-61	0	-51	-33	-39	-6	82	-96	6	53	-37	8	90	-12	-30	-53	2	0	-29	23	12	81	78	2	-60	-23	-29	-40	-62	5	68	-56	-9	12	19	2	68	-14	-13	5	-7	-19	-17	11	33	84	50	-1	-45	-20	-52	-51	-6	-31	77	-104	-36	-18	6	49	106	-21	-28	10	1	-15	-4	6	16	88	18	16	-73	1	-48	-36	24	-5	122	-106	-34	-6	17	59	70	3	-26	-40	-2	-9	-7	6	-6	95	15	0	-40	-4	5	-23	-33	-23	106	-63	34	15	-21	-9	51	-14	-3	-48	-4	-4	-4	4	-12	3	-33	-46	-22	-37	-15	29	117	39	16	12	-7	-76	24	28	13	36	-11	-14	-24	-22	-26	19	-10	-22
南港國小	-1	17	-21	35	55	19	-2	54	3	-19	-39	4	-29	-36	-12	-2	5	4	-3	1	-2	-8	1	-135	-183	-58	59	47	66	-24	-19	-7	102	280	41	29	-39	-10	12	-9	-27	4	-7	3	1	32	-9	-154	-209	-96	39	34	24	-37	-44	-31	102	253	86	40	-6	8	-12	-5	11	4	-6	-4	2	-15	-3	-148	-229	-149	31	37	57	-1	-8	30	58	228	43	12	16	-1	-6	-9	16	6	1	-1	0	0	-6	-154	-180	-112	6	22	69	-8	-99	24	95	264	82	24	4	-8	13	-6	-8	14	-3	-2	0	1	-15	-147	-236	-66	88	15	52	-72	3	-21	107	267	39	30	-4	-11	-25	-35	-2	-14	-16	1	-1	-2	1	-6	-27	-7	-1	20	9	-17	28	44	9	-6	-22	-29	-10	-28	-38	-39	-11	12	-4	-1	-2	1	2	15
建國長春路口	34	56	28	26	-5	15	11	16	-26	-6	-126	-44	-44	-37	-44	50	-17	-4	8	3	-34	-12	18	49	-56	70	-5	-3	51	13	-54	-86	31	188	62	-24	-4	10	-58	-16	9	-18	16	8	-9	10	-12	33	-98	43	24	8	-1	18	50	-97	-15	82	59	-10	-52	5	-18	-30	-12	-20	2	12	-5	12	25	32	-84	45	-2	-11	14	-21	-1	-52	16	126	17	-38	-20	41	-69	-58	39	-3	-5	12	-30	-4	28	23	-57	36	38	-24	37	-73	16	-16	-27	105	58	-61	11	-9	-85	-22	1	-16	6	-7	7	16	12	-16	-101	128	20	-15	-18	-7	-2	22	-44	130	22	-33	51	-23	-61	-15	17	8	5	-1	-18	-2	-1	15	48	26	-22	-9	-9	48	10	-6	4	-37	-99	-51	-50	38	25	9	-18	-18	0	-12	-15	8	22	37
建國農安街口	55	49	-26	63	91	32	64	44	-17	-28	-138	-24	-3	-66	-104	-39	-14	1	-6	-9	0	4	90	71	101	-31	-81	26	37	28	6	2	14	26	-135	-59	-60	-64	-2	-42	-52	23	-7	-6	-13	27	84	82	158	-17	-12	-22	29	34	-23	-52	28	2	-103	-18	-39	-34	10	-23	-6	-29	-18	-17	-20	10	73	54	182	-70	-41	87	-9	56	-28	29	12	1	-90	-103	-11	-67	-29	-53	44	18	-11	-15	-2	1	56	39	150	-31	-19	75	47	6	10	-44	23	18	-104	-132	10	-47	-79	-1	5	-8	-17	-11	-12	9	62	92	97	-39	-30	43	30	-4	53	6	28	27	-71	-92	-6	30	-78	-57	-68	2	-16	-2	-12	0	12	38	54	14	101	115	93	59	69	-33	-13	-42	-54	-47	23	23	-50	-86	-99	-4	-18	-16	-15	3	19	50
洲子二號公園	-13	-10	3	-11	16	41	70	64	-54	-36	-55	27	31	-39	14	15	-13	2	-2	-3	2	-3	-17	-47	-149	-57	36	20	99	-64	0	-43	7	175	132	-23	30	4	-11	-3	-34	2	15	1	-1	31	-20	-45	-204	-73	54	13	163	-129	-12	4	-54	157	149	-3	16	-3	6	-7	-8	-16	4	-5	0	-8	-18	-77	-200	-3	49	56	113	-104	-7	-13	-22	162	26	58	5	-2	-1	5	-24	-19	0	1	4	-8	-11	-41	-109	-64	21	24	81	-100	37	-13	0	128	53	22	13	49	8	-1	3	-3	0	-1	0	-5	-16	-50	-177	-78	20	46	91	-83	0	38	3	135	64	-31	10	6	-13	-47	-3	4	-21	0	-24	-5	1	-25	-26	-4	-21	24	10	70	65	11	-14	-21	-35	10	23	-8	-9	-10	-31	-24	-6	-1	1	-4	-13	-1
凌雲市場	19	49	43	63	40	21	17	30	0	-29	-50	-75	-23	-66	-18	-19	-26	10	0	-1	20	0	28	57	49	16	39	17	49	14	10	44	-14	-44	-70	-59	-87	-48	-71	-31	-41	10	2	-3	21	19	47	42	33	43	15	6	36	-8	20	133	-27	26	-46	-74	-44	-49	-40	-19	-35	-5	-7	-2	0	1	41	59	47	25	29	-5	28	21	28	23	18	-3	-51	-34	-27	-49	-71	-53	-23	-8	-1	-1	19	1	31	53	17	10	28	-1	13	34	45	32	25	-3	-44	-55	-51	-86	-62	-22	-29	-10	-3	3	17	8	24	61	54	11	40	35	33	44	26	63	-9	2	-40	-70	-41	-58	-90	-56	-44	0	-7	-1	-2	-2	15	28	27	68	38	23	29	61	47	26	13	-8	-26	-34	-15	-37	-63	-64	-28	0	-17	-9	-5	3	13	16
峨嵋停車場	-53	-13	-44	-27	-31	27	96	43	53	-21	-94	-9	27	60	61	-2	5	-32	1	-10	-18	2	21	15	-60	-35	-24	-57	-17	-15	31	57	-17	-25	28	-17	17	2	69	27	-2	-20	-47	6	0	0	53	40	-83	-26	-16	-43	-32	-33	14	56	-33	-9	-9	-5	33	65	40	-3	15	-20	2	-14	5	-9	31	33	-114	-8	-34	-6	-1	-37	67	14	-22	-26	17	-14	19	64	82	6	-3	14	-16	-1	-19	5	18	23	-78	-50	-70	-34	-9	13	33	-16	-27	-38	6	-72	24	152	74	19	9	8	-21	24	-6	-30	13	20	-7	-30	-3	-70	-44	23	29	24	-4	-36	-20	-67	-49	79	169	15	39	11	-16	6	-26	-4	-2	6	-89	-18	32	-44	-47	36	108	39	14	-55	-22	-20	-20	76	32	25	-10	-21	0	-5	6	-29	-2	13
師範大學公館校區	64	119	75	98	0	-47	69	36	-43	-25	-38	-169	-147	-82	79	41	-76	-6	-20	-18	-19	3	114	28	83	87	-13	68	22	-17	-39	61	44	65	-78	-248	-98	-50	117	-55	-51	-20	-12	-21	-9	22	67	2	137	48	-6	100	-65	-33	-38	166	73	34	-102	-138	-122	-71	54	85	-72	-58	-31	-50	24	1	102	0	180	-23	-47	129	47	-135	-76	90	104	66	-79	-135	-134	-44	21	84	-52	-34	-26	-5	-42	9	45	-8	87	86	5	73	-20	-120	-60	115	165	59	-47	-144	-177	-129	150	49	-53	-20	-10	-28	10	-12	84	-1	119	24	-34	156	32	-39	-16	65	45	49	-63	-109	-72	-171	-78	114	-11	-24	-64	-21	-10	4	82	21	142	13	106	163	-38	-12	37	-14	-13	-12	-53	-114	-60	-87	-97	10	56	-56	-47	-14	-8	20	79	8
振華公園	57	57	44	42	-12	40	58	26	-1	-59	-48	-75	8	-113	-71	14	7	24	-11	-2	-8	4	65	102	39	17	-18	-10	-22	40	9	6	-61	31	-28	-24	-4	-74	-64	-36	-42	6	-8	4	-8	21	77	111	59	0	-7	15	-34	14	30	-33	-20	-7	-26	1	-6	-19	-89	10	-24	16	2	4	-11	-5	63	144	14	-6	31	7	6	-12	-5	20	-43	-12	-51	11	-36	-76	-41	12	-36	32	-1	-11	-3	5	72	105	41	-11	27	-10	5	-35	33	30	-46	-37	5	-34	23	-29	-124	-13	36	4	-10	-8	1	6	56	95	47	23	6	-11	5	-41	36	-17	-65	-11	32	14	35	-80	-58	-4	-5	8	-33	-3	-1	13	24	8	40	44	43	12	-1	53	24	12	-15	-12	-76	-1	12	-70	-122	-65	7	14	-8	-15	-2	-17	19	28
酒泉延平路口	39	119	27	1	1	70	22	27	6	-76	-155	22	-64	-53	-14	11	8	-16	-8	-14	-2	7	18	87	-81	90	45	38	42	-39	-52	100	-21	63	-114	-104	-13	-95	136	-30	-14	-24	-9	-7	-6	10	36	76	-79	77	41	29	11	-20	-22	59	-45	69	-118	-47	49	-60	-6	42	-51	0	5	-6	-25	-30	24	96	-53	74	38	16	51	0	-1	-8	20	-2	-127	-18	0	-65	-29	44	-12	4	-17	-19	-22	-11	37	75	-18	44	31	3	52	-1	6	36	-58	42	-92	-20	-15	-110	36	64	-5	-15	-11	0	-20	-9	45	81	-35	13	5	53	60	-25	-4	43	-44	34	-97	-44	40	-93	41	2	-51	17	-32	-10	-30	-3	12	33	77	52	50	47	20	42	7	33	-30	-84	-72	-21	-23	-126	30	-28	-15	57	-13	-12	-24	-9	-1	45
國立政治大學	73	78	27	41	1	69	52	82	2	-103	-123	8	-102	-158	8	38	47	-30	-18	-40	1	4	-4	15	28	-3	-29	-24	63	-27	46	69	65	85	23	-47	-22	-23	-118	8	-68	-37	-5	-2	-24	-21	34	-34	18	-18	7	-25	71	100	82	18	125	38	-27	-46	22	-20	-102	46	-41	-29	-8	-19	-30	2	33	10	11	-90	-26	-11	80	66	109	30	82	113	-60	-57	8	6	-132	-31	-37	-26	-12	-5	-2	-4	28	-13	-3	-6	4	-11	62	9	91	-16	108	10	-43	-32	-52	50	-77	-64	-54	-82	-62	0	19	4	21	-11	43	-16	-3	22	75	20	111	102	118	16	-48	-45	-49	-79	-155	47	-90	-13	-14	-15	-6	3	5	15	71	47	59	12	77	59	52	45	22	-50	-167	-17	-16	-92	-75	-4	-35	-24	-15	7	46	-20	4	28
國立臺北護理健康大學	58	67	37	12	22	56	9	17	22	-31	12	-68	-30	-101	-103	47	48	27	-24	10	-3	0	-22	-125	106	-57	28	20	91	-32	35	4	131	60	-29	-7	-18	-9	-85	-30	-3	-5	-11	-6	1	24	-33	-120	-23	-26	70	62	60	-34	27	78	24	42	-17	-10	-5	-55	-26	-52	12	6	-17	-10	-4	1	9	-182	79	-2	9	-10	102	-21	-2	107	38	56	-25	-19	1	-31	-11	0	-26	29	-24	-24	-2	2	-15	-149	16	-2	51	38	69	-28	-20	68	75	49	-34	-24	34	-39	-61	-32	-8	-2	6	-12	-7	-4	8	-137	78	-2	29	103	30	-90	42	104	-13	50	-10	2	3	-26	-96	-32	-18	5	-20	-9	2	-2	-10	-62	104	16	41	56	55	-1	6	-1	20	-27	-21	-68	-10	-19	-57	-83	30	17	-20	-7	-6	-5	4	-40
國防大學	165	131	51	8	-30	-55	-23	-1	-69	-166	-16	-93	107	-17	-81	-19	29	9	-12	-5	6	-1	-77	-34	86	61	28	29	39	-105	129	62	21	121	-71	-79	-99	-125	-2	54	8	-14	-1	-1	-4	32	64	96	20	-1	12	32	22	-14	-2	11	33	64	-47	-93	-83	-126	-13	27	18	-5	-16	-1	1	0	8	5	26	37	19	23	53	-17	45	13	39	164	-3	-88	-64	-179	-64	-9	9	-10	-5	-6	-3	4	6	15	-10	83	39	18	60	-33	16	20	39	18	58	-41	-107	-100	-4	-4	49	-17	-7	-3	-2	1	30	32	10	8	59	25	13	-9	50	14	-29	165	-31	-55	-30	-117	-85	-79	-34	41	-17	-4	-2	-5	82	120	143	19	11	16	30	-21	14	8	-16	-29	-70	-141	-145	-33	-86	26	25	-16	4	-11	1	2	23	56
國家圖書館	-218	-58	-111	102	142	-86	23	295	111	15	-23	-59	11	14	33	-5	-5	14	-6	-5	-5	-9	1	-208	-158	-39	54	44	238	-192	-10	23	179	161	-29	-75	7	2	62	-33	-17	-31	4	1	-16	17	-88	-305	-285	36	51	142	226	-299	9	112	266	158	-63	30	45	52	-2	-4	-20	-18	-4	-26	-26	-23	-21	-380	-191	20	29	209	200	-408	-50	206	326	143	-167	-25	69	136	22	-15	-12	6	-2	0	-59	-16	-74	-249	-256	34	11	220	223	-364	-79	160	308	150	-31	-149	81	125	-22	-7	-3	1	-17	-3	-15	-11	-64	-314	-189	-65	14	148	215	-301	9	186	283	107	-96	-133	102	101	20	-7	-31	30	-14	-2	-2	-33	-36	-106	-237	-101	54	279	10	-243	-29	212	152	57	-33	-12	41	66	10	-58	-5	3	-10	-16	-30	-28	-18	-78
國泰綜合醫院	56	23	57	16	-23	11	25	-9	-22	-21	-67	-18	-45	-87	-47	53	27	-3	-3	-18	-1	17	113	38	25	-27	-2	0	-4	-18	8	14	-47	-168	-38	95	49	-107	-25	43	19	-32	-9	-11	11	49	98	116	17	-29	-17	17	-15	-21	5	-12	-55	-157	-21	83	89	-47	-70	42	8	0	0	5	3	19	81	82	22	-72	2	-2	5	11	-11	-21	-59	-158	27	34	23	-90	5	72	-4	-12	-3	4	-1	12	110	38	13	4	-7	22	-9	-38	17	64	-60	-164	-39	64	36	-79	35	-6	30	0	-5	-3	-2	20	115	-23	-4	8	6	16	-2	8	-1	-32	-100	-108	24	186	-37	-80	-7	-1	-23	4	-12	-1	0	-5	24	79	-14	40	35	52	21	21	-14	27	4	-35	-52	-1	-60	-36	-90	12	-6	18	-10	-6	4	13	32	51
國興青年路口	140	67	-53	35	1	56	14	-12	-7	-191	-17	-15	-5	-126	121	24	-29	-11	-6	-9	-32	26	-7	172	29	55	-31	10	12	8	-39	-91	-30	-140	20	73	-16	-189	170	5	-4	-45	-20	-11	-40	41	-2	209	73	28	-4	8	-2	-22	-57	-17	-16	-149	9	55	-54	-113	134	13	-60	-30	-17	-2	-14	34	-48	232	139	26	-69	-9	-21	32	-6	-66	-84	-117	-88	128	71	-149	76	31	-5	-11	-36	-12	2	22	-26	193	56	38	-41	4	-2	16	-40	-19	-55	-182	24	84	-20	-154	165	-18	3	-22	-23	-2	-21	44	33	192	26	11	8	31	-19	26	-52	-83	-93	-108	-52	124	-13	-107	115	-10	-40	-11	-39	-26	28	16	-39	134	105	79	-35	17	20	36	2	-8	-44	-223	-66	201	-45	-108	21	25	-61	30	-23	-44	-4	10	-18	142
基隆光復路口	22	20	18	12	8	16	24	-35	-86	-156	-52	64	58	-55	56	38	29	11	8	12	8	-68	53	117	-41	-71	-12	-6	81	-9	22	-30	-99	-97	148	-46	-65	-39	32	12	42	-2	-16	-24	-10	-23	96	103	-56	-37	0	44	0	3	-2	-13	-76	-55	99	-50	-69	-9	-55	21	49	30	2	13	-2	-31	84	125	-41	-17	-15	20	20	-29	-13	0	-78	-19	71	-107	65	-79	9	13	22	-3	0	-7	-14	-1	91	80	-21	-50	24	34	-9	1	40	-58	-107	-19	127	-81	18	-64	-48	88	55	12	-13	7	-1	-47	107	100	-69	-32	-4	2	14	-19	-10	-36	-74	5	89	-49	-29	-103	56	118	-22	47	6	9	-7	-23	-16	42	59	54	-18	17	-29	27	19	-36	-88	-166	-37	-21	105	1	14	69	-21	29	13	7	-29	-39	4	42
基隆長興路口	126	95	-12	142	0	-99	6	-8	-16	45	-50	-209	-241	-31	91	151	-45	-20	-28	-29	-3	-10	70	-18	-57	89	35	119	1	-135	77	-23	118	212	-5	-99	-107	-67	81	-51	-48	-49	-21	10	-10	-4	104	46	-49	-36	-22	96	134	-174	-20	27	94	141	41	-76	-101	-32	-62	41	-78	-36	-11	-6	-7	23	62	71	-110	88	45	61	80	-206	37	-10	41	152	1	-159	-95	-15	30	-36	7	-23	-12	-18	-23	19	43	1	64	21	25	25	63	-143	-2	118	87	106	-37	-135	-67	-103	-38	12	-1	11	-27	-32	-20	15	59	51	-32	63	89	10	125	-80	42	48	19	43	-26	-63	-72	-153	-101	-31	58	-18	-23	-41	-68	21	97	162	89	-58	85	107	-14	-20	13	-12	20	27	-56	-201	-145	-88	-11	78	-43	-11	-32	7	13	-1	13	103
捷運士林站(2號出口)	-39	23	38	-41	41	87	2	49	-28	-46	-117	-75	44	90	-22	-16	6	8	-12	-24	4	0	13	3	5	-26	-18	-20	-76	55	49	130	-28	64	-4	48	17	3	1	-60	-2	-115	-36	0	-1	15	11	16	34	-27	-32	7	-46	48	14	0	39	3	18	-7	18	18	-5	-15	-12	-27	-4	-12	-7	-2	-4	45	13	-38	-9	-28	-20	25	41	41	-57	88	-24	-12	33	25	-25	-1	-38	-46	-10	-2	-19	-19	-7	8	16	-15	-7	-3	-18	36	-9	76	17	31	-38	41	60	-3	-5	-31	5	-10	-5	-15	-13	-29	23	12	17	-7	-24	-44	-39	62	38	9	38	4	-98	14	6	93	-30	20	-38	-12	-9	-26	-44	-1	-4	8	-9	-11	-8	-10	-54	66	138	-18	-10	-49	-101	-56	86	106	18	-24	-19	15	-40	-12	-16	-34	12	19
捷運大安站	-205	-7	69	75	19	24	48	65	-7	22	-51	-26	19	-10	36	-42	22	-21	-3	-23	-2	-17	-223	-298	-8	184	150	197	119	-292	-3	-104	420	47	3	-40	-25	8	48	-19	-20	-47	-17	-6	3	7	-237	-331	-43	160	26	126	141	-186	-45	-37	397	16	-19	2	-2	56	36	6	-19	-17	6	-17	5	-24	-241	-334	-24	158	95	160	75	-186	28	-112	382	24	-13	-45	35	13	31	-21	2	-21	-11	-4	-16	-40	-163	-232	-74	122	109	113	93	-224	-19	3	294	51	-6	-26	67	38	13	-21	-6	-6	-36	-6	4	-15	-178	-426	-104	122	210	172	120	-249	57	-7	337	-11	14	-30	-15	-6	50	-11	-3	-30	-4	5	1	-25	-13	-58	-208	20	-115	233	126	-94	59	64	-10	11	-61	-16	-56	108	48	-55	7	-11	0	9	-3	-16	-7	-28
捷運大安森林公園站	-42	-99	60	62	114	-11	-16	87	89	72	-29	0	25	-27	-9	-10	-20	-33	-6	-19	-6	-15	-36	-61	26	91	23	-12	44	5	-154	-63	-31	145	64	-49	57	5	3	-35	-32	-38	-6	-7	-53	-54	2	-80	95	60	-21	-1	39	-84	-106	-104	76	138	66	-9	-74	82	19	-7	-39	-30	4	-3	-93	-18	-13	-24	85	16	74	29	58	-79	-72	-46	69	6	22	-23	-13	27	11	2	-28	-7	10	-9	-16	2	-32	-25	79	10	-34	1	101	-51	-56	-47	-73	216	37	-51	3	61	32	-5	-36	-4	11	-13	-70	-23	-31	-70	93	49	17	59	92	-82	-37	-69	59	72	18	-77	-21	129	12	-59	26	-82	5	-6	-10	-36	-59	-24	-21	-87	81	76	159	37	-21	-2	4	7	-37	-32	-40	59	-14	7	-18	0	-22	-26	-5	-70	-34	-14
捷運大坪林站	29	52	-15	28	-9	25	23	13	-9	-74	-106	28	-22	-72	138	-61	10	1	-11	-4	-34	-6	39	58	18	22	51	16	-11	7	-23	-34	-3	-17	-88	-20	37	-88	97	-7	-12	-46	-13	-12	-2	19	58	102	7	36	2	12	-23	-17	28	-16	-17	-13	-33	-26	50	-72	56	-44	-31	-34	-14	-39	-17	-6	57	147	9	32	-14	11	29	-67	38	6	-17	-44	-47	63	-57	-75	111	-26	-43	-33	-23	0	9	3	39	78	33	8	20	1	-10	-2	24	-13	-61	-58	2	62	-28	-100	73	3	0	-59	-21	-26	-8	-2	57	96	16	58	22	0	5	-62	25	8	-10	-19	-110	86	-42	-57	66	0	-34	-66	-48	23	10	2	66	57	55	-11	33	-23	-34	46	38	-3	-9	-58	-51	18	-6	-48	23	-18	19	-63	-29	-16	35	3	39	42
捷運大橋頭站(2號出口)	105	109	70	0	12	58	19	39	-39	-67	-160	-15	17	-74	4	-60	24	-18	-11	-3	-20	-8	7	125	159	22	-50	74	20	11	-5	-36	9	-30	-93	-13	-64	21	8	-48	-16	-35	-6	-39	-7	19	10	119	182	-29	-38	14	-22	13	-1	23	52	-88	-73	-44	-12	-17	-49	-20	-1	-11	-5	-13	-3	-15	17	111	201	16	-64	-12	41	-32	5	-6	26	-69	-146	63	-49	55	-97	6	-32	-7	-21	-6	-14	-15	9	104	164	17	11	30	31	-10	-18	14	0	-96	-66	1	21	-43	-50	-30	-22	9	-34	-15	-31	-1	6	118	182	43	63	-28	42	11	-3	1	10	-42	-46	-32	-67	-72	4	-31	-20	-68	-7	4	-10	-8	8	53	148	78	31	23	60	43	9	17	-58	-62	-109	-42	39	-102	-17	-59	12	-46	-37	-14	-7	-3	4	51
捷運小南門站(1號出口)	-7	-39	10	33	52	28	-10	101	-11	78	-10	-53	-40	59	1	-47	-35	6	-15	-7	-36	-11	-2	-137	-177	-104	5	126	276	-200	18	103	93	206	-69	-47	-45	10	73	-73	-63	-41	-3	-10	0	9	-16	-138	-123	-42	8	65	288	-115	-56	1	-16	342	-5	-145	27	-1	51	17	-193	-6	-19	4	-45	14	-9	-108	-143	-9	62	34	302	-142	-24	147	69	109	-103	-102	-52	146	17	-52	-23	-24	-10	-4	-21	-6	7	-152	-97	-76	11	107	195	-141	-17	154	29	182	-3	-102	34	47	56	5	0	-33	-6	-2	-4	-7	-10	-127	-160	-100	-42	107	354	-240	-51	186	79	130	-39	-152	7	37	41	-12	-80	4	-10	-13	-14	-42	3	-11	-85	-125	19	88	155	-32	21	11	135	21	-13	-81	-4	11	51	-42	-35	-22	-10	-10	-4	-33	7	-7
捷運中山站(2號出口)	-10	-11	-33	-43	65	-7	58	17	12	-31	4	1	1	17	-5	4	-2	1	-7	-4	-56	-15	-32	31	39	-34	-7	-15	11	24	23	3	-24	29	-23	64	-2	29	-10	0	8	-40	-5	-11	-26	-18	1	24	-16	22	-10	-24	23	-53	27	17	-29	-12	11	27	42	3	3	-7	14	-14	-18	-15	-15	-17	-7	28	-30	-3	-32	1	11	-3	37	-27	15	0	-41	71	39	25	-1	-26	7	-14	4	-6	-36	-44	-19	48	-2	31	-7	-26	15	-5	37	32	-35	-58	28	46	57	8	-5	-9	-4	-20	11	-5	-42	-13	-16	4	20	25	-12	-36	-17	12	30	5	12	-39	0	57	9	44	-14	-11	10	-30	-4	19	-74	8	5	20	-29	-6	-20	24	-61	125	36	-7	3	-39	-40	29	22	33	-13	-10	9	-4	-15	-10	-10	-35	14	13
捷運公館站(2號出口)	80	-17	144	-260	159	161	11	34	-70	-121	-105	175	117	54	-14	31	-17	-132	-15	-79	-98	-52	36	129	195	-1	8	-36	-51	19	16	-191	-189	145	11	-22	133	29	93	16	19	-91	-74	-109	-101	-16	26	105	213	-15	2	7	-90	33	-46	-118	-112	92	-42	139	109	31	23	28	-23	-54	-19	-140	-111	-42	21	122	218	12	17	-44	-59	7	3	-73	-109	-12	-34	66	115	-8	120	-3	18	-64	-6	-113	-96	-112	31	90	239	-15	63	8	-102	11	-61	-118	-152	82	84	1	156	-29	69	21	-37	-55	-45	-16	-93	-69	64	-11	239	-26	28	-120	47	-7	-103	-60	4	-7	5	-37	172	58	55	13	20	-103	-22	-70	-116	-77	-101	66	120	49	63	-66	-38	163	-8	20	-50	-114	-64	111	169	19	56	-80	77	-80	-15	-56	-162	-101	-37	85
捷運六張犁站	-73	186	-45	85	0	4	31	-23	-39	-209	48	-47	22	-130	130	-33	17	-75	-42	0	-15	3	102	207	19	-9	19	41	-6	-27	-41	-20	-128	-17	59	-88	11	17	-9	50	-17	-106	-47	8	-2	38	46	63	150	-26	-1	32	30	-50	-7	-31	-99	-41	97	-30	-41	2	25	40	-3	-109	-28	6	-43	-19	103	159	7	83	-42	46	-74	62	-64	-4	-58	-87	53	-62	-40	32	76	-10	-26	-103	-38	-14	-11	-6	81	96	51	98	-28	-2	9	19	-37	-64	-36	-108	111	-22	-58	-89	118	103	-79	-82	-46	-15	-17	-6	64	158	96	1	23	-8	35	-29	-27	16	-136	-54	52	-56	27	-30	-55	78	7	-63	-66	-4	-26	-1	47	107	35	82	42	2	12	52	42	-125	-41	-113	0	-17	51	-84	109	-105	100	-83	-61	-29	1	-20	81	119
捷運文德站(2號出口)	54	76	118	46	44	76	85	43	-27	-77	-155	-76	-70	-126	-68	18	-11	-9	11	-13	8	10	10	-12	103	65	17	47	16	33	-3	50	59	22	-66	-122	-47	-9	-122	28	-13	17	-17	-18	10	22	17	10	117	99	38	25	-20	43	5	-26	90	35	-29	-71	-10	-77	-77	-44	-28	-30	-2	-8	-2	-24	25	3	125	87	60	33	20	-7	21	15	48	16	-59	-54	-23	-50	-70	-36	-25	13	-15	-12	-6	-2	5	-7	74	68	43	32	16	7	18	2	113	-15	-31	-33	-4	-51	-125	-43	-24	-21	-19	-6	0	2	15	36	98	97	59	37	1	4	29	-16	82	22	-9	-25	-22	-90	-86	-74	-58	-52	-50	-22	-14	-12	5	16	104	94	106	38	62	41	47	1	-21	-43	-78	-36	-35	-116	-175	-9	-50	-10	-21	-14	-10	9	9	14
捷運木柵站	12	62	0	22	-16	-17	33	104	41	-30	-84	-28	-34	-18	1	12	9	2	1	-15	-3	-2	-5	16	-11	2	-7	4	14	25	-7	-11	87	14	-15	-8	39	-21	6	-10	-38	1	-1	4	-32	38	-18	2	-9	-11	13	1	-5	-15	-20	-3	77	-5	15	-19	4	-37	3	0	7	-3	-1	-1	-13	-6	-19	20	17	32	-2	0	4	-43	-30	15	58	8	31	4	-26	-4	8	1	7	-11	0	-2	-5	-8	2	0	7	-5	-11	-18	18	-30	-36	-7	90	4	-8	-4	22	-21	4	5	10	-1	0	1	-12	-33	-15	4	1	32	23	-6	16	-48	-3	7	88	-5	-24	-19	2	-23	5	-33	3	-34	4	-9	-59	-2	3	16	18	-2	47	-15	-31	-10	95	25	35	-38	-32	-47	-43	-8	-5	-23	-2	-4	0	-3	-2	-18	19	23
捷運北投站	-210	89	16	-58	13	229	207	88	-46	-248	-74	136	135	-63	79	-10	-27	-51	-13	-5	-11	-52	-181	-32	-188	-58	125	3	-67	140	102	34	-4	-352	268	249	145	-50	82	3	56	-97	-16	-16	-6	11	-387	-57	-120	-9	45	-79	-77	144	64	92	-130	-26	218	197	49	118	71	-32	39	-55	-9	-49	-42	-22	-278	-66	-204	84	55	-26	-77	66	153	77	-62	-178	32	334	67	59	97	29	-7	-76	-3	-9	-12	-22	-260	-113	-157	21	34	-33	-90	56	165	155	22	-130	106	239	101	8	22	-4	11	-76	-15	-33	-40	-13	-301	-36	-95	-39	112	-1	-25	164	68	70	-115	-55	84	187	34	58	78	-35	26	-125	-36	-6	-18	-27	-176	-56	-251	85	70	86	-89	208	138	115	21	-270	-218	64	188	75	109	0	11	-96	-52	-25	-13	-31	-73	-16
捷運台北101_世貿站	-53	-73	-93	-27	182	98	-3	56	161	17	16	13	-35	36	37	14	7	-6	-21	-80	-309	-139	-114	432	-48	46	-38	119	6	-114	-5	25	-36	111	103	-5	5	9	31	-20	12	-66	-2	-89	-263	-119	-129	427	52	26	-3	6	15	-210	-44	-48	8	172	129	39	5	7	15	23	-12	-34	-1	-166	-220	-114	-134	469	-4	-10	85	76	48	-155	75	-126	5	106	5	16	34	52	69	-10	20	-68	-12	-51	-366	-29	-104	300	109	14	-37	33	-4	-150	-5	-51	68	151	124	2	-36	67	54	5	8	-13	2	-103	-229	-205	-59	311	59	-54	-5	0	79	-188	12	9	83	24	114	9	23	13	64	7	25	-14	3	-81	-111	-169	-84	136	-45	-116	-81	102	48	8	56	82	63	68	-28	2	-5	59	79	18	8	-16	-48	-71	-160	-91	-20	54
捷運台電大樓站(2號出口)	76	106	84	77	49	44	19	12	-13	-160	-83	128	77	17	-17	-6	-27	-215	-38	-45	-66	-2	55	252	125	7	15	19	19	-46	-37	-74	-111	-199	-89	112	85	157	53	-63	-32	-179	-50	-50	-60	8	128	287	27	-21	34	8	8	-53	7	-37	-71	-133	-65	105	120	64	60	-44	-46	-136	-9	-79	-74	-22	98	289	63	6	6	16	-55	-61	19	-8	-108	-192	-62	33	132	97	22	-19	-40	-179	-28	-39	-80	6	74	247	87	89	18	66	-24	-19	-5	-93	-66	-280	-44	87	149	175	22	-56	-13	-126	-58	-38	-86	-18	164	134	110	37	11	25	-2	-40	-6	-48	-69	-190	-82	31	259	119	14	-9	-69	-222	-85	-27	-78	7	44	89	107	7	26	93	-5	70	27	36	-90	-128	-110	54	190	58	15	-16	-86	-120	-43	-57	-53	-68	-8	3
捷運市政府站(3號出口)	-9	269	152	55	-90	25	557	533	182	15	2	59	181	161	79	21	-10	-90	-114	-846	-895	-448	-29	566	668	283	54	-36	-285	0	141	53	121	-121	163	182	149	110	91	67	-44	-268	-67	-1036	-487	-306	-48	425	460	88	120	22	-103	107	29	40	55	-15	31	89	-4	99	88	30	-36	-7	12	-774	-675	-193	-8	423	536	87	-84	-37	-266	45	-55	118	392	-33	84	91	232	306	86	-58	6	-59	40	-604	-642	-476	-106	487	385	47	-44	-183	-180	225	108	253	292	92	224	197	120	231	90	66	81	-39	-17	-1069	-673	-449	49	404	438	85	169	-113	-155	153	23	172	129	-71	-49	177	237	193	106	100	36	5	-23	-867	-650	-477	-42	29	166	193	124	-131	-159	187	477	343	152	-93	-160	142	190	193	69	36	14	-26	16	-767	-518	-445	-33	22
捷運民權西路站(3號出口)	5	158	154	92	11	39	69	21	-8	-110	-166	-81	22	-65	-86	7	55	-49	-40	-26	10	10	-36	-10	49	46	60	61	95	-43	62	12	-15	127	-32	-105	16	-90	43	-38	44	-108	-38	-9	14	53	-11	-53	68	-7	45	61	52	-53	46	27	17	15	-83	-51	-26	-85	30	39	-51	-56	-12	-41	22	7	-34	-5	107	-11	63	57	68	-31	13	12	34	57	-38	-63	-65	-81	42	-44	0	-33	-13	-6	-18	-5	-38	17	61	-15	27	105	22	18	33	47	-53	155	-99	-35	-41	-57	-26	-5	-15	-68	-18	-24	-19	5	-25	-18	88	41	23	66	109	1	102	51	-14	79	-74	-104	-65	-119	68	-60	25	-93	-74	-47	22	3	35	-2	60	152	118	45	87	-34	31	38	-19	-128	-183	-41	29	-133	-36	58	-33	9	-39	-34	-26	15	36	-23
捷運永春站(2號出口)	-17	-1	82	-4	-27	25	-4	-16	9	-47	-92	71	-12	-49	71	-33	11	-10	-8	-14	-19	5	53	71	-16	39	-5	-26	-35	28	0	-34	-33	-49	-10	10	47	-72	90	-63	0	-14	-24	-13	-10	11	75	105	-46	18	-1	-2	-57	52	-4	-51	-68	-21	14	5	77	-8	6	-33	4	-16	-24	-1	2	-49	95	140	-41	-4	1	13	-83	14	56	-68	-19	-64	-46	5	93	12	55	-55	-5	-15	-21	7	-9	-58	79	79	3	17	-3	-14	-6	-17	4	-51	22	-86	11	27	39	-52	34	-88	29	-6	-26	6	6	18	109	102	-32	6	3	-18	6	27	-50	-29	-13	-12	-16	12	-45	27	67	-84	0	-24	0	10	-12	20	62	44	5	-33	18	-5	-13	38	23	-2	-51	-83	24	54	-84	51	-14	-41	39	-14	-21	-17	1	-19	55	67
捷運石牌站(2號出口)	-43	-21	124	28	-9	192	128	20	-15	-98	-113	-38	-20	16	33	10	-52	-37	-8	11	-6	13	-55	-45	-53	-5	82	-14	39	54	34	-42	56	77	64	96	-29	-1	9	-36	-31	-91	3	-1	3	40	-52	-122	7	1	78	-35	-26	33	47	-34	58	-28	72	101	45	-26	15	-25	-106	-31	-8	5	-32	5	-96	-57	-1	-10	62	-31	32	67	9	3	29	15	11	35	-1	66	11	-42	-74	-22	-9	3	5	-10	-83	-35	-66	33	54	38	-39	-5	116	-11	21	21	31	32	15	67	20	-71	-35	-27	4	-3	-26	-6	-68	-6	-102	52	4	-24	23	103	57	-2	40	87	6	-58	74	-34	-13	-2	-52	-79	-58	-15	0	-3	-36	38	3	14	-14	12	32	107	82	69	-31	-65	-172	-34	36	24	-14	-39	-65	-33	-40	-15	0	0	-16	3
捷運行天宮站(1號出口)	-39	-105	77	-6	2	57	37	42	11	-34	-73	-22	26	-27	-45	40	-13	15	-7	-5	5	14	-1	69	-18	-69	14	27	22	-32	-56	-43	70	93	-25	-7	37	-16	-45	-12	37	-18	-6	7	-2	29	11	35	-55	-29	4	12	8	-38	-99	-18	58	88	15	-41	17	23	-10	11	7	3	14	-6	-11	-4	-7	36	-37	-3	-25	4	22	-42	-63	-15	-17	99	0	-12	20	-20	-10	27	23	-25	19	-7	-26	-1	28	28	0	-14	-11	-18	17	-146	41	43	50	37	-2	-1	16	12	-59	19	24	-17	-12	8	-9	43	11	19	-19	-81	-22	-5	80	-45	-8	32	-15	81	-43	8	-15	90	-63	-24	21	0	0	1	-13	-2	4	9	-4	-63	32	9	2	-14	63	13	21	-50	-27	-29	29	42	-30	-5	-6	-41	-6	-8	6	14	20	27
捷運行天宮站(3號出口)	57	23	24	-32	57	26	42	12	-10	-41	1	12	37	-36	-42	45	24	-30	-9	-27	17	2	-23	29	64	-74	7	28	-57	-30	-39	0	13	35	41	-10	45	-36	38	8	-34	-70	-8	-13	6	8	7	69	39	-38	-14	-13	17	-13	-69	33	-2	-18	55	-77	95	28	-16	14	-1	-33	10	-20	-10	-11	-25	81	47	-54	-69	28	20	-61	-1	42	-21	0	6	29	18	24	-26	37	-22	-37	-33	-21	-7	-31	14	78	90	-66	-40	-1	-12	-3	19	-17	6	-7	23	35	11	34	-7	-4	-3	-24	-12	-38	-4	-2	-3	55	71	-143	49	-31	37	-17	-4	-11	19	14	-27	44	60	-33	-53	76	-2	-60	-33	-25	-17	6	-30	19	105	-10	-29	36	-14	12	25	-3	-24	-50	-28	14	41	39	-27	4	-24	-48	-19	-25	-4	-4	15	-41
捷運西門站(3號出口)	95	-3	69	-167	-73	82	251	37	28	-34	-16	49	63	46	7	5	-335	-175	61	7	-30	-36	-17	95	27	52	19	-57	29	114	-9	-71	-34	103	25	17	13	52	47	53	-257	-401	-2	29	-22	75	-14	152	28	62	20	-41	-26	73	-32	8	-30	56	-102	19	185	57	77	33	-280	-195	33	4	-71	26	-10	182	-30	80	61	-42	-101	-19	77	82	13	-22	-135	14	124	152	76	-120	-172	-223	-56	7	-59	15	-2	93	-12	3	18	30	-25	12	90	118	20	-109	-55	52	119	220	62	-58	-110	-310	-13	27	-88	-5	3	96	-24	79	-39	-117	-99	75	170	97	-61	-126	-9	-10	192	204	145	-5	-108	-156	-6	39	-161	-44	-6	17	58	141	7	-146	-256	131	238	138	-102	-46	-116	40	103	170	39	12	-91	-359	106	-7	-91	-25	61	21
捷運忠孝復興站(2號出口)	156	61	-1	-223	-81	42	206	112	60	-16	-35	67	161	23	26	-28	-20	-145	-55	-109	-291	19	120	264	19	-16	-32	-178	-73	139	77	-76	-35	249	76	21	35	33	-37	-29	-11	-118	-139	-105	-252	-15	219	259	-38	-10	-72	-58	-107	20	-6	31	23	75	125	31	43	26	-1	9	-20	-100	-17	-234	-89	-129	264	295	-12	9	-62	-156	-161	-25	106	22	-47	116	14	-15	125	111	19	-12	23	-157	-23	-66	-150	-210	181	229	15	28	-71	-106	-74	70	39	-4	76	96	-29	133	51	72	-23	-10	-18	-64	-26	-64	-312	-139	124	315	-57	32	-72	-170	-87	92	125	-25	41	0	11	-54	151	154	22	8	7	-28	16	-141	-165	-250	109	121	83	25	15	-299	-153	108	173	191	18	-134	-77	42	171	47	58	-25	-8	-60	14	-70	-262	-152	24	77
捷運忠孝新生(3號出口)	38	59	38	127	-14	27	68	-19	28	24	-26	-36	48	-49	-9	44	3	-146	-30	-30	-144	-138	37	172	50	-46	-28	126	34	-105	66	2	21	72	65	4	-27	53	-75	62	-51	-172	-35	-8	-141	-26	-4	225	54	-59	15	-3	-28	-98	125	35	0	66	42	24	20	-23	-1	46	-42	-133	-71	-68	-80	-33	62	161	-11	-79	-18	59	82	-114	-10	105	-3	-53	78	-19	50	24	-63	23	36	-92	-15	-32	-75	-132	6	183	17	-83	51	47	33	-58	45	67	14	56	7	39	29	-45	13	-13	44	-16	-12	-69	-277	-103	47	220	42	-16	17	21	98	-144	95	41	-74	21	42	-19	39	0	-44	42	55	-92	46	-18	-250	-179	10	72	99	131	91	32	-51	10	39	50	-31	-4	-66	20	5	64	-86	22	4	14	23	-15	-247	-50	-20	53
捷運昆陽站(1號出口)	36	46	57	14	43	34	42	56	7	-72	-63	-20	-111	-141	-54	110	18	-15	1	-4	-24	-4	-35	-115	77	96	18	1	115	-9	-31	64	82	61	79	-53	1	-65	-147	31	20	-48	-8	-5	-15	38	-16	-69	51	65	29	-4	9	-31	0	-22	8	76	10	36	-7	-1	-143	32	20	6	12	-20	-13	-5	-28	-44	41	67	-8	42	51	-73	-36	41	127	37	-17	-44	-73	-11	-168	39	-29	-19	-7	-7	-19	9	-20	-51	2	66	15	19	98	-15	-43	77	18	114	46	-50	-33	-66	-105	28	8	5	-6	-14	-16	18	5	-83	-10	76	14	32	89	21	7	-37	73	49	-7	-32	-32	0	-97	-55	-16	0	-23	-11	6	9	-19	25	-2	45	13	39	30	18	38	80	1	-39	-96	-43	-38	6	-83	-19	-24	-2	14	-14	-2	-8	-11	15
捷運明德站	29	35	19	12	71	29	37	27	30	-1	-66	-19	-71	-14	-81	-88	-18	-13	-5	-4	-1	18	4	-7	6	8	12	-7	30	-27	-18	39	90	179	-16	-17	2	2	-50	-16	-89	-38	3	-4	3	21	26	-14	14	19	13	-8	18	-8	-8	-18	34	139	-28	15	-25	47	-69	-44	-67	-42	3	-11	2	16	9	-52	21	49	11	28	-2	9	-20	-22	120	50	-8	-6	-4	-10	-29	-41	-23	14	0	-10	-7	-4	10	-8	22	-19	10	9	24	-12	-15	-24	120	57	-21	-38	24	-14	-61	-45	-17	-35	-5	-25	2	16	15	-23	29	34	30	-5	3	25	9	10	95	6	-13	-2	-43	8	-53	-26	-15	-63	-48	-9	-3	12	28	34	-32	28	59	59	55	-12	65	8	-6	-30	-16	-33	-10	-41	-71	-54	-50	-24	-17	-4	0	-7	36	23
捷運東門站(4號出口)	141	71	-64	-92	137	202	73	-3	-34	-90	17	38	63	-20	-26	-120	-110	-213	-14	-26	-61	18	144	216	178	7	-68	-24	-10	36	-32	-26	-100	85	-42	-77	100	135	-11	-146	-132	-239	-7	-28	-66	11	167	264	101	6	-48	-82	41	36	-68	-94	44	41	-63	-41	120	95	13	-70	-179	-69	-23	-31	-37	21	140	214	90	17	-76	-28	-129	-16	45	-66	-31	116	-142	85	92	39	41	-41	-115	-176	-9	-20	-71	1	94	205	93	14	-93	-26	-32	175	-72	-146	73	100	-103	-47	177	75	3	-101	-193	-135	-48	-8	-22	43	72	275	64	54	-51	-99	-3	120	-20	-87	-24	39	-62	22	84	135	-17	-43	-215	-166	-77	3	-80	-39	67	126	130	71	83	-123	222	14	32	-21	-5	-75	-19	11	61	45	0	-59	-165	-216	-32	-14	-45	-6	70	40
捷運芝山站(2號出口)	-95	106	139	-110	76	203	143	41	1	-22	-31	53	49	-88	55	8	-91	-109	-41	-39	-10	-7	-121	20	90	-42	107	-74	16	65	75	37	39	88	50	-4	-24	3	28	-45	-66	-43	-43	-11	0	-14	-114	-13	54	29	22	-62	0	43	141	48	37	34	43	-17	-12	18	31	-14	-72	-39	-75	-3	-14	-17	-142	0	115	-40	28	6	-33	74	43	26	38	38	-6	-5	63	-29	38	-20	-17	-166	-36	-14	-57	-6	-111	17	74	-30	39	-30	3	72	87	44	17	45	41	30	25	-23	23	-26	-62	-124	-9	-19	-12	-38	-113	26	113	26	35	-59	-14	116	78	15	47	-25	-7	37	3	18	8	-49	-19	-107	-82	6	-6	-10	-20	-94	-49	97	111	-102	-69	184	89	57	-12	-42	-129	134	44	32	15	-37	-48	-199	-110	-50	-9	-34	-7	-68
捷運信義安和站	-6	13	-17	-48	42	39	-12	-18	-25	-121	-7	52	47	43	26	21	12	-39	-6	0	-40	17	-3	62	-99	-40	88	-112	58	61	14	-84	-48	-36	59	99	3	-45	44	3	15	-61	-3	7	-39	-8	8	47	-54	-55	53	-7	-25	45	18	-7	-59	46	4	0	5	-9	32	27	21	-21	-10	-16	21	-49	-8	71	-25	-29	51	1	-23	28	-61	-32	-69	24	38	32	-9	26	17	-12	64	-6	9	15	-25	-33	3	24	-115	34	16	30	29	-4	-9	-18	-166	63	94	-9	32	-16	19	33	11	-14	3	13	-10	-12	-16	50	-109	-51	69	0	-22	44	-36	-6	-121	-17	141	-95	156	-36	50	13	20	-25	10	-11	-12	-9	-22	36	10	-72	27	-39	79	44	1	-48	-66	-153	2	61	67	21	9	24	-7	4	6	20	-28	-31	3	51
捷運南港展覽館站(5號出口)	-3	26	6	19	-7	71	79	3	13	-58	-13	-14	-49	52	42	21	22	-43	-27	-6	-5	-2	-71	-33	71	76	-15	-21	-46	-43	29	31	-9	-32	98	0	-46	31	38	-8	27	-74	-26	-16	10	13	-85	4	91	86	-19	-34	-3	-44	23	-19	-3	-10	78	-41	19	19	1	-3	33	-35	-3	-11	-3	-10	-94	-27	74	77	-60	6	-22	8	-4	22	-4	10	19	8	17	-1	34	14	17	-25	-25	-24	-12	-19	-58	-40	59	65	-26	-17	-14	-21	16	1	-29	-6	90	20	9	5	11	23	8	-42	-35	-9	-18	-23	-59	-56	134	47	3	-41	26	-24	-36	42	9	-14	46	37	-14	-21	4	-7	53	-76	-45	-12	-3	-28	-39	-14	-14	44	9	-46	78	25	59	-8	-14	3	-40	-17	44	18	1	-11	91	-94	-44	-18	3	-27	-25	-26
捷運南港軟體園區站(2號出口)	-18	8	-16	27	-1	34	76	13	1	-15	-60	-38	-14	-15	-12	-18	17	7	-1	0	2	1	16	35	-30	18	31	6	-3	-39	0	-16	-8	18	40	8	18	-5	-57	-3	-5	10	8	-14	-2	25	20	31	-36	12	18	10	7	-93	3	1	17	5	45	-16	11	-1	-38	-7	-2	-8	3	-3	-4	0	20	18	-30	52	14	-7	-13	-36	-13	14	-11	0	-7	7	-28	21	-29	-6	10	9	-7	0	0	-2	13	15	3	-17	28	7	-14	-30	29	-1	26	7	36	-7	-10	-6	-37	-6	12	3	-2	-2	-1	1	9	13	-22	19	35	10	-22	12	1	-31	5	3	29	7	-13	8	-8	-28	10	-15	-8	-1	-3	2	-1	0	-33	-11	30	41	-31	-3	27	29	0	-16	-35	-32	-17	-19	1	-10	8	11	14	-4	-2	1	-8	-2
捷運後山埤站(1號出口)	52	46	27	-39	45	50	34	36	-6	-118	-72	-34	69	-12	92	26	-35	-16	-41	-26	31	25	-34	-231	249	25	-27	4	57	-30	14	-20	-56	109	-273	222	-18	0	75	-20	-20	-88	-22	-4	21	68	-69	-172	233	-4	-37	25	46	-42	3	-39	23	7	-159	173	-3	36	40	-6	-27	-37	-23	-15	13	25	-67	-219	254	18	1	2	-2	-31	53	14	-37	9	-90	93	47	4	1	-28	18	-43	-34	-19	3	0	-16	-162	204	53	4	2	-56	37	28	-26	-77	26	-152	168	120	-28	46	-6	1	-37	-27	-17	19	17	-45	-192	157	-3	46	1	-2	19	53	-23	-22	27	-110	6	53	-51	125	-7	-12	-94	-43	-30	-45	-3	-24	-58	67	-95	61	49	96	9	50	48	-33	-75	-125	57	17	23	108	12	-31	-41	-59	-52	-24	32	2	-13
捷運科技大樓站	129	163	30	63	13	33	34	-1	-24	-2	-93	-45	-47	-210	33	-14	12	-20	17	-6	-145	-29	119	100	183	148	49	-54	-9	38	-53	-111	121	-29	58	1	-56	-67	-2	-65	11	-78	-6	-90	-140	-64	85	92	121	145	109	7	-55	-49	-38	2	73	-43	12	9	-8	31	-52	-67	-24	-97	8	-81	-68	-35	28	136	150	140	0	13	-34	-90	23	-84	38	41	-8	-10	-83	-20	-3	-51	-74	-91	29	-34	-92	-12	49	107	123	170	100	75	39	-131	-143	-76	168	-7	-4	31	-84	15	-43	-78	-7	-33	-9	-26	-197	-50	47	169	59	176	81	72	-49	-27	-26	-54	-7	65	40	-79	-25	58	-57	-126	1	-45	22	-33	-127	-78	28	-7	188	34	103	-7	97	92	-29	51	-87	-84	-149	0	5	58	-76	-101	12	-7	18	-19	-124	-38	25	69
捷運動物園站(2號出口)	-110	-40	-28	-34	-34	93	87	123	122	12	7	11	19	5	19	1	-33	-29	0	0	-31	-12	-18	-15	-70	30	37	52	-23	-13	-59	-9	-13	-19	26	22	5	13	83	30	-48	-55	0	0	-17	-7	1	-1	-27	49	-26	0	-25	-42	-31	-33	2	49	27	23	30	30	70	10	-33	3	0	0	-50	-13	1	-9	-24	47	-3	-1	10	-95	-54	-49	17	46	59	36	-8	6	52	-29	14	58	0	-7	-17	-34	2	-5	-31	11	-11	11	14	-68	-9	-29	24	58	17	-10	69	8	38	-4	26	-39	-2	0	-47	-34	4	-12	-30	-15	-6	15	-38	-39	-20	-55	-26	42	46	41	33	70	92	14	-19	-73	0	-18	-47	-3	-2	-43	-85	-81	-58	14	-15	-23	74	221	67	3	6	4	20	34	26	9	26	-93	0	1	-67	-37	-8	-24
捷運國父紀念館站	62	40	-95	-125	0	207	135	62	9	-7	-82	185	16	24	31	-51	-36	-49	13	-105	-194	-72	-92	271	95	-81	46	-86	-59	48	81	18	51	-50	10	158	49	-36	31	-23	-22	-85	-21	-37	-242	-74	18	316	-42	-23	44	-120	27	-42	112	-17	-27	1	-14	112	54	37	14	20	2	-61	23	-134	-164	-79	-57	193	162	-49	-16	-103	14	-13	59	-28	36	-30	-4	104	132	6	35	-20	-17	-90	38	-108	-135	-131	-36	207	130	0	6	-125	9	15	13	-10	14	-15	44	149	44	43	8	-16	-6	-36	-20	-113	-222	-125	-36	239	101	44	-24	-196	-35	146	30	27	-23	-53	-14	103	127	84	-10	36	4	-19	-37	-85	-177	-140	-66	26	59	58	-63	-145	25	88	15	84	91	-87	47	60	185	29	35	-10	-33	27	-35	-102	-108	-134	-8	-35
捷運善導寺站(1號出口)	-70	84	11	25	60	-106	99	32	28	28	8	-45	-10	-22	11	38	39	48	5	1	-39	-37	-41	-80	-118	18	30	76	57	-234	135	1	131	-2	-43	-53	82	98	-42	-39	-16	-40	7	9	-2	-12	-43	-86	-160	-56	35	95	87	-137	-28	20	72	143	-70	-44	71	114	26	-39	-12	-1	-3	-47	2	-105	-18	-91	-97	1	26	213	77	-133	-21	125	14	109	-227	-46	65	166	21	-28	10	36	2	-22	-64	-31	-25	-51	-153	34	1	64	71	-143	-19	180	29	111	-123	-65	76	85	70	-14	0	35	-10	-38	-14	-110	-49	-77	-103	43	-6	203	87	-184	-88	47	152	77	-122	-34	-105	175	39	41	14	20	-12	-8	-35	-84	-49	0	-46	-60	61	77	97	-115	10	135	45	-12	-63	-83	-11	34	65	-9	11	36	-6	6	-45	-107	-1	8
捷運景美站	9	45	103	176	49	90	86	41	-28	-298	-338	207	163	-43	-127	126	23	-20	-28	-11	-183	-21	-15	68	95	-52	84	59	77	75	34	34	-7	44	-221	22	-34	14	70	-3	-14	-135	-44	-48	-58	39	20	28	145	40	16	48	71	-41	17	-35	-23	48	-167	-32	-31	82	50	25	-66	-58	-27	-55	-63	-31	6	49	169	48	53	56	34	-66	63	38	-10	-72	-162	21	-7	-39	85	44	-16	-45	-52	-40	-123	3	11	21	118	51	74	9	32	-43	44	41	-57	16	-123	-27	20	5	-87	67	-45	-115	-59	-25	-38	27	-9	-13	196	48	20	31	67	47	19	59	7	-15	-206	-67	127	1	29	-69	66	-136	-144	-78	-2	-8	6	44	6	40	125	101	62	78	60	66	-60	-228	-284	76	131	55	-36	90	24	-78	-93	-85	-30	-10	-7	-49
捷運港墘站(2號出口)	30	77	85	67	33	12	110	19	-6	-57	-129	-61	-54	-97	-100	-30	17	-35	-9	-14	8	10	24	18	191	56	-15	-4	6	4	34	21	27	56	-70	30	96	-39	-79	-9	-37	-53	-5	-14	-5	54	18	23	89	-6	26	-4	-4	-10	11	8	-31	-2	-50	53	23	8	-3	-40	-10	-30	-7	14	-19	18	6	8	55	-10	-18	30	-37	0	-6	-14	119	-46	-50	-6	19	3	-30	-56	-25	-11	4	-25	-6	8	19	11	74	30	-34	5	7	33	5	3	-18	34	-64	61	58	41	-16	-34	-9	-29	-16	-2	-5	12	20	0	27	24	-45	13	0	37	17	11	19	-32	7	-16	-4	-10	-82	-59	-28	-47	-35	-13	-3	21	7	2	-25	19	116	60	5	51	31	27	3	-29	-101	-25	19	-106	-86	-28	-17	-59	-14	0	-12	22	9	-4
捷運象山站	-84	-52	-11	137	156	125	-11	84	-2	77	11	-27	25	10	13	-19	19	-14	-20	-9	-49	-187	-127	127	154	-18	58	11	-66	-90	55	-59	34	-15	100	0	-66	67	44	-6	9	-56	-4	-49	-96	-61	-170	13	232	75	20	-1	-22	-77	22	-47	-27	-93	100	20	44	92	36	8	3	-32	0	-102	-158	11	-110	97	216	-26	-63	49	-43	-43	28	13	-27	-51	23	32	0	72	45	32	35	-17	-5	-1	-160	-62	-144	52	170	17	-35	25	4	-66	3	-15	0	3	85	48	-2	81	66	35	7	-18	2	-18	-125	-95	-122	73	130	-33	63	63	-17	-72	-1	-4	-57	-22	104	35	14	58	28	29	-8	-24	-7	-51	-58	-62	-86	-185	-133	-25	18	138	198	-11	-7	60	37	34	42	-74	29	48	57	9	21	-8	-7	-94	-59	-92	-94	-78
捷運圓山站(2號出口)	14	8	162	-75	17	158	113	-15	14	-177	-210	90	-97	63	58	102	3	-86	-8	-8	4	-1	-134	115	130	-92	-5	-6	2	45	-22	44	128	-7	-146	7	27	53	130	-17	-12	-132	-7	-3	7	7	-197	116	131	-69	-93	14	-31	-14	95	45	0	13	-110	9	-8	78	108	14	-34	-62	-19	-23	-20	2	-167	71	196	-62	-53	-11	1	62	86	4	-1	36	-28	-11	4	60	65	-35	15	-47	-25	-4	10	-20	-171	74	52	-52	-34	-37	-51	2	114	22	88	-55	-100	71	-68	103	113	-6	-43	-74	-29	-12	4	4	-141	87	92	-99	111	-34	55	30	71	28	-47	-42	-99	-36	8	45	106	-49	39	-120	-38	-49	-13	-18	-55	-53	44	20	76	40	2	134	27	-10	-69	-78	-136	-72	-6	27	135	43	99	-119	-30	-70	-3	-3	-54	-34
捷運新北投站	115	55	34	-12	30	3	36	43	77	-110	-165	-44	-66	-38	-27	27	-77	24	-4	10	9	20	100	9	27	48	31	42	-1	18	-14	-25	94	176	-145	-50	-89	119	-115	-104	-75	-64	2	-7	0	53	86	-94	131	36	14	48	93	-35	5	-37	165	23	-100	-10	3	-40	-58	-35	-40	-23	-30	3	12	19	68	-1	63	-36	-11	10	11	6	1	-21	160	-7	-115	-19	-20	36	-72	-45	-58	-33	-11	-7	-2	12	97	-18	144	30	19	36	7	-45	24	-27	-39	172	-116	-4	-20	45	-65	-67	-55	-38	-2	-13	5	17	64	-34	72	104	5	10	15	-14	8	2	143	-73	-64	-91	-18	39	-122	-22	-45	-32	-24	-4	-3	26	44	-80	119	52	32	43	127	-48	46	58	-32	-121	-180	-65	3	-44	-57	-14	-21	-24	5	-12	8	6	35	73
捷運臺大醫院(4號出口)	-166	-109	7	-147	262	111	75	101	-4	30	3	-28	27	37	-8	-4	-6	-5	3	-15	-3	20	-55	-22	-365	-103	57	32	110	126	-25	63	-105	-89	168	105	10	82	47	-13	-27	-46	-6	-7	-38	22	-51	-94	-337	-42	120	5	38	64	-3	64	-146	39	199	-34	124	124	14	-20	8	-19	-28	-42	-5	-19	-51	-105	-405	52	130	-62	45	72	130	-27	-19	-36	104	68	77	149	37	-20	-12	-53	12	-21	-8	-40	-32	-150	-224	2	76	-46	40	-36	100	25	-166	-89	305	133	-38	261	-14	-10	24	-43	3	-13	-26	-55	-19	-125	-259	-26	25	-13	91	29	125	4	-200	30	79	102	59	173	53	-11	39	-32	-17	-4	-20	-19	-58	-51	-192	-157	11	-105	154	81	182	114	21	-8	-18	-21	53	51	29	-57	-10	-5	-10	-5	-22	-63	-3	-54
捷運劍南路站(2號出口)	-130	-6	-51	-149	-107	198	290	151	72	-165	-229	88	129	140	-6	-24	10	-1	-11	-28	-4	10	-122	-147	304	32	-94	-177	-64	59	80	-20	2	3	-71	111	41	130	27	-53	-38	-59	-1	-13	0	55	-143	-141	306	-4	-57	-25	-95	38	20	-50	64	17	-25	-7	85	115	21	8	-24	-28	-15	-18	-3	32	-123	-113	299	-28	-97	-117	-42	2	67	-7	-29	-22	8	-9	36	119	78	-2	-1	-33	2	-10	-8	16	-93	-107	199	13	-184	-7	3	36	81	-76	-19	-36	-63	131	45	123	50	-30	5	-46	-4	-4	4	0	-122	-116	240	-99	-6	-79	-41	10	115	27	-15	-75	-112	129	66	107	54	-14	-51	-62	-37	-38	-17	-7	-5	-115	-9	35	13	-88	-67	71	117	79	-5	-154	-228	115	169	180	53	-29	-22	-81	-19	-17	-3	1	-42	-58
捷運劍潭站(2號出口)	-46	84	8	0	61	46	135	117	45	-342	-83	38	110	10	69	53	25	-70	-40	-42	-45	-45	-111	-59	-12	31	70	0	-2	-8	56	191	-63	115	39	16	-34	-22	86	6	-24	-3	-42	-28	-30	-6	-117	-72	-90	-27	-9	-32	-4	53	31	31	62	8	210	102	17	-37	25	-25	-19	-67	-24	-39	-26	-20	-98	-40	-51	-17	-16	46	-60	89	79	180	-10	-57	71	37	23	-12	51	-30	-5	-31	-34	-18	-18	-10	-114	-58	-149	34	22	-22	3	-17	62	160	-12	77	76	-28	26	-29	114	-7	-43	-43	-38	-17	-31	-39	-130	25	-122	9	-15	13	81	39	158	156	-13	-64	-80	63	77	4	27	-54	11	-9	-55	-49	-52	-24	-53	-36	-189	76	36	-25	27	177	118	23	-20	-331	-4	209	-2	69	94	11	3	13	-32	-60	-69	-65	-39	-99
捷運龍山寺站(1號出口)	-5	52	40	23	44	-18	89	-20	14	-83	-16	-85	-47	82	47	3	61	-14	-8	-18	-6	-67	-58	-9	32	13	-12	19	43	4	30	-7	8	-58	27	-29	-37	-156	60	41	62	-61	-12	-12	6	-7	-69	18	90	-2	-37	34	-5	-1	5	35	-41	-62	-68	22	-25	-53	34	-3	63	-1	3	-12	-7	-74	-78	-21	121	47	18	20	-32	-6	15	12	89	-71	-47	-19	22	-11	80	44	27	-17	-11	-5	-22	-41	-95	-26	34	15	51	17	-4	32	47	49	22	-46	-22	-49	-17	-89	43	87	74	-39	-25	0	-28	-72	-66	-34	71	14	23	18	23	13	22	-9	-40	-11	-75	38	31	-56	30	47	82	-38	-20	-21	-24	-47	4	-29	15	41	14	17	10	53	89	106	-52	-48	-46	-70	32	25	63	-10	56	-10	-30	-18	-35	-10	6	-8
捷運雙連站(2號出口)	53	78	-5	2	21	69	33	31	-11	-154	-221	130	75	-42	-20	11	5	-3	15	-11	-25	-1	-24	40	25	40	45	19	32	-74	-8	29	27	-31	-49	42	2	32	-21	-8	26	-45	-18	-14	4	45	10	-7	-47	1	48	-5	17	-3	-58	73	13	-11	-45	-74	113	23	-5	-12	-6	-38	-7	-7	-15	-14	-11	9	-33	37	99	-7	-3	-43	-44	17	48	-28	-87	5	19	-27	60	0	35	-23	-28	-13	-42	-2	20	8	3	22	2	5	-2	32	28	54	1	-78	-14	-39	100	24	-61	-1	45	-27	-15	-11	-55	-8	-35	45	-35	55	22	-3	-6	4	80	-4	-20	18	-117	43	87	25	-38	-13	0	-71	-20	-14	-10	-36	-5	-91	54	85	147	31	5	21	-11	12	-15	-131	-252	117	84	25	25	-19	40	-9	-20	-3	-51	-4	-18	-7
捷鋥--投站	0	0	0	0	0	0	0	0	0	0	0	0	0	0	0	0	0	0	0	0	0	0	0	0	0	0	0	0	0	0	0	0	0	0	0	0	0	0	0	0	0	0	0	0	0	0	0	0	0	0	0	0	0	0	0	0	0	0	0	0	0	0	0	0	0	0	0	0	0	0	0	0	0	0	0	0	0	0	0	0	0	0	0	0	0	0	0	0	0	0	0	0	0	0	0	0	0	0	0	0	0	0	0	0	0	0	0	0	0	0	0	0	0	0	0	0	0	0	0	0	0	0	0	0	0	0	0	0	0	0	0	0	0	0	0	0	0	0	0	0	0	0	0	0	0	0	0	0	0	0	0	0	0	0	0	0	0	0	0	0	0	0	0	0	0	0	0	0
復華花園新城	-76	38	13	92	51	65	26	-9	21	-151	-52	48	-87	-130	82	5	-46	2	-27	-14	-6	58	125	20	-75	29	27	30	27	44	16	46	-83	-136	-209	173	51	-159	52	28	13	-46	-25	-6	4	70	125	-36	-165	-7	0	49	40	46	18	23	-96	-92	-35	137	-33	-68	10	101	-66	-25	-23	18	6	38	148	-83	-41	2	-22	-6	44	50	-20	45	-103	-71	-104	207	-18	-94	70	28	-51	-34	-19	-3	-15	40	128	-4	-36	-73	33	18	26	101	-1	14	-82	-156	-47	194	-31	-111	-45	78	-34	-4	-7	-5	9	55	130	-8	-43	-35	-84	34	11	46	119	5	-34	-63	-95	121	-41	-107	101	-5	-54	-78	-26	13	-7	48	84	131	-65	-69	8	14	116	61	-1	75	-28	-120	-56	43	3	-84	66	-21	-85	4	-29	-16	-7	19	63	97
敦化基隆路口	67	28	64	-12	22	6	-14	11	29	-41	-32	-60	-30	-57	-5	-4	-9	17	0	-3	-11	10	36	-23	-31	-12	83	69	61	-162	-27	79	3	149	-13	-4	-7	17	-14	-40	-11	-24	0	4	2	28	16	-121	-66	-9	7	24	112	-107	3	-31	35	156	43	-4	9	-32	-16	-17	1	-11	-3	1	0	8	3	-141	11	-82	103	54	37	-139	19	31	-42	207	-29	5	13	20	-39	-13	-3	-20	-2	-14	-3	17	17	-102	-47	-37	76	30	58	-77	-17	1	37	92	42	-32	-8	-14	-59	-7	-5	-6	0	10	8	3	20	-72	-10	-17	-29	85	105	-166	-5	69	32	133	-16	3	-23	-11	-34	-32	-37	-7	-12	-20	3	-1	15	16	19	25	27	23	30	5	6	-20	14	-7	-41	-4	-44	-22	-36	-20	-19	-8	-6	-1	1	13	13	-1
華山文創園區	-43	-52	-28	107	-10	-76	42	117	60	10	-21	6	14	-18	13	-4	-18	-3	22	11	-17	6	5	-81	-179	-124	-53	61	70	-38	11	106	80	112	11	-9	-31	37	-71	3	22	-52	8	3	-21	42	9	-30	-213	-116	-50	67	60	-80	-24	60	113	150	98	-80	58	48	-73	14	19	20	-2	-8	-2	-41	-6	-23	-259	-130	-80	70	72	-80	17	67	115	171	-6	-25	49	55	-33	27	15	7	5	-2	-23	-28	-11	-38	-267	-86	77	46	71	-102	31	7	130	87	62	35	10	97	-75	23	-22	46	3	9	-18	-38	3	-57	-164	-127	-14	30	113	-123	-5	25	52	123	57	-33	27	41	37	45	-1	-15	-3	-10	-20	-28	-12	-2	-92	-77	-46	11	88	-81	-94	216	98	67	-54	-28	-20	25	26	22	6	24	8	3	-3	-51	8	-77
華江高中	119	57	35	82	0	64	28	-1	-47	-68	-108	-112	-99	-110	18	107	-3	-21	-13	-22	3	41	73	-132	110	105	133	24	52	13	46	-47	-17	114	-197	-316	-12	97	-160	213	-114	-26	-7	-14	22	40	128	-150	85	130	34	40	71	-56	55	-40	40	95	-197	-230	-73	138	-136	88	-17	-46	-34	9	18	47	120	-219	129	107	45	48	121	-31	25	23	80	37	-140	-220	-94	21	-134	112	-34	-35	-15	-18	-13	41	96	-141	103	108	45	18	71	-39	48	11	57	85	-161	-270	-77	101	-135	79	-32	18	-27	-10	-28	38	124	-144	108	129	23	91	73	-6	72	-33	66	13	-140	-192	-29	-96	-53	137	-132	0	-37	-17	-15	43	39	77	99	43	112	94	62	56	-13	17	-91	-149	-126	-115	7	-133	93	81	-55	-12	-16	-28	1	17	39	60
華西公園	4	47	47	26	15	44	26	-31	-33	-72	-105	3	84	-72	24	-36	-14	26	-9	5	1	-16	52	30	53	-10	15	25	14	25	-24	-6	-13	-70	-114	-37	68	-40	-51	131	-37	0	-2	-6	-7	30	29	37	5	-28	5	7	21	4	12	12	-42	-62	-62	33	11	-80	107	-4	29	-9	-2	-3	-18	-13	69	-12	21	16	-3	55	-8	-24	-7	27	-17	-79	-63	-43	36	-51	12	41	26	21	0	-17	-19	-24	14	19	65	5	4	-17	6	38	-2	-2	20	-43	-87	-19	48	-105	55	43	9	-20	-1	1	-9	-23	58	27	52	-28	-36	35	41	10	25	8	-18	-63	-110	35	-9	-49	11	66	2	35	-37	-46	-3	-8	14	28	45	-2	49	15	-5	73	30	-22	-25	-87	-37	-2	14	-63	-18	8	42	11	-28	0	-6	-6	25	21
開封西寧路口	-10	42	-2	19	21	-13	19	27	-8	-22	-45	-15	-28	47	31	17	-5	-25	0	1	-8	5	35	13	-97	28	7	40	-38	-53	-2	22	-1	-8	-95	-1	35	34	6	-3	-26	-28	-5	-4	-8	36	77	-4	-84	25	19	-22	14	-67	16	35	36	12	-12	-29	1	22	37	-3	-10	-8	-11	3	-8	-9	34	21	-111	34	49	-8	-6	-21	-8	-26	18	20	-53	-50	7	16	42	12	-21	-4	-13	2	-2	5	37	-10	-99	18	36	0	-14	-18	23	-4	26	-23	-60	-84	57	123	39	9	-23	-15	-7	-1	5	-44	50	32	-134	16	47	22	-27	-3	7	-6	41	-31	9	-37	-10	39	12	66	-14	-21	-8	-5	23	-14	-3	11	-10	39	43	8	-20	-19	28	44	8	-2	-98	17	-1	35	32	-9	-24	-19	34	-5	-5	-11	-3	5
新生和平路口	-88	-194	-25	212	184	71	0	73	52	15	-29	-38	-15	-69	-10	-13	-36	17	2	7	4	1	-89	111	-15	-64	-124	98	110	-32	-30	28	88	109	-198	-87	-28	94	89	-24	-8	-42	-2	-2	5	1	-100	155	-86	-44	-62	73	59	-9	-116	54	62	85	-57	-92	-9	108	31	-10	-17	10	6	16	-5	-21	-73	94	-29	-81	-157	119	111	-23	-104	-35	73	125	-129	-52	19	82	-16	-6	13	-15	2	-1	-6	-26	-84	108	0	-93	-132	87	118	-72	62	49	82	46	-49	-96	16	94	-8	-64	-40	1	2	5	-20	-8	-76	126	-107	-7	-133	3	-232	482	-40	11	82	89	-78	-53	87	4	-2	-18	-13	-6	-1	-15	-11	-5	-81	81	-11	-144	-37	131	126	-4	9	18	51	32	-113	25	-29	23	-6	-54	11	-5	-8	13	0	-8	-86	-35
新生長安路口	-25	18	35	20	41	-26	-61	51	-1	0	-27	-33	-19	-46	-39	-50	-14	7	12	16	-2	-10	28	-48	13	31	-24	60	-27	-32	-2	-52	-8	76	213	-10	-78	-19	-21	8	-18	20	29	10	-13	22	11	-20	-80	-12	21	-12	36	-154	-20	-75	-21	92	210	3	23	-65	-9	2	-25	-4	16	11	7	-14	23	8	-63	18	37	-49	-21	-78	-38	32	10	75	137	-2	-13	-60	39	-24	-7	26	13	18	1	4	15	-11	-113	-17	18	56	-18	-83	-58	4	-1	129	151	-2	-61	-26	12	-27	-26	37	19	11	-3	-5	32	-46	-142	19	-27	-9	10	-56	26	-65	-10	90	144	-35	3	86	-10	-31	-16	35	14	25	-21	4	6	-8	-36	43	11	35	22	-94	-29	67	42	-13	-31	-34	-33	6	-29	-4	-23	19	19	16	1	-6	-1	12
新生長春路口	5	68	33	37	48	-4	-15	6	40	-32	-46	-62	-24	-56	-62	-35	23	14	-5	4	-19	11	18	141	33	5	-3	36	11	-23	-96	-100	-44	38	56	-4	1	-29	-55	-1	-15	1	5	1	-3	14	44	186	-17	11	12	-5	26	-67	-61	-16	-37	40	31	-45	2	-24	-56	40	-12	-14	-15	7	0	-10	53	148	-14	-6	-22	-14	38	-97	-56	-20	11	20	51	-24	-9	-46	-40	6	-26	-9	-3	15	-16	-8	40	166	-18	-41	0	-23	20	-9	-10	-3	21	1	21	-88	18	-40	-40	-19	23	10	0	5	8	7	51	171	-22	-63	13	51	36	-9	-44	-7	-33	8	58	-67	-21	-39	-52	-55	3	29	30	17	15	16	23	32	-9	68	18	3	44	57	-43	6	24	-19	-25	-58	-33	-79	-29	-37	-16	8	2	-6	2	18	13	34
瑞光港墘路口	-9	-1	36	-12	14	43	39	65	-6	-16	-49	-19	0	-28	-30	-2	-6	-8	0	-2	1	-5	18	18	-124	60	24	14	34	-52	-9	-20	28	120	78	-11	-17	-7	-20	-10	-7	-2	-2	3	0	9	5	-4	-197	56	8	17	131	-130	27	-39	-3	109	34	-25	31	-19	-11	-14	3	-4	0	3	-3	-20	10	14	-131	1	0	-4	103	-91	37	-22	26	87	9	17	-12	-12	4	-20	-1	-12	1	1	1	-8	7	39	-154	23	14	14	80	-93	0	-4	-20	138	25	-10	12	-19	-5	6	-15	2	-9	1	-1	10	10	5	-106	26	-3	25	75	-89	19	-9	44	60	7	-42	26	-9	-2	-10	-13	-13	-7	-4	-2	4	8	0	-32	-53	-24	9	9	66	50	13	-7	-16	-29	-7	-25	-6	-1	-28	-21	-14	-5	-5	-3	-2	7	11
萬大興寧街口	-16	79	7	34	6	63	59	41	4	-33	-72	-69	-31	14	19	32	-3	-11	-8	-26	-4	-5	-66	173	-15	13	-31	40	20	43	0	-7	-7	-5	-59	2	-82	-212	-31	48	-8	-58	-12	-12	-8	35	-70	198	103	23	-1	-21	5	-9	25	35	40	-115	37	-56	-1	-158	21	42	25	-32	-8	-16	-26	-9	-51	225	71	-37	14	-36	16	43	24	-6	38	-105	-21	-2	-35	-143	13	42	-8	-27	-14	-24	-9	-11	-44	168	64	-27	-38	-5	33	56	12	-1	25	-60	33	9	1	-194	3	62	42	-81	-21	-20	-34	-5	-65	197	63	15	-17	6	-1	64	37	-6	20	-32	9	-63	8	-61	-18	73	-3	-36	-39	-11	-24	-33	-29	5	45	49	-17	27	6	73	66	59	48	-5	-72	-39	8	-29	-8	31	20	-31	-28	-8	-13	-36	-8	-3
裕隆公園	30	72	-12	50	37	42	51	9	-28	-60	-110	-9	25	-64	36	-25	-18	5	-18	-28	-5	6	13	-5	-12	-30	6	34	28	-8	25	40	9	15	-6	46	17	-14	-38	-9	-48	-17	-15	-6	-1	25	-9	7	-32	-39	20	14	74	-21	-8	94	-15	-22	82	22	-8	-7	-11	-19	-10	-7	-7	-32	-4	-10	4	5	-54	-38	-6	29	34	-1	30	12	14	-28	85	21	35	-14	-23	-28	-12	-11	-4	-1	-6	-4	4	-1	-50	-27	-13	-7	65	-18	7	46	-5	-9	46	38	4	-58	29	-25	-9	-17	-12	-10	0	5	0	1	-22	-23	-25	19	75	8	-11	41	-11	1	18	11	3	-9	-54	-15	-34	-15	-22	-6	-4	0	18	46	42	51	3	-3	8	26	41	-7	-15	-44	-69	7	-24	-88	-48	19	27	-19	-2	-13	-6	-22	0	33
榮星花園	-31	134	-82	95	66	48	10	18	-31	-131	-123	57	-67	-54	109	-79	39	-40	-16	-8	-10	1	9	156	36	-26	27	7	-32	11	38	-28	-48	-132	23	59	-74	42	28	21	-52	-37	-11	-6	-3	16	31	172	-33	18	-70	15	32	9	-49	-13	-23	-115	0	184	-71	-67	126	-13	-52	-57	-39	-1	-4	24	18	162	-19	26	-75	49	-27	52	-46	-45	15	-163	28	115	37	-131	40	1	-31	-32	-30	-14	-6	25	21	157	-38	18	-25	45	-21	29	64	-26	-37	-122	43	20	8	-109	76	115	-66	-35	-14	0	-73	20	-5	184	-84	23	27	66	-13	-22	-75	18	-36	-67	-24	63	11	-58	73	-2	-23	19	-55	0	-25	2	8	16	64	27	23	101	-27	53	73	-6	-37	-100	-162	75	4	-66	-23	20	39	-46	-30	10	-23	32	6	53
福林公園	7	2	-1	5	52	79	129	99	57	-74	-127	-57	-69	-91	-30	-44	4	-4	-11	-12	-2	3	3	-3	36	-8	37	34	38	8	7	51	223	-21	-68	-26	27	-26	-37	-32	-73	-33	-5	-7	-11	32	15	25	15	2	40	54	-23	-53	-4	44	105	37	-78	-31	42	30	-62	-43	-30	-74	-13	-11	-10	-12	19	19	-9	20	29	27	32	-3	34	50	84	-18	-53	-30	32	14	-61	-69	-19	-15	-15	-5	0	-6	17	1	13	28	20	70	0	21	58	-33	39	26	-81	-19	30	-30	-50	-18	-6	-41	-13	-17	5	1	4	20	21	19	61	13	23	-7	45	76	76	-40	-74	-33	24	-1	-77	-90	-39	-20	-34	-14	-1	1	5	29	24	24	13	29	59	-9	163	25	51	0	-143	-42	-12	-17	-131	-32	-65	6	-14	-15	1	-6	-2	12
福德公園	150	217	201	199	-48	55	36	6	7	-88	-63	-136	-120	-257	82	-10	-68	-40	-17	0	3	5	33	157	271	51	47	32	4	7	-65	-33	-53	-29	-292	-51	-24	-69	266	-162	-73	-48	-22	-16	-18	5	60	105	286	6	12	64	64	-9	7	-36	-66	45	-262	-56	4	-94	198	-134	-107	-28	-13	-1	-19	-47	59	89	353	67	76	81	5	12	9	-47	-114	-9	-237	-150	13	-120	222	-51	-93	-48	-28	-7	-44	-4	16	26	203	128	56	73	27	47	4	-49	-51	-61	-232	-35	13	27	108	-55	-88	-38	-18	-34	-72	5	19	125	227	56	85	119	29	-27	26	-38	66	-86	-259	-151	52	-93	136	-110	-68	-37	-66	3	-29	-21	5	-8	120	228	47	251	31	-7	69	85	-35	-60	-74	-77	-84	-256	-101	24	-38	-44	-48	-2	13	12	-73	32
臺大資訊大樓	-198	45	10	54	83	-35	18	92	66	21	-71	-13	-47	-33	49	37	-18	2	11	25	6	-30	-34	-284	-6	46	60	-115	107	-2	-34	5	17	222	14	18	-21	101	-23	16	-46	-25	3	1	-8	23	-63	-297	39	29	64	-179	180	-110	40	53	28	111	45	35	12	77	-14	10	-17	5	-1	3	3	-6	-64	-272	-23	5	114	-121	109	-90	73	-46	68	212	-47	-61	33	126	-28	-27	-1	8	6	12	2	-12	-58	-316	-7	101	-5	-108	122	-22	5	-33	84	168	-14	18	23	78	-28	2	-10	-11	6	1	2	-22	-51	-353	58	30	76	-64	66	-111	68	59	61	147	-53	30	26	-1	-58	-47	-38	30	0	-5	21	-8	1	-52	-174	45	57	76	-15	-114	194	27	83	24	-75	4	-52	53	-40	-16	-37	17	-12	-8	23	-3	17	-32
臺北孔廟	107	-65	47	43	-39	-9	100	66	-33	-107	-176	103	-2	-144	72	-61	40	1	-19	-9	0	16	197	-131	100	-12	-77	70	27	27	10	-71	36	-134	-102	50	51	-96	133	-27	-22	-42	-10	-2	2	38	234	-78	-42	52	-111	64	39	-17	-59	25	-4	-35	-13	-30	41	-41	64	-30	-36	-12	-1	-4	-9	22	188	-176	119	-51	-6	49	50	-30	-11	11	33	-105	-21	-14	36	-93	10	27	-17	3	-8	-5	-44	11	208	-10	-12	17	-67	66	25	-27	-40	-10	-23	-59	6	7	-4	-86	78	21	5	-2	-20	-5	-7	6	180	-231	143	-33	50	59	-9	19	45	-38	37	-95	-51	-36	104	-148	27	-25	-44	-27	-20	-3	-1	4	82	48	-10	-47	68	127	21	-9	99	-1	-15	-98	-109	3	-7	-130	40	41	-50	-21	-7	-5	-4	14	87	1
臺北市立圖書館(總館)	-122	-19	82	185	1	-23	19	59	69	-25	-54	-73	-169	-57	41	-15	-21	-6	11	2	-28	31	167	105	2	-136	-28	171	-38	-24	-42	63	98	-57	-75	-166	-52	80	58	-98	-46	15	-4	-2	0	48	169	101	-45	-141	-24	87	12	-40	-93	111	49	-50	-22	-103	218	-95	17	-67	-67	30	-13	-19	-12	49	132	89	-48	-90	-82	130	20	-87	-73	47	111	33	-37	-170	124	-62	-32	-83	-5	-7	-4	1	26	27	127	131	-15	-111	9	69	21	-52	-32	8	-7	39	-98	-109	173	1	-104	-55	10	-20	-6	-8	7	38	141	78	4	3	-25	68	-48	-46	-27	34	14	50	-69	-100	84	-60	-63	-29	13	-23	0	8	4	9	75	42	-158	-56	129	174	-31	-168	63	139	64	-10	-51	-14	20	-135	-51	-123	49	44	-14	-48	-3	-22	78	53
臺北市客家文化主題公園	7	55	21	17	6	59	46	-25	-14	-72	-105	-99	66	-5	-42	-20	-33	-28	-8	-8	3	4	15	102	116	38	-14	32	19	-3	-25	-5	33	-10	-101	-87	33	-95	6	-38	13	-15	-3	-10	4	24	28	169	17	6	-10	10	7	22	-38	6	26	-34	-41	-106	10	-13	-25	35	-15	-40	-10	-3	6	10	-14	171	76	-29	-11	36	13	12	-2	-41	29	-17	-91	-88	48	-40	-24	-3	-48	-11	-11	12	0	5	11	96	75	54	27	3	-9	-6	0	-17	-10	6	-113	-50	46	-72	4	15	-14	-39	-20	-1	1	4	37	108	28	98	13	21	4	19	-29	-15	-3	-58	-64	-46	8	-56	35	-23	36	-21	-47	4	2	8	15	51	44	34	-13	21	40	2	76	-10	35	-120	-76	-35	28	15	5	8	-7	-54	-26	-11	-1	3	28	61
臺北田徑場	-131	-71	27	-40	103	58	-43	45	74	-29	-78	20	28	56	22	25	6	-17	-11	4	4	-4	-84	-168	-261	-1	9	60	57	-28	18	27	142	180	77	2	-31	40	-6	-8	5	-64	-1	3	5	26	-66	-106	-392	36	-6	46	147	-67	4	-16	112	239	25	15	24	37	-11	4	-12	3	-8	-6	-4	-16	-66	-169	-404	85	99	14	102	-66	84	69	73	148	-58	-39	60	93	-3	-10	-10	-9	-1	-12	-3	2	-64	-121	-278	-23	0	9	142	-16	-24	54	138	186	20	-22	31	51	-18	-11	-9	-11	-12	8	-6	-18	-68	-159	-318	31	13	-39	104	-16	63	26	179	102	39	-47	77	49	4	-10	-8	19	3	10	-14	-13	-54	-47	-122	-32	-58	-1	98	15	103	44	30	-85	-202	91	136	56	24	12	4	18	-10	5	-2	-14	-20	-36
臺北轉運站	-5	-15	-49	-10	5	47	71	101	41	-140	-111	76	45	203	50	2	58	1	-20	-60	-73	-96	-8	97	63	-43	-63	-58	39	-38	-28	-67	-188	-142	-120	162	51	172	116	60	63	-42	18	-66	-114	-65	33	73	124	-57	-52	-53	-16	-11	1	-53	-181	-130	-188	114	121	168	173	21	74	-15	-15	-8	-45	-93	-74	118	132	-43	15	-79	16	-45	26	-168	-223	-194	26	187	25	197	182	21	72	-71	25	-1	-117	-83	-74	94	133	-52	14	-79	40	-60	-49	-155	-37	-248	68	61	129	103	119	28	49	42	20	41	-125	-65	-26	110	162	-100	37	-109	-8	-58	-44	-40	-152	-137	-61	-26	243	162	171	65	121	-40	-3	-27	-125	-167	-72	-19	93	-44	-48	31	2	133	174	-17	46	-130	-43	-103	44	225	114	51	64	-49	-3	-8	-107	-63	-42	-12
臺北醫學大學	-93	150	-18	157	-22	33	-64	-28	-15	-40	-36	-78	-181	118	52	-4	1	-8	-31	-12	-19	18	227	-286	156	-242	11	84	-1	26	13	133	52	50	-75	-24	93	-77	-15	2	-13	-29	0	-4	-34	25	171	-180	15	-117	4	13	74	-82	30	133	-3	65	-87	49	55	-48	-59	-12	-2	-46	-17	-8	-4	17	218	-290	68	-71	101	58	-47	-71	-21	70	110	109	-130	-51	59	-28	-66	101	-35	-4	-18	1	-42	19	140	-131	-53	-102	-4	67	86	-21	-52	51	37	138	22	-43	76	-104	-77	13	-41	15	-6	-23	-34	11	160	-93	-107	50	-117	148	78	-98	36	66	96	34	-26	-71	2	-55	-43	43	-62	-43	-19	22	-11	26	100	-141	44	60	30	138	53	-33	-34	-66	33	-15	-30	-81	-115	7	31	-4	35	2	-21	-20	13	-11	100	0
臺灣師範大學(圖書館)	-22	-33	44	128	20	63	-4	19	21	-117	-122	1	123	-16	32	2	-80	-1	-41	-24	2	0	-52	113	-29	-109	-63	154	128	-91	129	-64	26	20	-184	-52	150	136	-83	-15	-38	-63	-35	-28	3	45	-56	103	-50	-230	126	161	-18	-59	32	86	51	-89	-62	-31	94	171	-68	-25	-87	-48	-22	-5	-16	-3	-17	76	-17	2	-141	128	13	-8	78	14	41	-29	-151	-18	127	148	-56	-86	-7	-76	-38	6	-3	1	-60	67	53	-93	-46	135	45	2	-2	129	-23	26	-240	1	170	55	-42	11	-114	-49	-47	-24	12	28	-17	54	-51	-8	28	149	69	-23	28	8	25	-17	-153	-101	93	96	55	47	-66	-125	-72	6	-8	3	26	70	-2	21	-50	58	27	-20	68	50	-15	-81	-127	-34	121	85	-5	67	2	-100	-77	-54	-16	7	15	32
蔣渭水紀念公園	41	59	76	36	33	6	28	2	8	-26	-45	-49	-62	-55	-27	5	-16	-7	-15	-9	-5	3	33	82	104	-11	9	-20	21	-9	13	-34	28	43	-72	-40	-53	-46	-65	26	-9	-12	-11	-5	-10	20	33	117	124	21	-52	-41	20	5	-7	-10	-22	27	-38	-25	-53	-29	-78	8	7	-10	-13	-4	-6	8	34	89	163	-38	4	-27	6	-16	5	-1	-7	17	-37	-17	-5	-59	-52	-37	11	-17	-17	-2	-21	-1	20	80	120	40	5	13	12	-9	6	-11	-8	-1	-40	-35	-36	-67	-62	41	-9	-23	-9	-10	-5	0	32	79	125	13	-10	15	18	-18	7	-2	26	17	-18	-39	-44	-43	-59	-29	-11	19	-25	-12	1	1	2	50	91	56	45	-1	25	16	-1	-15	-1	-32	-59	-33	-26	-22	-48	-26	-46	4	7	-8	2	-1	22	42
樹德公園	53	61	102	37	18	7	10	-24	-7	-69	-61	-89	-20	-41	-13	-38	11	-19	-14	-1	3	-8	77	84	87	-9	24	39	21	-16	35	-27	-54	-53	-55	-52	-46	81	-72	-21	24	-25	-6	-4	2	27	91	98	-54	9	10	-30	36	14	30	4	-26	-36	-106	-4	4	-29	2	25	-18	-19	-11	-4	-30	0	118	133	5	42	-38	15	-1	12	-27	-13	-33	-58	-37	26	-10	-34	-42	-15	-2	-11	-10	-8	-10	-7	79	89	26	43	-10	30	3	4	18	-36	1	-56	-63	-4	2	-43	-78	49	38	-20	-7	-14	-10	-4	64	98	26	5	7	44	13	-2	25	20	-25	-3	-42	-60	11	-25	-97	16	-12	-18	-6	-15	-7	-1	37	42	43	47	88	37	-8	-16	54	12	-11	-47	-54	-65	-14	-37	-77	-31	-10	2	-13	-26	7	-5	33	64
興雅國中	-83	-175	-135	-97	-24	12	139	184	165	41	5	13	56	50	28	8	11	-1	1	-3	-10	-27	-113	-733	-48	-34	91	79	448	-346	32	5	-67	540	71	73	57	-13	8	0	-3	-84	7	-4	-9	21	-106	-595	-85	-47	-4	97	395	-329	-22	24	-37	452	23	152	-61	82	21	13	0	5	23	13	8	-20	-133	-604	-157	-5	23	68	453	-311	2	-1	117	397	10	-11	31	75	30	11	22	4	1	21	2	-20	-106	-630	-70	-98	-53	115	328	-221	-48	59	159	338	76	84	-10	56	49	5	16	-44	10	14	-22	-13	-97	-634	-226	78	15	85	367	-306	-30	17	168	375	6	-39	81	45	58	12	14	-16	0	13	-12	-10	-21	-164	-181	-194	-108	-71	33	70	53	146	160	60	-5	-4	3	92	77	-7	0	20	2	18	1	5	-22	-109
興豐公園	52	9	69	49	3	127	39	18	-15	-114	-130	-21	9	-95	34	63	-31	-32	-19	-12	5	-1	50	115	-123	65	58	99	30	-80	11	-5	-14	-143	23	42	-106	29	-72	132	-81	-51	-41	-13	-3	-24	40	157	-37	36	12	41	47	26	7	6	-44	-117	-2	27	13	-15	55	-19	-58	-31	-43	8	-24	-13	50	143	28	-90	-57	94	73	8	-46	26	-6	-97	10	40	-62	-15	118	-39	-24	-41	-20	-40	-71	-1	15	144	-10	-21	35	48	22	-13	-17	20	26	-97	64	-41	-33	-60	76	-17	9	-43	-19	-28	-23	-27	37	163	-28	-61	2	73	66	6	2	-12	-44	-38	-20	17	86	-143	23	14	-33	-17	-44	-33	-24	-22	50	19	79	41	-40	90	53	74	25	0	-11	-82	-129	56	-15	-167	27	66	-61	16	-47	-56	2	13	37	15
龍江南京路口	58	17	-5	31	26	-6	67	61	28	-35	-35	-68	-44	-40	-54	-9	-37	5	-8	0	-7	-12	20	11	-406	-154	20	4	60	8	73	100	-9	254	283	61	-62	-13	0	-39	-80	-29	-14	-9	-6	-8	82	-45	-400	-136	-16	-6	51	-62	62	93	8	204	338	8	37	3	-57	-58	-1	6	1	0	12	-7	0	-74	-385	-127	-1	44	118	-78	86	49	1	197	209	-22	-20	42	-25	-37	-28	-9	2	0	-2	-6	28	-69	-350	-118	47	6	75	-47	8	68	12	156	242	12	28	16	-43	-29	-11	3	2	21	-5	-5	31	-94	-313	-85	32	21	118	-68	65	97	-10	187	130	-19	45	13	-21	-42	-33	2	-16	-4	-3	-8	16	55	-48	-68	35	54	15	-49	42	58	20	-38	-111	-13	-53	-12	-38	-38	-36	-14	7	6	2	0	9	33
龍門廣場	-42	-187	-201	-153	-14	174	242	103	24	-126	-14	77	114	108	1	3	4	-10	21	1	-127	-55	-9	80	-14	-212	-109	-130	-96	-33	92	-18	-11	79	115	165	71	179	-3	12	-8	-39	1	-26	-75	20	2	20	-41	-212	-143	-131	-49	-24	66	36	-112	85	211	129	69	138	10	23	0	2	-27	8	-90	-8	9	31	-78	-283	-181	-79	-31	17	-6	20	92	217	-68	51	273	124	25	-3	13	-10	-3	2	-41	-85	-1	45	11	-183	-94	-170	-22	-83	29	-44	39	144	89	77	206	116	29	-4	13	6	1	-60	-105	-72	53	56	-45	-206	-187	-165	-81	95	75	75	-51	118	-112	39	344	144	46	-2	-19	18	22	-8	-25	-86	9	-22	-77	-152	-150	-201	5	113	197	76	-59	-59	-44	30	104	220	34	-4	15	27	-4	11	-75	-33	-7	13
羅斯福景隆街口	84	106	81	67	46	55	75	5	-14	-50	-136	-103	-99	-95	-97	81	-40	-34	-14	-9	-43	8	73	223	160	-18	-12	50	44	1	6	-46	-25	-11	-219	-49	-33	-151	74	84	-79	-49	-18	-26	-13	42	95	252	73	-50	-85	25	68	-9	45	37	-5	15	-133	-121	-13	-157	170	4	-53	-12	-29	-25	-22	18	61	258	-32	-8	-38	67	56	6	6	30	-31	-65	-131	-58	-109	-62	81	94	-21	-34	-17	-14	-34	8	64	159	27	15	-47	66	20	38	49	-9	11	-106	-94	-92	-75	-104	18	117	-54	-56	-35	-4	-22	9	74	169	37	46	12	54	50	-29	69	-6	5	-57	-79	-36	-32	-157	23	27	-3	-48	-36	-30	-40	-7	17	88	142	6	58	80	44	70	25	66	-2	-80	-115	-58	-67	-90	17	-27	10	-22	-44	-25	-33	4	11	37
羅斯福新生南路口	-39	-61	96	-303	-122	544	188	47	-85	-310	-473	162	437	238	85	18	31	-93	-12	-19	-142	-67	-15	88	265	46	-12	11	-133	107	-4	-196	-281	-191	-23	27	124	298	89	15	14	-146	2	-2	-100	-43	43	73	162	17	9	-68	-111	120	25	-185	-249	9	-52	-30	218	169	104	22	-9	-19	-9	-35	-138	-168	1	236	206	9	14	-28	-165	-15	18	-20	-212	-85	-257	17	281	211	154	25	-68	-94	-18	-20	-83	-95	14	151	187	68	20	-19	-72	45	-38	-143	-272	-285	-66	-19	262	337	206	10	-7	-22	-51	-10	-109	-60	5	91	189	41	22	-54	-97	196	-57	-213	-121	-175	-226	-214	207	427	172	95	12	6	-45	-33	-100	-63	-37	-2	-91	-38	87	-200	-100	339	170	125	-109	-392	-452	87	383	224	160	12	39	-55	-34	-42	-67	-58	-49	-35
羅斯福寧波東街口	22	-17	-2	17	-53	38	85	15	-16	17	-34	-8	-52	-5	-84	-17	-31	20	10	0	0	14	9	57	20	45	-2	-8	47	-44	-42	-39	-53	148	-30	-20	-22	-41	-17	-28	37	-24	25	5	0	8	13	67	-13	19	-14	-24	0	-7	-18	2	-52	72	59	-44	-52	60	-4	-31	6	17	16	6	-6	9	-1	21	-35	33	-20	-7	7	-61	-10	7	2	72	-38	-18	-18	2	-36	30	36	49	19	3	-29	-16	-2	51	-29	17	-10	-17	1	-8	-5	-19	-14	51	9	-47	-60	10	28	26	11	8	18	19	-25	-2	1	27	-45	56	-38	13	22	-58	24	-57	5	72	10	-37	-42	-2	-3	1	0	21	18	4	8	10	7	12	52	-8	-22	-97	-32	67	11	50	3	-46	-1	-27	23	-27	21	-62	31	-39	38	5	-14	-13	32	18
麗山國小	7	11	17	24	28	28	7	5	-8	-6	-18	-24	-18	-6	-47	5	-9	-8	4	-1	-8	2	4	9	44	18	1	4	-7	-1	13	-2	3	-13	6	12	-10	3	-25	-18	-28	1	0	-1	0	22	5	24	35	25	-19	-3	-1	-3	7	15	-7	-6	7	-5	17	-1	-29	-15	5	-4	-7	-1	3	2	5	33	22	6	-2	1	-13	4	2	-7	-2	-2	-8	-1	-2	1	-27	-15	0	0	-7	-1	-2	4	8	18	25	0	6	-1	-16	4	9	6	-8	-14	14	1	-2	-1	-12	-18	-10	-10	-3	0	0	3	0	9	22	17	3	0	5	10	3	-10	-5	16	-8	-4	-2	-6	-28	-16	-8	-8	-2	20	-2	3	9	16	26	4	32	-28	7	24	8	2	-1	-13	-6	-15	0	-6	-48	-19	-18	4	-8	-3	1	-6	2	14
饒河夜市	-4	-13	32	45	30	61	-8	2	-100	-249	-118	43	155	53	80	-1	63	-40	-7	-30	-63	-108	88	123	-46	-37	47	13	-7	72	0	-12	-125	-142	-51	81	65	-34	-83	67	41	-24	-14	-28	-57	-5	160	134	-102	5	46	13	-30	-16	3	2	-88	-91	-24	96	43	-32	-24	45	83	17	-19	-3	-83	-96	134	203	-74	-19	11	50	0	-32	21	-52	-100	-153	74	-15	91	40	55	35	-47	-7	-23	-5	-44	-156	122	130	-51	29	31	30	3	-23	17	-33	-99	-152	58	-46	85	92	-107	53	4	-38	5	-7	-38	-57	115	122	-37	8	-17	33	42	14	42	-36	-114	-186	83	10	25	60	-39	105	78	10	-10	-30	-119	-196	74	80	68	50	52	69	4	19	-10	-38	-74	-253	-7	-67	50	101	71	72	62	5	-14	-38	-48	-71	20	71
蘭雅公園	45	-1	-80	76	27	-32	86	-2	-13	-98	-96	21	67	50	-162	-7	8	-3	-13	-6	-3	23	48	65	-39	-95	29	53	33	-10	-24	3	9	80	-121	71	44	43	-185	59	-48	-16	-20	-36	6	20	10	74	-20	-39	-20	76	19	-36	60	4	23	84	-75	24	20	12	-178	-8	-41	20	-5	1	-5	12	31	94	-108	28	-36	28	1	55	10	-16	141	-49	-64	5	57	42	-160	-38	-13	13	-25	8	-2	24	18	65	-43	-53	-19	52	37	3	24	-26	106	12	-24	-32	42	16	-112	-4	-6	-50	-21	10	-22	16	17	112	-57	-25	18	77	-32	-17	63	-45	59	49	-134	10	72	-35	-72	-57	-34	43	-2	-24	-8	17	24	83	31	-45	3	47	71	-49	71	34	-11	-93	-102	15	69	-50	-31	-42	-5	-9	-27	-3	-18	5	31	108
蘭興公園	109	23	38	55	36	-6	13	4	7	-29	-117	-20	-71	-32	-119	20	-20	-27	-11	3	0	-2	142	193	11	-64	-8	17	12	18	-39	-6	4	-61	-128	17	0	-34	-30	-16	-24	-10	-9	-4	1	13	165	181	-46	-55	20	35	24	-40	-63	78	-40	-118	-54	25	18	25	-124	-5	-2	-11	-6	-6	-14	-6	194	195	-64	10	-52	15	66	-57	23	-9	-52	-49	-109	65	-25	6	-103	17	-25	-19	1	-5	-5	2	176	155	-52	-1	-13	15	2	13	24	-6	-19	-76	-33	-60	-20	32	-131	63	-22	-4	-14	19	-15	12	141	171	-36	48	-24	16	6	26	5	3	-58	-27	-62	0	0	27	-206	-40	46	11	-27	-3	-3	8	60	148	24	2	33	48	42	0	15	10	11	-29	-44	-42	-31	-39	-145	-60	15	-23	-11	-2	-16	12	35	94
Total	2081	3535	3230	3771	3357	6273	8463	6662	1402	-9095	-12104	-2341	-209	-4856	887	558	-1396	-2941	-1509	-2538	-4049	-1471	2521	3592	514	-265	1953	3982	4901	-3479	1121	-5	1647	5763	-2549	-356	130	-1968	1069	-664	-3656	-6904	-1653	-2810	-3323	2464	3401	3032	-1999	-1024	345	3133	4596	-4945	173	1283	909	5142	-183	-417	2122	76	474	-727	-2931	-3220	-1290	-3169	-3691	-1442	3239	3276	-1102	-903	294	4156	4072	-4971	1556	734	2650	3909	-4159	-879	2630	-83	558	-735	-1964	-3601	-1273	-2133	-4144	-2096	2257	2652	-1391	-206	842	3458	4893	-3801	1663	1476	2488	3445	-218	-813	2753	-764	254	-44	-1877	-3485	-1820	-2649	-4405	-2220	3251	2235	-1131	23	1814	3639	5520	-2680	2861	1612	2300	2478	-3415	-3118	3550	-618	-126	-1298	-1732	-3889	-3172	-2891	-3863	-2691	1530	2696	1606	1081	3425	4390	3452	4282	7609	5839	499	-7985	-11718	-2082	1447	-1674	-626	-1218	-1110	-3230	-2420	-3015	-3227	-2335	1692	2452
Y-17青少年育樂中心	2	-4	1	-3	1	-15	4	14	2	-1	0	-2	-13	2	-7	-8	0	9	-1	-1	0	0	0	0	0	0	0	0	0	0	0	0	0	0	0	0	0	0	0	0	0	0	0	0	0	0	0	0	0	0	0	0	0	0	0	0	0	0	0	0	0	0	0	0	0	0	0	0	0	0	0	0	0	0	0	0	0	0	0	0	0	0	0	0	0	0	0	0	-1	0	0	0	0	2	2	0	-8	0	10	2	8	-7	-8	-8	-5	24	4	-1	-1	-10	3	-2	-1	1	0	-2	0	0	4	-4	-1	-6	-1	1	6	-15	2	4	24	-1	-4	2	1	-4	-4	-10	-5	-5	6	-1	-1	-1	-2	1	5	5	0	-3	10	4	-12	16	-1	2	1	-5	-5	9	0	0	-3	2	-3	1	0	0	2	0